{"final_test_acc":0.94921875,"train_loss":0.0038506370037794113,"train_total_spikes":0,"train_spikes_per_t":NaN,"final_train_acc":1,"final_val_acc":0.9609375,"_step":602,"_timestamp":1.746608617178946e+09,"2D Loss Contour":{"format":"png","width":1675,"height":1176,"_type":"image-file","sha256":"6d14e9f66b6ecc3cbacb158e207f2300ab9f65217196fb9c9bf5c592dad0bbab","size":125972,"path":"media/images/2D Loss Contour_602_6d14e9f66b6ecc3cbacb.png"},"train_acc":1,"_wandb":{"runtime":32},"3D Loss Surface":{"format":"png","width":1469,"height":1266,"_type":"image-file","sha256":"cd03282357b64cb265bafeaeeb43cc90482f8cdf369a96d038d5df7849a650d4","size":413496,"path":"media/images/3D Loss Surface_601_cd03282357b64cb265ba.png"},"val_loss":0.080983005464077,"val_spikes_per_t":NaN,"val_acc":0.9609375,"_runtime":32.738530054,"val_total_spikes":0}