{"val_loss":0.6601940989494324,"final_train_acc":1,"train_loss":0.014340412802994251,"2D Loss Contour":{"size":105919,"path":"media/images/2D Loss Contour_602_849be72f759113b4664e.png","format":"png","width":1622,"height":1176,"_type":"image-file","sha256":"849be72f759113b4664e040fe76dd4f5b0448c534a57668dee12c7297f6e65ea"},"_step":602,"val_acc":0.83984375,"train_total_spikes":1146,"3D Loss Surface":{"width":1522,"height":1266,"_type":"image-file","sha256":"01bd5c33e2c6ab9c847732a068d8cec8d28c6a14c1a27cd5bb7d4d12d288d91b","size":430445,"path":"media/images/3D Loss Surface_601_01bd5c33e2c6ab9c8477.png","format":"png"},"_wandb":{"runtime":157},"train_acc":1,"final_test_acc":0.80859375,"final_val_acc":0.83984375,"val_spikes_per_t":4.48828125,"_timestamp":1.746664364185456e+09,"_runtime":157.203210723,"train_spikes_per_t":4.4765625,"val_total_spikes":1149}