{"train_spikes_per_t":15.43359375,"val_spikes_per_t":15.24609375,"final_val_acc":0.8671875,"_wandb":{"runtime":162},"3D Loss Surface":{"_type":"image-file","sha256":"16d6bdc5f0b667a6be05049aea9689d8f11c9f12fc9ef6cb38b30251f73fcb31","size":454137,"path":"media/images/3D Loss Surface_601_16d6bdc5f0b667a6be05.png","format":"png","width":1522,"height":1266},"train_acc":1,"train_loss":0.015574872493743896,"final_test_acc":0.87109375,"val_acc":0.8671875,"2D Loss Contour":{"sha256":"cff281db6c2f1cf1483017d9b522a665b1f3f143b12506df11a50b9b1c43e9e6","size":140715,"path":"media/images/2D Loss Contour_602_cff281db6c2f1cf14830.png","format":"png","width":1569,"height":1176,"_type":"image-file"},"final_train_acc":1,"_step":602,"val_total_spikes":3903,"val_loss":0.3507576286792755,"train_total_spikes":3951,"_timestamp":1.7466868544633863e+09,"_runtime":162.785175582}