{"_timestamp":1.7466212338573363e+09,"train_spikes_per_t":40.68359375,"train_acc":0.703125,"final_val_acc":0.57421875,"val_acc":0.57421875,"3D Loss Surface":{"sha256":"f1bf051c0ba75f8870e115c4851bcb057c076e58b40835db9165ac0639c4f6a6","size":434618,"path":"media/images/3D Loss Surface_601_f1bf051c0ba75f8870e1.png","format":"png","width":1522,"height":1266,"_type":"image-file"},"_step":602,"_runtime":172.413333434,"2D Loss Contour":{"height":1176,"_type":"image-file","sha256":"9ec77763eec504ef8236ea8cff9740cde5b35b9a43aca6ec1927096d5cb67179","size":143053,"path":"media/images/2D Loss Contour_602_9ec77763eec504ef8236.png","format":"png","width":1596},"train_total_spikes":10415,"val_loss":2.3746721744537354,"_wandb":{"runtime":172},"train_loss":1.3254859447479248,"final_train_acc":0.703125,"final_test_acc":0.5625,"val_spikes_per_t":40.515625,"val_total_spikes":10372}