{"_timestamp":1.7466568350417016e+09,"final_val_acc":0.828125,"2D Loss Contour":{"_type":"image-file","sha256":"838571c7931f36fe3973a0799b7a927d2891ba713a0b4634e63a063820101f3b","size":149807,"path":"media/images/2D Loss Contour_602_838571c7931f36fe3973.png","format":"png","width":1649,"height":1176},"final_test_acc":0.7421875,"_wandb":{"runtime":31},"train_acc":1,"_runtime":31.599334611,"3D Loss Surface":{"sha256":"41e863aae363df21fca013133a316e371d754ed46d159eb989475086c811b212","size":412142,"path":"media/images/3D Loss Surface_601_41e863aae363df21fca0.png","format":"png","width":1575,"height":1266,"_type":"image-file"},"_step":602,"val_total_spikes":0,"train_loss":0.003117383923381567,"val_spikes_per_t":NaN,"train_spikes_per_t":NaN,"train_total_spikes":0,"val_acc":0.828125,"final_train_acc":1,"val_loss":0.6274154186248779}