{"val_loss":0.3902716338634491,"val_acc":0.5,"final_val_acc":0.5,"_wandb":{"runtime":113},"train_loss":0.33623141050338745,"train_acc":0.51953125,"2D Loss Contour":{"path":"media/images/2D Loss Contour_602_67c844b4a31b20aba56f.png","format":"png","width":1649,"height":1176,"_type":"image-file","sha256":"67c844b4a31b20aba56f50e5d977d67b41bff3583697cd838bc5f9a67a555061","size":133262},"_step":602,"_runtime":113.25345931,"train_total_spikes":16621,"val_spikes_per_t":64.45703125,"final_train_acc":0.51953125,"_timestamp":1.7465655233951905e+09,"final_test_acc":0.48046875,"3D Loss Surface":{"size":348862,"path":"media/images/3D Loss Surface_601_1e8937004cd68bef1544.png","format":"png","width":1575,"height":1266,"_type":"image-file","sha256":"1e8937004cd68bef1544bc26253254c515fab8f60c88474999f497197a5b12bd"},"train_spikes_per_t":64.92578125,"val_total_spikes":16501}