{"_runtime":160.502754515,"final_train_acc":0.99609375,"train_acc":0.99609375,"val_spikes_per_t":18.15234375,"val_loss":0.4971272945404053,"val_acc":0.8125,"train_loss":0.06157814338803291,"final_val_acc":0.8125,"3D Loss Surface":{"_type":"image-file","sha256":"78d16f83f23fadcd9636a9a50e39759d8a2a2260db7474d085998abd6610c010","size":411214,"path":"media/images/3D Loss Surface_601_78d16f83f23fadcd9636.png","format":"png","width":1522,"height":1266},"train_spikes_per_t":18.01171875,"train_total_spikes":4611,"_timestamp":1.7466750346495402e+09,"_step":602,"final_test_acc":0.75390625,"_wandb":{"runtime":160},"val_total_spikes":4647,"2D Loss Contour":{"path":"media/images/2D Loss Contour_602_a930b9bf36acae467f27.png","format":"png","width":1623,"height":1176,"_type":"image-file","sha256":"a930b9bf36acae467f27410cb6db0a50da5a65a0019d89a4fbf4f68140b10206","size":126809}}