{"val_acc":0.91796875,"_runtime":113.550238251,"3D Loss Surface":{"sha256":"5473df9096b1f5fab3d238daad960b2cc099af5e85b43ff0c8d19a05dc394955","size":354415,"path":"media/images/3D Loss Surface_601_5473df9096b1f5fab3d2.png","format":"png","width":1522,"height":1266,"_type":"image-file"},"_wandb":{"runtime":113},"final_train_acc":0.96875,"train_acc":0.96875,"train_spikes_per_t":96.78125,"train_total_spikes":24776,"val_spikes_per_t":96.953125,"final_val_acc":0.91796875,"2D Loss Contour":{"path":"media/images/2D Loss Contour_602_437d0fa52ada1ec41c88.png","format":"png","width":1596,"height":1176,"_type":"image-file","sha256":"437d0fa52ada1ec41c88feae099d08cf6d34a0caaca51731051258c620c8b68a","size":139733},"final_test_acc":0.8984375,"train_loss":0.09526240825653076,"val_total_spikes":24820,"_timestamp":1.746580168867271e+09,"_step":602,"val_loss":0.19586214423179626}