{"train_total_spikes":30976,"final_val_acc":0.99609375,"_timestamp":1.7465736070627415e+09,"train_loss":0.012638128362596035,"final_test_acc":1,"val_acc":0.99609375,"train_acc":0.99609375,"_wandb":{"runtime":113},"val_loss":0.03050518035888672,"val_total_spikes":30948,"_runtime":113.992646839,"2D Loss Contour":{"sha256":"6d63d992413d90acb4d0ffdf34db3d4e0d172ac6e48a95b414cd4d7b6f045974","size":141695,"path":"media/images/2D Loss Contour_602_6d63d992413d90acb4d0.png","format":"png","width":1622,"height":1176,"_type":"image-file"},"3D Loss Surface":{"path":"media/images/3D Loss Surface_601_c615cf5de398b4c51f37.png","format":"png","width":1548,"height":1266,"_type":"image-file","sha256":"c615cf5de398b4c51f3729d4157f7090376b27af06014d2796dd75de960df203","size":428393},"train_spikes_per_t":121,"_step":602,"final_train_acc":0.99609375,"val_spikes_per_t":120.890625}