{"_wandb":{"runtime":161},"final_val_acc":0.9296875,"2D Loss Contour":{"path":"media/images/2D Loss Contour_602_c0ec8b89a76fb6e40f44.png","format":"png","width":1596,"height":1176,"_type":"image-file","sha256":"c0ec8b89a76fb6e40f4428cd08302889309f89279ede3f0477079d9495c77fe5","size":103295},"train_total_spikes":5797,"3D Loss Surface":{"size":454937,"path":"media/images/3D Loss Surface_601_c2a60db7f4ce6daac1d8.png","format":"png","width":1522,"height":1266,"_type":"image-file","sha256":"c2a60db7f4ce6daac1d8864a2f1052dc9f05d9d17fbd81d46525022c3f47715a"},"val_spikes_per_t":22.984375,"val_total_spikes":5884,"final_train_acc":1,"train_acc":1,"train_spikes_per_t":22.64453125,"_timestamp":1.746681503025847e+09,"final_test_acc":0.91015625,"val_acc":0.9296875,"val_loss":0.23301619291305542,"_runtime":161.259795415,"_step":602,"train_loss":0.009026122279465199}