{"val_total_spikes":14797,"_runtime":102.685532647,"val_loss":0.005693756975233555,"final_train_acc":1,"val_acc":1,"train_total_spikes":14554,"train_loss":0.00049355230294168,"train_spikes_per_t":56.8515625,"final_test_acc":0.98828125,"3D Loss Surface":{"width":1575,"height":1266,"_type":"image-file","sha256":"a697c856054139a7defa51526018bc0c0ca97f5d1f9350f1f52888cbde23a360","size":374533,"path":"media/images/3D Loss Surface_601_a697c856054139a7defa.png","format":"png"},"2D Loss Contour":{"format":"png","width":1649,"height":1176,"_type":"image-file","sha256":"cc316c41ac4bc154bdc352a84afe8d025df0dc5b9b233d307a41685f4d7c525d","size":140994,"path":"media/images/2D Loss Contour_602_cc316c41ac4bc154bdc3.png"},"_step":602,"_wandb":{"runtime":102},"_timestamp":1.746655173700877e+09,"final_val_acc":1,"val_spikes_per_t":57.80078125,"train_acc":1}