{"train_loss":2.2246785163879395,"_runtime":63.679374543,"final_train_acc":0.58984375,"train_acc":0.58984375,"final_val_acc":0.6015625,"_step":602,"_wandb":{"runtime":63},"final_test_acc":0.5625,"val_acc":0.6015625,"val_total_spikes":11934,"3D Loss Surface":{"height":1266,"_type":"image-file","sha256":"288fb856c7e81377ef371c01c14ade1672fa566df1a6377d8bc3314dc03b522d","size":370524,"path":"media/images/3D Loss Surface_601_288fb856c7e81377ef37.png","format":"png","width":1522},"val_loss":2.4261908531188965,"train_total_spikes":11909,"_timestamp":1.746673729808309e+09,"train_spikes_per_t":46.51953125,"val_spikes_per_t":46.6171875,"2D Loss Contour":{"format":"png","width":1596,"height":1176,"_type":"image-file","sha256":"a9905303c265c00978250bba13c10a67836978ad0f55e7fb12d6436d64677283","size":154927,"path":"media/images/2D Loss Contour_602_a9905303c265c0097825.png"}}