{"val_spikes_per_t":71.609375,"2D Loss Contour":{"format":"png","width":1622,"height":1176,"_type":"image-file","sha256":"b0f50be14db0293ec8df44f8beeb49c66cc9725658bf99d3854924d4ef3f8c6d","size":125138,"path":"media/images/2D Loss Contour_602_b0f50be14db0293ec8df.png"},"_timestamp":1.7465924141096206e+09,"train_total_spikes":18713,"_runtime":75.223105108,"train_loss":0.000407044542953372,"final_train_acc":1,"train_acc":1,"3D Loss Surface":{"height":1266,"_type":"image-file","sha256":"bf5327da1b99600cdb4b1694c7309c9c25b81c791d5faa857c018ff85e781156","size":409414,"path":"media/images/3D Loss Surface_601_bf5327da1b99600cdb4b.png","format":"png","width":1548},"train_spikes_per_t":73.09765625,"final_test_acc":0.9765625,"_wandb":{"runtime":75},"val_total_spikes":18332,"val_loss":0.03143778070807457,"val_acc":0.98046875,"final_val_acc":0.98046875,"_step":602}