{"_timestamp":1.746662304241505e+09,"2D Loss Contour":{"height":1176,"_type":"image-file","sha256":"4fffdbb9a7cd144a094554799a2d3f669ddd066393b0575bbbb361d8404901b0","size":141534,"path":"media/images/2D Loss Contour_602_4fffdbb9a7cd144a0945.png","format":"png","width":1675},"train_spikes_per_t":58.0859375,"val_total_spikes":14886,"train_acc":1,"val_spikes_per_t":58.1484375,"train_total_spikes":14870,"_step":602,"val_loss":0.025415128096938133,"final_val_acc":0.99609375,"val_acc":0.99609375,"final_train_acc":1,"_wandb":{"runtime":103},"3D Loss Surface":{"path":"media/images/3D Loss Surface_601_adc1feb565794c9906d2.png","format":"png","width":1575,"height":1266,"_type":"image-file","sha256":"adc1feb565794c9906d2c97c90ba2ab81376dc1c79266eeb8ad29c469429581f","size":492321},"train_loss":0.0002474248467478901,"final_test_acc":0.98828125,"_runtime":103.216977923}