{"final_train_acc":1,"val_spikes_per_t":NaN,"_timestamp":1.746598449441809e+09,"val_loss":0.5870198607444763,"val_total_spikes":0,"_wandb":{"runtime":57},"train_spikes_per_t":NaN,"train_total_spikes":0,"final_val_acc":0.8359375,"train_acc":1,"val_acc":0.8359375,"final_test_acc":0.79296875,"3D Loss Surface":{"height":1266,"_type":"image-file","sha256":"67e6dbd320658cb0c8bd44de736424d7b890d692db942f6932b6b933e2a19f86","size":486021,"path":"media/images/3D Loss Surface_601_67e6dbd320658cb0c8bd.png","format":"png","width":1522},"_runtime":57.517927187,"_step":602,"2D Loss Contour":{"sha256":"5b4930f442e61bb8ccea5fc4a638a0e773f968c4d90da2f0c1b86b552008845a","size":116730,"path":"media/images/2D Loss Contour_602_5b4930f442e61bb8ccea.png","format":"png","width":1596,"height":1176,"_type":"image-file"},"train_loss":0.007815400138497353}