{"final_train_acc":1,"train_acc":1,"train_total_spikes":14959,"2D Loss Contour":{"width":1596,"height":1176,"_type":"image-file","sha256":"662880db14496cf39b45b3d8043d9dc898f865b150604e71dac07407cc0db07c","size":114677,"path":"media/images/2D Loss Contour_602_662880db14496cf39b45.png","format":"png"},"final_test_acc":0.87890625,"val_acc":0.85546875,"val_loss":0.43354332447052,"val_spikes_per_t":56.9296875,"val_total_spikes":14574,"final_val_acc":0.85546875,"train_spikes_per_t":58.43359375,"_step":602,"3D Loss Surface":{"width":1522,"height":1266,"_type":"image-file","sha256":"220a861317c53424a39f59ec396e844188a1906ec732e0eccadd08b4cfc637dd","size":359450,"path":"media/images/3D Loss Surface_601_220a861317c53424a39f.png","format":"png"},"_runtime":173.206972494,"train_loss":0.0027812346816062927,"_wandb":{"runtime":173},"_timestamp":1.7466462296861606e+09}