{"_timestamp":1.7465617575691442e+09,"val_acc":0.4296875,"_runtime":112.80400193,"_wandb":{"runtime":112},"train_spikes_per_t":112.1328125,"train_acc":0.49609375,"final_train_acc":0.49609375,"final_test_acc":0.4609375,"3D Loss Surface":{"height":1266,"_type":"image-file","sha256":"cbdcf6ffe20335d087486c937bdf5d43b9589250b015dcb4c2f24e67fcc9038b","size":450329,"path":"media/images/3D Loss Surface_601_cbdcf6ffe20335d08748.png","format":"png","width":1522},"train_total_spikes":28706,"2D Loss Contour":{"format":"png","width":1596,"height":1176,"_type":"image-file","sha256":"532f553d45317c5f33286bc3f4f230525b5fc13a8ee0e58364b6488b5ad1f437","size":138964,"path":"media/images/2D Loss Contour_602_532f553d45317c5f3328.png"},"_step":602,"val_spikes_per_t":112.7265625,"val_total_spikes":28858,"train_loss":1.470876932144165,"final_val_acc":0.4296875,"val_loss":1.6692416667938232}