{"3D Loss Surface":{"width":1548,"height":1266,"_type":"image-file","sha256":"f6f208ff60b4e400d41815cc0c322280aa8542ecdf5c12957f6e4ec0475da551","size":402100,"path":"media/images/3D Loss Surface_601_f6f208ff60b4e400d418.png","format":"png"},"_wandb":{"runtime":59},"_step":602,"_timestamp":1.7465962413709416e+09,"train_acc":0.8046875,"val_loss":0.8833760023117065,"final_train_acc":0.8046875,"final_val_acc":0.63671875,"val_acc":0.63671875,"val_spikes_per_t":NaN,"final_test_acc":0.61328125,"train_loss":0.3181307315826416,"train_total_spikes":0,"_runtime":59.503704139999996,"train_spikes_per_t":NaN,"val_total_spikes":0,"2D Loss Contour":{"width":1622,"height":1176,"_type":"image-file","sha256":"654b86f7a03aebc54ec5af7ad9bf17325adcf59eb2dc1e0da2d385e3f2ed2bc9","size":144470,"path":"media/images/2D Loss Contour_602_654b86f7a03aebc54ec5.png","format":"png"}}