{"_wandb":{"runtime":160},"_runtime":160.526963298,"val_loss":0.6909738183021545,"val_acc":0.51953125,"_timestamp":1.746672776240089e+09,"final_train_acc":0.6015625,"2D Loss Contour":{"_type":"image-file","sha256":"7fef749a4f4ecbe612242c2715db9fe1bc3ab26281441f5d2f0ab824d359e617","size":131735,"path":"media/images/2D Loss Contour_602_7fef749a4f4ecbe61224.png","format":"png","width":1622,"height":1176},"3D Loss Surface":{"height":1266,"_type":"image-file","sha256":"954f95c516dedd1a60eeaf557acfe8a508df256b659e6b756eb796e385136ce7","size":316814,"path":"media/images/3D Loss Surface_601_954f95c516dedd1a60ee.png","format":"png","width":1548},"_step":602,"final_test_acc":0.5546875,"val_total_spikes":23724,"train_loss":0.6625839471817017,"train_acc":0.6015625,"train_spikes_per_t":93.31640625,"final_val_acc":0.51953125,"val_spikes_per_t":92.671875,"train_total_spikes":23889}