{"_step":602,"_wandb":{"runtime":172},"train_spikes_per_t":132.32421875,"final_test_acc":0.58984375,"train_loss":0.4520496129989624,"val_total_spikes":33852,"val_acc":0.72265625,"final_train_acc":0.7734375,"final_val_acc":0.72265625,"3D Loss Surface":{"_type":"image-file","sha256":"0fd555e793cdfea285c071eee94c1aa0221a22c544dd35d8acac402d1680c4e9","size":392959,"path":"media/images/3D Loss Surface_601_0fd555e793cdfea285c0.png","format":"png","width":1548,"height":1266},"val_spikes_per_t":132.234375,"train_total_spikes":33875,"_timestamp":1.746644492570832e+09,"train_acc":0.7734375,"val_loss":0.6226529479026794,"_runtime":172.508915722,"2D Loss Contour":{"height":1176,"_type":"image-file","sha256":"38814e680a9411de4a523fc034f827f19de5f0b758b89e95ad8ca103ae0109e7","size":128086,"path":"media/images/2D Loss Contour_602_38814e680a9411de4a52.png","format":"png","width":1622}}