{"_step":602,"final_test_acc":0.96484375,"final_val_acc":0.98046875,"train_loss":0.0011009846348315477,"train_total_spikes":0,"_runtime":32.609431987,"val_total_spikes":0,"val_loss":0.04785388335585594,"2D Loss Contour":{"height":1176,"_type":"image-file","sha256":"50682fbf819684c839a7961e21c16e33bd4cdfc5bc6d1ad3b6f5f481135ccb55","size":126893,"path":"media/images/2D Loss Contour_602_50682fbf819684c839a7.png","format":"png","width":1622},"final_train_acc":1,"val_acc":0.98046875,"val_spikes_per_t":NaN,"train_acc":1,"_wandb":{"runtime":32},"_timestamp":1.746608847800393e+09,"3D Loss Surface":{"width":1575,"height":1266,"_type":"image-file","sha256":"d56b4f1533ca3f30ba07573779f4bda9631ffaeee0d7f5121280723c3c61b83c","size":511698,"path":"media/images/3D Loss Surface_601_d56b4f1533ca3f30ba07.png","format":"png"},"train_spikes_per_t":NaN}