{"train_total_spikes":0,"final_val_acc":0.84765625,"train_acc":1,"_runtime":57.81686468,"final_train_acc":1,"_wandb":{"runtime":57},"val_acc":0.84765625,"final_test_acc":0.84765625,"train_spikes_per_t":NaN,"val_loss":0.44160619378089905,"val_total_spikes":0,"2D Loss Contour":{"_type":"image-file","sha256":"7549e276bbab0049f1b721c9c4dc4a62ea773b77d937407733d95058fa7a36b6","size":137723,"path":"media/images/2D Loss Contour_602_7549e276bbab0049f1b7.png","format":"png","width":1649,"height":1176},"_step":602,"3D Loss Surface":{"width":1575,"height":1266,"_type":"image-file","sha256":"a323796e06167934e8588e626c26c949230e812c7d758f19af10222f63432de7","size":451744,"path":"media/images/3D Loss Surface_601_a323796e06167934e858.png","format":"png"},"_timestamp":1.7465969410250564e+09,"val_spikes_per_t":NaN,"train_loss":0.005034927744418383}