{"2D Loss Contour":{"width":1649,"height":1176,"_type":"image-file","sha256":"0ccd98471d4752121eb592a23e1122a36a69dc0a4fe413d4cff8e824a505049d","size":136618,"path":"media/images/2D Loss Contour_602_0ccd98471d4752121eb5.png","format":"png"},"val_acc":0.9765625,"_runtime":32.486721153,"val_spikes_per_t":NaN,"train_loss":0.0014544437872245908,"final_test_acc":0.97265625,"val_total_spikes":0,"final_val_acc":0.9765625,"train_spikes_per_t":NaN,"_step":602,"train_acc":1,"3D Loss Surface":{"size":436282,"path":"media/images/3D Loss Surface_601_598639cfa5766d0375c9.png","format":"png","width":1575,"height":1266,"_type":"image-file","sha256":"598639cfa5766d0375c98440c0d49a621bd0c2199dc236e769497dc686bc61c0"},"_wandb":{"runtime":32},"final_train_acc":1,"val_loss":0.0559941828250885,"train_total_spikes":0,"_timestamp":1.7466092749352233e+09}