{"val_total_spikes":19589,"train_acc":0.99609375,"val_acc":0.96484375,"final_train_acc":0.99609375,"train_spikes_per_t":76.13671875,"final_test_acc":0.96484375,"_wandb":{"runtime":75},"val_loss":0.3695438504219055,"2D Loss Contour":{"_type":"image-file","sha256":"02f00fdb34285b1d77acd404e4bed2d0f46615dd6fbf2fc4b81d9b0c60254062","size":111700,"path":"media/images/2D Loss Contour_602_02f00fdb34285b1d77ac.png","format":"png","width":1649,"height":1176},"_timestamp":1.7465941680026307e+09,"_runtime":75.874727201,"final_val_acc":0.96484375,"val_spikes_per_t":76.51953125,"train_total_spikes":19491,"_step":602,"train_loss":0.36082369089126587,"3D Loss Surface":{"size":462742,"path":"media/images/3D Loss Surface_601_d0ce630c797274a811d7.png","format":"png","width":1601,"height":1266,"_type":"image-file","sha256":"d0ce630c797274a811d73f96208639baac428569fab921a158059b5aee943142"}}