{"val_acc":0.9765625,"val_loss":0.056590691208839417,"final_train_acc":1,"_step":602,"train_loss":0.0018743904074653983,"_timestamp":1.7466118685909858e+09,"val_total_spikes":0,"_runtime":32.289147347,"train_total_spikes":0,"val_spikes_per_t":NaN,"final_val_acc":0.9765625,"train_spikes_per_t":NaN,"3D Loss Surface":{"format":"png","width":1575,"height":1266,"_type":"image-file","sha256":"dc36c14e020623253099712ea428f78de7401f5c88ca53770fc80eb8745f18f2","size":492044,"path":"media/images/3D Loss Surface_601_dc36c14e020623253099.png"},"_wandb":{"runtime":32},"2D Loss Contour":{"size":138574,"path":"media/images/2D Loss Contour_602_92b5367813d471ff63a6.png","format":"png","width":1649,"height":1176,"_type":"image-file","sha256":"92b5367813d471ff63a656f58c963fc7c22157666e107adc4d1e1acd0e1b5b43"},"final_test_acc":0.96875,"train_acc":1}