{"val_acc":0.98046875,"2D Loss Contour":{"path":"media/images/2D Loss Contour_602_c854fb0ba1aa1b4a7f63.png","format":"png","width":1649,"height":1176,"_type":"image-file","sha256":"c854fb0ba1aa1b4a7f630f101a4dfdd4b547002eb31a48a0ee353c2f0ab6ace8","size":136614},"3D Loss Surface":{"sha256":"8d93c3b5fc662f5ac207d1bf9f4b3ffe05973f7579b5669fee17907d19ab8084","size":522176,"path":"media/images/3D Loss Surface_601_8d93c3b5fc662f5ac207.png","format":"png","width":1575,"height":1266,"_type":"image-file"},"train_acc":1,"_wandb":{"runtime":32},"val_loss":0.04808064177632332,"_step":602,"_timestamp":1.7466126883962858e+09,"val_spikes_per_t":NaN,"_runtime":32.033980081,"train_total_spikes":0,"final_test_acc":0.96484375,"train_spikes_per_t":NaN,"val_total_spikes":0,"final_val_acc":0.98046875,"final_train_acc":1,"train_loss":0.0011122912401333451}