{"val_spikes_per_t":62.63671875,"final_val_acc":0.98828125,"val_total_spikes":16035,"train_acc":1,"train_total_spikes":16087,"2D Loss Contour":{"height":1176,"_type":"image-file","sha256":"4106d78298f7e76b6e1e2eef35ef096dfad44288cad8ebde97ca9c254348fc09","size":146263,"path":"media/images/2D Loss Contour_602_4106d78298f7e76b6e1e.png","format":"png","width":1623},"train_loss":0.0001876827300293371,"3D Loss Surface":{"size":449361,"path":"media/images/3D Loss Surface_601_716cea7d60ba7f98c867.png","format":"png","width":1575,"height":1266,"_type":"image-file","sha256":"716cea7d60ba7f98c86701cb04d63a4d5de59201f477c2fcde58fee315927b16"},"val_acc":0.98828125,"_wandb":{"runtime":102},"_step":602,"val_loss":0.04221518710255623,"final_test_acc":0.984375,"_timestamp":1.7466595147210076e+09,"_runtime":102.383427511,"final_train_acc":1,"train_spikes_per_t":62.83984375}