{"val_acc":0.99609375,"train_loss":0.004315506666898727,"_timestamp":1.7465790190933828e+09,"2D Loss Contour":{"format":"png","width":1622,"height":1176,"_type":"image-file","sha256":"a6e5da84ed44046e7c5fd486df17419956fe90ad42c65451bc6e5a857f08f93e","size":122219,"path":"media/images/2D Loss Contour_602_a6e5da84ed44046e7c5f.png"},"val_loss":0.02593786083161831,"final_train_acc":1,"final_test_acc":0.99609375,"final_val_acc":0.99609375,"train_total_spikes":21927,"3D Loss Surface":{"path":"media/images/3D Loss Surface_601_a681a0aff14ec586604a.png","format":"png","width":1548,"height":1266,"_type":"image-file","sha256":"a681a0aff14ec586604a12fcab411f33cf72a5b8e2dfd0cfaedd686f0817af31","size":427184},"val_total_spikes":21647,"_step":602,"train_spikes_per_t":85.65234375,"train_acc":1,"val_spikes_per_t":84.55859375,"_runtime":114.167013139,"_wandb":{"runtime":114}}