{"train_loss":0.6420866847038269,"2D Loss Contour":{"size":136759,"path":"media/images/2D Loss Contour_602_fc13cf6c05461b94267a.png","format":"png","width":1622,"height":1176,"_type":"image-file","sha256":"fc13cf6c05461b94267af50ea6c37b9f62215609dbf1a3834ab7c0e40499474a"},"_step":602,"val_loss":0.7263066172599792,"_wandb":{"runtime":57},"train_acc":0.66796875,"final_train_acc":0.66796875,"_runtime":57.108650814,"val_acc":0.53125,"val_total_spikes":0,"3D Loss Surface":{"width":1548,"height":1266,"_type":"image-file","sha256":"c3b0299d25c093b7455958142d39fc805a4797b46f8d50c68d6cd8cd8e40f310","size":429786,"path":"media/images/3D Loss Surface_601_c3b0299d25c093b74559.png","format":"png"},"train_spikes_per_t":NaN,"final_test_acc":0.5859375,"final_val_acc":0.53125,"val_spikes_per_t":NaN,"train_total_spikes":0,"_timestamp":1.7466011707901273e+09}