{"train_loss":0.003746188245713711,"_step":602,"val_spikes_per_t":101.31640625,"2D Loss Contour":{"size":125716,"path":"media/images/2D Loss Contour_602_54528a10d21c446edca7.png","format":"png","width":1596,"height":1176,"_type":"image-file","sha256":"54528a10d21c446edca747751b1b9213128d70a902afcf602abcfa7e6143b737"},"train_acc":1,"final_test_acc":0.97265625,"val_total_spikes":25937,"train_total_spikes":26199,"final_train_acc":1,"_wandb":{"runtime":114},"val_loss":0.03120104782283306,"val_acc":0.984375,"final_val_acc":0.984375,"train_spikes_per_t":102.33984375,"3D Loss Surface":{"sha256":"f77ddfc8f45c63dce9afcc783929efd5261d473d375e7a9e2d917540a2888508","size":380520,"path":"media/images/3D Loss Surface_601_f77ddfc8f45c63dce9af.png","format":"png","width":1522,"height":1266,"_type":"image-file"},"_runtime":114.153451289,"_timestamp":1.746577405995836e+09}