{"val_total_spikes":9515,"final_val_acc":0.78125,"train_total_spikes":9525,"3D Loss Surface":{"size":420388,"path":"media/images/3D Loss Surface_601_f0b4ab70ab2e5a955a85.png","format":"png","width":1522,"height":1266,"_type":"image-file","sha256":"f0b4ab70ab2e5a955a85d433ca8c413ef458272392bec27efd022069890631aa"},"train_loss":0.01646340824663639,"val_spikes_per_t":37.16796875,"final_test_acc":0.71875,"final_train_acc":1,"val_acc":0.78125,"_wandb":{"runtime":172},"train_spikes_per_t":37.20703125,"train_acc":1,"_step":602,"_timestamp":1.7466255713700638e+09,"_runtime":172.544694147,"val_loss":0.7091311812400818,"2D Loss Contour":{"sha256":"cfd337bb44b6263f6a03fdc9946a39fd24eab84846363c69a70f1b31b43ee98d","size":123692,"path":"media/images/2D Loss Contour_602_cfd337bb44b6263f6a03.png","format":"png","width":1596,"height":1176,"_type":"image-file"}}