{"val_loss":0.056741997599601746,"3D Loss Surface":{"width":1548,"height":1266,"_type":"image-file","sha256":"e3d8ae3ea7573602d0e84cfce4146a55f465fb92288b63432bf86844b76a5706","size":334207,"path":"media/images/3D Loss Surface_601_e3d8ae3ea7573602d0e8.png","format":"png"},"final_test_acc":0.953125,"val_total_spikes":17550,"val_spikes_per_t":68.5546875,"train_loss":0.0033527719788253307,"train_total_spikes":17743,"2D Loss Contour":{"sha256":"9245221c9f8a3ed15870b07017a78955819bbe68f73a9a8e324835752d43e26e","size":133272,"path":"media/images/2D Loss Contour_602_9245221c9f8a3ed15870.png","format":"png","width":1622,"height":1176,"_type":"image-file"},"_runtime":76.041528203,"_step":602,"train_acc":1,"final_train_acc":1,"final_val_acc":0.97265625,"_wandb":{"runtime":76},"train_spikes_per_t":69.30859375,"val_acc":0.97265625,"_timestamp":1.7465873814344535e+09}