{"_wandb":{"runtime":161},"final_train_acc":0.6953125,"2D Loss Contour":{"height":1176,"_type":"image-file","sha256":"dd4d584031f7d4b3c92bd2eac7a5e0ed5e0702edb4ba2e9a5969fa77322698c2","size":135116,"path":"media/images/2D Loss Contour_602_dd4d584031f7d4b3c92b.png","format":"png","width":1623},"_runtime":161.06765107,"3D Loss Surface":{"_type":"image-file","sha256":"b91b4d70f5681faed4d89dde3c3bf3852fd2836634009b5ca4b82e3f06fa06e8","size":421893,"path":"media/images/3D Loss Surface_601_b91b4d70f5681faed4d8.png","format":"png","width":1548,"height":1266},"val_total_spikes":19573,"_step":602,"val_acc":0.6015625,"final_test_acc":0.6328125,"train_spikes_per_t":74.5859375,"val_loss":0.8024353384971619,"final_val_acc":0.6015625,"val_spikes_per_t":76.45703125,"train_loss":0.5364793539047241,"train_total_spikes":19094,"_timestamp":1.7466982313967621e+09,"train_acc":0.6953125}