{"val_total_spikes":0,"3D Loss Surface":{"width":1548,"height":1266,"_type":"image-file","sha256":"e09eecffde2f640aec398df158f44c2af920edd618809b130fc73d55b1e0168e","size":481770,"path":"media/images/3D Loss Surface_601_e09eecffde2f640aec39.png","format":"png"},"train_spikes_per_t":NaN,"final_train_acc":1,"_wandb":{"runtime":57},"train_total_spikes":0,"train_acc":1,"2D Loss Contour":{"size":140950,"path":"media/images/2D Loss Contour_602_702c663c697e1af1de09.png","format":"png","width":1623,"height":1176,"_type":"image-file","sha256":"702c663c697e1af1de09f58d654551e6fd3a56f9ca0fc6ea4d298d5805d85c6f"},"val_loss":0.4911661744117737,"train_loss":0.0068318285048007965,"final_val_acc":0.8203125,"_runtime":57.080494768,"_step":602,"val_acc":0.8203125,"val_spikes_per_t":NaN,"_timestamp":1.746598275160085e+09,"final_test_acc":0.8125}