{"final_val_acc":0.84375,"final_test_acc":0.85546875,"val_acc":0.84375,"2D Loss Contour":{"sha256":"23eef66c5afb2af5f97444e7de5bc2808f45aa70ab105bac495e03d96d55d75b","size":128681,"path":"media/images/2D Loss Contour_602_23eef66c5afb2af5f974.png","format":"png","width":1596,"height":1176,"_type":"image-file"},"_timestamp":1.7465977535936e+09,"val_total_spikes":0,"_runtime":57.515914063,"_step":602,"_wandb":{"runtime":57},"train_acc":1,"val_loss":0.5183500647544861,"train_spikes_per_t":NaN,"3D Loss Surface":{"format":"png","width":1548,"height":1266,"_type":"image-file","sha256":"a5836a67b229192ba38b0cba8ad6777cce8a30eb03542fcd4138321e5921c98d","size":490682,"path":"media/images/3D Loss Surface_601_a5836a67b229192ba38b.png"},"train_total_spikes":0,"train_loss":0.012940912507474422,"final_train_acc":1,"val_spikes_per_t":NaN}