{"train_spikes_per_t":57.55078125,"train_total_spikes":14733,"train_loss":0.0006263524992391467,"val_total_spikes":14514,"2D Loss Contour":{"width":1649,"height":1176,"_type":"image-file","sha256":"4be269cdfbe644a84d5aea9e2626c2f63cdfc0d03426fd7e1d950c248608ad9b","size":137379,"path":"media/images/2D Loss Contour_602_4be269cdfbe644a84d5a.png","format":"png"},"train_acc":1,"final_val_acc":0.99609375,"_timestamp":1.7465893630271575e+09,"_step":602,"3D Loss Surface":{"format":"png","width":1575,"height":1266,"_type":"image-file","sha256":"a7b8efd6c5d48aa0500d81303cadd85097fb2fb9bc143833d132c87e7306babe","size":382166,"path":"media/images/3D Loss Surface_601_a7b8efd6c5d48aa0500d.png"},"val_loss":0.00521666556596756,"_runtime":75.684751848,"final_train_acc":1,"final_test_acc":0.984375,"val_spikes_per_t":56.6953125,"_wandb":{"runtime":75},"val_acc":0.99609375}