{"3D Loss Surface":{"width":1522,"height":1266,"_type":"image-file","sha256":"3cf5daa03de04ea8cd75e4f8da7f209e1382aa3960cebd209117a254f496b855","size":507236,"path":"media/images/3D Loss Surface_601_3cf5daa03de04ea8cd75.png","format":"png"},"_runtime":173.383759678,"val_loss":0.6002950072288513,"final_test_acc":0.765625,"val_acc":0.796875,"_wandb":{"runtime":173},"_step":602,"train_spikes_per_t":25.0703125,"val_total_spikes":6319,"final_train_acc":0.96875,"final_val_acc":0.796875,"2D Loss Contour":{"width":1596,"height":1176,"_type":"image-file","sha256":"2580cac8c0ca6f9c3ebd6d93a665a7544d1b39cb7ea597d2f292a97a840973fd","size":138058,"path":"media/images/2D Loss Contour_602_2580cac8c0ca6f9c3ebd.png","format":"png"},"val_spikes_per_t":24.68359375,"train_acc":0.96875,"train_loss":0.09380343556404114,"train_total_spikes":6418,"_timestamp":1.7466241802458656e+09}