{"final_val_acc":0.984375,"val_spikes_per_t":NaN,"3D Loss Surface":{"height":1266,"_type":"image-file","sha256":"87d7d612c88bda2060901a57b2c6d0bdd4dde77e005b537a760a21ef4e615742","size":532106,"path":"media/images/3D Loss Surface_601_87d7d612c88bda206090.png","format":"png","width":1575},"_step":602,"val_total_spikes":0,"final_test_acc":0.96484375,"2D Loss Contour":{"height":1176,"_type":"image-file","sha256":"84328354fc547515dd922d5d8b308225cba6d9c8bd213e4c1f9d7e9004d62047","size":128080,"path":"media/images/2D Loss Contour_602_84328354fc547515dd92.png","format":"png","width":1649},"val_acc":0.984375,"val_loss":0.04602917656302452,"_wandb":{"runtime":32},"_timestamp":1.7466082871447012e+09,"train_loss":0.0007010482950136065,"final_train_acc":1,"train_spikes_per_t":NaN,"train_acc":1,"_runtime":32.13629823,"train_total_spikes":0}