{"train_total_spikes":28309,"_runtime":74.701840487,"val_loss":0.5027878284454346,"final_val_acc":0.84765625,"_step":602,"_wandb":{"runtime":74},"train_loss":0.019739774987101555,"train_acc":0.98828125,"train_spikes_per_t":110.58203125,"2D Loss Contour":{"_type":"image-file","sha256":"e07e09f1261e28f8de530138df0e822861358513ad02b9f5d6094373466bea5a","size":141368,"path":"media/images/2D Loss Contour_602_e07e09f1261e28f8de53.png","format":"png","width":1623,"height":1176},"3D Loss Surface":{"path":"media/images/3D Loss Surface_601_2cb15d24dcd39de3dc75.png","format":"png","width":1522,"height":1266,"_type":"image-file","sha256":"2cb15d24dcd39de3dc75f43edabe874d8ab5123d943f08f166b6e1101cfb2064","size":422005},"val_total_spikes":28538,"final_train_acc":0.98828125,"val_acc":0.84765625,"val_spikes_per_t":111.4765625,"final_test_acc":0.8828125,"_timestamp":1.7466548895100758e+09}