{"val_total_spikes":25240,"train_total_spikes":25425,"train_acc":1,"val_spikes_per_t":98.59375,"_wandb":{"runtime":115},"final_train_acc":1,"val_loss":0.015531199984252453,"_timestamp":1.7465780973611298e+09,"train_spikes_per_t":99.31640625,"_step":602,"train_loss":0.007032652385532856,"final_val_acc":1,"_runtime":115.79407888,"final_test_acc":0.99609375,"val_acc":1,"2D Loss Contour":{"width":1623,"height":1176,"_type":"image-file","sha256":"79236a8fd85ab8a4ed873a5f5537298bdf0edca7f28ea9a5e96ba3904aa2b3d4","size":139641,"path":"media/images/2D Loss Contour_602_79236a8fd85ab8a4ed87.png","format":"png"},"3D Loss Surface":{"width":1548,"height":1266,"_type":"image-file","sha256":"47a94e41f89bdf92174767992899a13e22c059f74e77b81559ee4940f5d4b1c0","size":433135,"path":"media/images/3D Loss Surface_601_47a94e41f89bdf921747.png","format":"png"}}