{"val_spikes_per_t":24.7265625,"val_total_spikes":6330,"train_spikes_per_t":25.4765625,"train_acc":1,"val_loss":0.11345334351062775,"final_test_acc":0.984375,"3D Loss Surface":{"size":527105,"path":"media/images/3D Loss Surface_601_4c364da86b87ae6f871f.png","format":"png","width":1575,"height":1266,"_type":"image-file","sha256":"4c364da86b87ae6f871f39d4f7df517c6a3a1def732f9cb0fa5c54dcd725f13d"},"train_loss":0.0042671081610023975,"2D Loss Contour":{"sha256":"3e93aa20ec384fcd2bc93c9e0064db3848c3cd42cb27a7a272901c2f0c4ecdd8","size":147291,"path":"media/images/2D Loss Contour_602_3e93aa20ec384fcd2bc9.png","format":"png","width":1649,"height":1176,"_type":"image-file"},"train_total_spikes":6522,"_wandb":{"runtime":173},"_runtime":173.009001299,"_step":602,"_timestamp":1.7466361650441318e+09,"final_val_acc":0.9609375,"val_acc":0.9609375,"final_train_acc":1}