{"final_val_acc":0.94140625,"final_test_acc":0.92578125,"train_total_spikes":16126,"2D Loss Contour":{"sha256":"bf597206f3dd1146e73e1673359a63eaa19b9d0aa015731724820f645cb7f16d","size":148445,"path":"media/images/2D Loss Contour_602_bf597206f3dd1146e73e.png","format":"png","width":1649,"height":1176,"_type":"image-file"},"3D Loss Surface":{"height":1266,"_type":"image-file","sha256":"f5fcc36ededc7e427cc2d67dbed580e85819b15531f26b51d46eb81d6334f966","size":474472,"path":"media/images/3D Loss Surface_601_f5fcc36ededc7e427cc2.png","format":"png","width":1575},"val_total_spikes":16072,"_step":602,"val_acc":0.94140625,"val_loss":0.39473047852516174,"final_train_acc":0.99609375,"_wandb":{"runtime":75},"train_spikes_per_t":62.9921875,"_runtime":75.504563933,"train_acc":0.99609375,"_timestamp":1.7465929471896367e+09,"train_loss":0.36324140429496765,"val_spikes_per_t":62.78125}