{"val_loss":5.9947404861450195,"final_val_acc":0.53125,"_timestamp":1.7466702022309008e+09,"val_spikes_per_t":61.43359375,"train_loss":5.979207992553711,"_runtime":159.556077823,"final_train_acc":0.5703125,"train_total_spikes":15681,"final_test_acc":0.50390625,"train_acc":0.5703125,"2D Loss Contour":{"_type":"image-file","sha256":"d5afcb4cff9de87b6a9aa9ff485e50df73bc039b7178239a76b8be3bf843379a","size":148446,"path":"media/images/2D Loss Contour_602_d5afcb4cff9de87b6a9a.png","format":"png","width":1569,"height":1176},"3D Loss Surface":{"_type":"image-file","sha256":"1895c1cc6ccc1b906504b2872c7f0031d42fafa7bb95e1f7d6e64daa32e9016e","size":389921,"path":"media/images/3D Loss Surface_601_1895c1cc6ccc1b906504.png","format":"png","width":1495,"height":1266},"val_total_spikes":15727,"_wandb":{"runtime":159},"_step":602,"val_acc":0.53125,"train_spikes_per_t":61.25390625}