{"final_val_acc":0.87890625,"2D Loss Contour":{"height":1176,"_type":"image-file","sha256":"a14ab481b8b7a51db2ae8ed4ae59c98ecedba26ec1e5989ce418786274c43db9","size":125408,"path":"media/images/2D Loss Contour_602_a14ab481b8b7a51db2ae.png","format":"png","width":1622},"train_total_spikes":6772,"_step":602,"_wandb":{"runtime":172},"val_acc":0.87890625,"final_train_acc":1,"val_spikes_per_t":26.515625,"final_test_acc":0.9140625,"train_acc":1,"_runtime":172.020920884,"3D Loss Surface":{"width":1548,"height":1266,"_type":"image-file","sha256":"7f7a3272a1873fa949c200817631589731b514dd8f83a9b0f14dca8bf692cbad","size":497682,"path":"media/images/3D Loss Surface_601_7f7a3272a1873fa949c2.png","format":"png"},"val_loss":0.35733404755592346,"train_loss":0.014384215697646141,"train_spikes_per_t":26.453125,"_timestamp":1.7466163965743215e+09,"val_total_spikes":6788}