{"final_test_acc":0.80859375,"2D Loss Contour":{"format":"png","width":1622,"height":1176,"_type":"image-file","sha256":"acaa1575105056284b2469b4a0e09e3f074fad2abb4e4a0200a434fa16a814be","size":135185,"path":"media/images/2D Loss Contour_602_acaa1575105056284b24.png"},"_timestamp":1.7466003614628704e+09,"train_acc":1,"val_loss":0.39097824692726135,"train_loss":0.006286842282861471,"val_acc":0.83984375,"final_train_acc":1,"_step":602,"val_spikes_per_t":NaN,"3D Loss Surface":{"_type":"image-file","sha256":"977b62f9c5b5904f51e695cf28e094161b0dfbb3f10de69097bd52b5dd8ca929","size":517800,"path":"media/images/3D Loss Surface_601_977b62f9c5b5904f51e6.png","format":"png","width":1548,"height":1266},"_runtime":57.516459352,"train_total_spikes":0,"_wandb":{"runtime":57},"val_total_spikes":0,"final_val_acc":0.83984375,"train_spikes_per_t":NaN}