{"_runtime":161.57109575,"val_spikes_per_t":19.5859375,"train_spikes_per_t":18.56640625,"val_acc":0.54296875,"_wandb":{"runtime":161},"train_loss":0.5934277772903442,"3D Loss Surface":{"sha256":"3cb17eca55f68236d8cef5fc65cd8834d9e47cc853bb3ca5e85659bec426736a","size":498660,"path":"media/images/3D Loss Surface_601_3cb17eca55f68236d8ce.png","format":"png","width":1548,"height":1266,"_type":"image-file"},"val_total_spikes":5014,"_step":602,"train_total_spikes":4753,"2D Loss Contour":{"size":161140,"path":"media/images/2D Loss Contour_602_a58d989f879e769a0071.png","format":"png","width":1622,"height":1176,"_type":"image-file","sha256":"a58d989f879e769a0071793d6adfbd4f4b95973675492d8e6acdb40345960cfc"},"val_loss":0.7521868348121643,"final_test_acc":0.62890625,"_timestamp":1.746691736494394e+09,"final_val_acc":0.54296875,"final_train_acc":0.69140625,"train_acc":0.69140625}