{"2D Loss Contour":{"format":"png","width":1622,"height":1176,"_type":"image-file","sha256":"e6c08f9ccf019742518195a1b21011f8692869e4f101db44e3772eac35d9fb8c","size":137689,"path":"media/images/2D Loss Contour_602_e6c08f9ccf0197425181.png"},"_wandb":{"runtime":32},"train_spikes_per_t":NaN,"val_acc":0.7578125,"final_test_acc":0.76953125,"_timestamp":1.7466108838587465e+09,"train_acc":0.8984375,"_step":602,"3D Loss Surface":{"width":1548,"height":1266,"_type":"image-file","sha256":"e1f82060acc249e1355a845aa1a7b05ca1e19bbd4058965941fd1de5fac879c4","size":402625,"path":"media/images/3D Loss Surface_601_e1f82060acc249e1355a.png","format":"png"},"val_total_spikes":0,"train_loss":0.2908789813518524,"val_spikes_per_t":NaN,"_runtime":32.236169529,"final_train_acc":0.8984375,"final_val_acc":0.7578125,"train_total_spikes":0,"val_loss":0.6756710410118103}