{"3D Loss Surface":{"path":"media/images/3D Loss Surface_601_9a8cf66ba6f6399b255f.png","format":"png","width":1522,"height":1266,"_type":"image-file","sha256":"9a8cf66ba6f6399b255f2ea4c7ab64432c85e55697727b0870c5892558571240","size":392486},"2D Loss Contour":{"sha256":"01cdf6f51560462977208d55e39968cd5e07595295701b901e7b56d9fd6e7523","size":138289,"path":"media/images/2D Loss Contour_602_01cdf6f5156046297720.png","format":"png","width":1622,"height":1176,"_type":"image-file"},"train_loss":0.055687617510557175,"_runtime":160.471218984,"val_total_spikes":3852,"_step":602,"train_total_spikes":3809,"final_val_acc":0.8203125,"_timestamp":1.746673743621848e+09,"train_acc":0.9921875,"_wandb":{"runtime":160},"train_spikes_per_t":14.87890625,"val_acc":0.8203125,"val_loss":0.39416560530662537,"final_test_acc":0.84375,"val_spikes_per_t":15.046875,"final_train_acc":0.9921875}