{"train_acc":0.6640625,"train_total_spikes":11058,"2D Loss Contour":{"sha256":"d6292c04b7e0c8f10265da6c15adefc2aceeec460842a74bbd6fc1f8c20ff8f7","size":122425,"path":"media/images/2D Loss Contour_602_d6292c04b7e0c8f10265.png","format":"png","width":1569,"height":1176,"_type":"image-file"},"val_loss":1.927843451499939,"3D Loss Surface":{"_type":"image-file","sha256":"719adf22404b91db32e1d09e43c3f976ff0b2190f461510c347360907a93bafc","size":382994,"path":"media/images/3D Loss Surface_601_719adf22404b91db32e1.png","format":"png","width":1495,"height":1266},"_step":602,"_timestamp":1.746692225006535e+09,"val_acc":0.62890625,"val_spikes_per_t":43.61328125,"_runtime":162.849237755,"train_loss":1.3344389200210571,"val_total_spikes":11165,"final_train_acc":0.6640625,"final_val_acc":0.62890625,"_wandb":{"runtime":162},"train_spikes_per_t":43.1953125,"final_test_acc":0.56640625}