{"train_total_spikes":15275,"final_val_acc":0.5625,"train_spikes_per_t":59.66796875,"2D Loss Contour":{"width":1569,"height":1176,"_type":"image-file","sha256":"45991ff57053abb299ab119c52afad26d46590d72b10af166e6aa1b16e4cce92","size":123964,"path":"media/images/2D Loss Contour_602_45991ff57053abb299ab.png","format":"png"},"_timestamp":1.7466637338343494e+09,"val_acc":0.5625,"final_train_acc":0.57421875,"train_acc":0.57421875,"_step":602,"_wandb":{"runtime":156},"_runtime":156.84725441,"3D Loss Surface":{"_type":"image-file","sha256":"28f5f10b6c3106aa9776f8898db319e75f1ef55a07f077306ac0a20e2d77a31b","size":448382,"path":"media/images/3D Loss Surface_601_28f5f10b6c3106aa9776.png","format":"png","width":1495,"height":1266},"final_test_acc":0.515625,"val_spikes_per_t":59.796875,"train_loss":3.664842128753662,"val_loss":4.519703388214111,"val_total_spikes":15308}