{"train_loss":0.010310176759958267,"_runtime":112.696045704,"val_spikes_per_t":80.93359375,"_step":602,"train_total_spikes":20829,"2D Loss Contour":{"_type":"image-file","sha256":"639cd9c098c586564ea64123370bde35403b9800f4912dfecbbe0f5a8ea0c711","size":121414,"path":"media/images/2D Loss Contour_602_639cd9c098c586564ea6.png","format":"png","width":1623,"height":1176},"_wandb":{"runtime":112},"_timestamp":1.7465593730380685e+09,"train_acc":1,"final_val_acc":0.9921875,"train_spikes_per_t":81.36328125,"final_train_acc":1,"val_loss":0.03694143518805504,"val_acc":0.9921875,"val_total_spikes":20719,"final_test_acc":0.98828125,"3D Loss Surface":{"path":"media/images/3D Loss Surface_601_d622d66a3e5f9408cfa3.png","format":"png","width":1522,"height":1266,"_type":"image-file","sha256":"d622d66a3e5f9408cfa30e69086aa2200cd523590432dacb24df4a54d12d08eb","size":403800}}