{"val_total_spikes":8729,"_runtime":173.57960574,"_wandb":{"runtime":173},"final_test_acc":0.9609375,"val_acc":0.953125,"val_spikes_per_t":34.09765625,"train_total_spikes":8829,"train_acc":1,"final_train_acc":1,"val_loss":0.12993289530277252,"3D Loss Surface":{"path":"media/images/3D Loss Surface_601_6a248eaf4eba8688cf13.png","format":"png","width":1548,"height":1266,"_type":"image-file","sha256":"6a248eaf4eba8688cf13a5fad6214db9b7b25dcefe5618bd7d8bea5a8dd822e8","size":388326},"_step":602,"2D Loss Contour":{"format":"png","width":1596,"height":1176,"_type":"image-file","sha256":"ca660d93d1f18b1ce8af5577361179ee322a84f945cecbd219f2e9f78bb74974","size":109149,"path":"media/images/2D Loss Contour_602_ca660d93d1f18b1ce8af.png"},"final_val_acc":0.953125,"_timestamp":1.746644319241336e+09,"train_loss":0.011724451556801796,"train_spikes_per_t":34.48828125}