{"_step":602,"final_test_acc":0.96484375,"3D Loss Surface":{"size":414334,"path":"media/images/3D Loss Surface_601_fb93af3d548b095983e5.png","format":"png","width":1522,"height":1266,"_type":"image-file","sha256":"fb93af3d548b095983e5a033deb12eda0830b66433e35823ab72251476bd2f34"},"val_acc":0.93359375,"val_total_spikes":14330,"val_loss":0.12851543724536896,"_runtime":160.418959893,"_timestamp":1.746685065407974e+09,"val_spikes_per_t":55.9765625,"train_total_spikes":14325,"train_acc":0.98828125,"_wandb":{"runtime":160},"final_val_acc":0.93359375,"train_spikes_per_t":55.95703125,"2D Loss Contour":{"_type":"image-file","sha256":"2a69988907c5d081b23212053b5d807875e1995d5055dd84900a0de0dc23a678","size":114131,"path":"media/images/2D Loss Contour_602_2a69988907c5d081b232.png","format":"png","width":1596,"height":1176},"train_loss":0.03836468234658241,"final_train_acc":0.98828125}