{"train_loss":0.0004945472464896739,"3D Loss Surface":{"width":1575,"height":1266,"_type":"image-file","sha256":"dab22b8e92c88744a9dc9c9dc8864f3019585b0deb5167d5db572071e783417a","size":445469,"path":"media/images/3D Loss Surface_601_dab22b8e92c88744a9dc.png","format":"png"},"train_total_spikes":14733,"_wandb":{"runtime":102},"final_val_acc":0.99609375,"_step":602,"train_acc":1,"val_spikes_per_t":58.0546875,"final_test_acc":0.9765625,"2D Loss Contour":{"sha256":"e373c60795a18f5cb30580085fb7a2ac15d0596a24aafb8e597c008b99ba6353","size":161119,"path":"media/images/2D Loss Contour_602_e373c60795a18f5cb305.png","format":"png","width":1649,"height":1176,"_type":"image-file"},"val_total_spikes":14862,"final_train_acc":1,"_timestamp":1.7466671673372707e+09,"val_loss":0.016398431733250618,"val_acc":0.99609375,"train_spikes_per_t":57.55078125,"_runtime":102.728259054}