{"3D Loss Surface":{"sha256":"5eb785b8c46ecec93947fb805e1f27e64b63b5f0f6e0a1ba381ea64ff93a6767","size":338714,"path":"media/images/3D Loss Surface_601_5eb785b8c46ecec93947.png","format":"png","width":1575,"height":1266,"_type":"image-file"},"final_train_acc":0.859375,"val_total_spikes":0,"train_acc":0.859375,"final_val_acc":0.66015625,"_timestamp":1.7466564149452815e+09,"val_loss":0.7633311748504639,"final_test_acc":0.65625,"_wandb":{"runtime":56},"train_loss":0.32814812660217285,"_runtime":56.793831802,"2D Loss Contour":{"path":"media/images/2D Loss Contour_602_affbe1e940ac38fb6340.png","format":"png","width":1623,"height":1176,"_type":"image-file","sha256":"affbe1e940ac38fb63400bccc6f2629ed24853689d8acfc3a19f02adef1d1602","size":141066},"val_spikes_per_t":NaN,"train_total_spikes":0,"val_acc":0.66015625,"_step":602,"train_spikes_per_t":NaN}