{"_runtime":113.102445024,"2D Loss Contour":{"format":"png","width":1622,"height":1176,"_type":"image-file","sha256":"d41470ef8c6409c044cdb90e7ab36df2b248d8dc5df3f49da1b902e62fd075b8","size":118088,"path":"media/images/2D Loss Contour_602_d41470ef8c6409c044cd.png"},"val_loss":0.037801630795001984,"_timestamp":1.7465625544870648e+09,"final_test_acc":0.97265625,"3D Loss Surface":{"path":"media/images/3D Loss Surface_601_0fbf42a5ca52351712e8.png","format":"png","width":1575,"height":1266,"_type":"image-file","sha256":"0fbf42a5ca52351712e83fb3226450622134cd1fe7ef3f6f75de138d28854ce0","size":503580},"val_acc":0.9921875,"train_acc":1,"_step":602,"train_total_spikes":28179,"_wandb":{"runtime":113},"train_loss":0.010882570408284664,"val_total_spikes":28147,"final_train_acc":1,"val_spikes_per_t":109.94921875,"train_spikes_per_t":110.07421875,"final_val_acc":0.9921875}