{"val_spikes_per_t":NaN,"val_acc":0.796875,"final_val_acc":0.796875,"final_test_acc":0.79296875,"_step":602,"3D Loss Surface":{"width":1548,"height":1266,"_type":"image-file","sha256":"d0c17decdbe6ea7391759876643a0ee717c388b22695b26ebca713981d98ec1d","size":281848,"path":"media/images/3D Loss Surface_601_d0c17decdbe6ea739175.png","format":"png"},"2D Loss Contour":{"_type":"image-file","sha256":"f779e042bd7df17c39593e575edca96fa931a10fd51740d1f4dc8dc329d3e96e","size":127507,"path":"media/images/2D Loss Contour_602_f779e042bd7df17c3959.png","format":"png","width":1623,"height":1176},"val_total_spikes":0,"final_train_acc":1,"train_acc":1,"train_loss":0.0045245056971907616,"_runtime":58.252172966,"train_spikes_per_t":NaN,"train_total_spikes":0,"_wandb":{"runtime":58},"_timestamp":1.74660603467732e+09,"val_loss":0.8414020538330078}