{"_step":602,"_wandb":{"runtime":57},"final_train_acc":1,"train_spikes_per_t":NaN,"val_total_spikes":0,"_timestamp":1.74660279281787e+09,"val_spikes_per_t":NaN,"val_acc":0.91015625,"final_test_acc":0.90625,"train_total_spikes":0,"val_loss":0.21047009527683258,"train_loss":0.0029522660188376904,"2D Loss Contour":{"path":"media/images/2D Loss Contour_602_4fd6ad7804fb1cf85134.png","format":"png","width":1623,"height":1176,"_type":"image-file","sha256":"4fd6ad7804fb1cf8513423449d385ebbdb54cc86eb911551591e36e505186f84","size":142567},"_runtime":57.02200669,"3D Loss Surface":{"format":"png","width":1548,"height":1266,"_type":"image-file","sha256":"d82d16d025419f0c5110042fd247fd9d0a020dc36a9d03c811348fd61d700821","size":438682,"path":"media/images/3D Loss Surface_601_d82d16d025419f0c5110.png"},"final_val_acc":0.91015625,"train_acc":1}