{"_timestamp":1.7466017494052231e+09,"final_test_acc":0.81640625,"train_acc":1,"_step":602,"final_val_acc":0.83984375,"val_total_spikes":0,"val_acc":0.83984375,"2D Loss Contour":{"format":"png","width":1622,"height":1176,"_type":"image-file","sha256":"0554d0eae331d7607718c64b39c38fd76047fdf989334cb7fb418385a4ce3f1b","size":134780,"path":"media/images/2D Loss Contour_602_0554d0eae331d7607718.png"},"val_spikes_per_t":NaN,"3D Loss Surface":{"format":"png","width":1548,"height":1266,"_type":"image-file","sha256":"d302d6e68dc41f7facc890d6aca07ae388e6f48b9d1ee4ad753bec2608705cb5","size":517045,"path":"media/images/3D Loss Surface_601_d302d6e68dc41f7facc8.png"},"final_train_acc":1,"train_total_spikes":0,"_runtime":57.682352523,"train_spikes_per_t":NaN,"train_loss":0.010833943262696266,"_wandb":{"runtime":57},"val_loss":0.4697069227695465}