{"3D Loss Surface":{"width":1575,"height":1266,"_type":"image-file","sha256":"0783812d358170a6e895f3d94d17efddaeacf182facc510b9b587820bb1b66f6","size":488781,"path":"media/images/3D Loss Surface_601_0783812d358170a6e895.png","format":"png"},"2D Loss Contour":{"_type":"image-file","sha256":"898a30d9e05b2b0e5a5d6009049150add71893804316cc5020428443e08cf72f","size":148301,"path":"media/images/2D Loss Contour_602_898a30d9e05b2b0e5a5d.png","format":"png","width":1622,"height":1176},"val_loss":0.08161105215549469,"_wandb":{"runtime":161},"_timestamp":1.7467009875245626e+09,"val_total_spikes":4512,"_runtime":161.199394926,"final_test_acc":0.9375,"_step":602,"train_total_spikes":4661,"final_val_acc":0.96484375,"final_train_acc":0.984375,"train_acc":0.984375,"val_acc":0.96484375,"train_loss":0.0581611767411232,"train_spikes_per_t":18.20703125,"val_spikes_per_t":17.625}