{"val_acc":0.9140625,"_wandb":{"runtime":172},"train_acc":0.984375,"final_test_acc":0.9296875,"_step":602,"2D Loss Contour":{"height":1176,"_type":"image-file","sha256":"8b8cc3e6c06525be075609b62dc47e24855f3be19eb0af2de52c65fc70339717","size":102819,"path":"media/images/2D Loss Contour_602_8b8cc3e6c06525be0756.png","format":"png","width":1622},"train_spikes_per_t":19.08203125,"_timestamp":1.7466384178529437e+09,"val_total_spikes":4884,"final_val_acc":0.9140625,"val_spikes_per_t":19.078125,"val_loss":0.20759227871894836,"_runtime":172.910079619,"3D Loss Surface":{"height":1266,"_type":"image-file","sha256":"e8ab3582562d2d6e73390245fb28e7361f7c84cb6215a1eb6b54b209802e131c","size":422880,"path":"media/images/3D Loss Surface_601_e8ab3582562d2d6e7339.png","format":"png","width":1548},"train_total_spikes":4885,"train_loss":0.0671691820025444,"final_train_acc":0.984375}