{"train_loss":0.0014350347919389606,"val_loss":0.055581752210855484,"val_spikes_per_t":NaN,"train_total_spikes":0,"train_acc":1,"3D Loss Surface":{"sha256":"b49681ac470b53236157341071f4710b51334f42272a822ea0899961643b6a59","size":462982,"path":"media/images/3D Loss Surface_601_b49681ac470b53236157.png","format":"png","width":1575,"height":1266,"_type":"image-file"},"final_test_acc":0.97265625,"_wandb":{"runtime":31},"val_acc":0.98046875,"val_total_spikes":0,"final_val_acc":0.98046875,"train_spikes_per_t":NaN,"_runtime":31.944731239,"_timestamp":1.7466132121406348e+09,"2D Loss Contour":{"height":1176,"_type":"image-file","sha256":"0748a4cdf3cb45996df78f56e299c99d735252e14565da4b8355c4370601151f","size":135641,"path":"media/images/2D Loss Contour_602_0748a4cdf3cb45996df7.png","format":"png","width":1649},"_step":602,"final_train_acc":1}