{"val_spikes_per_t":20.50390625,"_timestamp":1.7466824744731271e+09,"3D Loss Surface":{"height":1266,"_type":"image-file","sha256":"1f26126a968a0c43976c59e9144bcfd89f6861d4d7100b3154c56532eddd8082","size":410231,"path":"media/images/3D Loss Surface_601_1f26126a968a0c43976c.png","format":"png","width":1575},"_step":602,"val_total_spikes":5249,"_runtime":161.646651674,"2D Loss Contour":{"path":"media/images/2D Loss Contour_602_851643a1b16df93ba4cf.png","format":"png","width":1623,"height":1176,"_type":"image-file","sha256":"851643a1b16df93ba4cf73a20f81f77295b3ae2d822fd93d0c7f4a0f73f5863f","size":112120},"val_loss":0.19278882443904877,"val_acc":0.9453125,"train_acc":1,"final_test_acc":0.953125,"_wandb":{"runtime":161},"train_loss":0.013136214576661587,"final_val_acc":0.9453125,"train_spikes_per_t":21.421875,"final_train_acc":1,"train_total_spikes":5484}