{"train_total_spikes":0,"2D Loss Contour":{"sha256":"2ac454c447918fa450ec5f9535abf0dffd69f69ac84159de21dcdb539c0ccc91","size":129762,"path":"media/images/2D Loss Contour_602_2ac454c447918fa450ec.png","format":"png","width":1622,"height":1176,"_type":"image-file"},"final_val_acc":0.9765625,"3D Loss Surface":{"height":1266,"_type":"image-file","sha256":"72f73a5553ebb949576a7ea1b80189d492778a91605a65b04c64df7f23a1c144","size":521098,"path":"media/images/3D Loss Surface_601_72f73a5553ebb949576a.png","format":"png","width":1575},"_step":602,"final_test_acc":0.96484375,"train_spikes_per_t":NaN,"val_loss":0.05156326666474342,"train_acc":1,"_timestamp":1.7466112118957412e+09,"val_spikes_per_t":NaN,"final_train_acc":1,"train_loss":0.0007307161577045918,"val_total_spikes":0,"_runtime":31.998659099,"val_acc":0.9765625,"_wandb":{"runtime":31}}