{"_runtime":102.865225111,"final_train_acc":1,"train_spikes_per_t":61.58203125,"final_test_acc":0.99609375,"_step":602,"train_total_spikes":15765,"train_loss":0.000249508855631575,"val_spikes_per_t":61.7109375,"final_val_acc":0.9765625,"val_acc":0.9765625,"train_acc":1,"val_total_spikes":15798,"3D Loss Surface":{"width":1575,"height":1266,"_type":"image-file","sha256":"685dc98ec9010f30823f78b62afc5b6dd571d78eb6c04004d4f5fa29d7e740bb","size":424917,"path":"media/images/3D Loss Surface_601_685dc98ec9010f30823f.png","format":"png"},"val_loss":0.058308470994234085,"_wandb":{"runtime":102},"_timestamp":1.7466691384619212e+09,"2D Loss Contour":{"path":"media/images/2D Loss Contour_602_c6cd6315ad5de4451a0e.png","format":"png","width":1622,"height":1176,"_type":"image-file","sha256":"c6cd6315ad5de4451a0ea573ecc4029d2455e63eaae2a7f16572bdd8095352f8","size":145346}}