{"_runtime":57.527734704,"train_loss":0.009921077638864517,"train_acc":1,"val_total_spikes":0,"_step":602,"val_acc":0.84375,"2D Loss Contour":{"size":119693,"path":"media/images/2D Loss Contour_602_c197c69332c737e2036a.png","format":"png","width":1596,"height":1176,"_type":"image-file","sha256":"c197c69332c737e2036a86718b2c526bb52281292fa154c3cb784db2b86ef14e"},"val_spikes_per_t":NaN,"final_test_acc":0.84375,"3D Loss Surface":{"path":"media/images/3D Loss Surface_601_39fa3f448445b7c06059.png","format":"png","width":1548,"height":1266,"_type":"image-file","sha256":"39fa3f448445b7c06059ed95966789776b22c61735c5da92bbc3005e12e044b4","size":462591},"val_loss":0.4339560270309448,"final_val_acc":0.84375,"_wandb":{"runtime":57},"train_spikes_per_t":NaN,"train_total_spikes":0,"_timestamp":1.7465986237752187e+09,"final_train_acc":1}