{"final_val_acc":0.9921875,"final_test_acc":0.98046875,"train_total_spikes":17687,"3D Loss Surface":{"size":422007,"path":"media/images/3D Loss Surface_601_132145d1c4cde71b40e8.png","format":"png","width":1575,"height":1266,"_type":"image-file","sha256":"132145d1c4cde71b40e8d1748d2b130c8dd6cd6b871f7a2ffc06bed343527df3"},"val_acc":0.9921875,"train_spikes_per_t":69.08984375,"_wandb":{"runtime":75},"val_spikes_per_t":68.2109375,"val_total_spikes":17462,"final_train_acc":1,"2D Loss Contour":{"path":"media/images/2D Loss Contour_602_66fc299ef4583cabca34.png","format":"png","width":1649,"height":1176,"_type":"image-file","sha256":"66fc299ef4583cabca3462bdbec918578f767f3d506895530c789aba2860038a","size":126708},"train_loss":0.0012873722007498145,"val_loss":0.02212158590555191,"_timestamp":1.746588676930594e+09,"_runtime":75.973821045,"train_acc":1,"_step":602}