{"_runtime":92.767862874,"val_loss":2.101844549179077,"train_acc":0.71875,"final_val_acc":0.66015625,"val_spikes_per_t":67.7109375,"final_train_acc":0.71875,"3D Loss Surface":{"sha256":"669ca38a610c09dfdbb102a122b39adc657a9ef70b0b88d427d5494928e22bbb","size":411168,"path":"media/images/3D Loss Surface_601_669ca38a610c09dfdbb1.png","format":"png","width":1495,"height":1266,"_type":"image-file"},"val_acc":0.66015625,"_timestamp":1.7466732510698962e+09,"final_test_acc":0.58203125,"2D Loss Contour":{"sha256":"9a3fe470c0eeb6ef928342fb5d9f4ea3f4279b86fb380a147c4a578f65204d7d","size":134292,"path":"media/images/2D Loss Contour_602_9a3fe470c0eeb6ef9283.png","format":"png","width":1569,"height":1176,"_type":"image-file"},"train_spikes_per_t":67.39453125,"_wandb":{"runtime":92},"_step":602,"train_loss":1.1551073789596558,"train_total_spikes":17253,"val_total_spikes":17334}