{"val_loss":0.021915072575211525,"val_spikes_per_t":66.328125,"2D Loss Contour":{"height":1176,"_type":"image-file","sha256":"36d02933f382d98cf2d2410ebe6c0d9b4112926ee171624b411919a586823523","size":124070,"path":"media/images/2D Loss Contour_602_36d02933f382d98cf2d2.png","format":"png","width":1649},"final_test_acc":0.984375,"3D Loss Surface":{"format":"png","width":1601,"height":1266,"_type":"image-file","sha256":"0a7e705481e09eaff041efeef4f2816f4ac54f17d2cce741ae74bbee75bb4852","size":424866,"path":"media/images/3D Loss Surface_601_0a7e705481e09eaff041.png"},"val_acc":0.9921875,"_timestamp":1.746667478794942e+09,"train_total_spikes":16967,"train_acc":1,"train_spikes_per_t":66.27734375,"_wandb":{"runtime":103},"final_train_acc":1,"val_total_spikes":16980,"train_loss":0.00033585901837795973,"_runtime":103.408946494,"final_val_acc":0.9921875,"_step":602}