{"_timestamp":1.74664657587158e+09,"final_val_acc":0.98046875,"_step":602,"val_acc":0.98046875,"val_total_spikes":8511,"val_spikes_per_t":33.24609375,"train_spikes_per_t":34.4921875,"_runtime":172.252852944,"train_total_spikes":8830,"2D Loss Contour":{"height":1176,"_type":"image-file","sha256":"f3e0e706f1bb896b584cbdcac5c622f14adf09671a7cdedb144122a2864cc60f","size":123493,"path":"media/images/2D Loss Contour_602_f3e0e706f1bb896b584c.png","format":"png","width":1596},"3D Loss Surface":{"path":"media/images/3D Loss Surface_601_2c38983680606324128a.png","format":"png","width":1522,"height":1266,"_type":"image-file","sha256":"2c38983680606324128a33ca996b54514dbf73c572e0143124021e7a471c997b","size":454226},"final_train_acc":1,"val_loss":0.0892719030380249,"_wandb":{"runtime":172},"train_loss":0.004404084291309118,"train_acc":1,"final_test_acc":0.96484375}