{"2D Loss Contour":{"path":"media/images/2D Loss Contour_602_ede6d03819b3b13afd53.png","format":"png","width":1596,"height":1176,"_type":"image-file","sha256":"ede6d03819b3b13afd539ba0971ab46274f19fc988210982f2c1220668efbcbc","size":112775},"train_loss":0.028270862996578217,"_step":602,"val_loss":0.4001195430755615,"val_total_spikes":7083,"final_train_acc":0.99609375,"3D Loss Surface":{"_type":"image-file","sha256":"a17a212a7958d7455f57c6ec17fade41b9038a839f24fd21b4e992c76180fbc2","size":448393,"path":"media/images/3D Loss Surface_601_a17a212a7958d7455f57.png","format":"png","width":1522,"height":1266},"_wandb":{"runtime":163},"final_val_acc":0.88671875,"val_acc":0.88671875,"_runtime":163.590899309,"train_total_spikes":7077,"train_acc":0.99609375,"_timestamp":1.7466892932057922e+09,"train_spikes_per_t":27.64453125,"val_spikes_per_t":27.66796875,"final_test_acc":0.8515625}