{"train_acc":0.85546875,"train_spikes_per_t":22.76953125,"_step":602,"val_acc":0.796875,"final_val_acc":0.796875,"val_loss":0.4663284420967102,"_timestamp":1.746670362348052e+09,"_runtime":159.54035754,"train_total_spikes":5829,"final_test_acc":0.7421875,"_wandb":{"runtime":159},"2D Loss Contour":{"height":1176,"_type":"image-file","sha256":"0c351f1d2e9e50787983b333a36e997d285b639d5220cf9db9e280647179c494","size":143428,"path":"media/images/2D Loss Contour_602_0c351f1d2e9e50787983.png","format":"png","width":1623},"train_loss":0.3313697874546051,"val_total_spikes":5932,"3D Loss Surface":{"format":"png","width":1522,"height":1266,"_type":"image-file","sha256":"cac784d8fc4c157e7edaf8057ec4203c26d7836c87b610cc9091c43a3e5d5c0e","size":405032,"path":"media/images/3D Loss Surface_601_cac784d8fc4c157e7eda.png"},"val_spikes_per_t":23.171875,"final_train_acc":0.85546875}