{"train_spikes_per_t":40.796875,"_step":602,"val_spikes_per_t":41.234375,"_timestamp":1.7466638536376016e+09,"final_test_acc":0.9921875,"val_loss":0.016233492642641068,"val_total_spikes":10556,"_wandb":{"runtime":101},"val_acc":0.99609375,"train_loss":0.00018945822375826538,"train_acc":1,"3D Loss Surface":{"path":"media/images/3D Loss Surface_601_839772094bb8b694e7c8.png","format":"png","width":1575,"height":1266,"_type":"image-file","sha256":"839772094bb8b694e7c8ce3a18679d32e7beee90fda03034e5504b15ddfb072f","size":534606},"train_total_spikes":10444,"2D Loss Contour":{"height":1176,"_type":"image-file","sha256":"52f936a3c21b97ed95d734170235cf2fbac82420d8132f9c0c9d595bd12ade7a","size":131693,"path":"media/images/2D Loss Contour_602_52f936a3c21b97ed95d7.png","format":"png","width":1649},"_runtime":101.961828433,"final_train_acc":1,"final_val_acc":0.99609375}