{"val_spikes_per_t":66.5625,"2D Loss Contour":{"format":"png","width":1623,"height":1176,"_type":"image-file","sha256":"ef81c21d9ff3c7db6cf2bc625e2b207fb80a84e5245650957b8e0cac0deb93b0","size":127947,"path":"media/images/2D Loss Contour_602_ef81c21d9ff3c7db6cf2.png"},"train_acc":1,"train_total_spikes":17279,"_timestamp":1.746593634224254e+09,"val_acc":0.98828125,"_runtime":76.27666358,"val_total_spikes":17040,"_wandb":{"runtime":76},"final_val_acc":0.98828125,"_step":602,"final_test_acc":0.984375,"3D Loss Surface":{"sha256":"b8124a7fa905da71032b6a495267780f891f5178162491bd45e4443c7e078e62","size":536835,"path":"media/images/3D Loss Surface_601_b8124a7fa905da71032b.png","format":"png","width":1575,"height":1266,"_type":"image-file"},"train_loss":0.0010295903775840998,"final_train_acc":1,"val_loss":0.02572057396173477,"train_spikes_per_t":67.49609375}