{"_timestamp":1.7465789040919933e+09,"final_val_acc":1,"train_spikes_per_t":98.38671875,"_step":602,"3D Loss Surface":{"height":1266,"_type":"image-file","sha256":"17f0da329f9e1f00e5e2a3f3409b04bac2c81cf8597239bed07ed4bc3c121b3c","size":353930,"path":"media/images/3D Loss Surface_601_17f0da329f9e1f00e5e2.png","format":"png","width":1522},"val_loss":0.013715643435716629,"final_train_acc":1,"train_acc":1,"_runtime":114.640068284,"2D Loss Contour":{"sha256":"fea53dc3592720b4b69861a8e8487a6c413facd6f513e5a77beb5c8d5c6d5cbc","size":122662,"path":"media/images/2D Loss Contour_602_fea53dc3592720b4b698.png","format":"png","width":1596,"height":1176,"_type":"image-file"},"train_loss":0.006968668662011623,"val_spikes_per_t":97.421875,"final_test_acc":0.984375,"_wandb":{"runtime":114},"train_total_spikes":25187,"val_total_spikes":24940,"val_acc":1}