{"val_total_spikes":19801,"final_val_acc":0.87890625,"val_spikes_per_t":77.34765625,"train_total_spikes":20255,"_wandb":{"runtime":172},"train_acc":0.9921875,"train_spikes_per_t":79.12109375,"val_loss":0.35173895955085754,"_step":602,"train_loss":0.039242230355739594,"2D Loss Contour":{"height":1176,"_type":"image-file","sha256":"635a344fb0e4c628d8e5724632ef326230b45392da0ae8745d78efa269c24c98","size":174625,"path":"media/images/2D Loss Contour_602_635a344fb0e4c628d8e5.png","format":"png","width":1623},"val_acc":0.87890625,"final_train_acc":0.9921875,"final_test_acc":0.87890625,"3D Loss Surface":{"width":1522,"height":1266,"_type":"image-file","sha256":"8ef4743d421ce43a239e437f2b69522d90b724a164c1346ba47e892985e8ac87","size":362990,"path":"media/images/3D Loss Surface_601_8ef4743d421ce43a239e.png","format":"png"},"_timestamp":1.746639632805048e+09,"_runtime":172.262476169}