{"final_train_acc":0.90234375,"_wandb":{"runtime":56},"val_loss":1.19954252243042,"train_total_spikes":0,"train_loss":0.2908887565135956,"final_val_acc":0.54296875,"final_test_acc":0.640625,"3D Loss Surface":{"width":1548,"height":1266,"_type":"image-file","sha256":"3d2cc74b0a5cbe5dff4f3b451a5ab13d612224b83a1184653935e04bba9a2f58","size":277037,"path":"media/images/3D Loss Surface_601_3d2cc74b0a5cbe5dff4f.png","format":"png"},"val_acc":0.54296875,"_runtime":56.610863014,"val_spikes_per_t":NaN,"2D Loss Contour":{"sha256":"695629c2a1620887392d1de15f392afa69ae3c48b2d75b93114fce73f86f7ced","size":146098,"path":"media/images/2D Loss Contour_602_695629c2a1620887392d.png","format":"png","width":1623,"height":1176,"_type":"image-file"},"train_spikes_per_t":NaN,"train_acc":0.90234375,"_timestamp":1.7466557844234164e+09,"_step":602,"val_total_spikes":0}