{"_runtime":172.908602721,"val_spikes_per_t":38.87890625,"2D Loss Contour":{"width":1596,"height":1176,"_type":"image-file","sha256":"ba3a6207e442383bdc23afab79b3155b14b5a5ef8489cada789ebcab45cfe80a","size":114648,"path":"media/images/2D Loss Contour_602_ba3a6207e442383bdc23.png","format":"png"},"train_acc":1,"val_total_spikes":9953,"train_total_spikes":10021,"final_test_acc":0.88671875,"_step":602,"final_train_acc":1,"final_val_acc":0.859375,"train_spikes_per_t":39.14453125,"_wandb":{"runtime":172},"val_acc":0.859375,"3D Loss Surface":{"sha256":"938b2ae4b8d0940b1e12c7e7e2c236bbcacf28e921a11662f226618614bcb84c","size":398478,"path":"media/images/3D Loss Surface_601_938b2ae4b8d0940b1e12.png","format":"png","width":1522,"height":1266,"_type":"image-file"},"val_loss":0.39745575189590454,"_timestamp":1.7466474458046584e+09,"train_loss":0.006238881498575211}