{
  "model_name": "SNN",
  "recurrent_setting": true,
  "optimizer": "SGD",
  "l1_upper": 1,
  "v1_upper": 0,
  "l2_upper": 4,
  "v2_upper": 4,
  "learning_rate": 0.045684301646235034,
  "momentum": 0.4642056126133857,
  "best_val_acc": 0.90234375
}