{"3D Loss Surface":{"sha256":"80e32a6d1623b077ded25b8ffb8e5c8eed45f9f44c4411e1f8e0d11792705de5","size":424590,"path":"media/images/3D Loss Surface_601_80e32a6d1623b077ded2.png","format":"png","width":1548,"height":1266,"_type":"image-file"},"_step":602,"train_acc":1,"_timestamp":1.7465724575736015e+09,"final_val_acc":0.99609375,"_runtime":114.740132916,"val_total_spikes":19492,"val_spikes_per_t":76.140625,"final_test_acc":0.99609375,"train_loss":0.0027665027882903814,"train_total_spikes":19570,"val_acc":0.99609375,"2D Loss Contour":{"path":"media/images/2D Loss Contour_602_68582dfdbe50547bd1bc.png","format":"png","width":1596,"height":1176,"_type":"image-file","sha256":"68582dfdbe50547bd1bcd98abec57a0ec3b0b454179c34c398c124569b9f3c4b","size":105353},"val_loss":0.014703614637255669,"train_spikes_per_t":76.4453125,"_wandb":{"runtime":114},"final_train_acc":1}