{"_step":602,"_timestamp":1.7465732622205422e+09,"final_test_acc":0.9921875,"train_spikes_per_t":116.17578125,"final_val_acc":1,"val_spikes_per_t":115.38671875,"_wandb":{"runtime":113},"val_loss":0.02791007235646248,"_runtime":113.698022612,"val_total_spikes":29539,"3D Loss Surface":{"size":443328,"path":"media/images/3D Loss Surface_601_ed13e7f174b2301d7450.png","format":"png","width":1548,"height":1266,"_type":"image-file","sha256":"ed13e7f174b2301d7450d21cb50a0dd154d5eabcb0c004f49083a7610c596d28"},"2D Loss Contour":{"path":"media/images/2D Loss Contour_602_927a05dd2cf597db3e73.png","format":"png","width":1596,"height":1176,"_type":"image-file","sha256":"927a05dd2cf597db3e7303b11b697e04f6a16063dd39fa2e5b7cc995a8aa08de","size":136469},"final_train_acc":1,"train_acc":1,"train_loss":0.008672752417623997,"train_total_spikes":29741,"val_acc":1}