{"_runtime":102.358781746,"train_loss":0.00026251847157254815,"_step":602,"_timestamp":1.7466585843532913e+09,"2D Loss Contour":{"sha256":"5031e735bf66770c2797cf7cbafe658a539c0b2745d2b5fd44c75181d925027f","size":138869,"path":"media/images/2D Loss Contour_602_5031e735bf66770c2797.png","format":"png","width":1649,"height":1176,"_type":"image-file"},"val_acc":0.98046875,"_wandb":{"runtime":102},"final_val_acc":0.98046875,"train_total_spikes":15306,"val_loss":0.03942684084177017,"val_spikes_per_t":59.984375,"train_acc":1,"val_total_spikes":15356,"final_train_acc":1,"final_test_acc":0.98046875,"3D Loss Surface":{"sha256":"72f1355c74aee26df4c3a81798a416b8bfb9e578b6792a0210043255fdd3aea3","size":464011,"path":"media/images/3D Loss Surface_601_72f1355c74aee26df4c3.png","format":"png","width":1575,"height":1266,"_type":"image-file"},"train_spikes_per_t":59.7890625}