{"2D Loss Contour":{"height":1176,"_type":"image-file","sha256":"a796a1abba8ce2628675af3bdc83b4cfe9c7030efe7428eaa859d84d27d588c6","size":125761,"path":"media/images/2D Loss Contour_602_a796a1abba8ce2628675.png","format":"png","width":1623},"_wandb":{"runtime":101},"train_total_spikes":14810,"val_acc":0.88671875,"final_test_acc":0.84765625,"val_total_spikes":14911,"train_acc":1,"val_loss":0.4663873612880707,"final_train_acc":1,"_step":602,"3D Loss Surface":{"sha256":"8a5b65b7ebd64ae7a3afd1eb6d147d044a6a1c597133339d436190a4bb3b9ae5","size":355875,"path":"media/images/3D Loss Surface_601_8a5b65b7ebd64ae7a3af.png","format":"png","width":1575,"height":1266,"_type":"image-file"},"train_loss":0.0011885613203048706,"val_spikes_per_t":58.24609375,"_timestamp":1.7466619680567608e+09,"final_val_acc":0.88671875,"train_spikes_per_t":57.8515625,"_runtime":101.260437457}