{"train_loss":0.3047259449958801,"final_val_acc":0.734375,"train_acc":0.8828125,"val_total_spikes":1198,"val_loss":0.724304735660553,"_step":602,"final_train_acc":0.8828125,"train_spikes_per_t":4.33203125,"3D Loss Surface":{"format":"png","width":1548,"height":1266,"_type":"image-file","sha256":"c431fe758c5d3ec6d32dd3983570668778c4377c68a88790648fce77961dd73b","size":408219,"path":"media/images/3D Loss Surface_601_c431fe758c5d3ec6d32d.png"},"2D Loss Contour":{"sha256":"e68d007182e2fd3c960c30ed794211933a259996463edab2671f64a4c391c652","size":107391,"path":"media/images/2D Loss Contour_602_e68d007182e2fd3c960c.png","format":"png","width":1622,"height":1176,"_type":"image-file"},"_runtime":47.370882615,"_timestamp":1.7466697016142137e+09,"val_spikes_per_t":4.6796875,"_wandb":{"runtime":47},"val_acc":0.734375,"final_test_acc":0.69921875,"train_total_spikes":1109}