{"_runtime":32.259134518,"val_acc":0.99609375,"2D Loss Contour":{"format":"png","width":1649,"height":1176,"_type":"image-file","sha256":"6c394626227c7df61acb590b33c3e0cbb5af6214041b8c38cce39171f8824f62","size":159248,"path":"media/images/2D Loss Contour_602_6c394626227c7df61acb.png"},"_wandb":{"runtime":32},"val_total_spikes":0,"final_test_acc":0.96875,"final_train_acc":1,"3D Loss Surface":{"_type":"image-file","sha256":"10d2a500d9b38223e55f2d9f6b803ae52b4f4560cd95985915fefbe27c7fb42d","size":455835,"path":"media/images/3D Loss Surface_601_10d2a500d9b38223e55f.png","format":"png","width":1575,"height":1266},"train_spikes_per_t":NaN,"_step":602,"val_loss":0.03349991887807846,"final_val_acc":0.99609375,"train_loss":0.0009466727497056127,"train_total_spikes":0,"val_spikes_per_t":NaN,"train_acc":1,"_timestamp":1.7466090777398617e+09}