{"_timestamp":1.7466434503664877e+09,"_runtime":172.578465922,"_wandb":{"runtime":172},"train_loss":1.3029580116271973,"val_acc":0.578125,"train_acc":0.71484375,"3D Loss Surface":{"sha256":"741f4ee9abf3ca97d77a5be854a0dbc7bf2e681db89055619a4dc61f5321a69c","size":390261,"path":"media/images/3D Loss Surface_601_741f4ee9abf3ca97d77a.png","format":"png","width":1548,"height":1266,"_type":"image-file"},"val_spikes_per_t":41.43359375,"2D Loss Contour":{"sha256":"3af47358546dee70169c5e3750cce195923d4f921b4958bf1736bf0a464274d1","size":132542,"path":"media/images/2D Loss Contour_602_3af47358546dee70169c.png","format":"png","width":1596,"height":1176,"_type":"image-file"},"_step":602,"final_test_acc":0.5703125,"val_loss":2.3411173820495605,"final_train_acc":0.71484375,"final_val_acc":0.578125,"train_spikes_per_t":41.64453125,"train_total_spikes":10661,"val_total_spikes":10607}