{"val_loss":0.024666721001267433,"_timestamp":1.746658791011164e+09,"final_train_acc":1,"val_spikes_per_t":59.8671875,"val_total_spikes":15326,"2D Loss Contour":{"format":"png","width":1596,"height":1176,"_type":"image-file","sha256":"ba0434d4d73d068a77cb3a83c1da1b60e4aac9b6bf2b2aa4efa88267737d35e8","size":115865,"path":"media/images/2D Loss Contour_602_ba0434d4d73d068a77cb.png"},"_wandb":{"runtime":102},"train_total_spikes":15297,"train_acc":1,"train_loss":0.0002486800658516586,"_step":602,"_runtime":102.549747338,"train_spikes_per_t":59.75390625,"final_val_acc":0.984375,"final_test_acc":0.98046875,"val_acc":0.984375,"3D Loss Surface":{"size":419080,"path":"media/images/3D Loss Surface_601_f1a76d6c2011bdff06fb.png","format":"png","width":1548,"height":1266,"_type":"image-file","sha256":"f1a76d6c2011bdff06fbaa0dac1e2d4de69d70742892d7ce947e75f351055dc6"}}