{"final_test_acc":0.9921875,"val_loss":0.021827276796102524,"3D Loss Surface":{"format":"png","width":1575,"height":1266,"_type":"image-file","sha256":"9bec4139d34f56ea567a782a253f3c75fab15cd312c3ede14b8add90c7ac8d40","size":297892,"path":"media/images/3D Loss Surface_601_9bec4139d34f56ea567a.png"},"train_total_spikes":17528,"val_acc":0.98828125,"_runtime":75.493848677,"final_val_acc":0.98828125,"final_train_acc":1,"_wandb":{"runtime":75},"val_total_spikes":17484,"val_spikes_per_t":68.296875,"train_spikes_per_t":68.46875,"train_loss":0.0010174972703680396,"_timestamp":1.7465881436721413e+09,"2D Loss Contour":{"width":1649,"height":1176,"_type":"image-file","sha256":"da7d285aa7a617914a30fd8915194c50516e37b663b58c8dab467e21f29dfb0f","size":131123,"path":"media/images/2D Loss Contour_602_da7d285aa7a617914a30.png","format":"png"},"train_acc":1,"_step":602}