{"val_loss":0.27437666058540344,"val_total_spikes":1180,"train_total_spikes":1132,"_wandb":{"runtime":161},"train_acc":1,"3D Loss Surface":{"path":"media/images/3D Loss Surface_601_76a02acb028fdd3e1931.png","format":"png","width":1575,"height":1266,"_type":"image-file","sha256":"76a02acb028fdd3e1931f692d7b3c8b246baf756a4fd603ded6a35fc82fff9e5","size":409976},"val_spikes_per_t":4.609375,"final_val_acc":0.8984375,"final_train_acc":1,"final_test_acc":0.9140625,"train_spikes_per_t":4.421875,"_timestamp":1.7466834471294909e+09,"_runtime":161.218451637,"train_loss":0.0066103218123316765,"val_acc":0.8984375,"2D Loss Contour":{"path":"media/images/2D Loss Contour_602_c8822e2afd44b2e13f26.png","format":"png","width":1622,"height":1176,"_type":"image-file","sha256":"c8822e2afd44b2e13f267614731ed19fd95c82035fb94d2f37d4b60aceff842a","size":120467},"_step":602}