{"final_test_acc":0.98046875,"train_spikes_per_t":67.41015625,"_runtime":102.656319159,"2D Loss Contour":{"path":"media/images/2D Loss Contour_602_6d61f4853ca9d40a075c.png","format":"png","width":1622,"height":1176,"_type":"image-file","sha256":"6d61f4853ca9d40a075ce5d3781297883f4efbfe2862d9eb468c7f5a85a79953","size":124629},"train_acc":1,"_wandb":{"runtime":102},"val_acc":0.98046875,"final_val_acc":0.98046875,"train_loss":0.00023778008471708745,"val_total_spikes":17106,"val_spikes_per_t":66.8203125,"_timestamp":1.7466523507503736e+09,"final_train_acc":1,"train_total_spikes":17257,"_step":602,"val_loss":0.05580158904194832,"3D Loss Surface":{"width":1548,"height":1266,"_type":"image-file","sha256":"b1e8fe79d795b9488ec48be790f607664b44a4e4084b91b70abc099ef2ed0ea9","size":479218,"path":"media/images/3D Loss Surface_601_b1e8fe79d795b9488ec4.png","format":"png"}}