{"val_acc":0.5546875,"_step":602,"final_train_acc":0.5234375,"final_val_acc":0.5546875,"val_loss":3.967952251434326,"_wandb":{"runtime":33},"_runtime":33.38909012,"train_spikes_per_t":NaN,"train_loss":4.8101348876953125,"_timestamp":1.7466711256931508e+09,"val_spikes_per_t":NaN,"train_total_spikes":0,"3D Loss Surface":{"width":1522,"height":1266,"_type":"image-file","sha256":"31397415ebd19bccc88c23c4631d49a8fcee37ccd14ff0a3191b66ee345a6784","size":284184,"path":"media/images/3D Loss Surface_601_31397415ebd19bccc88c.png","format":"png"},"train_acc":0.5234375,"2D Loss Contour":{"path":"media/images/2D Loss Contour_602_3cdc17f1a433ad5e66ea.png","format":"png","width":1569,"height":1176,"_type":"image-file","sha256":"3cdc17f1a433ad5e66ea92ecdfce52e6bb63b0cba0866dc01c8bc8383dd2dc61","size":119517},"val_total_spikes":0,"final_test_acc":0.49609375}