{"val_total_spikes":7459,"val_spikes_per_t":29.13671875,"_runtime":160.695990525,"final_val_acc":0.8671875,"train_spikes_per_t":29.1015625,"val_loss":0.4154931604862213,"2D Loss Contour":{"width":1596,"height":1176,"_type":"image-file","sha256":"69f4a9e7828be2af5babc29095740153227b7a8190f9f96ece57c00eaa99600d","size":110912,"path":"media/images/2D Loss Contour_602_69f4a9e7828be2af5bab.png","format":"png"},"final_test_acc":0.859375,"_wandb":{"runtime":160},"train_total_spikes":7450,"train_acc":0.9921875,"final_train_acc":0.9921875,"3D Loss Surface":{"height":1266,"_type":"image-file","sha256":"1e6dd2877e255f88316935ec77a797af6ff9f4fd42263ba283b3c94b6a3c6ad9","size":424600,"path":"media/images/3D Loss Surface_601_1e6dd2877e255f883169.png","format":"png","width":1522},"train_loss":0.026870429515838623,"_timestamp":1.7466995284442248e+09,"val_acc":0.8671875,"_step":602}