{"val_spikes_per_t":NaN,"_wandb":{"runtime":57},"val_loss":0.7097824215888977,"final_train_acc":0.671875,"train_spikes_per_t":NaN,"final_val_acc":0.54296875,"2D Loss Contour":{"path":"media/images/2D Loss Contour_602_a7d2cd93d33203e488cc.png","format":"png","width":1622,"height":1176,"_type":"image-file","sha256":"a7d2cd93d33203e488cce7d57ad56de1cfba1e71c3c9877db1601d7089a5a111","size":137509},"val_total_spikes":0,"final_test_acc":0.6171875,"train_total_spikes":0,"val_acc":0.54296875,"3D Loss Surface":{"format":"png","width":1548,"height":1266,"_type":"image-file","sha256":"472d2866540cc1ffa1bd277cd99a757a261be79296a267d8dcd96d99fcfc85a3","size":507563,"path":"media/images/3D Loss Surface_601_472d2866540cc1ffa1bd.png"},"train_loss":0.621412992477417,"_runtime":57.006932972,"_timestamp":1.7466062084735568e+09,"train_acc":0.671875,"_step":602}