{"2D Loss Contour":{"_type":"image-file","sha256":"cbc6ef7dc665012bfb05a916ffcbd99801ca44413f124894bb4ce0af6131826e","size":123195,"path":"media/images/2D Loss Contour_602_cbc6ef7dc665012bfb05.png","format":"png","width":1623,"height":1176},"_wandb":{"runtime":75},"final_val_acc":0.9921875,"val_acc":0.9921875,"train_acc":1,"final_train_acc":1,"val_spikes_per_t":65.171875,"_step":602,"_timestamp":1.7465823532637632e+09,"train_loss":0.0006350255571305752,"_runtime":75.388833912,"3D Loss Surface":{"height":1266,"_type":"image-file","sha256":"6e1e9b90818040c6638850bd65328113073a5455d53c439271329015a653b691","size":463354,"path":"media/images/3D Loss Surface_601_6e1e9b90818040c66388.png","format":"png","width":1548},"train_spikes_per_t":65.84375,"train_total_spikes":16856,"final_test_acc":1,"val_loss":0.016652755439281464,"val_total_spikes":16684}