{"val_total_spikes":26992,"2D Loss Contour":{"height":1176,"_type":"image-file","sha256":"dc10751796d493994f9f2c8609106bf2a12038cacb8c3ecdc5a172f423bcecaf","size":157896,"path":"media/images/2D Loss Contour_602_dc10751796d493994f9f.png","format":"png","width":1596},"_timestamp":1.746576022080239e+09,"3D Loss Surface":{"path":"media/images/3D Loss Surface_601_d81d3f7ab2fb6577ae56.png","format":"png","width":1522,"height":1266,"_type":"image-file","sha256":"d81d3f7ab2fb6577ae56f55a42c27e912fb7d77e95ca20f647d26b7417d6bbc2","size":406418},"final_train_acc":0.54296875,"_wandb":{"runtime":115},"train_total_spikes":26878,"train_loss":1.2379636764526367,"train_acc":0.54296875,"final_val_acc":0.40234375,"final_test_acc":0.484375,"val_spikes_per_t":105.4375,"val_loss":1.6618554592132568,"val_acc":0.40234375,"_step":602,"train_spikes_per_t":104.9921875,"_runtime":115.03942494}