{"_runtime":113.261450352,"final_val_acc":1,"val_loss":0.021976400166749954,"_timestamp":1.7465650653114274e+09,"2D Loss Contour":{"height":1176,"_type":"image-file","sha256":"6d5842bdc3b692ef9c00e95900120af329a1f63f6830a7fb05d6e618eb3f56e4","size":143748,"path":"media/images/2D Loss Contour_602_6d5842bdc3b692ef9c00.png","format":"png","width":1623},"train_total_spikes":30202,"val_spikes_per_t":116.828125,"val_acc":1,"_step":602,"final_train_acc":1,"train_spikes_per_t":117.9765625,"train_loss":0.010856125503778458,"val_total_spikes":29908,"3D Loss Surface":{"width":1548,"height":1266,"_type":"image-file","sha256":"12bc1cde7e6b212b662ba7a56231fe293a798da023db836fd4cfd4504c464bc9","size":359865,"path":"media/images/3D Loss Surface_601_12bc1cde7e6b212b662b.png","format":"png"},"train_acc":1,"_wandb":{"runtime":113},"final_test_acc":0.98828125}