{"train_total_spikes":11782,"train_acc":1,"3D Loss Surface":{"height":1266,"_type":"image-file","sha256":"efd7cb8634781e2c0d9a59661f8093452c38dc2dfbd540a2e718f0a2854c6f18","size":501986,"path":"media/images/3D Loss Surface_601_efd7cb8634781e2c0d9a.png","format":"png","width":1575},"val_acc":0.99609375,"val_spikes_per_t":45.9921875,"_wandb":{"runtime":102},"val_total_spikes":11774,"_runtime":102.614099509,"final_test_acc":0.99609375,"2D Loss Contour":{"_type":"image-file","sha256":"623da670ae3d36b51bf28865e882534c2f3b8aed230c248d1d34093242613b5f","size":112189,"path":"media/images/2D Loss Contour_602_623da670ae3d36b51bf2.png","format":"png","width":1649,"height":1176},"final_val_acc":0.99609375,"val_loss":0.014623163267970085,"final_train_acc":1,"train_loss":0.00025271327467635274,"train_spikes_per_t":46.0234375,"_step":602,"_timestamp":1.7466571370644495e+09}