{"train_acc":0.921875,"val_spikes_per_t":52.2109375,"_step":602,"final_test_acc":0.75390625,"3D Loss Surface":{"_type":"image-file","sha256":"051ae70c5ff2094b47cbc1f988094a16e7578111da37c88ac205d6e5b23197c5","size":402720,"path":"media/images/3D Loss Surface_601_051ae70c5ff2094b47cb.png","format":"png","width":1522,"height":1266},"_runtime":63.01648663,"val_loss":0.7024531364440918,"final_train_acc":0.921875,"final_val_acc":0.76953125,"train_loss":0.2017970234155655,"_timestamp":1.7466688508720093e+09,"train_spikes_per_t":52.48046875,"2D Loss Contour":{"path":"media/images/2D Loss Contour_602_c9ef21fc3289323f814f.png","format":"png","width":1596,"height":1176,"_type":"image-file","sha256":"c9ef21fc3289323f814fa1fd8fb3fcf43a59770de01e695b5d6259e4c6724d20","size":136441},"val_acc":0.76953125,"val_total_spikes":13366,"train_total_spikes":13435,"_wandb":{"runtime":63}}