{"val_total_spikes":0,"_wandb":{"runtime":43},"train_spikes_per_t":NaN,"final_train_acc":0.68359375,"3D Loss Surface":{"width":1522,"height":1266,"_type":"image-file","sha256":"a730f5624da81a33b18ea5d3cd45e0c852582751c8e0cf7f8e6dc6445189d109","size":463645,"path":"media/images/3D Loss Surface_601_a730f5624da81a33b18e.png","format":"png"},"_step":602,"train_total_spikes":0,"final_val_acc":0.6953125,"train_acc":0.68359375,"val_loss":0.657916784286499,"train_loss":0.5552842020988464,"val_spikes_per_t":NaN,"_timestamp":1.746670687594212e+09,"val_acc":0.6953125,"_runtime":43.855801817,"final_test_acc":0.6875,"2D Loss Contour":{"format":"png","width":1596,"height":1176,"_type":"image-file","sha256":"22f247aeff9e15205e371934151cf7691f6b01206b2eb200b080bd250bc53675","size":124683,"path":"media/images/2D Loss Contour_602_22f247aeff9e15205e37.png"}}