{"val_acc":0.828125,"_wandb":{"runtime":56},"train_acc":1,"train_loss":0.0048166923224925995,"val_total_spikes":0,"2D Loss Contour":{"height":1176,"_type":"image-file","sha256":"a14aa6ba80fbf1a2b0aabfe08d3401bda93bce12f47ca67fb293acdb03e91a92","size":149592,"path":"media/images/2D Loss Contour_602_a14aa6ba80fbf1a2b0aa.png","format":"png","width":1649},"3D Loss Surface":{"format":"png","width":1575,"height":1266,"_type":"image-file","sha256":"00ee2db43f9ed84654a48ad7b9591355fd15265a3ded08d067f8f8198f762200","size":466953,"path":"media/images/3D Loss Surface_601_00ee2db43f9ed84654a4.png"},"val_spikes_per_t":NaN,"final_val_acc":0.828125,"_runtime":56.590900609,"final_train_acc":1,"final_test_acc":0.80859375,"train_total_spikes":0,"train_spikes_per_t":NaN,"val_loss":0.5279627442359924,"_timestamp":1.7466063231694517e+09,"_step":602}