{"val_spikes_per_t":52.54296875,"_runtime":102.246598384,"_step":602,"final_train_acc":1,"final_test_acc":0.9921875,"train_spikes_per_t":52.015625,"val_loss":0.018653837963938713,"3D Loss Surface":{"width":1575,"height":1266,"_type":"image-file","sha256":"c625997bc51e860d9ed6de73644f5622c0be28d51746c025c459a295fbb20646","size":516641,"path":"media/images/3D Loss Surface_601_c625997bc51e860d9ed6.png","format":"png"},"val_acc":0.9921875,"train_loss":0.00021814496722072363,"_wandb":{"runtime":102},"2D Loss Contour":{"sha256":"ba2ac4c514a00573e6c1c534501116ed90f3b85e8298af5e5b7e4bcb729a581c","size":138252,"path":"media/images/2D Loss Contour_602_ba2ac4c514a00573e6c1.png","format":"png","width":1649,"height":1176,"_type":"image-file"},"final_val_acc":0.9921875,"_timestamp":1.7466642677052288e+09,"val_total_spikes":13451,"train_total_spikes":13316,"train_acc":1}