{"train_spikes_per_t":56.80859375,"_step":602,"_runtime":102.995696162,"val_spikes_per_t":57.10546875,"train_total_spikes":14543,"final_test_acc":0.98828125,"_timestamp":1.7466563104025438e+09,"3D Loss Surface":{"width":1548,"height":1266,"_type":"image-file","sha256":"5703a8ebae3e315a8175fd4fa423c4e7d08aa79fa06abcdd011d2f635d712461","size":459366,"path":"media/images/3D Loss Surface_601_5703a8ebae3e315a8175.png","format":"png"},"train_loss":0.0002326677495148033,"val_loss":0.01829139143228531,"2D Loss Contour":{"size":116467,"path":"media/images/2D Loss Contour_602_bf1c855169e1eda88b7c.png","format":"png","width":1622,"height":1176,"_type":"image-file","sha256":"bf1c855169e1eda88b7c06db5c68d5306fdf76f80c29e6642c8c4b3ccfc6a45e"},"_wandb":{"runtime":102},"val_acc":0.99609375,"train_acc":1,"final_val_acc":0.99609375,"final_train_acc":1,"val_total_spikes":14619}