{"train_spikes_per_t":83.69140625,"val_acc":1,"_runtime":114.768980732,"final_train_acc":1,"3D Loss Surface":{"path":"media/images/3D Loss Surface_601_da2a2175fa98e5ab22e2.png","format":"png","width":1548,"height":1266,"_type":"image-file","sha256":"da2a2175fa98e5ab22e213854feab604b4f7834b57501c0d06e50992d45cb239","size":441890},"2D Loss Contour":{"_type":"image-file","sha256":"db31f129a85d1c26e8d29abbcf6b9a6a8bf4843fc6ffc85a960219241588f0bd","size":124170,"path":"media/images/2D Loss Contour_602_db31f129a85d1c26e8d2.png","format":"png","width":1623,"height":1176},"_wandb":{"runtime":114},"_timestamp":1.7465792488916652e+09,"val_loss":0.01963680423796177,"train_acc":1,"final_test_acc":0.97265625,"val_spikes_per_t":83.27734375,"final_val_acc":1,"train_loss":0.009293162263929844,"train_total_spikes":21425,"val_total_spikes":21319,"_step":602}