{"val_loss":0.7573280930519104,"final_val_acc":0.67578125,"train_acc":0.8671875,"_wandb":{"runtime":171},"_timestamp":1.7466170860778623e+09,"_runtime":171.791362653,"val_total_spikes":29460,"train_total_spikes":29519,"train_loss":0.3014586567878723,"val_spikes_per_t":115.078125,"2D Loss Contour":{"_type":"image-file","sha256":"27f00428060b5190375adbc5648514d0b4892dd74eaa4b2ffff7ed090f6566d7","size":137440,"path":"media/images/2D Loss Contour_602_27f00428060b5190375a.png","format":"png","width":1649,"height":1176},"val_acc":0.67578125,"final_train_acc":0.8671875,"final_test_acc":0.71484375,"train_spikes_per_t":115.30859375,"_step":602,"3D Loss Surface":{"format":"png","width":1575,"height":1266,"_type":"image-file","sha256":"3422788036e0d31c83b3124cd93038363d8cd29bccf770775c6e52333cbc490d","size":492897,"path":"media/images/3D Loss Surface_601_3422788036e0d31c83b3.png"}}