{"final_test_acc":0.7890625,"_step":602,"train_loss":0.007324583828449249,"train_acc":1,"val_spikes_per_t":NaN,"_wandb":{"runtime":57},"train_total_spikes":0,"train_spikes_per_t":NaN,"val_loss":0.6686516404151917,"2D Loss Contour":{"size":136974,"path":"media/images/2D Loss Contour_602_ab3acba1ece8b25dab8b.png","format":"png","width":1649,"height":1176,"_type":"image-file","sha256":"ab3acba1ece8b25dab8b12ee08537b20b66c7031db747310c1a8c63af6dffc06"},"val_acc":0.77734375,"val_total_spikes":0,"_runtime":57.191027841,"final_train_acc":1,"final_val_acc":0.77734375,"_timestamp":1.7465979850862606e+09,"3D Loss Surface":{"sha256":"7062c969c00ef6ca3e9256c8a9b1cd89488746c777fb1a894db98b1683ac57a5","size":522480,"path":"media/images/3D Loss Surface_601_7062c969c00ef6ca3e92.png","format":"png","width":1575,"height":1266,"_type":"image-file"}}