{"final_test_acc":0.9765625,"train_spikes_per_t":50.14453125,"_runtime":102.889943421,"final_val_acc":0.984375,"_step":602,"final_train_acc":1,"train_acc":1,"train_total_spikes":12837,"val_loss":0.0399555042386055,"val_total_spikes":12853,"3D Loss Surface":{"width":1575,"height":1266,"_type":"image-file","sha256":"6d07b91181a780590a17dcc65e9a35020318a251a7491f55a89b4829dc9376f8","size":438301,"path":"media/images/3D Loss Surface_601_6d07b91181a780590a17.png","format":"png"},"_wandb":{"runtime":102},"val_spikes_per_t":50.20703125,"_timestamp":1.7466584811683176e+09,"val_acc":0.984375,"train_loss":0.000186392295290716,"2D Loss Contour":{"_type":"image-file","sha256":"e81661be3a1fbbe33f05a30b732c0e6496b74b48071dda4211a7308a7199b8f6","size":125850,"path":"media/images/2D Loss Contour_602_e81661be3a1fbbe33f05.png","format":"png","width":1649,"height":1176}}