{"_step":602,"val_total_spikes":21437,"3D Loss Surface":{"width":1575,"height":1266,"_type":"image-file","sha256":"c763aa02418da4d3fe2e7ef39b8024bedbad30fc22050778bca8898ed240a9ef","size":448957,"path":"media/images/3D Loss Surface_601_c763aa02418da4d3fe2e.png","format":"png"},"final_val_acc":0.984375,"_wandb":{"runtime":75},"final_test_acc":0.984375,"final_train_acc":1,"train_loss":0.00024632542044855654,"val_acc":0.984375,"val_spikes_per_t":83.73828125,"train_total_spikes":21521,"train_acc":1,"2D Loss Contour":{"_type":"image-file","sha256":"abfb663ea9b7d42cd7539d5c9d05ea2c4560a25295cf3866cfa05daf07843473","size":127260,"path":"media/images/2D Loss Contour_602_abfb663ea9b7d42cd753.png","format":"png","width":1623,"height":1176},"train_spikes_per_t":84.06640625,"_runtime":75.084138369,"_timestamp":1.7465924899601846e+09,"val_loss":0.04538111016154289}