{"val_spikes_per_t":57.80859375,"train_loss":0.00016796392446849495,"_runtime":103.090874948,"_timestamp":1.7466564140782342e+09,"train_acc":1,"final_val_acc":0.99609375,"train_spikes_per_t":57.78125,"_step":602,"val_loss":0.015122315846383572,"_wandb":{"runtime":103},"val_acc":0.99609375,"final_train_acc":1,"2D Loss Contour":{"path":"media/images/2D Loss Contour_602_5762b653d7c074776a3f.png","format":"png","width":1623,"height":1176,"_type":"image-file","sha256":"5762b653d7c074776a3fba09ec31f0f3ab23d2df0d7e37b60ef1dd609f2f5c0c","size":144630},"val_total_spikes":14799,"3D Loss Surface":{"sha256":"ba6aa84f15d26a58d37e4f2ca5c67a4b0431335de324fddffefee81143cf4de2","size":480653,"path":"media/images/3D Loss Surface_601_ba6aa84f15d26a58d37e.png","format":"png","width":1575,"height":1266,"_type":"image-file"},"final_test_acc":0.98828125,"train_total_spikes":14792}