{"_timestamp":1.7465963017894864e+09,"final_test_acc":0.62890625,"final_val_acc":0.58984375,"3D Loss Surface":{"width":1548,"height":1266,"_type":"image-file","sha256":"04578d0252ebe908af672c296306aa79f9a022b4545ee9a708947eab9d9a1f4c","size":453033,"path":"media/images/3D Loss Surface_601_04578d0252ebe908af67.png","format":"png"},"train_total_spikes":0,"_step":602,"val_total_spikes":0,"train_spikes_per_t":NaN,"val_acc":0.58984375,"final_train_acc":0.94140625,"2D Loss Contour":{"format":"png","width":1596,"height":1176,"_type":"image-file","sha256":"ca3d68af236924ed88193cbe680d329c1da3eb1bec1b2e4f5b523799ace22efd","size":103283,"path":"media/images/2D Loss Contour_602_ca3d68af236924ed8819.png"},"train_loss":0.18087252974510193,"val_spikes_per_t":NaN,"train_acc":0.94140625,"val_loss":1.0675908327102661,"_wandb":{"runtime":59},"_runtime":59.832283032}