{"train_loss":0.10481690615415573,"val_total_spikes":27183,"final_test_acc":0.9140625,"val_loss":0.14186632633209229,"2D Loss Contour":{"_type":"image-file","sha256":"14d360151132ac26a47d3a2128c7921f72d83e2fed2afc6867617a6dd9f0bd68","size":132736,"path":"media/images/2D Loss Contour_602_14d360151132ac26a47d.png","format":"png","width":1596,"height":1176},"train_total_spikes":27154,"_runtime":112.993351504,"train_acc":0.9765625,"val_acc":0.94921875,"_wandb":{"runtime":112},"final_val_acc":0.94921875,"3D Loss Surface":{"format":"png","width":1522,"height":1266,"_type":"image-file","sha256":"ec4fe89d60e2d657399abf0f15b885dfc0a26ba5961e7e913222e8facf1abdc3","size":479442,"path":"media/images/3D Loss Surface_601_ec4fe89d60e2d657399a.png"},"train_spikes_per_t":106.0703125,"val_spikes_per_t":106.18359375,"_timestamp":1.7465609616560638e+09,"final_train_acc":0.9765625,"_step":602}