{"3D Loss Surface":{"_type":"image-file","sha256":"1fe81ad5dbc8389ffe3bdf65b35f5aaa4e357eea6cc7a1ec77180a4ce52413fd","size":361121,"path":"media/images/3D Loss Surface_601_1fe81ad5dbc8389ffe3b.png","format":"png","width":1522,"height":1266},"train_total_spikes":40373,"val_acc":0.96875,"_wandb":{"runtime":113},"train_loss":0.042672544717788696,"final_test_acc":0.9765625,"val_total_spikes":40358,"_step":602,"val_loss":0.0787222608923912,"val_spikes_per_t":157.6484375,"train_spikes_per_t":157.70703125,"final_val_acc":0.96875,"_timestamp":1.7465666673347383e+09,"_runtime":113.263367151,"train_acc":1,"final_train_acc":1,"2D Loss Contour":{"width":1596,"height":1176,"_type":"image-file","sha256":"02449320a01ad22a311bf2742327c7776934001153b3a8b20d29ceed47236d14","size":108178,"path":"media/images/2D Loss Contour_602_02449320a01ad22a311b.png","format":"png"}}