{"val_spikes_per_t":34.36328125,"_timestamp":1.7466165688139606e+09,"2D Loss Contour":{"sha256":"ad19f5994bd337f4302a2daccdc7426670300dc6fbb06ea3e9d67297435525ad","size":144173,"path":"media/images/2D Loss Contour_602_ad19f5994bd337f4302a.png","format":"png","width":1623,"height":1176,"_type":"image-file"},"final_val_acc":0.8984375,"val_loss":0.2623463571071625,"3D Loss Surface":{"height":1266,"_type":"image-file","sha256":"ea603f04d9aeeadfb1fe4ad90a61d225736b8badcc1fa33bd9782a3b3c967a0f","size":365630,"path":"media/images/3D Loss Surface_601_ea603f04d9aeeadfb1fe.png","format":"png","width":1548},"_runtime":171.470200314,"train_total_spikes":8908,"_wandb":{"runtime":171},"train_loss":0.0077753677032887936,"_step":602,"train_spikes_per_t":34.796875,"train_acc":1,"val_total_spikes":8797,"final_train_acc":1,"val_acc":0.8984375,"final_test_acc":0.91015625}