{"val_total_spikes":0,"_wandb":{"runtime":57},"val_acc":0.66015625,"_timestamp":1.7465975217794027e+09,"_step":602,"_runtime":57.644117131,"train_acc":0.90625,"train_spikes_per_t":NaN,"final_test_acc":0.66015625,"2D Loss Contour":{"_type":"image-file","sha256":"53303900a57d53a000388f933703ba4542cdbb354c4f2864fa13d7e4f30b509f","size":147246,"path":"media/images/2D Loss Contour_602_53303900a57d53a00038.png","format":"png","width":1623,"height":1176},"train_loss":0.24759985506534576,"train_total_spikes":0,"3D Loss Surface":{"format":"png","width":1548,"height":1266,"_type":"image-file","sha256":"a5b35f29fe80d22f4ee0e585965a7eb65a07194876444a4ac6a61075d197a78d","size":504180,"path":"media/images/3D Loss Surface_601_a5b35f29fe80d22f4ee0.png"},"final_train_acc":0.90625,"val_loss":0.8082635402679443,"final_val_acc":0.66015625,"val_spikes_per_t":NaN}