{"train_total_spikes":8938,"train_loss":0.004410820081830025,"final_test_acc":0.796875,"3D Loss Surface":{"size":482760,"path":"media/images/3D Loss Surface_601_d59eb447076edadc4662.png","format":"png","width":1522,"height":1266,"_type":"image-file","sha256":"d59eb447076edadc466229552cc4cbecea61375ce54ae35f4d311346e20f6f1e"},"train_spikes_per_t":34.9140625,"val_spikes_per_t":34.265625,"final_train_acc":1,"2D Loss Contour":{"path":"media/images/2D Loss Contour_602_01b475603b1ccb56b3b0.png","format":"png","width":1596,"height":1176,"_type":"image-file","sha256":"01b475603b1ccb56b3b0518d2f0f8350da20bee1dfadf1cc557274e2fbe0a895","size":117119},"_timestamp":1.7466573985986106e+09,"_step":602,"val_acc":0.7890625,"train_acc":1,"val_loss":0.6976482272148132,"final_val_acc":0.7890625,"_runtime":167.760552196,"val_total_spikes":8772,"_wandb":{"runtime":167}}