{"val_total_spikes":4700,"val_loss":0.33906856179237366,"final_val_acc":0.84765625,"val_acc":0.84765625,"_timestamp":1.7466941755660872e+09,"2D Loss Contour":{"_type":"image-file","sha256":"0a776b452b114396000a610b5eab8bfb9dced0ef928f496cdf8d7cd6332ea635","size":141493,"path":"media/images/2D Loss Contour_602_0a776b452b114396000a.png","format":"png","width":1623,"height":1176},"_wandb":{"runtime":162},"_step":602,"train_spikes_per_t":18.48046875,"val_spikes_per_t":18.359375,"final_test_acc":0.8828125,"final_train_acc":0.95703125,"train_loss":0.11876507848501205,"_runtime":162.10924931,"3D Loss Surface":{"width":1548,"height":1266,"_type":"image-file","sha256":"8b44327ed3d10b8a6db0f83c756f3b2fb1cb375b41019e6e118daee7c395884e","size":452737,"path":"media/images/3D Loss Surface_601_8b44327ed3d10b8a6db0.png","format":"png"},"train_acc":0.95703125,"train_total_spikes":4731}