{"_timestamp":1.746693850745509e+09,"val_spikes_per_t":16.3203125,"_step":602,"final_val_acc":0.921875,"train_acc":1,"_runtime":162.089008994,"val_acc":0.921875,"2D Loss Contour":{"width":1622,"height":1176,"_type":"image-file","sha256":"5978da4d8c9e74a581c0c7af9dc60bc990ac261937cb439413b14756f0f20b79","size":134718,"path":"media/images/2D Loss Contour_602_5978da4d8c9e74a581c0.png","format":"png"},"_wandb":{"runtime":162},"final_test_acc":0.96484375,"train_spikes_per_t":16.3984375,"3D Loss Surface":{"path":"media/images/3D Loss Surface_601_1c81334f1f3c0d8a4e96.png","format":"png","width":1548,"height":1266,"_type":"image-file","sha256":"1c81334f1f3c0d8a4e963cb49796e1c06553536e46cc483bd673852508ec6dc3","size":363515},"val_loss":0.22106821835041046,"train_total_spikes":4198,"final_train_acc":1,"val_total_spikes":4178,"train_loss":0.004887564107775688}