{"train_total_spikes":0,"final_val_acc":1,"final_test_acc":0.9609375,"val_acc":1,"final_train_acc":1,"train_spikes_per_t":NaN,"3D Loss Surface":{"size":497998,"path":"media/images/3D Loss Surface_601_26dcddcaf372aa7aa3c0.png","format":"png","width":1575,"height":1266,"_type":"image-file","sha256":"26dcddcaf372aa7aa3c0115149c425c24f243e0bc6a32d2c3aa094ee6b6d21a5"},"_runtime":31.606565093,"_step":602,"2D Loss Contour":{"format":"png","width":1649,"height":1176,"_type":"image-file","sha256":"e423fad2e77c92016d8c547251df08d81da418d762ec72bcbef2e7d15ba19a91","size":138925,"path":"media/images/2D Loss Contour_602_e423fad2e77c92016d8c.png"},"_wandb":{"runtime":31},"val_spikes_per_t":NaN,"val_loss":0.029352352023124695,"_timestamp":1.7466132770637717e+09,"val_total_spikes":0,"train_acc":1,"train_loss":0.0009142587659880519}