{"train_total_spikes":11962,"final_test_acc":0.98828125,"val_total_spikes":12039,"2D Loss Contour":{"height":1176,"_type":"image-file","sha256":"ec02b18b4f25ec887bb2cdf0941762490af79b3b58747ec162201952a03946cb","size":153544,"path":"media/images/2D Loss Contour_602_ec02b18b4f25ec887bb2.png","format":"png","width":1649},"_timestamp":1.7466552771474473e+09,"_wandb":{"runtime":102},"val_loss":0.013455679640173912,"3D Loss Surface":{"height":1266,"_type":"image-file","sha256":"7aec39246b906e3d75108ff31d39b6846b0c80ca8de76f5ab69be7ce77814124","size":397998,"path":"media/images/3D Loss Surface_601_7aec39246b906e3d7510.png","format":"png","width":1575},"val_spikes_per_t":47.02734375,"final_val_acc":0.99609375,"val_acc":0.99609375,"final_train_acc":1,"train_spikes_per_t":46.7265625,"train_acc":1,"_step":602,"_runtime":102.842575244,"train_loss":0.0002442356781102717}