{"val_total_spikes":4987,"_runtime":161.636962496,"train_loss":0.02339382842183113,"train_total_spikes":5029,"_step":602,"val_loss":0.42897579073905945,"final_test_acc":0.84375,"val_spikes_per_t":19.48046875,"val_acc":0.83203125,"train_spikes_per_t":19.64453125,"_timestamp":1.746695473541016e+09,"train_acc":1,"_wandb":{"runtime":161},"3D Loss Surface":{"path":"media/images/3D Loss Surface_601_66b045a282c8f7e79001.png","format":"png","width":1522,"height":1266,"_type":"image-file","sha256":"66b045a282c8f7e79001d73ba0cddf5c0fdd3b00dc1bbe000ece52587b12be2f","size":432050},"final_val_acc":0.83203125,"2D Loss Contour":{"sha256":"552f6196006846c136fab83a799ed9b7bcee37f7df36e2f875353443accd6881","size":126110,"path":"media/images/2D Loss Contour_602_552f6196006846c136fa.png","format":"png","width":1596,"height":1176,"_type":"image-file"},"final_train_acc":1}