{"train_acc":0.63671875,"train_total_spikes":17602,"_step":602,"final_train_acc":0.63671875,"2D Loss Contour":{"path":"media/images/2D Loss Contour_602_47d3134421346f03204b.png","format":"png","width":1569,"height":1176,"_type":"image-file","sha256":"47d3134421346f03204be51d1c0a12aa2d8c5e700b1db254c36f662b49c82d85","size":135984},"val_loss":2.8875269889831543,"3D Loss Surface":{"height":1266,"_type":"image-file","sha256":"65b9fdc46b896f23f7d8773b0573862fa92054c6a8903a9e65f94b51d3edbc0c","size":384076,"path":"media/images/3D Loss Surface_601_65b9fdc46b896f23f7d8.png","format":"png","width":1495},"train_loss":2.012274980545044,"val_total_spikes":17671,"final_test_acc":0.54296875,"train_spikes_per_t":68.7578125,"_runtime":90.980366154,"final_val_acc":0.55078125,"val_spikes_per_t":69.02734375,"_timestamp":1.7466718655332484e+09,"_wandb":{"runtime":90},"val_acc":0.55078125}