{"train_loss":0.0011472755577415228,"final_test_acc":0.97265625,"val_acc":0.9765625,"_step":602,"train_total_spikes":0,"2D Loss Contour":{"height":1176,"_type":"image-file","sha256":"87a213c322095f9aab1334c2e287908dd55e6b5bcf720e4fbe343a2c48740ecb","size":129363,"path":"media/images/2D Loss Contour_602_87a213c322095f9aab13.png","format":"png","width":1649},"val_total_spikes":0,"_wandb":{"runtime":31},"_timestamp":1.7466103259215124e+09,"val_spikes_per_t":NaN,"_runtime":31.959174959,"final_val_acc":0.9765625,"val_loss":0.055153097957372665,"train_acc":1,"final_train_acc":1,"3D Loss Surface":{"_type":"image-file","sha256":"f5cca5e3c315fe8b954184963253aee9496e998c309f8b05206df347712320d2","size":441534,"path":"media/images/3D Loss Surface_601_f5cca5e3c315fe8b9541.png","format":"png","width":1601,"height":1266},"train_spikes_per_t":NaN}