{"train_total_spikes":29893,"_wandb":{"runtime":112},"train_spikes_per_t":116.76953125,"train_loss":0.0070610325783491135,"val_loss":0.011526058427989483,"val_total_spikes":29707,"3D Loss Surface":{"_type":"image-file","sha256":"363d30827adb00786ac729c75496ef385c2979c776ac13501885c4e5e02c0623","size":418622,"path":"media/images/3D Loss Surface_601_363d30827adb00786ac7.png","format":"png","width":1548,"height":1266},"final_train_acc":1,"_timestamp":1.7465586964312968e+09,"final_test_acc":1,"2D Loss Contour":{"format":"png","width":1622,"height":1176,"_type":"image-file","sha256":"74e76dcec245974358d334fff92e660d47689e270f363718f65dcfcf0f5bf301","size":120939,"path":"media/images/2D Loss Contour_602_74e76dcec245974358d3.png"},"train_acc":1,"final_val_acc":1,"val_spikes_per_t":116.04296875,"_step":602,"_runtime":112.401764408,"val_acc":1}