{"final_train_acc":1,"_wandb":{"runtime":160},"2D Loss Contour":{"size":121939,"path":"media/images/2D Loss Contour_602_dcf9c4e793fa0a05263a.png","format":"png","width":1596,"height":1176,"_type":"image-file","sha256":"dcf9c4e793fa0a05263a5143dfc2a9cfcd730766fd6d866fb2a9b8345bfd6c11"},"val_acc":0.90625,"val_total_spikes":2626,"3D Loss Surface":{"path":"media/images/3D Loss Surface_601_6176065d53ed0603c344.png","format":"png","width":1548,"height":1266,"_type":"image-file","sha256":"6176065d53ed0603c344d8982fdf053dbbb8292371e45a52cd588b433ed48608","size":395472},"_timestamp":1.7466798832969608e+09,"final_val_acc":0.90625,"final_test_acc":0.8828125,"train_loss":0.010274146683514118,"val_spikes_per_t":10.2578125,"val_loss":0.2515414357185364,"train_total_spikes":2705,"_step":602,"train_acc":1,"_runtime":160.347927569,"train_spikes_per_t":10.56640625}