{"train_spikes_per_t":46.2890625,"val_total_spikes":12091,"_wandb":{"runtime":161},"_timestamp":1.7466930405203986e+09,"val_spikes_per_t":47.23046875,"2D Loss Contour":{"sha256":"ca1ffb8f580c672d3d8cc995d5cad6cc18c9405f6f342bb2a653f86ac41e574a","size":122958,"path":"media/images/2D Loss Contour_602_ca1ffb8f580c672d3d8c.png","format":"png","width":1622,"height":1176,"_type":"image-file"},"_runtime":161.818670902,"val_loss":0.3225061297416687,"train_loss":0.16206562519073486,"val_acc":0.86328125,"final_val_acc":0.86328125,"train_acc":0.94140625,"train_total_spikes":11850,"3D Loss Surface":{"format":"png","width":1548,"height":1266,"_type":"image-file","sha256":"9933f62a63abb1285c2908ef7c5451a2eee11c3b7e6c63961b9565c2d435bc99","size":464271,"path":"media/images/3D Loss Surface_601_9933f62a63abb1285c29.png"},"final_train_acc":0.94140625,"final_test_acc":0.8671875,"_step":602}