{"val_loss":5.399866580963135,"_timestamp":1.7465812102012827e+09,"val_acc":0.5,"train_spikes_per_t":107.94921875,"train_loss":5.608002662658691,"val_total_spikes":27638,"val_spikes_per_t":107.9609375,"final_train_acc":0.48046875,"_wandb":{"runtime":75},"train_total_spikes":27635,"_runtime":75.532519909,"final_val_acc":0.5,"train_acc":0.48046875,"final_test_acc":0.5234375,"_step":602,"2D Loss Contour":{"size":125142,"path":"media/images/2D Loss Contour_602_ff36e821cb417a106e59.png","format":"png","width":1596,"height":1176,"_type":"image-file","sha256":"ff36e821cb417a106e59b66d6bf0823dd215e4421ad9f9ea63d3edd9a41982e2"},"3D Loss Surface":{"_type":"image-file","sha256":"6c8bcef7772d90e407e113a1e1c2ca6e0dbf3b2868783bde59e9e85ec1abcdff","size":490620,"path":"media/images/3D Loss Surface_601_6c8bcef7772d90e407e1.png","format":"png","width":1522,"height":1266}}