{"val_total_spikes":0,"_step":602,"train_spikes_per_t":NaN,"train_total_spikes":0,"train_loss":0.017058901488780975,"val_loss":0.7752348184585571,"final_val_acc":0.7734375,"train_acc":1,"_runtime":57.260661287,"final_test_acc":0.796875,"val_acc":0.7734375,"final_train_acc":1,"3D Loss Surface":{"_type":"image-file","sha256":"11af113eff1d80f4ad0af576ceb3741a5405b3f7cf6639bc2fba87903e1ea16d","size":545850,"path":"media/images/3D Loss Surface_601_11af113eff1d80f4ad0a.png","format":"png","width":1549,"height":1266},"2D Loss Contour":{"format":"png","width":1623,"height":1176,"_type":"image-file","sha256":"d65594593945adbd241ec73e56423da46f163fd720f31d2c1f55af023b4e2cdd","size":146055,"path":"media/images/2D Loss Contour_602_d65594593945adbd241e.png"},"_timestamp":1.7466074803593948e+09,"val_spikes_per_t":NaN,"_wandb":{"runtime":57}}