{"val_loss":0.2238546907901764,"_timestamp":1.7465681534300485e+09,"val_total_spikes":23149,"final_val_acc":0.91015625,"train_total_spikes":23132,"_wandb":{"runtime":114},"val_spikes_per_t":90.42578125,"2D Loss Contour":{"sha256":"47f5e6e6b8aa4d21d463aa98b5339c11ca90ab76b8c43e0f9bd94c7b64083fb7","size":136130,"path":"media/images/2D Loss Contour_602_47f5e6e6b8aa4d21d463.png","format":"png","width":1596,"height":1176,"_type":"image-file"},"3D Loss Surface":{"format":"png","width":1522,"height":1266,"_type":"image-file","sha256":"798eafdcaf8d86a61f00c6bb46f75261f2152ec4db4169bf14baff176ffd0f1a","size":472263,"path":"media/images/3D Loss Surface_601_798eafdcaf8d86a61f00.png"},"val_acc":0.91015625,"_step":602,"final_train_acc":0.9609375,"_runtime":114.169743638,"train_spikes_per_t":90.359375,"train_acc":0.9609375,"final_test_acc":0.8671875,"train_loss":0.1286628097295761}