{"train_loss":0.0012378609972074628,"train_spikes_per_t":NaN,"train_acc":1,"val_total_spikes":0,"val_loss":0.05152178183197975,"_runtime":32.145782319,"_step":602,"_wandb":{"runtime":32},"_timestamp":1.7466124918945177e+09,"train_total_spikes":0,"val_acc":0.98046875,"final_test_acc":0.96484375,"3D Loss Surface":{"sha256":"f1734791f59e4bda58aa1f1dfc73a4028be8a3f3d86aafa214642181eb0718cf","size":535959,"path":"media/images/3D Loss Surface_601_f1734791f59e4bda58aa.png","format":"png","width":1575,"height":1266,"_type":"image-file"},"2D Loss Contour":{"_type":"image-file","sha256":"142a8371f9eab58104dd8fad5037e11ca7246e5c00b96e08a4f9cdda12fdbb64","size":136330,"path":"media/images/2D Loss Contour_602_142a8371f9eab58104dd.png","format":"png","width":1649,"height":1176},"final_train_acc":1,"final_val_acc":0.98046875,"val_spikes_per_t":NaN}