{"_timestamp":1.7465954638412893e+09,"val_spikes_per_t":68.11328125,"final_train_acc":1,"final_test_acc":0.98828125,"final_val_acc":0.98828125,"val_acc":0.98828125,"val_total_spikes":17437,"3D Loss Surface":{"format":"png","width":1548,"height":1266,"_type":"image-file","sha256":"3cb89fd9ec0b6388974cc1c4fba0df0498fbabd38c3bc944388c1b3d086765fd","size":413201,"path":"media/images/3D Loss Surface_601_3cb89fd9ec0b6388974c.png"},"train_loss":0.0013195918872952461,"_step":602,"train_spikes_per_t":68.80078125,"_runtime":75.24795278,"train_total_spikes":17613,"train_acc":1,"val_loss":0.03389350324869156,"_wandb":{"runtime":75},"2D Loss Contour":{"width":1596,"height":1176,"_type":"image-file","sha256":"22ded2f07149bcb1a2f30b21890a566a296101df5a6a939755915887a7a38219","size":114165,"path":"media/images/2D Loss Contour_602_22ded2f07149bcb1a2f3.png","format":"png"}}