{"val_acc":0.82421875,"train_loss":0.16287119686603546,"val_spikes_per_t":13.19140625,"val_total_spikes":3377,"final_test_acc":0.796875,"_runtime":157.231007556,"train_acc":0.9453125,"final_train_acc":0.9453125,"final_val_acc":0.82421875,"train_total_spikes":3476,"train_spikes_per_t":13.578125,"3D Loss Surface":{"sha256":"a2f5daf916d5b45e013d5ade1392a4af67f6d6eb2aff716ae9b79b386ea46296","size":454461,"path":"media/images/3D Loss Surface_601_a2f5daf916d5b45e013d.png","format":"png","width":1575,"height":1266,"_type":"image-file"},"_wandb":{"runtime":157},"val_loss":0.4419803023338318,"_step":602,"_timestamp":1.7466646792404802e+09,"2D Loss Contour":{"sha256":"4d08ce52831b7447a98db9eef79d9d5f7849f1727b1b875144f004277099eccf","size":125623,"path":"media/images/2D Loss Contour_602_4d08ce52831b7447a98d.png","format":"png","width":1649,"height":1176,"_type":"image-file"}}