{"_runtime":63.10822703,"val_loss":0.6370076537132263,"val_acc":0.828125,"final_test_acc":0.85546875,"val_total_spikes":9598,"train_loss":0.05098870024085045,"_timestamp":1.746668596636267e+09,"val_spikes_per_t":37.4921875,"train_total_spikes":9514,"_wandb":{"runtime":63},"final_val_acc":0.828125,"_step":602,"final_train_acc":0.98046875,"2D Loss Contour":{"sha256":"99199f0d2612f6e1a8334c964568d99b234b6e1980afc302c224e39d425aa619","size":109527,"path":"media/images/2D Loss Contour_602_99199f0d2612f6e1a833.png","format":"png","width":1596,"height":1176,"_type":"image-file"},"3D Loss Surface":{"_type":"image-file","sha256":"c5277fa2834d241c0355b6e63ca7375a3dd378660cd8f640b3b0a565f856b062","size":432451,"path":"media/images/3D Loss Surface_601_c5277fa2834d241c0355.png","format":"png","width":1522,"height":1266},"train_acc":0.98046875,"train_spikes_per_t":37.1640625}