{"val_total_spikes":13780,"2D Loss Contour":{"size":119486,"path":"media/images/2D Loss Contour_602_50810d1c13bd41af403a.png","format":"png","width":1622,"height":1176,"_type":"image-file","sha256":"50810d1c13bd41af403a6eacaea71afbe5dd776fa802f4a44f7ca16b127de3ab"},"train_spikes_per_t":53.7890625,"val_spikes_per_t":53.828125,"_step":602,"train_acc":1,"val_loss":0.9416077136993408,"3D Loss Surface":{"width":1522,"height":1266,"_type":"image-file","sha256":"820159efd83d06bdb399f50c1774308416f9b6419e432e36255d647c4b5021f6","size":415778,"path":"media/images/3D Loss Surface_601_820159efd83d06bdb399.png","format":"png"},"final_val_acc":0.80078125,"_timestamp":1.746660746429384e+09,"final_train_acc":1,"val_acc":0.80078125,"train_total_spikes":13770,"_runtime":100.927143113,"_wandb":{"runtime":100},"final_test_acc":0.78515625,"train_loss":0.002162882359698415}