{"val_total_spikes":0,"final_train_acc":1,"train_acc":1,"_timestamp":1.746613342631759e+09,"val_loss":0.05121879279613495,"2D Loss Contour":{"path":"media/images/2D Loss Contour_602_5d9b005c749b26318cdb.png","format":"png","width":1622,"height":1176,"_type":"image-file","sha256":"5d9b005c749b26318cdb9d199b5e563855a33cb3bf79a29a5fbd6475df9a8348","size":123932},"_wandb":{"runtime":31},"final_val_acc":0.98046875,"train_total_spikes":0,"_runtime":31.954144673000002,"val_spikes_per_t":NaN,"train_spikes_per_t":NaN,"final_test_acc":0.96484375,"_step":602,"3D Loss Surface":{"size":479756,"path":"media/images/3D Loss Surface_601_72b44f91cff49104ea31.png","format":"png","width":1548,"height":1266,"_type":"image-file","sha256":"72b44f91cff49104ea31232f023c8eda13392f211aff915dc2e18d6904015f19"},"val_acc":0.98046875,"train_loss":0.0011853644391521811}