{"val_acc":0.99609375,"val_loss":0.019580285996198654,"_wandb":{"runtime":114},"_timestamp":1.7465771761458879e+09,"train_acc":1,"2D Loss Contour":{"width":1623,"height":1176,"_type":"image-file","sha256":"f5e30a33966557e785737125eef3190ea0ee27a0368e67672e17018b81e4210d","size":126634,"path":"media/images/2D Loss Contour_602_f5e30a33966557e78573.png","format":"png"},"final_test_acc":0.99609375,"_step":602,"train_loss":0.0035871127620339394,"3D Loss Surface":{"width":1548,"height":1266,"_type":"image-file","sha256":"3a6c0f01f7f551a631f66345da80fa3d6b6cc6c18383fa6e2974d17f7e021b69","size":477308,"path":"media/images/3D Loss Surface_601_3a6c0f01f7f551a631f6.png","format":"png"},"train_total_spikes":19992,"val_total_spikes":19847,"final_val_acc":0.99609375,"final_train_acc":1,"train_spikes_per_t":78.09375,"val_spikes_per_t":77.52734375,"_runtime":114.621621022}