{"_step":602,"val_loss":0.1012461930513382,"val_acc":0.95703125,"_wandb":{"runtime":172},"final_val_acc":0.95703125,"train_loss":0.013138852082192898,"final_train_acc":1,"final_test_acc":0.953125,"val_spikes_per_t":19.84375,"val_total_spikes":5080,"2D Loss Contour":{"width":1649,"height":1176,"_type":"image-file","sha256":"2eff8eb18e86956119a9398722c631ba8218d2cc0e527f40fe595049bc908b61","size":134832,"path":"media/images/2D Loss Contour_602_2eff8eb18e86956119a9.png","format":"png"},"3D Loss Surface":{"path":"media/images/3D Loss Surface_601_2c7d4987a98497a6bb80.png","format":"png","width":1548,"height":1266,"_type":"image-file","sha256":"2c7d4987a98497a6bb80cfe883684f26e97f32f09a39652cdca2432eca431e84","size":456163},"train_total_spikes":5168,"_timestamp":1.7466464029108355e+09,"_runtime":172.639272847,"train_spikes_per_t":20.1875,"train_acc":1}