{"final_test_acc":0.828125,"train_total_spikes":6708,"final_train_acc":0.9609375,"val_loss":0.7002396583557129,"_wandb":{"runtime":47},"2D Loss Contour":{"format":"png","width":1596,"height":1176,"_type":"image-file","sha256":"1ac9666ef8d7d91175473f9f67218d6b266365ff178476e5fe636e471f4a4cd3","size":120356,"path":"media/images/2D Loss Contour_602_1ac9666ef8d7d9117547.png"},"train_loss":0.15455996990203857,"final_val_acc":0.7578125,"_timestamp":1.7466695572182255e+09,"val_acc":0.7578125,"val_total_spikes":6828,"train_acc":0.9609375,"val_spikes_per_t":26.671875,"_step":602,"_runtime":47.388812393,"3D Loss Surface":{"sha256":"907949cf8fcc73ac5c19e0e88680073745f716af3c7c602ba3e4316df6c6c8ef","size":500145,"path":"media/images/3D Loss Surface_601_907949cf8fcc73ac5c19.png","format":"png","width":1522,"height":1266,"_type":"image-file"},"train_spikes_per_t":26.203125}