{"train_spikes_per_t":74.33203125,"val_spikes_per_t":73.78515625,"final_val_acc":0.99609375,"final_test_acc":0.99609375,"val_loss":0.005699953064322472,"train_total_spikes":19029,"_runtime":75.692954599,"train_loss":0.0006167341489344835,"final_train_acc":1,"3D Loss Surface":{"sha256":"fed3ad40d9ad95b7758487d7d06c6b34fcb3d89bced7c4a3e4bc0616b60f263f","size":454171,"path":"media/images/3D Loss Surface_601_fed3ad40d9ad95b77584.png","format":"png","width":1548,"height":1266,"_type":"image-file"},"_wandb":{"runtime":75},"val_total_spikes":18889,"_timestamp":1.74659226208271e+09,"val_acc":0.99609375,"2D Loss Contour":{"_type":"image-file","sha256":"1b5579f8809c2ab185e06ad2579cf6d6f0b360c11553f2398fb11b49018a92b3","size":108470,"path":"media/images/2D Loss Contour_602_1b5579f8809c2ab185e0.png","format":"png","width":1622,"height":1176},"_step":602,"train_acc":1}