{"val_acc":0.98046875,"val_total_spikes":23026,"train_acc":1,"final_test_acc":0.984375,"2D Loss Contour":{"format":"png","width":1649,"height":1176,"_type":"image-file","sha256":"8634846d3cfdfb33101dc66634b018ed7c875a9a36c438eb38ca6b1417fb34ce","size":128475,"path":"media/images/2D Loss Contour_602_8634846d3cfdfb33101d.png"},"train_loss":0.0005259434110485017,"3D Loss Surface":{"sha256":"19eb69e35c02cc16ae713690f2044d9c721e2b1010edc7cd302cae44dc5b15cb","size":319276,"path":"media/images/3D Loss Surface_601_19eb69e35c02cc16ae71.png","format":"png","width":1575,"height":1266,"_type":"image-file"},"_timestamp":1.7465890581963856e+09,"_runtime":75.618439093,"final_train_acc":1,"val_loss":0.048978615552186966,"_step":602,"train_spikes_per_t":90.69140625,"_wandb":{"runtime":75},"train_total_spikes":23217,"val_spikes_per_t":89.9453125,"final_val_acc":0.98046875}