{"3D Loss Surface":{"sha256":"ba884097e7732f4419d0a8152c6fc2dd6b50e766b1bfe81d4210c94e486c2a30","size":534353,"path":"media/images/3D Loss Surface_601_ba884097e7732f4419d0.png","format":"png","width":1601,"height":1266,"_type":"image-file"},"val_acc":0.98046875,"final_val_acc":0.98046875,"_step":602,"_wandb":{"runtime":32},"train_loss":0.0007944560493342578,"val_total_spikes":0,"val_spikes_per_t":NaN,"train_total_spikes":0,"_runtime":32.215560968,"_timestamp":1.746611442088606e+09,"final_test_acc":0.96875,"train_spikes_per_t":NaN,"val_loss":0.048511601984500885,"2D Loss Contour":{"format":"png","width":1649,"height":1176,"_type":"image-file","sha256":"8c20dc65700c594b61290742643c2c48f45730cfadcc1346b43e781be370c39c","size":110783,"path":"media/images/2D Loss Contour_602_8c20dc65700c594b6129.png"},"final_train_acc":1,"train_acc":1}