{"val_acc":0.57421875,"_timestamp":1.7466177770620651e+09,"final_val_acc":0.57421875,"_step":602,"train_loss":0.5002795457839966,"train_spikes_per_t":109.02734375,"3D Loss Surface":{"format":"png","width":1575,"height":1266,"_type":"image-file","sha256":"fdc57f2497b97e57a2fb054150f306ad6e22561b0a50eee1955c0453760b379a","size":550615,"path":"media/images/3D Loss Surface_601_fdc57f2497b97e57a2fb.png"},"train_total_spikes":27911,"val_total_spikes":27697,"train_acc":0.71484375,"2D Loss Contour":{"height":1176,"_type":"image-file","sha256":"2913ad234e69252368e1a07678ca248ca2ac6da45142a8ac6476e70fb1e5aab3","size":148421,"path":"media/images/2D Loss Contour_602_2913ad234e69252368e1.png","format":"png","width":1649},"val_loss":0.719935953617096,"final_train_acc":0.71484375,"_runtime":172.268843731,"_wandb":{"runtime":172},"val_spikes_per_t":108.19140625,"final_test_acc":0.609375}