{"final_test_acc":0.9921875,"2D Loss Contour":{"sha256":"8279c86b6b919f4eae6c4e8774b227979980c2f71166c9dc5c334370c2975f92","size":133099,"path":"media/images/2D Loss Contour_602_8279c86b6b919f4eae6c.png","format":"png","width":1676,"height":1176,"_type":"image-file"},"_wandb":{"runtime":75},"_runtime":75.493815852,"3D Loss Surface":{"sha256":"cc6f561d503f5d7538d6080d0a7908949c9952f78b12c5ec8825e971f2d5600a","size":378183,"path":"media/images/3D Loss Surface_601_cc6f561d503f5d7538d6.png","format":"png","width":1601,"height":1266,"_type":"image-file"},"_timestamp":1.7465885244019408e+09,"final_val_acc":0.98828125,"val_loss":0.017679499462246895,"train_acc":1,"_step":602,"train_spikes_per_t":69.55859375,"train_loss":0.0007154957274906337,"val_spikes_per_t":68.90234375,"final_train_acc":1,"val_acc":0.98828125,"train_total_spikes":17807,"val_total_spikes":17639}