{"_step":602,"final_val_acc":0.98828125,"val_total_spikes":15228,"3D Loss Surface":{"size":481435,"path":"media/images/3D Loss Surface_601_ecc48a0b945f2ee43a8c.png","format":"png","width":1575,"height":1266,"_type":"image-file","sha256":"ecc48a0b945f2ee43a8c92d3e68d90af03f33cdfaa2606ea29717fe829298bb5"},"train_loss":0.00017477577785030007,"final_test_acc":0.97265625,"_wandb":{"runtime":102},"train_acc":1,"final_train_acc":1,"train_total_spikes":15251,"train_spikes_per_t":59.57421875,"val_acc":0.98828125,"val_spikes_per_t":59.484375,"_timestamp":1.7466646819973364e+09,"val_loss":0.032323963940143585,"_runtime":102.42112537,"2D Loss Contour":{"_type":"image-file","sha256":"efb343351df44e8301a71cfb426a8ecc834d8112cb46f1cf27c8a97a11eda103","size":134160,"path":"media/images/2D Loss Contour_602_efb343351df44e8301a7.png","format":"png","width":1649,"height":1176}}