{"train_total_spikes":10183,"train_loss":1.2579312324523926,"_wandb":{"runtime":171},"final_test_acc":0.56640625,"val_total_spikes":10148,"train_spikes_per_t":39.77734375,"_step":602,"val_acc":0.58203125,"final_train_acc":0.72265625,"_timestamp":1.746631310615757e+09,"train_acc":0.72265625,"final_val_acc":0.58203125,"val_spikes_per_t":39.640625,"3D Loss Surface":{"path":"media/images/3D Loss Surface_601_d5171b6a69e8b6845594.png","format":"png","width":1522,"height":1266,"_type":"image-file","sha256":"d5171b6a69e8b684559435c378b4bf1858e3c63fa42ab10afba0a021680630db","size":414791},"val_loss":2.305623769760132,"2D Loss Contour":{"width":1596,"height":1176,"_type":"image-file","sha256":"5bb410a8437c2f769aca335ffc4e258b7d2e9188ddb4604f4753cc933641946e","size":138050,"path":"media/images/2D Loss Contour_602_5bb410a8437c2f769aca.png","format":"png"},"_runtime":171.839528087}