{"val_acc":0.98828125,"final_train_acc":1,"train_acc":1,"val_loss":0.03290824592113495,"3D Loss Surface":{"height":1266,"_type":"image-file","sha256":"a09178a5acb2cf6025d966742fe3766d2cf198ccfc4c7e516ec48820cb156bad","size":398411,"path":"media/images/3D Loss Surface_601_a09178a5acb2cf6025d9.png","format":"png","width":1548},"train_loss":0.002307748654857278,"val_spikes_per_t":16.84765625,"_step":602,"_wandb":{"runtime":160},"train_total_spikes":4305,"val_total_spikes":4313,"final_val_acc":0.98828125,"_timestamp":1.7466779418063045e+09,"2D Loss Contour":{"path":"media/images/2D Loss Contour_602_c183188af46674243f19.png","format":"png","width":1622,"height":1176,"_type":"image-file","sha256":"c183188af46674243f190fcadcc6a3965f07e07d9cd8e56735fb971bd8798655","size":110724},"_runtime":160.697793237,"train_spikes_per_t":16.81640625,"final_test_acc":0.984375}