{"val_total_spikes":0,"val_loss":0.8995160460472107,"train_loss":0.4471401572227478,"train_acc":0.79296875,"_wandb":{"runtime":57},"_runtime":57.218003251,"final_train_acc":0.79296875,"final_test_acc":0.58203125,"_step":602,"final_val_acc":0.6015625,"3D Loss Surface":{"sha256":"ea6524025df64e2fce4efe0633f34233f55642fe0a1b509243b9375fbbb4f974","size":329654,"path":"media/images/3D Loss Surface_601_ea6524025df64e2fce4e.png","format":"png","width":1522,"height":1266,"_type":"image-file"},"train_spikes_per_t":NaN,"train_total_spikes":0,"2D Loss Contour":{"format":"png","width":1623,"height":1176,"_type":"image-file","sha256":"b2705f4cc89e46b6f1d1051a0f49ed07f48f7c0633100e7ea96ae43d21d8b502","size":138006,"path":"media/images/2D Loss Contour_602_b2705f4cc89e46b6f1d1.png"},"_timestamp":1.7465976955107238e+09,"val_spikes_per_t":NaN,"val_acc":0.6015625}