{
  "model_name": "SNN",
  "recurrent_setting": true,
  "optimizer": "SGD",
  "l1_upper": 4,
  "v1_upper": 6,
  "l2_upper": 4,
  "v2_upper": 3,
  "learning_rate": 0.02729884698748393,
  "momentum": 0.009742661724466917,
  "l2": 0.08919195302461255,
  "best_val_acc": 0.546875,
  "data_config": {
    "nb_inputs": 100,
    "nb_hidden": 4,
    "nb_outputs": 2,
    "time_step": 0.001,
    "epochs": 300,
    "nb_steps": 200,
    "tau_mem": 0.01,
    "tau_syn": 0.005
  }
}