{"val_acc":1,"val_total_spikes":18160,"_runtime":75.459305123,"final_test_acc":0.9921875,"train_spikes_per_t":71.73828125,"_wandb":{"runtime":75},"2D Loss Contour":{"sha256":"74f67f4c859ce3282fb02804b0303b90b980b4da27782f9ee94cd27ca43ea33a","size":141954,"path":"media/images/2D Loss Contour_602_74f67f4c859ce3282fb0.png","format":"png","width":1649,"height":1176,"_type":"image-file"},"train_loss":0.0007068003178574145,"_step":602,"val_spikes_per_t":70.9375,"train_acc":1,"final_val_acc":1,"3D Loss Surface":{"sha256":"c164ef91d1a933951a6dd5e9839cec7ca7c971c2738b2ff78278e4569d265e1c","size":534211,"path":"media/images/3D Loss Surface_601_c164ef91d1a933951a6d.png","format":"png","width":1575,"height":1266,"_type":"image-file"},"final_train_acc":1,"_timestamp":1.7465876099694753e+09,"val_loss":0.011879880912601948,"train_total_spikes":18365}