{"val_total_spikes":7174,"final_test_acc":0.9375,"final_train_acc":1,"_runtime":172.10327857,"final_val_acc":0.96875,"_step":602,"train_loss":0.013863126747310162,"val_acc":0.96875,"train_total_spikes":7242,"val_spikes_per_t":28.0234375,"val_loss":0.09757053852081299,"_timestamp":1.746634776758358e+09,"train_acc":1,"train_spikes_per_t":28.2890625,"3D Loss Surface":{"width":1548,"height":1266,"_type":"image-file","sha256":"fa9df71ad3fac8c9482471da60209007186609722776018dabd01031bda1b18e","size":465911,"path":"media/images/3D Loss Surface_601_fa9df71ad3fac8c94824.png","format":"png"},"2D Loss Contour":{"sha256":"e501b6566db773b7a80e3785d10e7868ae5e26fdc0da60464a360163f3f003a5","size":114339,"path":"media/images/2D Loss Contour_602_e501b6566db773b7a80e.png","format":"png","width":1596,"height":1176,"_type":"image-file"},"_wandb":{"runtime":172}}