{"val_total_spikes":0,"train_acc":1,"3D Loss Surface":{"_type":"image-file","sha256":"4b22d45afb2255d1eeb756ba18151738c4bace9d19a525543c6502889aad80c4","size":509606,"path":"media/images/3D Loss Surface_601_4b22d45afb2255d1eeb7.png","format":"png","width":1575,"height":1266},"final_val_acc":0.984375,"_runtime":32.778208798,"2D Loss Contour":{"size":143666,"path":"media/images/2D Loss Contour_602_cd4bc3559662940322ab.png","format":"png","width":1649,"height":1176,"_type":"image-file","sha256":"cd4bc3559662940322abb231fb46f545962015a79a46492813710b9210d2155b"},"_wandb":{"runtime":32},"val_acc":0.984375,"final_train_acc":1,"train_total_spikes":0,"val_loss":0.04387575387954712,"train_spikes_per_t":NaN,"val_spikes_per_t":NaN,"_step":602,"train_loss":0.0008580354042351246,"_timestamp":1.7466118355628414e+09,"final_test_acc":0.9609375}