{"final_test_acc":0.96875,"val_acc":0.96875,"2D Loss Contour":{"size":121644,"path":"media/images/2D Loss Contour_602_ee9cfdbd4a1312216108.png","format":"png","width":1622,"height":1176,"_type":"image-file","sha256":"ee9cfdbd4a13122161085b560c7b3e7ea9cde5eb190941708f08f90f5f2bed5d"},"_runtime":75.459350634,"val_loss":0.39018404483795166,"val_spikes_per_t":53.05859375,"final_val_acc":0.96875,"train_total_spikes":13900,"_timestamp":1.7465863913031762e+09,"val_total_spikes":13583,"_step":602,"_wandb":{"runtime":75},"train_spikes_per_t":54.296875,"final_train_acc":0.98046875,"3D Loss Surface":{"path":"media/images/3D Loss Surface_601_e754e76cd7552130a783.png","format":"png","width":1548,"height":1266,"_type":"image-file","sha256":"e754e76cd7552130a7835cc629c6631b720ce0f083ad02076ee1c88dc93d789d","size":480655},"train_loss":0.3650822639465332,"train_acc":0.98046875}