{"train_spikes_per_t":35.19921875,"final_val_acc":0.8046875,"2D Loss Contour":{"format":"png","width":1596,"height":1176,"_type":"image-file","sha256":"097b907cf0d445f9e0329117f3c1cd42bab7b5a2543716f4bd7375e71fbf0663","size":135760,"path":"media/images/2D Loss Contour_602_097b907cf0d445f9e032.png"},"val_total_spikes":8912,"final_test_acc":0.7421875,"val_loss":0.5982246398925781,"val_acc":0.8046875,"_step":602,"val_spikes_per_t":34.8125,"_wandb":{"runtime":173},"train_loss":0.025648238137364388,"train_acc":1,"final_train_acc":1,"train_total_spikes":9011,"_timestamp":1.7466437980051868e+09,"_runtime":173.466359899,"3D Loss Surface":{"_type":"image-file","sha256":"502b8e6c2f6ae114ca57d3f6d9f29276920322fca3821c83a200aae68d484786","size":404373,"path":"media/images/3D Loss Surface_601_502b8e6c2f6ae114ca57.png","format":"png","width":1522,"height":1266}}