{"train_total_spikes":5688,"train_spikes_per_t":22.21875,"train_loss":0.005368286743760109,"train_acc":1,"val_total_spikes":5631,"val_loss":0.4081799387931824,"_step":602,"_timestamp":1.746673858321655e+09,"final_test_acc":0.78515625,"3D Loss Surface":{"_type":"image-file","sha256":"028c158f232c83d04ba8c8ece22937d23a5510afb864297b27d2a58330658d59","size":372688,"path":"media/images/3D Loss Surface_601_028c158f232c83d04ba8.png","format":"png","width":1522,"height":1266},"val_acc":0.86328125,"_runtime":63.67342722,"_wandb":{"runtime":63},"val_spikes_per_t":21.99609375,"2D Loss Contour":{"_type":"image-file","sha256":"1e62d41a090d1f6f34965592f80dfce1ee38d9e5ab52e61fede3e5efd45ac634","size":112876,"path":"media/images/2D Loss Contour_602_1e62d41a090d1f6f3496.png","format":"png","width":1596,"height":1176},"final_val_acc":0.86328125,"final_train_acc":1}