{"train_spikes_per_t":NaN,"val_spikes_per_t":NaN,"val_acc":0.765625,"final_test_acc":0.7265625,"3D Loss Surface":{"width":1575,"height":1266,"_type":"image-file","sha256":"603fe70978ddcf94b8a4c1774e4cf2a20974c5be3c10f784f81bf22ffe8debfd","size":342287,"path":"media/images/3D Loss Surface_601_603fe70978ddcf94b8a4.png","format":"png"},"_runtime":56.797579806,"train_total_spikes":0,"final_train_acc":1,"final_val_acc":0.765625,"_wandb":{"runtime":56},"val_total_spikes":0,"train_acc":1,"_step":602,"_timestamp":1.7466012282599452e+09,"val_loss":0.6993600130081177,"train_loss":0.004975315183401108,"2D Loss Contour":{"path":"media/images/2D Loss Contour_602_ceda8223a28f8cad9399.png","format":"png","width":1623,"height":1176,"_type":"image-file","sha256":"ceda8223a28f8cad939936d1039b0ce030f8775c28e34655c0a2b5b5d846723c","size":145271}}