{"_wandb":{"runtime":32},"train_acc":1,"final_train_acc":1,"val_acc":0.99609375,"_runtime":32.332524203,"val_total_spikes":0,"3D Loss Surface":{"width":1601,"height":1266,"_type":"image-file","sha256":"cc0f185be2cfb10092e17a187bd84e8e4a1f09a1ffe96dc4bffcb82eb5d97826","size":562058,"path":"media/images/3D Loss Surface_601_cc0f185be2cfb10092e1.png","format":"png"},"train_spikes_per_t":NaN,"2D Loss Contour":{"size":138164,"path":"media/images/2D Loss Contour_602_2708bccf70773bb51bf7.png","format":"png","width":1649,"height":1176,"_type":"image-file","sha256":"2708bccf70773bb51bf74942b010993ade9ba2f55059e73eb74dcb19676e316d"},"val_spikes_per_t":NaN,"_step":602,"final_val_acc":0.99609375,"train_total_spikes":0,"train_loss":0.0008510399493388832,"final_test_acc":0.96484375,"_timestamp":1.746610063730899e+09,"val_loss":0.028933653607964516}