{"train_total_spikes":0,"final_train_acc":1,"2D Loss Contour":{"path":"media/images/2D Loss Contour_602_4242bd345513424e28b7.png","format":"png","width":1649,"height":1176,"_type":"image-file","sha256":"4242bd345513424e28b7e515bd9ac9185dc2b1e7c2c25f24fcadce58ff5edef9","size":142140},"final_test_acc":0.96875,"val_spikes_per_t":NaN,"train_acc":1,"_runtime":31.735631754,"train_spikes_per_t":NaN,"train_loss":0.0009395255474373698,"_timestamp":1.7466129177232606e+09,"val_total_spikes":0,"3D Loss Surface":{"height":1266,"_type":"image-file","sha256":"bbb668d7a0f9f6d90db0223cd0a89c0ea8276fbaee161a187ed6f107087d6935","size":504737,"path":"media/images/3D Loss Surface_601_bbb668d7a0f9f6d90db0.png","format":"png","width":1601},"val_loss":0.03338392451405525,"val_acc":0.99609375,"final_val_acc":0.99609375,"_wandb":{"runtime":31},"_step":602}