{"train_loss":0.020851433277130127,"3D Loss Surface":{"format":"png","width":1548,"height":1266,"_type":"image-file","sha256":"fdbac9bb37426b295101f0a1f32ca9b8fc4e7fcf253fbe52574785ec752452f5","size":477985,"path":"media/images/3D Loss Surface_601_fdbac9bb37426b295101.png"},"train_acc":1,"val_spikes_per_t":14.9921875,"final_test_acc":0.875,"_step":602,"val_acc":0.88671875,"train_total_spikes":3654,"val_total_spikes":3838,"2D Loss Contour":{"size":120338,"path":"media/images/2D Loss Contour_602_7a32c79affb663d07260.png","format":"png","width":1623,"height":1176,"_type":"image-file","sha256":"7a32c79affb663d07260234e29d47e8aafcc7c5bb959974aac9e75318bc11655"},"_wandb":{"runtime":161},"_timestamp":1.7466803705213552e+09,"val_loss":0.3047240078449249,"train_spikes_per_t":14.2734375,"_runtime":161.084127333,"final_train_acc":1,"final_val_acc":0.88671875}