{"final_val_acc":0.98828125,"val_acc":0.98828125,"2D Loss Contour":{"path":"media/images/2D Loss Contour_602_015a44b5621c19c35ad3.png","format":"png","width":1596,"height":1176,"_type":"image-file","sha256":"015a44b5621c19c35ad3078b95fefaf586d7a4bf6a39d7855214805fc0fd0df8","size":121541},"val_loss":0.042112261056900024,"final_train_acc":1,"train_loss":0.011391268111765385,"final_test_acc":0.95703125,"train_total_spikes":23015,"_runtime":113.189630665,"_step":602,"val_spikes_per_t":90.09375,"3D Loss Surface":{"height":1266,"_type":"image-file","sha256":"5a99358def3a1517f550b6fe5d3a7b2dfcfac1d7a9bb0270753a37fa1b356900","size":408074,"path":"media/images/3D Loss Surface_601_5a99358def3a1517f550.png","format":"png","width":1548},"_wandb":{"runtime":113},"train_spikes_per_t":89.90234375,"train_acc":1,"_timestamp":1.7465628958589616e+09,"val_total_spikes":23064}