{"train_loss":1.304370403289795,"_runtime":47.571076313,"train_acc":0.59765625,"val_loss":1.5561847686767578,"train_spikes_per_t":75.78125,"train_total_spikes":19400,"_step":602,"val_acc":0.55859375,"final_test_acc":0.54296875,"val_total_spikes":19583,"2D Loss Contour":{"path":"media/images/2D Loss Contour_602_d1f5daceedb8191966a0.png","format":"png","width":1596,"height":1176,"_type":"image-file","sha256":"d1f5daceedb8191966a0b95f9e0e5433ed012831520352c5226853758f5d3397","size":125097},"_wandb":{"runtime":47},"final_train_acc":0.59765625,"_timestamp":1.7466691721501315e+09,"val_spikes_per_t":76.49609375,"final_val_acc":0.55859375,"3D Loss Surface":{"size":364044,"path":"media/images/3D Loss Surface_601_efb53690787d70b275f8.png","format":"png","width":1522,"height":1266,"_type":"image-file","sha256":"efb53690787d70b275f825c794636af1ad5b1144930d0f004c2f1553b802f792"}}