{"_timestamp":1.7466802087316163e+09,"final_train_acc":0.9921875,"3D Loss Surface":{"width":1548,"height":1266,"_type":"image-file","sha256":"502e40ee3c64c96a34b618137719f5e8f9a16a7810ca700d437d3ee5f1fbb1c9","size":442320,"path":"media/images/3D Loss Surface_601_502e40ee3c64c96a34b6.png","format":"png"},"val_acc":0.8671875,"_runtime":162.156258374,"val_spikes_per_t":18.0078125,"train_spikes_per_t":17.83984375,"train_total_spikes":4567,"train_acc":0.9921875,"val_loss":0.3725426197052002,"train_loss":0.04746980965137482,"2D Loss Contour":{"path":"media/images/2D Loss Contour_602_cca804d5214d17b36ba7.png","format":"png","width":1623,"height":1176,"_type":"image-file","sha256":"cca804d5214d17b36ba720fedc05b831df9e912ef116487341b2b99c8a593a35","size":139168},"_step":602,"val_total_spikes":4610,"final_test_acc":0.81640625,"final_val_acc":0.8671875,"_wandb":{"runtime":162}}