{"train_acc":1,"_step":602,"val_spikes_per_t":NaN,"train_loss":0.000619057915173471,"final_val_acc":0.98828125,"val_loss":0.03662774711847305,"train_spikes_per_t":NaN,"3D Loss Surface":{"sha256":"cb6e0a6adbe2b960a006e8c3c30456251ea8a0bfeb1b9c2725e451e4e8969870","size":493148,"path":"media/images/3D Loss Surface_601_cb6e0a6adbe2b960a006.png","format":"png","width":1575,"height":1266,"_type":"image-file"},"final_train_acc":1,"final_test_acc":0.9765625,"train_total_spikes":0,"_wandb":{"runtime":31},"_timestamp":1.7466115072406082e+09,"2D Loss Contour":{"sha256":"e5f94cefbf51354cad138a2467ecf288b44be4d099367dae2acbc3ac80e0df2e","size":127398,"path":"media/images/2D Loss Contour_602_e5f94cefbf51354cad13.png","format":"png","width":1649,"height":1176,"_type":"image-file"},"val_acc":0.98828125,"_runtime":31.808324148,"val_total_spikes":0}