{"_timestamp":1.746655383362626e+09,"val_loss":3.314833164215088,"val_acc":0.5859375,"train_acc":0.5859375,"final_val_acc":0.5859375,"final_test_acc":0.51171875,"val_total_spikes":0,"train_total_spikes":0,"3D Loss Surface":{"size":276811,"path":"media/images/3D Loss Surface_601_22e688158407048817a3.png","format":"png","width":1522,"height":1266,"_type":"image-file","sha256":"22e688158407048817a34c114fa6e76d30c56f07eaa07d74bc8d7e2c9118ea6a"},"_runtime":57.179574721,"2D Loss Contour":{"width":1596,"height":1176,"_type":"image-file","sha256":"baabd2317de9c7baf8822b9a26b1d1cbbd0bae6c5b77baa1590c595f8f4c8b8a","size":140517,"path":"media/images/2D Loss Contour_602_baabd2317de9c7baf882.png","format":"png"},"_step":602,"train_spikes_per_t":NaN,"val_spikes_per_t":NaN,"final_train_acc":0.5859375,"_wandb":{"runtime":57},"train_loss":2.5551414489746094}