{"train_total_spikes":29504,"_step":602,"val_spikes_per_t":114.7734375,"final_train_acc":1,"_timestamp":1.7465670094324794e+09,"train_spikes_per_t":115.25,"final_test_acc":0.9921875,"3D Loss Surface":{"width":1548,"height":1266,"_type":"image-file","sha256":"df3bea7a9f84b47f8b2f53f4ff01519da1f4357f3ebc4a208dc8d9c9c0926e6a","size":486210,"path":"media/images/3D Loss Surface_601_df3bea7a9f84b47f8b2f.png","format":"png"},"val_acc":0.99609375,"val_total_spikes":29382,"_wandb":{"runtime":113},"final_val_acc":0.99609375,"2D Loss Contour":{"height":1176,"_type":"image-file","sha256":"5359518a5636072c780b5b74039fa5edd12a629c81bdbde9df1b9d0947583115","size":116234,"path":"media/images/2D Loss Contour_602_5359518a5636072c780b.png","format":"png","width":1622},"val_loss":0.017594173550605774,"train_acc":1,"train_loss":0.004927643109112978,"_runtime":113.059043473}