{"final_val_acc":0.99609375,"train_total_spikes":21508,"val_acc":0.99609375,"_wandb":{"runtime":75},"val_spikes_per_t":83.1640625,"2D Loss Contour":{"size":141787,"path":"media/images/2D Loss Contour_602_f712027711e9b0dc0112.png","format":"png","width":1649,"height":1176,"_type":"image-file","sha256":"f712027711e9b0dc0112e8ee9c5f02caa8f6a6f32928c6981bf643cd0a00d24d"},"_timestamp":1.7465939393352735e+09,"3D Loss Surface":{"height":1266,"_type":"image-file","sha256":"899b2f0ca140be9c56f3b58831f8ea7e87667331d1f0d1f3dc3fba5d32bfc42e","size":413776,"path":"media/images/3D Loss Surface_601_899b2f0ca140be9c56f3.png","format":"png","width":1575},"_runtime":75.697980151,"train_acc":1,"train_loss":0.00026586101739667356,"val_total_spikes":21290,"_step":602,"final_test_acc":1,"final_train_acc":1,"val_loss":0.01079030055552721,"train_spikes_per_t":84.015625}