{"_runtime":32.227262334,"train_total_spikes":0,"final_test_acc":0.71484375,"2D Loss Contour":{"sha256":"f946e177a72a3fde9492773b658fbfb2a5c95ebbf305ada861fdb3017a1cfcf0","size":120257,"path":"media/images/2D Loss Contour_602_f946e177a72a3fde9492.png","format":"png","width":1623,"height":1176,"_type":"image-file"},"_wandb":{"runtime":32},"_step":602,"val_acc":0.70703125,"val_spikes_per_t":NaN,"train_spikes_per_t":NaN,"train_acc":0.84765625,"val_total_spikes":0,"final_train_acc":0.84765625,"train_loss":0.37065643072128296,"val_loss":0.7971204519271851,"_timestamp":1.7466085177739253e+09,"3D Loss Surface":{"path":"media/images/3D Loss Surface_601_e701d6b90bc903a0aa82.png","format":"png","width":1575,"height":1266,"_type":"image-file","sha256":"e701d6b90bc903a0aa82ccbb8385871d21d493f0c756cb37ad1cdfcbf972ffcc","size":382854},"final_val_acc":0.70703125}