{"_timestamp":1.746626613916166e+09,"val_spikes_per_t":28.86328125,"final_test_acc":0.890625,"_wandb":{"runtime":172},"val_total_spikes":7389,"_runtime":172.635990915,"final_train_acc":0.98828125,"2D Loss Contour":{"size":129628,"path":"media/images/2D Loss Contour_602_0a0c09dfb7ecbd6a12a0.png","format":"png","width":1622,"height":1176,"_type":"image-file","sha256":"0a0c09dfb7ecbd6a12a03c03baf52b6cd51e3fd90351b7b87c1dab0ab7a164ee"},"3D Loss Surface":{"size":430200,"path":"media/images/3D Loss Surface_601_f72a56fb4454bb2a698c.png","format":"png","width":1548,"height":1266,"_type":"image-file","sha256":"f72a56fb4454bb2a698c5d716701f8c2536a25b5a347dc4c9f8e506dae1e9b84"},"_step":602,"train_acc":0.98828125,"val_acc":0.90234375,"train_loss":0.03302618861198425,"train_total_spikes":7422,"val_loss":0.347180038690567,"final_val_acc":0.90234375,"train_spikes_per_t":28.9921875}