{"val_spikes_per_t":68.40234375,"_step":602,"final_test_acc":0.5546875,"3D Loss Surface":{"size":408742,"path":"media/images/3D Loss Surface_601_2625dd28f7c15104af9f.png","format":"png","width":1495,"height":1266,"_type":"image-file","sha256":"2625dd28f7c15104af9f0cf005eeaa22a827d29986da0d00487fc3a3b61f5ec4"},"train_total_spikes":17470,"final_train_acc":0.671875,"_timestamp":1.7466719572625127e+09,"2D Loss Contour":{"width":1569,"height":1176,"_type":"image-file","sha256":"02ceb11e08657977cd3eef020a99ad47011915df8225610fabba8396f5adf44a","size":133122,"path":"media/images/2D Loss Contour_602_02ceb11e08657977cd3e.png","format":"png"},"final_val_acc":0.609375,"train_acc":0.671875,"val_loss":2.3630270957946777,"val_acc":0.609375,"_wandb":{"runtime":90},"train_spikes_per_t":68.2421875,"val_total_spikes":17511,"train_loss":1.5631299018859863,"_runtime":90.925364735}