{"val_spikes_per_t":15.27734375,"final_test_acc":0.91015625,"val_loss":0.20581823587417603,"train_spikes_per_t":15.40625,"train_total_spikes":3944,"final_train_acc":1,"_wandb":{"runtime":161},"val_total_spikes":3911,"_step":602,"_timestamp":1.746700825581439e+09,"3D Loss Surface":{"_type":"image-file","sha256":"84963fa7b0a7033bffaf0a8281e4fad729de86e70197c34050c70f9dc95b045f","size":322711,"path":"media/images/3D Loss Surface_601_84963fa7b0a7033bffaf.png","format":"png","width":1548,"height":1266},"val_acc":0.9296875,"2D Loss Contour":{"_type":"image-file","sha256":"36e26bc4291c1481708c15bd1aa87dc8c5b225ecdbf4ba1d8c26edc752ecc621","size":136700,"path":"media/images/2D Loss Contour_602_36e26bc4291c1481708c.png","format":"png","width":1622,"height":1176},"train_loss":0.005033178720623255,"final_val_acc":0.9296875,"_runtime":161.590049366,"train_acc":1}