{"_timestamp":1.7466539114186184e+09,"val_spikes_per_t":95.75390625,"final_test_acc":0.51953125,"train_total_spikes":24504,"3D Loss Surface":{"sha256":"77e8e2dfe75c52b1743e5b41ee3becd0cec5d15f310d2439b1cb363630ad419a","size":516723,"path":"media/images/3D Loss Surface_601_77e8e2dfe75c52b1743e.png","format":"png","width":1522,"height":1266,"_type":"image-file"},"val_total_spikes":24513,"_step":602,"train_acc":0.49609375,"val_acc":0.4921875,"_wandb":{"runtime":75},"final_train_acc":0.49609375,"_runtime":75.128801015,"train_loss":4.529096603393555,"val_loss":4.616664409637451,"final_val_acc":0.4921875,"train_spikes_per_t":95.71875,"2D Loss Contour":{"height":1176,"_type":"image-file","sha256":"7f1b9fb72c9179c100c6108e74de66e3792b86472682bc00d65694e7aee5ddb1","size":127786,"path":"media/images/2D Loss Contour_602_7f1b9fb72c9179c100c6.png","format":"png","width":1596}}