{"train_acc":1,"final_val_acc":0.984375,"_runtime":115.230100046,"val_spikes_per_t":106.86328125,"final_train_acc":1,"train_loss":0.007585769984871149,"val_loss":0.03490970656275749,"_timestamp":1.7465786737941144e+09,"final_test_acc":0.98046875,"val_acc":0.984375,"train_total_spikes":27413,"_step":602,"val_total_spikes":27357,"2D Loss Contour":{"height":1176,"_type":"image-file","sha256":"a421c76e0d17daa4dd29113242b85a3e3033d26b0ed0e6dc9991481de8a883dd","size":149929,"path":"media/images/2D Loss Contour_602_a421c76e0d17daa4dd29.png","format":"png","width":1623},"3D Loss Surface":{"path":"media/images/3D Loss Surface_601_fcba3dada6cd638ebc9c.png","format":"png","width":1548,"height":1266,"_type":"image-file","sha256":"fcba3dada6cd638ebc9cd2826e08a6bd094fb8b3fed1b94d7f4b4bce185f51ac","size":397404},"_wandb":{"runtime":115},"train_spikes_per_t":107.08203125}