{"final_val_acc":0.9921875,"_step":602,"2D Loss Contour":{"height":1176,"_type":"image-file","sha256":"c89116a02e3b64179ca09cd7277a69a1cb22f36b24b5408911a09fec56817fed","size":119988,"path":"media/images/2D Loss Contour_602_c89116a02e3b64179ca0.png","format":"png","width":1649},"val_loss":0.014349926263093948,"val_acc":0.9921875,"_wandb":{"runtime":103},"_runtime":103.343907368,"_timestamp":1.7466645788929942e+09,"final_train_acc":1,"final_test_acc":0.98828125,"train_total_spikes":14346,"val_spikes_per_t":55.66015625,"train_loss":0.0002315671881660819,"train_acc":1,"3D Loss Surface":{"sha256":"91b64fbdb7e694d60a84616ddb77b1092e770969eae985515f12d65f679139bf","size":478074,"path":"media/images/3D Loss Surface_601_91b64fbdb7e694d60a84.png","format":"png","width":1575,"height":1266,"_type":"image-file"},"train_spikes_per_t":56.0390625,"val_total_spikes":14249}