{"2D Loss Contour":{"sha256":"ace9922dd97102fa40d8dff2db72c8c81a52af0c819fb50c89f9b81570664d21","size":118907,"path":"media/images/2D Loss Contour_602_ace9922dd97102fa40d8.png","format":"png","width":1649,"height":1176,"_type":"image-file"},"train_acc":1,"train_total_spikes":1969,"_runtime":161.483709685,"val_total_spikes":1969,"_step":602,"train_spikes_per_t":7.69140625,"val_spikes_per_t":7.69140625,"final_test_acc":0.9453125,"val_acc":0.93359375,"_timestamp":1.746683932854075e+09,"final_val_acc":0.93359375,"final_train_acc":1,"train_loss":0.006655539385974407,"3D Loss Surface":{"_type":"image-file","sha256":"6b2b8bbf199f80a2c05a94c8c9a9c6d20ec8e14659654c628d8704b6fe882e24","size":399584,"path":"media/images/3D Loss Surface_601_6b2b8bbf199f80a2c05a.png","format":"png","width":1548,"height":1266},"_wandb":{"runtime":161},"val_loss":0.2730618417263031}