{"_wandb":{"runtime":74},"_runtime":74.449375486,"val_total_spikes":22308,"final_val_acc":0.77734375,"2D Loss Contour":{"height":1176,"_type":"image-file","sha256":"6a2a7a7a15c90edff47f9031ab29f841a97a34c5a3c006874cce81b98740337a","size":122719,"path":"media/images/2D Loss Contour_602_6a2a7a7a15c90edff47f.png","format":"png","width":1596},"train_total_spikes":22070,"_step":602,"train_acc":0.94921875,"val_spikes_per_t":87.140625,"val_loss":0.6536492705345154,"_timestamp":1.7466547385146415e+09,"final_train_acc":0.94921875,"train_spikes_per_t":86.2109375,"final_test_acc":0.78125,"val_acc":0.77734375,"train_loss":0.11861006170511246,"3D Loss Surface":{"sha256":"acb16b28ff54538620a93d754c16dcfc34b6a42e3ae6df867912a2c145451758","size":428209,"path":"media/images/3D Loss Surface_601_acb16b28ff54538620a9.png","format":"png","width":1522,"height":1266,"_type":"image-file"}}