{"val_acc":0.92578125,"train_total_spikes":10682,"train_loss":0.01994420774281025,"3D Loss Surface":{"size":340448,"path":"media/images/3D Loss Surface_601_51d56aca43b9965a1003.png","format":"png","width":1522,"height":1266,"_type":"image-file","sha256":"51d56aca43b9965a1003937885f82f91a0fb0519d7606b6b86b3baaa88c81edd"},"val_spikes_per_t":41.2734375,"final_val_acc":0.92578125,"val_total_spikes":10566,"_wandb":{"runtime":173},"final_test_acc":0.94921875,"val_loss":0.1539328694343567,"_runtime":173.146997275,"_step":602,"final_train_acc":1,"train_spikes_per_t":41.7265625,"_timestamp":1.74662904992612e+09,"2D Loss Contour":{"width":1622,"height":1176,"_type":"image-file","sha256":"e4eace8f559847defead1656fbb13d9f9bf2eacf1ecd35a4177b637074d748bd","size":120802,"path":"media/images/2D Loss Contour_602_e4eace8f559847defead.png","format":"png"},"train_acc":1}