{"train_acc":1,"_timestamp":1.7466093076058688e+09,"3D Loss Surface":{"path":"media/images/3D Loss Surface_601_84c72cce5bf465885182.png","format":"png","width":1575,"height":1266,"_type":"image-file","sha256":"84c72cce5bf4658851828b7518d791453feb46ff7a3ab3daa6d2974f2a5f5aa9","size":531342},"_step":602,"train_spikes_per_t":NaN,"final_test_acc":0.96484375,"2D Loss Contour":{"width":1649,"height":1176,"_type":"image-file","sha256":"263fdcd494e48570ad99c4ab3901ba620c1960f1df669b78d6c692000ca962bd","size":138450,"path":"media/images/2D Loss Contour_602_263fdcd494e48570ad99.png","format":"png"},"train_loss":0.0009655856993049383,"val_spikes_per_t":NaN,"val_loss":0.029878856614232063,"val_acc":1,"_runtime":32.025849297,"final_val_acc":1,"_wandb":{"runtime":32},"val_total_spikes":0,"final_train_acc":1,"train_total_spikes":0}