{"train_total_spikes":9226,"3D Loss Surface":{"size":413623,"path":"media/images/3D Loss Surface_601_fe2b1779ef5212c9c6bf.png","format":"png","width":1522,"height":1266,"_type":"image-file","sha256":"fe2b1779ef5212c9c6bfb5116d8d8eec05449a25352db41dd005c675d589f59e"},"_runtime":170.834207529,"val_acc":0.9375,"final_train_acc":1,"_step":602,"train_loss":0.00949121080338955,"val_total_spikes":9258,"val_loss":0.1916564702987671,"train_acc":1,"final_val_acc":0.9375,"final_test_acc":0.91796875,"val_spikes_per_t":36.1640625,"_wandb":{"runtime":170},"_timestamp":1.746614676699003e+09,"2D Loss Contour":{"format":"png","width":1596,"height":1176,"_type":"image-file","sha256":"1bda4c0a1dede76449051129239bf4e4f6b9c3689ea73324dc83ee96b83914cd","size":111226,"path":"media/images/2D Loss Contour_602_1bda4c0a1dede7644905.png"},"train_spikes_per_t":36.0390625}