{"2D Loss Contour":{"height":1176,"_type":"image-file","sha256":"f5bdb43de45a9d2a76d6c68b5f64a64abb058ec6969a43726f08909c7d485227","size":122500,"path":"media/images/2D Loss Contour_602_f5bdb43de45a9d2a76d6.png","format":"png","width":1622},"final_val_acc":0.95703125,"_wandb":{"runtime":172},"_timestamp":1.746639979602334e+09,"val_total_spikes":8268,"final_test_acc":0.953125,"train_spikes_per_t":32.7578125,"_runtime":172.110729102,"val_loss":0.12065417319536209,"3D Loss Surface":{"height":1266,"_type":"image-file","sha256":"aa574a7c7990d7550b3733c0c1fd60665055241a920dfb020cc5e1edee3892e4","size":483589,"path":"media/images/3D Loss Surface_601_aa574a7c7990d7550b37.png","format":"png","width":1548},"final_train_acc":0.99609375,"train_loss":0.029133467003703117,"train_acc":0.99609375,"val_acc":0.95703125,"train_total_spikes":8386,"val_spikes_per_t":32.296875,"_step":602}