{"_step":602,"train_total_spikes":4019,"train_loss":0.004151545464992523,"val_total_spikes":3987,"2D Loss Contour":{"size":125921,"path":"media/images/2D Loss Contour_602_f5b2b13a43d9d51c54b2.png","format":"png","width":1596,"height":1176,"_type":"image-file","sha256":"f5b2b13a43d9d51c54b24cf6e3122f1f5f124084014eb8f58b5b286c59c5fd68"},"_timestamp":1.7466852277466018e+09,"3D Loss Surface":{"sha256":"18a71bf1eb04ee64c837f50240131cc476812f1649b838dc4c3d6fcbc915253a","size":394153,"path":"media/images/3D Loss Surface_601_18a71bf1eb04ee64c837.png","format":"png","width":1548,"height":1266,"_type":"image-file"},"_runtime":161.608291096,"val_spikes_per_t":15.57421875,"final_train_acc":1,"train_acc":1,"val_loss":0.2175285369157791,"train_spikes_per_t":15.69921875,"final_test_acc":0.8984375,"final_val_acc":0.9296875,"_wandb":{"runtime":161},"val_acc":0.9296875}