{"2D Loss Contour":{"_type":"image-file","sha256":"782cbb813d8825488e25a07a19f0c3d747c68cb2b34e0d80ad44c58e460ff301","size":126565,"path":"media/images/2D Loss Contour_602_782cbb813d8825488e25.png","format":"png","width":1596,"height":1176},"3D Loss Surface":{"size":387091,"path":"media/images/3D Loss Surface_601_583baeaebfa810ed82c2.png","format":"png","width":1548,"height":1266,"_type":"image-file","sha256":"583baeaebfa810ed82c206c1144144c91a040990d9e38b2fb0b580047ba88777"},"final_train_acc":1,"train_loss":0.00677870400249958,"train_spikes_per_t":140.5390625,"_timestamp":1.7465674677172012e+09,"val_acc":0.98828125,"val_total_spikes":35736,"_runtime":113.557631653,"_step":602,"val_spikes_per_t":139.59375,"final_test_acc":0.98046875,"train_acc":1,"final_val_acc":0.98828125,"val_loss":0.022556325420737267,"_wandb":{"runtime":113},"train_total_spikes":35978}