{"val_loss":0.828804075717926,"val_spikes_per_t":80.68359375,"train_loss":0.7539708614349365,"train_total_spikes":19785,"_step":602,"final_test_acc":0.6171875,"final_train_acc":0.62890625,"_wandb":{"runtime":87},"val_total_spikes":20655,"_timestamp":1.7466763075221312e+09,"_runtime":87.513257651,"train_spikes_per_t":77.28515625,"3D Loss Surface":{"sha256":"f7e2bd3e410bcb707e9b4d1dd603f42163aab358001979285a8ef7309d76953f","size":371463,"path":"media/images/3D Loss Surface_601_f7e2bd3e410bcb707e9b.png","format":"png","width":1522,"height":1266,"_type":"image-file"},"val_acc":0.57421875,"train_acc":0.62890625,"final_val_acc":0.57421875,"2D Loss Contour":{"width":1596,"height":1176,"_type":"image-file","sha256":"adbd806e3a3855692152085f901c6ff807d59f78c9e440c773dffd9870d3ee75","size":137645,"path":"media/images/2D Loss Contour_602_adbd806e3a3855692152.png","format":"png"}}