{"val_total_spikes":30172,"2D Loss Contour":{"_type":"image-file","sha256":"72cbfcaeafa34d093eb85180c22b2741d68efc2bb705c0c6c8c4068940a5f2a5","size":138350,"path":"media/images/2D Loss Contour_602_72cbfcaeafa34d093eb8.png","format":"png","width":1622,"height":1176},"final_train_acc":1,"_runtime":113.423371713,"train_spikes_per_t":117.50390625,"train_acc":1,"train_total_spikes":30081,"_timestamp":1.7465679248296814e+09,"final_test_acc":0.9921875,"final_val_acc":1,"val_loss":0.017091810703277588,"3D Loss Surface":{"width":1548,"height":1266,"_type":"image-file","sha256":"82754ff2c1ec83a1543164d8f18fbfb93a5a54909a0dd5ed5b36c97a9c625ddc","size":473416,"path":"media/images/3D Loss Surface_601_82754ff2c1ec83a15431.png","format":"png"},"val_acc":1,"_wandb":{"runtime":113},"_step":602,"train_loss":0.0049065835773944855,"val_spikes_per_t":117.859375}