{"val_total_spikes":6390,"3D Loss Surface":{"size":414236,"path":"media/images/3D Loss Surface_601_08e5a6a6fb0bcd4c83ea.png","format":"png","width":1548,"height":1266,"_type":"image-file","sha256":"08e5a6a6fb0bcd4c83ea1546f28af30e26e29af7b3a449b74e7c4d070063118d"},"_step":602,"_wandb":{"runtime":172},"train_loss":0.008421852253377438,"_timestamp":1.7466453603625708e+09,"val_spikes_per_t":24.9609375,"final_test_acc":0.9375,"val_acc":0.96484375,"2D Loss Contour":{"width":1622,"height":1176,"_type":"image-file","sha256":"ae9f2d8585a43a474252aa5241db1408e36db080758f471b4a3cd75724a51b47","size":138908,"path":"media/images/2D Loss Contour_602_ae9f2d8585a43a474252.png","format":"png"},"train_acc":1,"train_spikes_per_t":24.9296875,"final_train_acc":1,"final_val_acc":0.96484375,"_runtime":172.634857504,"val_loss":0.11346334964036942,"train_total_spikes":6382}