{"train_acc":0.77734375,"val_spikes_per_t":50.19140625,"val_loss":1.006866693496704,"2D Loss Contour":{"path":"media/images/2D Loss Contour_602_17d9c46bdf7683a0f911.png","format":"png","width":1622,"height":1176,"_type":"image-file","sha256":"17d9c46bdf7683a0f911ce155c41d7b1d244af10101aad2179c748e3ee17d601","size":138448},"train_loss":0.5348912477493286,"_step":602,"train_total_spikes":12884,"final_train_acc":0.77734375,"train_spikes_per_t":50.328125,"val_acc":0.59375,"val_total_spikes":12849,"final_val_acc":0.59375,"_wandb":{"runtime":100},"3D Loss Surface":{"path":"media/images/3D Loss Surface_601_a94a05421b0d087fe422.png","format":"png","width":1548,"height":1266,"_type":"image-file","sha256":"a94a05421b0d087fe422d66c040fa8f4b3c5dc3f452ae2d6b2010108a05a9b50","size":418648},"_runtime":100.80308291,"_timestamp":1.7466623749086034e+09,"final_test_acc":0.59765625}