{"val_spikes_per_t":NaN,"final_val_acc":0.671875,"_wandb":{"runtime":56},"2D Loss Contour":{"height":1176,"_type":"image-file","sha256":"ff838c4bb54e1fbb26184fcad9973cfd38888ab32617bb5fb53276f9e0873f82","size":145948,"path":"media/images/2D Loss Contour_602_ff838c4bb54e1fbb2618.png","format":"png","width":1622},"val_loss":0.9555928707122803,"val_total_spikes":0,"_runtime":56.923334404,"train_loss":0.0976959839463234,"train_spikes_per_t":NaN,"val_acc":0.671875,"3D Loss Surface":{"width":1548,"height":1266,"_type":"image-file","sha256":"e0c34fac0138ba80cb9897d3a27df2c4e1205eb56006dd57e4bd54e2d82ea6b7","size":487656,"path":"media/images/3D Loss Surface_601_e0c34fac0138ba80cb98.png","format":"png"},"final_train_acc":0.98046875,"_timestamp":1.7466025601739786e+09,"_step":602,"train_total_spikes":0,"train_acc":0.98046875,"final_test_acc":0.63671875}