{"_wandb":{"runtime":162},"val_acc":0.8359375,"train_spikes_per_t":17.05078125,"final_test_acc":0.765625,"val_total_spikes":4442,"val_spikes_per_t":17.3515625,"train_total_spikes":4365,"final_val_acc":0.8359375,"train_loss":0.024509159848093987,"_runtime":162.52147615,"_step":602,"2D Loss Contour":{"size":115760,"path":"media/images/2D Loss Contour_602_22e1236de1d88fd4f092.png","format":"png","width":1596,"height":1176,"_type":"image-file","sha256":"22e1236de1d88fd4f092dc5083739680f9405cd245033bfca9f4b6b4fb591faf"},"val_loss":0.40047839283943176,"train_acc":1,"_timestamp":1.746698394575092e+09,"final_train_acc":1,"3D Loss Surface":{"format":"png","width":1522,"height":1266,"_type":"image-file","sha256":"5d19bda2b373b0380c8e632cc9712f8ac01aaed89c920a63553c0f55b0e0f304","size":436130,"path":"media/images/3D Loss Surface_601_5d19bda2b373b0380c8e.png"}}