{"_timestamp":1.7466095377428746e+09,"_step":602,"val_loss":0.6906498670578003,"train_total_spikes":0,"final_val_acc":0.75,"val_acc":0.75,"final_train_acc":0.8828125,"final_test_acc":0.76953125,"train_acc":0.8828125,"train_spikes_per_t":NaN,"train_loss":0.3051500618457794,"2D Loss Contour":{"height":1176,"_type":"image-file","sha256":"9b0116fd9244f6829494e4437ced1b2d29d88c70e6067ac871c47bbc6d8814d7","size":136991,"path":"media/images/2D Loss Contour_602_9b0116fd9244f6829494.png","format":"png","width":1623},"val_spikes_per_t":NaN,"_wandb":{"runtime":32},"_runtime":32.45093009,"val_total_spikes":0,"3D Loss Surface":{"format":"png","width":1548,"height":1266,"_type":"image-file","sha256":"ef81592a13dfd89a2e1a04ea91f3d0a55c76b2a1b9a737b186835f0cf023853d","size":378842,"path":"media/images/3D Loss Surface_601_ef81592a13dfd89a2e1a.png"}}