{"val_spikes_per_t":173.140625,"_timestamp":1.7466682168681076e+09,"_wandb":{"runtime":62},"train_acc":0.51171875,"3D Loss Surface":{"height":1266,"_type":"image-file","sha256":"f21631299b6f015f5c2d9e5f35995d01c42cbf3016c7c9f43ff610bb7debe664","size":353203,"path":"media/images/3D Loss Surface_601_f21631299b6f015f5c2d.png","format":"png","width":1522},"_runtime":62.834794795,"train_total_spikes":44042,"2D Loss Contour":{"size":122644,"path":"media/images/2D Loss Contour_602_e9dda30e90d65cbcff2a.png","format":"png","width":1596,"height":1176,"_type":"image-file","sha256":"e9dda30e90d65cbcff2ad2329b94cd08deb55e1b440b50c20480ba7154358c07"},"val_total_spikes":44324,"val_loss":16.455415725708008,"train_loss":16.080900192260742,"final_test_acc":0.48046875,"val_acc":0.5078125,"final_val_acc":0.5078125,"final_train_acc":0.51171875,"train_spikes_per_t":172.0390625,"_step":602}