{"val_acc":0.94140625,"_timestamp":1.74665620671698e+09,"train_loss":0.0008537205867469311,"val_spikes_per_t":59.2109375,"final_test_acc":0.953125,"_step":602,"_runtime":102.203627067,"final_train_acc":1,"val_total_spikes":15158,"_wandb":{"runtime":102},"train_total_spikes":15157,"train_spikes_per_t":59.20703125,"3D Loss Surface":{"height":1266,"_type":"image-file","sha256":"a22d0b462dff8d450528e34c154baf9069f1f4f21fa041f0488e150ad03458c3","size":391022,"path":"media/images/3D Loss Surface_601_a22d0b462dff8d450528.png","format":"png","width":1548},"val_loss":0.20212647318840027,"final_val_acc":0.94140625,"train_acc":1,"2D Loss Contour":{"height":1176,"_type":"image-file","sha256":"f1847b9c482952cc164669e9c7e0a4fe0dd56b74ae83295892fccebfd1172e6e","size":111424,"path":"media/images/2D Loss Contour_602_f1847b9c482952cc1646.png","format":"png","width":1596}}