{"train_loss":0.0017438731156289577,"_timestamp":1.7466087486857321e+09,"val_loss":0.05824720859527588,"train_total_spikes":0,"_runtime":31.984352256,"3D Loss Surface":{"height":1266,"_type":"image-file","sha256":"ecd69a189834ca9b9476f758e5416f0fff5b3de78d37e75b6abed43eea436406","size":477173,"path":"media/images/3D Loss Surface_601_ecd69a189834ca9b9476.png","format":"png","width":1575},"val_acc":0.9765625,"_step":602,"final_train_acc":1,"val_total_spikes":0,"final_test_acc":0.96875,"train_spikes_per_t":NaN,"_wandb":{"runtime":31},"val_spikes_per_t":NaN,"train_acc":1,"2D Loss Contour":{"_type":"image-file","sha256":"fac7db2bbd4b8035d12c615d145bf092b29fc6ed3c55716851e7c8b810f65bdb","size":137391,"path":"media/images/2D Loss Contour_602_fac7db2bbd4b8035d12c.png","format":"png","width":1649,"height":1176},"final_val_acc":0.9765625}