{"val_spikes_per_t":11.88671875,"_step":602,"val_loss":0.13862328231334686,"train_acc":1,"3D Loss Surface":{"sha256":"0fc40c7dd356c3cb136a56aa0b12bf2dfc2fe22ddae88786193b7a177aa93cf5","size":457746,"path":"media/images/3D Loss Surface_601_0fc40c7dd356c3cb136a.png","format":"png","width":1548,"height":1266,"_type":"image-file"},"_runtime":161.090334628,"final_val_acc":0.95703125,"_timestamp":1.7466842566155663e+09,"val_total_spikes":3043,"_wandb":{"runtime":161},"final_train_acc":1,"train_total_spikes":3079,"2D Loss Contour":{"size":146510,"path":"media/images/2D Loss Contour_602_39432e5aac737d51db31.png","format":"png","width":1649,"height":1176,"_type":"image-file","sha256":"39432e5aac737d51db31a5cbca6524a09e9be5011f5787f92edbfbe2b709a923"},"val_acc":0.95703125,"final_test_acc":0.94921875,"train_loss":0.0023559120018035173,"train_spikes_per_t":12.02734375}