{"train_acc":0.9140625,"val_spikes_per_t":5.47265625,"3D Loss Surface":{"width":1548,"height":1266,"_type":"image-file","sha256":"283a7ed741f5d94301c0153ec7f69e6330f008ed10d9adee1fbf70d7e94165be","size":308034,"path":"media/images/3D Loss Surface_601_283a7ed741f5d94301c0.png","format":"png"},"_timestamp":1.746668532837759e+09,"_step":602,"train_loss":0.1356319934129715,"_runtime":62.420649834,"val_loss":0.8647329211235046,"2D Loss Contour":{"width":1649,"height":1176,"_type":"image-file","sha256":"b7e17f2950775da3063e8522ab645bcbfbbc4f65d4d7ce5201d6631d480e578a","size":144757,"path":"media/images/2D Loss Contour_602_b7e17f2950775da3063e.png","format":"png"},"train_spikes_per_t":5.49609375,"final_val_acc":0.73828125,"final_train_acc":0.9140625,"final_test_acc":0.7890625,"val_acc":0.73828125,"_wandb":{"runtime":62},"val_total_spikes":1401,"train_total_spikes":1407}