{"_step":602,"final_train_acc":0.984375,"train_total_spikes":4082,"val_acc":0.93359375,"train_acc":0.984375,"final_test_acc":0.91796875,"_timestamp":1.7466992049818692e+09,"val_loss":0.1457245796918869,"train_spikes_per_t":15.9453125,"final_val_acc":0.93359375,"3D Loss Surface":{"format":"png","width":1575,"height":1266,"_type":"image-file","sha256":"eb915781c52227fc15d6345ed26b157ab11c5f0a912ed79a0107587ae20f3e6a","size":394136,"path":"media/images/3D Loss Surface_601_eb915781c52227fc15d6.png"},"val_total_spikes":4154,"_runtime":161.966435889,"train_loss":0.03801171854138374,"_wandb":{"runtime":161},"2D Loss Contour":{"sha256":"e2d91d27e8e1afff4eac05059a664c3198589caff3191af3a8eabd879907dc75","size":110391,"path":"media/images/2D Loss Contour_602_e2d91d27e8e1afff4eac.png","format":"png","width":1596,"height":1176,"_type":"image-file"},"val_spikes_per_t":16.2265625}