{"final_val_acc":0.921875,"_wandb":{"runtime":160},"3D Loss Surface":{"sha256":"54c7c2465901634dca079e1fadeadb5cca21fa6bb8c47dcf9a16723306cc90a0","size":379021,"path":"media/images/3D Loss Surface_601_54c7c2465901634dca07.png","format":"png","width":1575,"height":1266,"_type":"image-file"},"train_acc":1,"val_spikes_per_t":15.94140625,"val_acc":0.921875,"_step":602,"train_total_spikes":4173,"val_loss":0.17787237465381622,"train_spikes_per_t":16.30078125,"final_test_acc":0.9453125,"2D Loss Contour":{"sha256":"e98f82b38ad66afb6cf25ddcd6357f52718c2301fbedd038ca421429696a93b5","size":143679,"path":"media/images/2D Loss Contour_602_e98f82b38ad66afb6cf2.png","format":"png","width":1649,"height":1176,"_type":"image-file"},"_timestamp":1.7466755187472959e+09,"train_loss":0.00450719753280282,"_runtime":160.409793071,"final_train_acc":1,"val_total_spikes":4081}