{"_timestamp":1.7466560003273923e+09,"final_train_acc":1,"_runtime":103.128684278,"train_acc":1,"val_loss":0.02266547456383705,"train_spikes_per_t":46.859375,"train_total_spikes":11996,"2D Loss Contour":{"sha256":"7e80b51ac6161defc006c0e7ee57ac3c8c0a1225d09b41c9a609250862c752b9","size":120992,"path":"media/images/2D Loss Contour_602_7e80b51ac6161defc006.png","format":"png","width":1649,"height":1176,"_type":"image-file"},"final_test_acc":0.9765625,"val_acc":0.9921875,"_step":602,"final_val_acc":0.9921875,"val_spikes_per_t":47.04296875,"train_loss":0.0002476266527082771,"3D Loss Surface":{"height":1266,"_type":"image-file","sha256":"269c39f487c3cb4ddd7bd482f7cf6b0b30fa72a88f2eb0389cbb1369ecf91f77","size":512324,"path":"media/images/3D Loss Surface_601_269c39f487c3cb4ddd7b.png","format":"png","width":1601},"val_total_spikes":12043,"_wandb":{"runtime":103}}