{"final_test_acc":0.5859375,"train_loss":1.626174807548523,"train_spikes_per_t":46.21875,"_runtime":63.609084898,"final_train_acc":0.62890625,"val_acc":0.625,"2D Loss Contour":{"sha256":"0e90eb9054434613af1a033c88364d310c30b792a71b1ae80c748c10d09e1352","size":126761,"path":"media/images/2D Loss Contour_602_0e90eb9054434613af1a.png","format":"png","width":1596,"height":1176,"_type":"image-file"},"val_spikes_per_t":46.46484375,"_timestamp":1.7466736652295885e+09,"val_loss":2.063699245452881,"final_val_acc":0.625,"train_total_spikes":11832,"train_acc":0.62890625,"_wandb":{"runtime":63},"_step":602,"val_total_spikes":11895,"3D Loss Surface":{"_type":"image-file","sha256":"f8b8642607044b68dc72e5f45d30da5f9c7b2527a3d6052b1ed9ffcd2a334248","size":381888,"path":"media/images/3D Loss Surface_601_f8b8642607044b68dc72.png","format":"png","width":1522,"height":1266}}