{"3D Loss Surface":{"_type":"image-file","sha256":"766bd9a02e600a479ffcf5405b6312f1bd5a3a48dc6d28947a9ce461dfef77f0","size":490473,"path":"media/images/3D Loss Surface_601_766bd9a02e600a479ffc.png","format":"png","width":1522,"height":1266},"_step":602,"_runtime":86.941015853,"_timestamp":1.746675515465396e+09,"_wandb":{"runtime":86},"train_acc":0.7265625,"final_test_acc":0.5703125,"train_loss":0.5586579442024231,"train_total_spikes":10089,"final_train_acc":0.7265625,"train_spikes_per_t":39.41015625,"val_acc":0.640625,"final_val_acc":0.640625,"val_loss":0.6685430407524109,"2D Loss Contour":{"size":131921,"path":"media/images/2D Loss Contour_602_89da9f68e506c4f8c47d.png","format":"png","width":1622,"height":1176,"_type":"image-file","sha256":"89da9f68e506c4f8c47d39424f773e7dee8cb2f5fc738dfd8c293a5d61daa39b"},"val_total_spikes":10461,"val_spikes_per_t":40.86328125}