{"final_val_acc":0.953125,"val_loss":0.15962988138198853,"val_spikes_per_t":31.04296875,"train_acc":1,"_runtime":173.241573368,"3D Loss Surface":{"format":"png","width":1522,"height":1266,"_type":"image-file","sha256":"e2b5de714d9f1f19a55b777cd6dc27f2b848753a5a8a232b12cfa51090abfb18","size":415317,"path":"media/images/3D Loss Surface_601_e2b5de714d9f1f19a55b.png"},"final_train_acc":1,"val_total_spikes":7947,"2D Loss Contour":{"width":1596,"height":1176,"_type":"image-file","sha256":"fa3952fa98f6b5ba68eed8fca607c132dc8ec8fc240b2fed55d45205a52bdfcb","size":118542,"path":"media/images/2D Loss Contour_602_fa3952fa98f6b5ba68ee.png","format":"png"},"val_acc":0.953125,"_timestamp":1.746626788203434e+09,"train_loss":0.004687994718551636,"_step":602,"train_spikes_per_t":31.24609375,"final_test_acc":0.96484375,"_wandb":{"runtime":173},"train_total_spikes":7999}