{"train_total_spikes":5059,"val_acc":0.90234375,"_timestamp":1.7466274902816577e+09,"final_val_acc":0.90234375,"train_loss":0.008492766879498959,"val_loss":0.33705008029937744,"3D Loss Surface":{"height":1266,"_type":"image-file","sha256":"f72e08f09534a0acb9849ba26e7bd9a4e270336c33b0f2203645276dbb54e9a3","size":471823,"path":"media/images/3D Loss Surface_601_f72e08f09534a0acb984.png","format":"png","width":1548},"val_total_spikes":5111,"_step":602,"_wandb":{"runtime":172},"final_train_acc":1,"train_acc":1,"train_spikes_per_t":19.76171875,"final_test_acc":0.87890625,"2D Loss Contour":{"path":"media/images/2D Loss Contour_602_f3898b94d7fabac6ff64.png","format":"png","width":1623,"height":1176,"_type":"image-file","sha256":"f3898b94d7fabac6ff64e4679fe89c8154a1049c26bf75bba90b53d3475c8010","size":142900},"_runtime":172.709090397,"val_spikes_per_t":19.96484375}