{"_wandb":{"runtime":58},"train_total_spikes":0,"3D Loss Surface":{"path":"media/images/3D Loss Surface_601_110b1b1fcea3da39f505.png","format":"png","width":1548,"height":1266,"_type":"image-file","sha256":"110b1b1fcea3da39f50554192fd413fd45d2294be1378f6b33ead44d3b26bb80","size":369062},"train_spikes_per_t":NaN,"val_spikes_per_t":NaN,"_timestamp":1.746602676647865e+09,"2D Loss Contour":{"_type":"image-file","sha256":"bba82374184b108de51a4eddcf08f3144b43369c93e4363536fe22878b1e5776","size":149236,"path":"media/images/2D Loss Contour_602_bba82374184b108de51a.png","format":"png","width":1649,"height":1176},"val_total_spikes":0,"final_test_acc":0.87109375,"_step":602,"_runtime":58.536828189,"final_val_acc":0.86328125,"final_train_acc":1,"val_acc":0.86328125,"train_loss":0.009470315650105476,"val_loss":0.3594704270362854,"train_acc":1}