{"train_spikes_per_t":7.7734375,"val_loss":0.3670414090156555,"final_val_acc":0.86328125,"train_loss":0.021540215238928795,"final_train_acc":1,"final_test_acc":0.859375,"3D Loss Surface":{"sha256":"cf91e7c525f57e227efac977cde99c59df848105e2d6e7e6e05414df7dd2859d","size":483717,"path":"media/images/3D Loss Surface_601_cf91e7c525f57e227efa.png","format":"png","width":1522,"height":1266,"_type":"image-file"},"_runtime":161.76804379,"val_acc":0.86328125,"2D Loss Contour":{"width":1596,"height":1176,"_type":"image-file","sha256":"dcc0bb024767057b3b9522351910b6c92e9f1127a12eade97aac34af1e4f76db","size":120024,"path":"media/images/2D Loss Contour_602_dcc0bb024767057b3b95.png","format":"png"},"val_spikes_per_t":8.14453125,"train_total_spikes":1990,"_step":602,"train_acc":1,"_wandb":{"runtime":161},"_timestamp":1.7466873423405523e+09,"val_total_spikes":2085}