{"train_spikes_per_t":94.1953125,"val_spikes_per_t":93.265625,"_timestamp":1.7465779808738477e+09,"2D Loss Contour":{"width":1622,"height":1176,"_type":"image-file","sha256":"02c114d8cb15f880c7e498063833ccb81738f7a3d0da3ed8175fe18e541cfab2","size":113168,"path":"media/images/2D Loss Contour_602_02c114d8cb15f880c7e4.png","format":"png"},"val_total_spikes":23876,"_step":602,"val_loss":0.05974242091178894,"final_test_acc":0.9921875,"val_acc":0.97265625,"_runtime":113.877299545,"train_loss":0.004815838299691677,"_wandb":{"runtime":113},"train_total_spikes":24114,"train_acc":1,"final_val_acc":0.97265625,"final_train_acc":1,"3D Loss Surface":{"path":"media/images/3D Loss Surface_601_34b0778f7b4636803e29.png","format":"png","width":1548,"height":1266,"_type":"image-file","sha256":"34b0778f7b4636803e2948e698bb61d46a5c4b2caf5338fd44035e354e798ac1","size":492182}}