{"_wandb":{"runtime":32},"2D Loss Contour":{"width":1649,"height":1176,"_type":"image-file","sha256":"ba97772cd9a1557f6f2d049df9be4a2bfe184cf0589274ac455a64f1f8b8b34c","size":134522,"path":"media/images/2D Loss Contour_602_ba97772cd9a1557f6f2d.png","format":"png"},"final_val_acc":0.9765625,"train_loss":0.0007333515677601099,"train_acc":1,"3D Loss Surface":{"width":1575,"height":1266,"_type":"image-file","sha256":"305bbd78611ab0fff6c474646c71942d0bf55346c95ce318e7c3b8f101756f75","size":492246,"path":"media/images/3D Loss Surface_601_305bbd78611ab0fff6c4.png","format":"png"},"val_spikes_per_t":NaN,"val_loss":0.04439402371644974,"final_train_acc":1,"_step":602,"_runtime":32.655514022,"final_test_acc":0.96875,"train_total_spikes":0,"train_spikes_per_t":NaN,"val_acc":0.9765625,"val_total_spikes":0,"_timestamp":1.7466114091805677e+09}