{"final_val_acc":0.76171875,"_step":602,"val_spikes_per_t":8.0625,"2D Loss Contour":{"sha256":"95acf44974607e765409698af4efc602b8e9a5c0fc4270faa46287a2c5d4e68e","size":118225,"path":"media/images/2D Loss Contour_602_95acf44974607e765409.png","format":"png","width":1596,"height":1176,"_type":"image-file"},"_runtime":47.404674837,"val_loss":0.7791622281074524,"3D Loss Surface":{"_type":"image-file","sha256":"4efddd43b5c340f55ecea083c8952cec1b608457951e50c477e8b2e05f1dd695","size":410007,"path":"media/images/3D Loss Surface_601_4efddd43b5c340f55ece.png","format":"png","width":1522,"height":1266},"_timestamp":1.7466697980779657e+09,"train_spikes_per_t":7.98828125,"final_train_acc":0.96875,"train_loss":0.07695851475000381,"final_test_acc":0.75,"val_acc":0.76171875,"_wandb":{"runtime":47},"train_acc":0.96875,"val_total_spikes":2064,"train_total_spikes":2045}