{"_runtime":75.537907496,"3D Loss Surface":{"size":448611,"path":"media/images/3D Loss Surface_601_3409d33c9158ca33ab01.png","format":"png","width":1601,"height":1266,"_type":"image-file","sha256":"3409d33c9158ca33ab0113f4068fcee56638da8bc8056fbbb8e35ef3e54b360e"},"train_total_spikes":13211,"val_total_spikes":13184,"_step":602,"train_acc":0.98828125,"val_acc":0.97265625,"train_loss":0.36341243982315063,"final_train_acc":0.98828125,"train_spikes_per_t":51.60546875,"2D Loss Contour":{"path":"media/images/2D Loss Contour_602_ac044a3e5a3fc81727f1.png","format":"png","width":1623,"height":1176,"_type":"image-file","sha256":"ac044a3e5a3fc81727f148d1d97f41bd5c69f1e9dbc58af2604a902a3c7ac2bc","size":110747},"_timestamp":1.746581514999706e+09,"val_spikes_per_t":51.5,"val_loss":0.37273749709129333,"_wandb":{"runtime":75},"final_test_acc":0.9375,"final_val_acc":0.97265625}