{"_wandb":{"runtime":173},"val_spikes_per_t":41.33203125,"train_acc":0.7265625,"val_acc":0.578125,"val_total_spikes":10581,"final_val_acc":0.578125,"train_total_spikes":10594,"train_loss":1.2961217164993286,"3D Loss Surface":{"_type":"image-file","sha256":"62a4794ae652237bae8b1a6ff752c517bfddd342d9d4ac0d1bce649a6ae12dd2","size":422759,"path":"media/images/3D Loss Surface_601_62a4794ae652237bae8b.png","format":"png","width":1522,"height":1266},"final_train_acc":0.7265625,"final_test_acc":0.58203125,"_step":602,"_timestamp":1.7466281832540092e+09,"val_loss":2.3375329971313477,"train_spikes_per_t":41.3828125,"2D Loss Contour":{"sha256":"3462ae11ecae190a570128907a170b9548a1f163dd64d52cf88f774d8328e82f","size":145057,"path":"media/images/2D Loss Contour_602_3462ae11ecae190a5701.png","format":"png","width":1596,"height":1176,"_type":"image-file"},"_runtime":173.023907143}