{"val_loss":0.3970642685890198,"val_total_spikes":3503,"train_total_spikes":3413,"final_train_acc":1,"_step":602,"_runtime":160.616770513,"_wandb":{"runtime":160},"train_loss":0.015266376547515392,"val_acc":0.8671875,"val_spikes_per_t":13.68359375,"train_acc":1,"final_val_acc":0.8671875,"train_spikes_per_t":13.33203125,"2D Loss Contour":{"sha256":"3efabddb8a0d3dc713d7e606f1b46befb4e1cf4bf74a47c3a5d47033a59527b1","size":149885,"path":"media/images/2D Loss Contour_602_3efabddb8a0d3dc713d7.png","format":"png","width":1622,"height":1176,"_type":"image-file"},"_timestamp":1.7466823118014495e+09,"3D Loss Surface":{"format":"png","width":1548,"height":1266,"_type":"image-file","sha256":"06bd783bb68678f3b6a27056d7c52be25aff739f2821e0151bc5758e39bd858d","size":408757,"path":"media/images/3D Loss Surface_601_06bd783bb68678f3b6a2.png"},"final_test_acc":0.90625}