{"train_acc":1,"val_total_spikes":0,"val_acc":0.9765625,"_runtime":31.880676426,"_step":602,"final_train_acc":1,"2D Loss Contour":{"sha256":"76619907950edbb75e7ed22de630c44b23a38d7d0427621a13e85c74b1e766a5","size":139455,"path":"media/images/2D Loss Contour_602_76619907950edbb75e7e.png","format":"png","width":1649,"height":1176,"_type":"image-file"},"val_spikes_per_t":NaN,"final_val_acc":0.9765625,"3D Loss Surface":{"path":"media/images/3D Loss Surface_601_cd327d54b60dc1c583ba.png","format":"png","width":1601,"height":1266,"_type":"image-file","sha256":"cd327d54b60dc1c583ba20b52fa2469687c55866e6e173936d7651bbabfc8254","size":539308},"train_loss":0.0016952677397057414,"train_total_spikes":0,"_wandb":{"runtime":31},"final_test_acc":0.96875,"_timestamp":1.7466101290831063e+09,"val_loss":0.057270634919404984,"train_spikes_per_t":NaN}