{"_wandb":{"runtime":102},"final_train_acc":1,"_step":602,"val_acc":0.99609375,"val_loss":0.015560024417936802,"3D Loss Surface":{"format":"png","width":1601,"height":1266,"_type":"image-file","sha256":"baddcd4acfa71b614a06190e1fe27c9adf8b651566f16dcc26399796022ef86a","size":527309,"path":"media/images/3D Loss Surface_601_baddcd4acfa71b614a06.png"},"val_total_spikes":13102,"train_acc":1,"train_total_spikes":13117,"final_test_acc":0.96875,"train_loss":0.0001565384736750275,"2D Loss Contour":{"format":"png","width":1649,"height":1176,"_type":"image-file","sha256":"7beb707723b8dadb94a63ecd6d754469fb286f7eaaf0d27737a1aec8c57182f5","size":126618,"path":"media/images/2D Loss Contour_602_7beb707723b8dadb94a6.png"},"train_spikes_per_t":51.23828125,"final_val_acc":0.99609375,"_timestamp":1.74666096099926e+09,"val_spikes_per_t":51.1796875,"_runtime":102.979528561}