{"val_loss":0.020793020725250244,"val_spikes_per_t":52.6640625,"train_loss":0.00022564298706129193,"final_test_acc":0.98828125,"_step":602,"_timestamp":1.7466661316090171e+09,"final_train_acc":1,"train_total_spikes":13518,"val_acc":0.98828125,"val_total_spikes":13482,"train_acc":1,"_runtime":103.075927114,"train_spikes_per_t":52.8046875,"3D Loss Surface":{"format":"png","width":1575,"height":1266,"_type":"image-file","sha256":"b7c992c6d479797b3ac984a7e7b9d6913bcf81e0a16da1b2927d483fef4f5833","size":428300,"path":"media/images/3D Loss Surface_601_b7c992c6d479797b3ac9.png"},"2D Loss Contour":{"sha256":"d506a40f5d5d366bb7cabb83782413ea2efe61c9228d25b6798f2c7651a1743e","size":151634,"path":"media/images/2D Loss Contour_602_d506a40f5d5d366bb7ca.png","format":"png","width":1675,"height":1176,"_type":"image-file"},"_wandb":{"runtime":103},"final_val_acc":0.98828125}