{"final_train_acc":1,"_step":602,"3D Loss Surface":{"path":"media/images/3D Loss Surface_601_c0080d13b5dcd17d1304.png","format":"png","width":1575,"height":1266,"_type":"image-file","sha256":"c0080d13b5dcd17d130451fe0f9e38d397101af51224e48ac7a42f07d280f7c2","size":540733},"train_total_spikes":0,"2D Loss Contour":{"format":"png","width":1623,"height":1176,"_type":"image-file","sha256":"997a6a0da3ddcca77b8deefc8fc659766c7bc8b23f89411ace92a4a32a4b4529","size":141245,"path":"media/images/2D Loss Contour_602_997a6a0da3ddcca77b8d.png"},"val_spikes_per_t":NaN,"train_spikes_per_t":NaN,"val_total_spikes":0,"val_loss":0.3995516896247864,"train_acc":1,"final_test_acc":0.8828125,"_runtime":57.056391256,"_timestamp":1.7466040656392875e+09,"final_val_acc":0.88671875,"val_acc":0.88671875,"train_loss":0.0033155353739857674,"_wandb":{"runtime":57}}