{"val_acc":0.76953125,"_wandb":{"runtime":173},"train_total_spikes":9263,"val_loss":0.5886878371238708,"_runtime":173.351520801,"train_loss":0.13784794509410858,"val_spikes_per_t":36.11328125,"_step":602,"final_val_acc":0.76953125,"final_test_acc":0.8046875,"train_spikes_per_t":36.18359375,"3D Loss Surface":{"height":1266,"_type":"image-file","sha256":"448e10975bf8be9d17cfacee5c9c56f78ca03f12f042c83ecfc45d46d98a4181","size":389998,"path":"media/images/3D Loss Surface_601_448e10975bf8be9d17cf.png","format":"png","width":1522},"2D Loss Contour":{"width":1596,"height":1176,"_type":"image-file","sha256":"693d974f0d85b9d664929cc3dd26af384b1c4c0302b4c27ba226612ee454ccfe","size":130377,"path":"media/images/2D Loss Contour_602_693d974f0d85b9d66492.png","format":"png"},"val_total_spikes":9245,"_timestamp":1.7466332179092207e+09,"train_acc":0.96875,"final_train_acc":0.96875}