{"val_spikes_per_t":49.7734375,"_runtime":168.213140013,"train_total_spikes":12601,"final_train_acc":1,"final_test_acc":0.77734375,"3D Loss Surface":{"width":1522,"height":1266,"_type":"image-file","sha256":"e9b44ff5e842f5562e0c9ac8b326215b06bfe571b24bbde20beda2e648297955","size":471349,"path":"media/images/3D Loss Surface_601_e9b44ff5e842f5562e0c.png","format":"png"},"_timestamp":1.7466589179327273e+09,"val_total_spikes":12742,"val_loss":0.5568788051605225,"train_spikes_per_t":49.22265625,"_wandb":{"runtime":168},"train_loss":0.007803584448993206,"_step":602,"final_val_acc":0.80859375,"val_acc":0.80859375,"2D Loss Contour":{"size":126985,"path":"media/images/2D Loss Contour_602_987c16450be97d437c4f.png","format":"png","width":1596,"height":1176,"_type":"image-file","sha256":"987c16450be97d437c4fda7ad1641167df12d882bdfc5e36482ce25199ad6bee"},"train_acc":1}