{"train_total_spikes":23617,"_runtime":112.54479001,"val_total_spikes":23745,"train_acc":1,"train_spikes_per_t":92.25390625,"_step":602,"3D Loss Surface":{"width":1522,"height":1266,"_type":"image-file","sha256":"db9f7a49cf42cf3230189c68799160160a772353e577d436e74fff2a236fbf88","size":389904,"path":"media/images/3D Loss Surface_601_db9f7a49cf42cf323018.png","format":"png"},"final_val_acc":0.9921875,"val_acc":0.9921875,"2D Loss Contour":{"path":"media/images/2D Loss Contour_602_85245d39c6fc2180432d.png","format":"png","width":1622,"height":1176,"_type":"image-file","sha256":"85245d39c6fc2180432d2b395b6de2d36b898d420ac65b7d5974c1d86d642a72","size":140074},"val_loss":0.05120216682553291,"_timestamp":1.746560733765908e+09,"final_test_acc":0.96875,"_wandb":{"runtime":112},"final_train_acc":1,"val_spikes_per_t":92.75390625,"train_loss":0.01450131181627512}