{"_runtime":32.217154788,"train_spikes_per_t":NaN,"val_loss":0.6709185242652893,"train_acc":0.8984375,"val_total_spikes":0,"3D Loss Surface":{"height":1266,"_type":"image-file","sha256":"7fc56a0606b390a38e613fda06c5ef15dc34445264807a9ba56ab22141ab10de","size":387679,"path":"media/images/3D Loss Surface_601_7fc56a0606b390a38e61.png","format":"png","width":1548},"final_test_acc":0.7734375,"train_loss":0.28638389706611633,"_step":602,"val_spikes_per_t":NaN,"2D Loss Contour":{"sha256":"4f35ff503546c3a9e0fccc8e38cef6f818ae1b621dbd93af53ce6ac71cb68161","size":118386,"path":"media/images/2D Loss Contour_602_4f35ff503546c3a9e0fc.png","format":"png","width":1622,"height":1176,"_type":"image-file"},"train_total_spikes":0,"val_acc":0.7578125,"_timestamp":1.7466121965955927e+09,"final_train_acc":0.8984375,"final_val_acc":0.7578125,"_wandb":{"runtime":32}}