{"val_loss":0.09082215279340744,"train_loss":0.00343637028709054,"final_train_acc":1,"_wandb":{"runtime":75},"_step":602,"_runtime":75.330658333,"train_spikes_per_t":83.25,"final_test_acc":0.9609375,"train_total_spikes":21312,"_timestamp":1.7465851706374936e+09,"val_acc":0.96484375,"final_val_acc":0.96484375,"val_total_spikes":21351,"train_acc":1,"2D Loss Contour":{"size":115854,"path":"media/images/2D Loss Contour_602_8d7965ae79195928fba4.png","format":"png","width":1622,"height":1176,"_type":"image-file","sha256":"8d7965ae79195928fba48fe34efa2d2b548dd0fbbf275d99dba94d4ae76a3c74"},"val_spikes_per_t":83.40234375,"3D Loss Surface":{"height":1266,"_type":"image-file","sha256":"b7a63fa9f6bd6cef3ccf4312fe7bd9115653ef4dd8a25563ee996e9df7cbcab6","size":432083,"path":"media/images/3D Loss Surface_601_b7a63fa9f6bd6cef3ccf.png","format":"png","width":1548}}