{"final_val_acc":0.9609375,"_timestamp":1.7465822007765925e+09,"final_test_acc":0.953125,"train_total_spikes":17960,"val_total_spikes":17672,"_runtime":75.016349481,"val_acc":0.9609375,"_step":602,"train_spikes_per_t":70.15625,"2D Loss Contour":{"size":122569,"path":"media/images/2D Loss Contour_602_f1e52ec2b81a25452a30.png","format":"png","width":1551,"height":1176,"_type":"image-file","sha256":"f1e52ec2b81a25452a302059494016bdd01ab0b79422e88fe79d6e985505019e"},"val_loss":0.3703244924545288,"final_train_acc":0.98046875,"_wandb":{"runtime":75},"train_loss":0.36075910925865173,"train_acc":0.98046875,"val_spikes_per_t":69.03125,"3D Loss Surface":{"size":379072,"path":"media/images/3D Loss Surface_601_fd89f81a844e44b11121.png","format":"png","width":1464,"height":1266,"_type":"image-file","sha256":"fd89f81a844e44b1112140f92c27b76d97e033d388cda2c347083e679dbc646c"}}