{"val_loss":0.22888170182704926,"_runtime":162.264632188,"_step":602,"final_val_acc":0.91796875,"3D Loss Surface":{"height":1266,"_type":"image-file","sha256":"11b6c751592e4a01e446903a9ea0a2c877fc70e923bfb1a9d5cc95d55454c703","size":421313,"path":"media/images/3D Loss Surface_601_11b6c751592e4a01e446.png","format":"png","width":1522},"train_spikes_per_t":17.671875,"train_total_spikes":4524,"val_acc":0.91796875,"train_loss":0.006447932217270136,"val_total_spikes":4537,"_wandb":{"runtime":162},"2D Loss Contour":{"format":"png","width":1596,"height":1176,"_type":"image-file","sha256":"442b8e7983fbea3ce6dede8c4bc3cdd3a5965abacd64aa10b17d348f444ed1f0","size":106570,"path":"media/images/2D Loss Contour_602_442b8e7983fbea3ce6de.png"},"train_acc":1,"val_spikes_per_t":17.72265625,"_timestamp":1.7466883168978338e+09,"final_train_acc":1,"final_test_acc":0.91796875}