{"_wandb":{"runtime":110},"2D Loss Contour":{"path":"media/images/2D Loss Contour_602_0d7c65b5ef7a7ab1814d.png","format":"png","width":1596,"height":1176,"_type":"image-file","sha256":"0d7c65b5ef7a7ab1814d98a3285e2c7f2855625e725e078b5f7fae790832e430","size":148896},"_timestamp":1.7466526116626966e+09,"val_spikes_per_t":129.77734375,"_runtime":110.942921581,"final_val_acc":0.578125,"3D Loss Surface":{"format":"png","width":1495,"height":1266,"_type":"image-file","sha256":"6e08d850032ba188ab707fff541fcece4d22cb776514052b71361a18031b72c1","size":400717,"path":"media/images/3D Loss Surface_601_6e08d850032ba188ab70.png"},"train_spikes_per_t":131.69140625,"final_test_acc":0.56640625,"train_loss":4.897700309753418,"_step":602,"val_acc":0.578125,"final_train_acc":0.5234375,"train_acc":0.5234375,"val_loss":4.557809829711914,"val_total_spikes":33223,"train_total_spikes":33713}