{"_runtime":31.793127957,"2D Loss Contour":{"width":1649,"height":1176,"_type":"image-file","sha256":"1ab1be86603d21a8c7bbe2352e94510c32571fa40ec5f5329b9741faad52aaf1","size":134137,"path":"media/images/2D Loss Contour_602_1ab1be86603d21a8c7bb.png","format":"png"},"3D Loss Surface":{"sha256":"d33cd62749e47f3c816dd638371b47ca575d9f2ab5e27c001cef086264a414a0","size":545544,"path":"media/images/3D Loss Surface_601_d33cd62749e47f3c816d.png","format":"png","width":1601,"height":1266,"_type":"image-file"},"train_spikes_per_t":NaN,"_wandb":{"runtime":31},"val_acc":0.99609375,"_step":602,"final_test_acc":0.96875,"final_val_acc":0.99609375,"train_total_spikes":0,"_timestamp":1.7466116707484825e+09,"val_loss":0.030785037204623222,"train_loss":0.000848396506626159,"final_train_acc":1,"train_acc":1,"val_total_spikes":0,"val_spikes_per_t":NaN}