{"2D Loss Contour":{"height":1176,"_type":"image-file","sha256":"689f0927f75c03edb36b6c62fe069d254a2c6467cbf16e3efeba67784254d1ee","size":142032,"path":"media/images/2D Loss Contour_602_689f0927f75c03edb36b.png","format":"png","width":1623},"_step":602,"_timestamp":1.746582809095155e+09,"final_val_acc":1,"train_acc":1,"train_loss":0.0005232517141848803,"_wandb":{"runtime":75},"3D Loss Surface":{"width":1548,"height":1266,"_type":"image-file","sha256":"2acec82f32420bf8dcbd6c34a48cbea8093290d2ca8899a6b30bcfb7f0f7ed73","size":261533,"path":"media/images/3D Loss Surface_601_2acec82f32420bf8dcbd.png","format":"png"},"train_spikes_per_t":53.546875,"final_test_acc":0.9921875,"_runtime":75.487498064,"train_total_spikes":13708,"final_train_acc":1,"val_spikes_per_t":53.16796875,"val_total_spikes":13611,"val_loss":0.005619973409920931,"val_acc":1}