{"val_spikes_per_t":92.85546875,"final_test_acc":0.99609375,"_runtime":75.003709006,"_timestamp":1.7465827326912284e+09,"val_total_spikes":23771,"_wandb":{"runtime":75},"3D Loss Surface":{"_type":"image-file","sha256":"2d06837f5a65d5d095fa9c9ce0598be518e8ceefab33ccc66473b17430f107fb","size":497973,"path":"media/images/3D Loss Surface_601_2d06837f5a65d5d095fa.png","format":"png","width":1575,"height":1266},"train_spikes_per_t":93.8828125,"2D Loss Contour":{"format":"png","width":1675,"height":1176,"_type":"image-file","sha256":"e4fd315baf432db50f864565df77a23e72a4877c810012203c2d91e2bdafdfd7","size":142760,"path":"media/images/2D Loss Contour_602_e4fd315baf432db50f86.png"},"val_loss":0.0068746693432331085,"_step":602,"train_total_spikes":24034,"final_train_acc":1,"train_acc":1,"final_val_acc":0.99609375,"val_acc":0.99609375,"train_loss":0.00020084806601516902}