{"train_acc":1,"val_loss":0.7768962979316711,"3D Loss Surface":{"format":"png","width":1548,"height":1266,"_type":"image-file","sha256":"15264b32ff11117ed630f8e7466d723523270d6c74f9c6fbd454db7ffc7a4068","size":437573,"path":"media/images/3D Loss Surface_601_15264b32ff11117ed630.png"},"val_acc":0.74609375,"final_test_acc":0.796875,"train_spikes_per_t":NaN,"train_total_spikes":0,"val_spikes_per_t":NaN,"2D Loss Contour":{"sha256":"6c66fde67ee142c686170b0ecc9c693cc0f507b5db9dfdcff9424df49787ed26","size":129480,"path":"media/images/2D Loss Contour_602_6c66fde67ee142c68617.png","format":"png","width":1622,"height":1176,"_type":"image-file"},"_runtime":57.359703781,"train_loss":0.011520701460540295,"_step":602,"_timestamp":1.746598333416239e+09,"final_train_acc":1,"val_total_spikes":0,"_wandb":{"runtime":57},"final_val_acc":0.74609375}