{"train_total_spikes":19299,"final_train_acc":0.98828125,"val_loss":0.3614768385887146,"val_total_spikes":19181,"val_spikes_per_t":74.92578125,"_timestamp":1.7465875339149022e+09,"2D Loss Contour":{"width":1649,"height":1176,"_type":"image-file","sha256":"30a7ed076d0db597ed5e7bd51ff52584324605b8742474c0618fbc9ceb20838a","size":148819,"path":"media/images/2D Loss Contour_602_30a7ed076d0db597ed5e.png","format":"png"},"final_val_acc":0.953125,"3D Loss Surface":{"sha256":"16fba4993d53dfdc113aa31e52c4a718e438bd229861a9f9b41f631fd3bff4ee","size":460014,"path":"media/images/3D Loss Surface_601_16fba4993d53dfdc113a.png","format":"png","width":1575,"height":1266,"_type":"image-file"},"val_acc":0.953125,"train_loss":0.3637511134147644,"_step":602,"_wandb":{"runtime":75},"final_test_acc":0.9609375,"train_acc":0.98828125,"_runtime":75.849968802,"train_spikes_per_t":75.38671875}