{"final_val_acc":0.7578125,"final_test_acc":0.7734375,"train_acc":0.8984375,"train_loss":0.28479763865470886,"val_loss":0.6691417098045349,"3D Loss Surface":{"sha256":"c8b05981bcbbec5da35a20d11c35febe7f5d80377b406a9370ca962a631b79ae","size":395443,"path":"media/images/3D Loss Surface_601_c8b05981bcbbec5da35a.png","format":"png","width":1548,"height":1266,"_type":"image-file"},"final_train_acc":0.8984375,"train_spikes_per_t":NaN,"2D Loss Contour":{"height":1176,"_type":"image-file","sha256":"fdb3c110d6d386e9ef9e1f2b28eb6e79fcd58702a425e2b2ddebad5357f0506a","size":119317,"path":"media/images/2D Loss Contour_602_fdb3c110d6d386e9ef9e.png","format":"png","width":1623},"val_spikes_per_t":NaN,"train_total_spikes":0,"val_acc":0.7578125,"_step":602,"_runtime":31.587843578,"_wandb":{"runtime":31},"val_total_spikes":0,"_timestamp":1.7466138650469892e+09}