{"_timestamp":1.7466049347800012e+09,"train_total_spikes":0,"val_spikes_per_t":NaN,"final_test_acc":0.9296875,"train_spikes_per_t":NaN,"final_val_acc":0.9140625,"val_acc":0.9140625,"train_loss":0.003986673895269632,"val_loss":0.2772636115550995,"3D Loss Surface":{"_type":"image-file","sha256":"56c093ef09b7ca90f87328b4899db39a7dfd8a27528eb4716db7f286c74b67f4","size":398639,"path":"media/images/3D Loss Surface_601_56c093ef09b7ca90f873.png","format":"png","width":1574,"height":1266},"2D Loss Contour":{"width":1649,"height":1176,"_type":"image-file","sha256":"d91f8e0ce17698bda125fc64310d56537839f66cee88bd1c464f3716fe075eef","size":144595,"path":"media/images/2D Loss Contour_602_d91f8e0ce17698bda125.png","format":"png"},"final_train_acc":1,"_runtime":57.141687816,"_wandb":{"runtime":57},"_step":602,"val_total_spikes":0,"train_acc":1}