{"train_total_spikes":13307,"final_test_acc":0.59375,"train_acc":0.6328125,"train_loss":0.7965735197067261,"final_train_acc":0.6328125,"train_spikes_per_t":51.98046875,"val_spikes_per_t":51.3671875,"val_acc":0.5625,"2D Loss Contour":{"format":"png","width":1596,"height":1176,"_type":"image-file","sha256":"44a996eafb2a214b24d27a0a4c7d29e3c1535408560f109b38476c47523d34de","size":129085,"path":"media/images/2D Loss Contour_602_44a996eafb2a214b24d2.png"},"val_loss":0.9853615164756775,"_runtime":152.456880965,"3D Loss Surface":{"_type":"image-file","sha256":"b29c3bd8d534045b6d333b3d16935171c87d12d9faf80ab7008ec778a50e4265","size":375051,"path":"media/images/3D Loss Surface_601_b29c3bd8d534045b6d33.png","format":"png","width":1522,"height":1266},"_step":602,"_timestamp":1.7464800969619043e+09,"val_total_spikes":13150,"final_val_acc":0.5625,"_wandb":{"runtime":152}}