{"_step":602,"final_test_acc":0.48046875,"val_loss":NaN,"train_loss":NaN,"2D Loss Contour":{"sha256":"b276fd723cd8d62e92dc13db7fdd1a9ced379c1c4355e263663c0a5961a972e8","size":82836,"path":"media/images/2D Loss Contour_602_b276fd723cd8d62e92dc.png","format":"png","width":1551,"height":1176,"_type":"image-file"},"_timestamp":1.746655898867555e+09,"final_train_acc":0.51171875,"_runtime":56.640807129,"train_total_spikes":0,"3D Loss Surface":{"format":"png","width":1469,"height":1266,"_type":"image-file","sha256":"42fedc61381b029836cd26f766c6f7bd66f76cd2449c6b6a540f9963dc217262","size":243112,"path":"media/images/3D Loss Surface_601_42fedc61381b029836cd.png"},"_wandb":{"runtime":56},"val_acc":0.5078125,"train_spikes_per_t":NaN,"val_spikes_per_t":NaN,"train_acc":0.51171875,"final_val_acc":0.5078125,"val_total_spikes":0}