{"3D Loss Surface":{"size":423707,"path":"media/images/3D Loss Surface_601_2becaab410482c91be14.png","format":"png","width":1548,"height":1266,"_type":"image-file","sha256":"2becaab410482c91be143663f44721f2144618416af512df2b32a69a63e6cf41"},"_step":602,"_wandb":{"runtime":111},"train_loss":0.2110629379749298,"final_train_acc":0.90625,"_runtime":111.101115618,"val_spikes_per_t":106.51953125,"val_acc":0.7890625,"train_acc":0.90625,"_timestamp":1.7466535065823581e+09,"train_total_spikes":27222,"final_val_acc":0.7890625,"val_loss":0.481865793466568,"val_total_spikes":27269,"2D Loss Contour":{"sha256":"ea9bcaac8550347abcab9c5d2bd22ff27e33a66b93f8a1dc758fd02b01e3bc35","size":135413,"path":"media/images/2D Loss Contour_602_ea9bcaac8550347abcab.png","format":"png","width":1596,"height":1176,"_type":"image-file"},"final_test_acc":0.7734375,"train_spikes_per_t":106.3359375}