{"final_val_acc":0.90234375,"_step":602,"final_train_acc":1,"2D Loss Contour":{"sha256":"b4f7bea7b1a3acffcf3bf2a50ce73ed749448ad276a89ceebfb49306e37333eb","size":127214,"path":"media/images/2D Loss Contour_602_b4f7bea7b1a3acffcf3b.png","format":"png","width":1623,"height":1176,"_type":"image-file"},"final_test_acc":0.8984375,"val_acc":0.90234375,"train_acc":1,"train_loss":0.005394134670495987,"train_total_spikes":10608,"_timestamp":1.7466481409176965e+09,"val_loss":0.25609782338142395,"train_spikes_per_t":41.4375,"3D Loss Surface":{"sha256":"62717ed7d13a7b2ff34344db8aa0cf331c4272fd1577413cd3c66ca46dffd416","size":476489,"path":"media/images/3D Loss Surface_601_62717ed7d13a7b2ff343.png","format":"png","width":1548,"height":1266,"_type":"image-file"},"val_spikes_per_t":40.6328125,"_wandb":{"runtime":172},"_runtime":172.869559379,"val_total_spikes":10402}