{"val_spikes_per_t":NaN,"val_loss":0.6523472666740417,"final_train_acc":1,"final_val_acc":0.8203125,"2D Loss Contour":{"_type":"image-file","sha256":"c83a2cf362a2f721913bf1194e39ce3dcc67098840ced9586fccfbdaa11ca09b","size":134076,"path":"media/images/2D Loss Contour_602_c83a2cf362a2f721913b.png","format":"png","width":1622,"height":1176},"final_test_acc":0.73046875,"train_spikes_per_t":NaN,"train_total_spikes":0,"3D Loss Surface":{"size":419183,"path":"media/images/3D Loss Surface_601_66e584e2c5bd8702d03e.png","format":"png","width":1548,"height":1266,"_type":"image-file","sha256":"66e584e2c5bd8702d03ecbc03d3555b4b3419025a77b59f7cdc9b25f1c38f49d"},"_timestamp":1.7466569972024295e+09,"val_acc":0.8203125,"_wandb":{"runtime":31},"train_loss":0.002899835119023919,"val_total_spikes":0,"_runtime":31.577259446,"train_acc":1,"_step":602}