{"val_loss":0.6650589108467102,"_runtime":56.730255078,"final_train_acc":1,"train_total_spikes":0,"_wandb":{"runtime":56},"val_total_spikes":0,"train_acc":1,"final_val_acc":0.78515625,"_timestamp":1.7466036023498783e+09,"3D Loss Surface":{"height":1266,"_type":"image-file","sha256":"e65253ba04dfae28b687e5f2db4a72ad111b161d08be816195d0f9f900975642","size":431738,"path":"media/images/3D Loss Surface_601_e65253ba04dfae28b687.png","format":"png","width":1548},"train_spikes_per_t":NaN,"val_acc":0.78515625,"2D Loss Contour":{"size":146524,"path":"media/images/2D Loss Contour_602_c92f7fb4ac525741f9dd.png","format":"png","width":1623,"height":1176,"_type":"image-file","sha256":"c92f7fb4ac525741f9dd715db2a1c72400fe885c086fed66b7e2e985fcf307d4"},"_step":602,"final_test_acc":0.76953125,"val_spikes_per_t":NaN,"train_loss":0.007125383708626032}