{"final_val_acc":0.98828125,"val_loss":0.0356924794614315,"_wandb":{"runtime":113},"_timestamp":1.74657406596833e+09,"3D Loss Surface":{"sha256":"83c3b6b63c3761c64ebb8136da453e196ff1c6eeca64159e1cbeef794a14a78d","size":416577,"path":"media/images/3D Loss Surface_601_83c3b6b63c3761c64ebb.png","format":"png","width":1548,"height":1266,"_type":"image-file"},"train_acc":1,"train_spikes_per_t":185.48828125,"final_test_acc":0.9921875,"final_train_acc":1,"_runtime":113.657239443,"val_spikes_per_t":183.43359375,"2D Loss Contour":{"format":"png","width":1649,"height":1176,"_type":"image-file","sha256":"44f69cc8815a4185fd0af1393a20e0e69272a516b144977845576ddf1f425733","size":150824,"path":"media/images/2D Loss Contour_602_44f69cc8815a4185fd0a.png"},"train_loss":0.008494754321873188,"_step":602,"train_total_spikes":47485,"val_acc":0.98828125,"val_total_spikes":46959}