{"_timestamp":1.7465948541044948e+09,"val_total_spikes":19422,"3D Loss Surface":{"format":"png","width":1548,"height":1266,"_type":"image-file","sha256":"d2b94c754d55f7e8c3eddc7cb61c10a1345ed3d4183967f100e5fadf7c819093","size":312755,"path":"media/images/3D Loss Surface_601_d2b94c754d55f7e8c3ed.png"},"val_spikes_per_t":75.8671875,"_step":602,"train_acc":1,"final_train_acc":1,"train_total_spikes":19558,"2D Loss Contour":{"height":1176,"_type":"image-file","sha256":"31cb860ea3963dfcf4d34b278caae7fba85d15547da772c6d9a6419942e71f84","size":151323,"path":"media/images/2D Loss Contour_602_31cb860ea3963dfcf4d3.png","format":"png","width":1623},"train_loss":0.00079823296982795,"val_acc":0.984375,"val_loss":0.04187756031751633,"_runtime":75.474054025,"final_val_acc":0.984375,"train_spikes_per_t":76.3984375,"_wandb":{"runtime":75},"final_test_acc":0.9765625}