{"train_total_spikes":0,"_step":602,"_runtime":58.32512448,"train_spikes_per_t":NaN,"final_train_acc":0.90234375,"val_spikes_per_t":NaN,"final_test_acc":0.63671875,"val_loss":0.7097017765045166,"_timestamp":1.7464833888569083e+09,"2D Loss Contour":{"sha256":"863079f7c25a881ca67e4e2b73309dc3c999eb04a52ee91e3a3fb4367931585c","size":130152,"path":"media/images/2D Loss Contour_602_863079f7c25a881ca67e.png","format":"png","width":1622,"height":1176,"_type":"image-file"},"_wandb":{"runtime":58},"3D Loss Surface":{"width":1548,"height":1266,"_type":"image-file","sha256":"a80b7ef0bfb313ca110b411e50a82f4b1c1004d4bc16701277c5aa51d47fe196","size":500667,"path":"media/images/3D Loss Surface_601_a80b7ef0bfb313ca110b.png","format":"png"},"val_acc":0.67578125,"val_total_spikes":0,"train_acc":0.90234375,"train_loss":0.25523218512535095,"final_val_acc":0.67578125}