{"final_test_acc":0.984375,"val_acc":0.98828125,"train_acc":1,"_timestamp":1.74665837766535e+09,"train_total_spikes":12695,"_wandb":{"runtime":102},"3D Loss Surface":{"format":"png","width":1575,"height":1266,"_type":"image-file","sha256":"c56c01d5912b93e718ae1d728a879237e67d97ba423f079312f3f44bb223e725","size":511726,"path":"media/images/3D Loss Surface_601_c56c01d5912b93e718ae.png"},"_runtime":102.898904056,"train_spikes_per_t":49.58984375,"final_val_acc":0.98828125,"2D Loss Contour":{"width":1623,"height":1176,"_type":"image-file","sha256":"085aeba0f26c7c0a2098d4325e890dca3a261e7e0e8fb1da379400af3ebc3eb2","size":147641,"path":"media/images/2D Loss Contour_602_085aeba0f26c7c0a2098.png","format":"png"},"val_loss":0.03418928384780884,"val_spikes_per_t":49.09375,"train_loss":0.0002888331073336303,"final_train_acc":1,"val_total_spikes":12568,"_step":602}