{"train_loss":0.0004551629535853863,"_runtime":102.54019222,"train_total_spikes":14677,"val_loss":0.05305442586541176,"train_acc":1,"_timestamp":1.7466506996590595e+09,"final_test_acc":0.98046875,"3D Loss Surface":{"format":"png","width":1548,"height":1266,"_type":"image-file","sha256":"eb31ecb382fcb7ba82e4af3b03ad565b0076ca712adfd3d60dd72fdd99437d97","size":520988,"path":"media/images/3D Loss Surface_601_eb31ecb382fcb7ba82e4.png"},"final_val_acc":0.9921875,"2D Loss Contour":{"size":128186,"path":"media/images/2D Loss Contour_602_d4f9c14794b97b120e2f.png","format":"png","width":1622,"height":1176,"_type":"image-file","sha256":"d4f9c14794b97b120e2f38142af0f2870aaa14d893ac3268c6d07a7ed41ac6c0"},"val_spikes_per_t":57.3984375,"train_spikes_per_t":57.33203125,"_wandb":{"runtime":102},"val_total_spikes":14694,"val_acc":0.9921875,"final_train_acc":1,"_step":602}