{"_runtime":63.414324787,"final_val_acc":0.87109375,"val_acc":0.87109375,"train_loss":0.006732359528541565,"train_spikes_per_t":77.18359375,"final_train_acc":1,"train_acc":1,"val_total_spikes":19600,"3D Loss Surface":{"path":"media/images/3D Loss Surface_601_2f28f0633344e43d637e.png","format":"png","width":1522,"height":1266,"_type":"image-file","sha256":"2f28f0633344e43d637eddd8fa465f38f3a48fb52556698454473d9bd937e5a0","size":428301},"_timestamp":1.7466689785298145e+09,"val_loss":0.5947045087814331,"final_test_acc":0.89453125,"train_total_spikes":19759,"val_spikes_per_t":76.5625,"_step":602,"_wandb":{"runtime":63},"2D Loss Contour":{"width":1596,"height":1176,"_type":"image-file","sha256":"eb9619e0af54ba335b513741cb4844a4bdadb3257a43b7f4cdef2f7268fb1a11","size":118122,"path":"media/images/2D Loss Contour_602_eb9619e0af54ba335b51.png","format":"png"}}