{"_step":602,"train_loss":0.0005983549053780735,"2D Loss Contour":{"width":1623,"height":1176,"_type":"image-file","sha256":"35f27d713fefdffaa5acdc2ebdaba3810261c92233231bb30b36fb55b86c724a","size":141867,"path":"media/images/2D Loss Contour_602_35f27d713fefdffaa5ac.png","format":"png"},"val_acc":0.9921875,"train_acc":1,"3D Loss Surface":{"format":"png","width":1548,"height":1266,"_type":"image-file","sha256":"efbe52c45e2e2b2046b6965c3bc3044270bff726e3ebd52c9b9394ed13da178d","size":335318,"path":"media/images/3D Loss Surface_601_efbe52c45e2e2b2046b6.png"},"_timestamp":1.7465847134848163e+09,"_wandb":{"runtime":75},"val_spikes_per_t":74.52734375,"final_val_acc":0.9921875,"val_total_spikes":19079,"val_loss":0.026322580873966217,"_runtime":75.422519636,"train_total_spikes":19281,"train_spikes_per_t":75.31640625,"final_train_acc":1,"final_test_acc":0.9765625}