{"_wandb":{"runtime":87},"val_acc":0.60546875,"train_acc":0.69921875,"_runtime":87.111157118,"final_train_acc":0.69921875,"3D Loss Surface":{"width":1548,"height":1266,"_type":"image-file","sha256":"89bc31b1bb604384a15c4353f04336fb55e27ac07c50d83ac62067b7931ddc5e","size":414887,"path":"media/images/3D Loss Surface_601_89bc31b1bb604384a15c.png","format":"png"},"final_val_acc":0.60546875,"final_test_acc":0.625,"train_spikes_per_t":99.87109375,"train_total_spikes":25567,"train_loss":0.5909271240234375,"_timestamp":1.746676131215693e+09,"_step":602,"2D Loss Contour":{"height":1176,"_type":"image-file","sha256":"e5a72abdf602a38e096cf0a7a36832b254b98a9ff5fc4a7b5afcce5addb2a3b4","size":124646,"path":"media/images/2D Loss Contour_602_e5a72abdf602a38e096c.png","format":"png","width":1596},"val_total_spikes":25796,"val_spikes_per_t":100.765625,"val_loss":0.7110175490379333}