{"val_total_spikes":0,"val_acc":0.796875,"final_val_acc":0.796875,"train_spikes_per_t":NaN,"train_loss":0.010738715529441833,"_runtime":57.309866142,"_timestamp":1.7465998974923983e+09,"_wandb":{"runtime":57},"val_loss":0.5435913801193237,"3D Loss Surface":{"height":1266,"_type":"image-file","sha256":"9f794ec92a0112fe936d29a1228b1c836bea0f8f236ca3e8c316123072b04f83","size":342300,"path":"media/images/3D Loss Surface_601_9f794ec92a0112fe936d.png","format":"png","width":1575},"final_test_acc":0.77734375,"val_spikes_per_t":NaN,"final_train_acc":1,"2D Loss Contour":{"_type":"image-file","sha256":"da467dc34c7b5099449b535fd304bdfef926f64ed8349832eafcce30056f48f4","size":142865,"path":"media/images/2D Loss Contour_602_da467dc34c7b5099449b.png","format":"png","width":1622,"height":1176},"_step":602,"train_total_spikes":0,"train_acc":1}