{"3D Loss Surface":{"width":1575,"height":1266,"_type":"image-file","sha256":"f95707ae70f0ac8b2259012070cb694c749619035ab2f15a62e1abf66d6a8889","size":534121,"path":"media/images/3D Loss Surface_601_f95707ae70f0ac8b2259.png","format":"png"},"_runtime":32.108610262,"_timestamp":1.7466105556342638e+09,"final_train_acc":1,"_wandb":{"runtime":32},"val_loss":0.053363531827926636,"final_test_acc":0.96875,"train_loss":0.0011375445174053311,"val_spikes_per_t":NaN,"val_total_spikes":0,"train_total_spikes":0,"2D Loss Contour":{"format":"png","width":1649,"height":1176,"_type":"image-file","sha256":"071ebb9f760b3a900363350b7220bc57416c65b5ced796f37964f4e01f9d2250","size":142578,"path":"media/images/2D Loss Contour_602_071ebb9f760b3a900363.png"},"train_spikes_per_t":NaN,"val_acc":0.98046875,"final_val_acc":0.98046875,"train_acc":1,"_step":602}