{"2D Loss Contour":{"size":105813,"path":"media/images/2D Loss Contour_602_814b41197ee72eef1556.png","format":"png","width":1570,"height":1176,"_type":"image-file","sha256":"814b41197ee72eef155687b5fdd67f73e35a372dfec6e572e02b6c806a15cf74"},"_wandb":{"runtime":113},"val_spikes_per_t":108.0546875,"3D Loss Surface":{"_type":"image-file","sha256":"3f9fe86b2ca5dbf0320521526f91b283e944cd771a1003ab02a77d1b44326798","size":403736,"path":"media/images/3D Loss Surface_601_3f9fe86b2ca5dbf03205.png","format":"png","width":1495,"height":1266},"final_test_acc":0.48046875,"final_train_acc":0.51953125,"val_loss":0.6931474804878235,"train_total_spikes":27596,"_step":602,"_timestamp":1.7465608479944537e+09,"train_loss":0.6931474804878235,"final_val_acc":0.5,"train_spikes_per_t":107.796875,"_runtime":113.39294525,"val_acc":0.5,"val_total_spikes":27662,"train_acc":0.51953125}