{"train_loss":0.0005990387289784849,"final_test_acc":0.98828125,"val_spikes_per_t":71.578125,"train_acc":1,"val_total_spikes":18324,"train_spikes_per_t":72.46875,"_runtime":74.803251203,"_step":602,"val_acc":0.984375,"train_total_spikes":18552,"final_val_acc":0.984375,"_timestamp":1.746595615279899e+09,"2D Loss Contour":{"size":128001,"path":"media/images/2D Loss Contour_602_da88d424b42425706e57.png","format":"png","width":1622,"height":1176,"_type":"image-file","sha256":"da88d424b42425706e57f04f32326ef69250f044e8eb2f023c78496e4cc2a07e"},"_wandb":{"runtime":74},"final_train_acc":1,"val_loss":0.026708759367465973,"3D Loss Surface":{"path":"media/images/3D Loss Surface_601_a6e29846f5518f95faa3.png","format":"png","width":1548,"height":1266,"_type":"image-file","sha256":"a6e29846f5518f95faa3d876d380730523441d61c0283352d63b009802ce8d74","size":283196}}