{"final_test_acc":0.58203125,"2D Loss Contour":{"width":1596,"height":1176,"_type":"image-file","sha256":"801518f1a5a348a1de98de39a85137f499cfc0aac9e0a70200970e288b804743","size":152678,"path":"media/images/2D Loss Contour_602_801518f1a5a348a1de98.png","format":"png"},"val_total_spikes":10509,"_step":602,"val_acc":0.5625,"final_train_acc":0.73046875,"_timestamp":1.7464804953980455e+09,"train_acc":0.73046875,"train_spikes_per_t":41.26953125,"train_loss":1.2493202686309814,"val_spikes_per_t":41.05078125,"val_loss":2.319336414337158,"_runtime":201.131154382,"final_val_acc":0.5625,"train_total_spikes":10565,"_wandb":{"runtime":201},"3D Loss Surface":{"size":374277,"path":"media/images/3D Loss Surface_601_2b41a4a5d1a9dc3f41f8.png","format":"png","width":1522,"height":1266,"_type":"image-file","sha256":"2b41a4a5d1a9dc3f41f8fe206c70e37d6c7a0dc26429259ceffebed236004d55"}}