{"_wandb":{"runtime":75},"_step":602,"final_val_acc":0.953125,"final_train_acc":1,"2D Loss Contour":{"format":"png","width":1676,"height":1176,"_type":"image-file","sha256":"5c0b6956b388cc8361a5a38cf30cdd42bac9ddb1f0acfd92d28a2b5915f6af02","size":147797,"path":"media/images/2D Loss Contour_602_5c0b6956b388cc8361a5.png"},"final_test_acc":0.953125,"train_total_spikes":24651,"_runtime":75.978708887,"3D Loss Surface":{"width":1429,"height":1266,"_type":"image-file","sha256":"a4695cc52c91ce9cc1e96b5351bfae43b868979100891261d9e81a4d5aabdcb8","size":376400,"path":"media/images/3D Loss Surface_601_a4695cc52c91ce9cc1e9.png","format":"png"},"train_loss":0.3603394627571106,"_timestamp":1.7465882959377623e+09,"train_acc":1,"val_loss":0.38628193736076355,"val_acc":0.953125,"val_spikes_per_t":94.78125,"train_spikes_per_t":96.29296875,"val_total_spikes":24264}