{"_timestamp":1.7466004772235603e+09,"train_total_spikes":0,"val_acc":0.75,"2D Loss Contour":{"sha256":"60d9229ddc7fbf9eb78359d712c517557e54d7f8500fe70ed942e623693955d6","size":137013,"path":"media/images/2D Loss Contour_602_60d9229ddc7fbf9eb783.png","format":"png","width":1649,"height":1176,"_type":"image-file"},"_step":602,"3D Loss Surface":{"width":1548,"height":1266,"_type":"image-file","sha256":"83f16213bfefbf77e7ff44e068e6794f51185d58a6ddd611233d7f32f28f16ab","size":484645,"path":"media/images/3D Loss Surface_601_83f16213bfefbf77e7ff.png","format":"png"},"val_spikes_per_t":NaN,"val_loss":0.8028751611709595,"train_spikes_per_t":NaN,"train_acc":1,"final_val_acc":0.75,"train_loss":0.009516933001577854,"val_total_spikes":0,"_runtime":57.5428527,"_wandb":{"runtime":57},"final_train_acc":1,"final_test_acc":0.7734375}