{"train_spikes_per_t":21.98046875,"_wandb":{"runtime":171},"3D Loss Surface":{"sha256":"5fd01d39f343d3dd9c039d6c800dd25ce8005e3abf534ec24fc99a9a6cef01ba","size":475201,"path":"media/images/3D Loss Surface_601_5fd01d39f343d3dd9c03.png","format":"png","width":1522,"height":1266,"_type":"image-file"},"_timestamp":1.7466162239483235e+09,"train_loss":0.016607016324996948,"val_loss":0.3747897446155548,"final_train_acc":1,"val_total_spikes":5655,"final_test_acc":0.87109375,"train_total_spikes":5627,"train_acc":1,"2D Loss Contour":{"sha256":"bd952216bde330861273096dfdd31466fef0e60f72de97348bb63fcafccd51b0","size":120320,"path":"media/images/2D Loss Contour_602_bd952216bde330861273.png","format":"png","width":1623,"height":1176,"_type":"image-file"},"val_spikes_per_t":22.08984375,"val_acc":0.85546875,"final_val_acc":0.85546875,"_step":602,"_runtime":171.204989216}