{"train_spikes_per_t":65.01953125,"final_val_acc":0.5,"_timestamp":1.7465759064494371e+09,"val_spikes_per_t":66.17578125,"_runtime":114.58951161,"val_acc":0.5,"train_total_spikes":16645,"3D Loss Surface":{"width":1575,"height":1266,"_type":"image-file","sha256":"f25438807e7979cb6e5011bba6fe29d22df6d05af0b691ccdb538b9791af5f01","size":416243,"path":"media/images/3D Loss Surface_601_f25438807e7979cb6e50.png","format":"png"},"train_acc":0.51953125,"val_total_spikes":16941,"train_loss":0.35331809520721436,"final_test_acc":0.48046875,"_wandb":{"runtime":114},"val_loss":0.3918192386627197,"_step":602,"final_train_acc":0.51953125,"2D Loss Contour":{"size":127736,"path":"media/images/2D Loss Contour_602_fadc55191e729b2d1fbc.png","format":"png","width":1649,"height":1176,"_type":"image-file","sha256":"fadc55191e729b2d1fbc74490a6b2cb6d2b87f906ced9c944f7c2afb97fd8181"}}