{"final_val_acc":0.55078125,"val_loss":0.794572114944458,"train_total_spikes":0,"_timestamp":1.7465987975660646e+09,"val_spikes_per_t":NaN,"_step":602,"train_loss":0.5426062345504761,"_runtime":57.352144773,"_wandb":{"runtime":57},"final_train_acc":0.73828125,"2D Loss Contour":{"sha256":"239f294b44fe95e0d430e151b61d8b16cb8f5e844e109498509b68755b3a7fd7","size":129061,"path":"media/images/2D Loss Contour_602_239f294b44fe95e0d430.png","format":"png","width":1622,"height":1176,"_type":"image-file"},"train_spikes_per_t":NaN,"val_total_spikes":0,"final_test_acc":0.52734375,"val_acc":0.55078125,"train_acc":0.73828125,"3D Loss Surface":{"path":"media/images/3D Loss Surface_601_58914fc5ee7d7220fe0a.png","format":"png","width":1522,"height":1266,"_type":"image-file","sha256":"58914fc5ee7d7220fe0aeb981292c2b0d6e9176597cc2e2e7b0699755dacd2ff","size":382507}}