{"2D Loss Contour":{"width":1622,"height":1176,"_type":"image-file","sha256":"44a9d099b1b8539531f35d78a37a0081ed62722a4c60460ef97a40ee52c4b394","size":132697,"path":"media/images/2D Loss Contour_602_44a9d099b1b8539531f3.png","format":"png"},"val_total_spikes":26875,"val_acc":0.98828125,"_step":602,"train_spikes_per_t":105.28515625,"_wandb":{"runtime":114},"_timestamp":1.7465787887874632e+09,"final_val_acc":0.98828125,"val_spikes_per_t":104.98046875,"val_loss":0.03507108986377716,"final_test_acc":0.99609375,"train_loss":0.009615259245038033,"train_acc":1,"train_total_spikes":26953,"_runtime":114.39375935,"3D Loss Surface":{"width":1548,"height":1266,"_type":"image-file","sha256":"79c89b9ee895f0dcfe9fd987c100de0b121836009075ea1994b42aa0ec66d9ea","size":507934,"path":"media/images/3D Loss Surface_601_79c89b9ee895f0dcfe9f.png","format":"png"},"final_train_acc":1}