{"val_loss":0.7539465427398682,"train_total_spikes":16092,"val_acc":0.82421875,"val_spikes_per_t":63.0625,"_timestamp":1.7466618661058936e+09,"train_acc":1,"train_loss":0.0006660627550445497,"3D Loss Surface":{"path":"media/images/3D Loss Surface_601_f68dc9043826147120b2.png","format":"png","width":1548,"height":1266,"_type":"image-file","sha256":"f68dc9043826147120b26c8752305f4ee7b0b7d052525b36fb3097d4c62b732e","size":405839},"_wandb":{"runtime":101},"_runtime":101.343769643,"2D Loss Contour":{"format":"png","width":1623,"height":1176,"_type":"image-file","sha256":"a8e3c3913917c5e5220cf87741e63c757f760a221efeabdd0c34327b4bc869f5","size":143490,"path":"media/images/2D Loss Contour_602_a8e3c3913917c5e5220c.png"},"_step":602,"val_total_spikes":16144,"final_val_acc":0.82421875,"train_spikes_per_t":62.859375,"final_test_acc":0.85546875,"final_train_acc":1}