{"final_val_acc":0.98828125,"val_total_spikes":12634,"train_acc":1,"train_total_spikes":12600,"_step":602,"train_loss":0.00028958250186406076,"_timestamp":1.7466614773107922e+09,"_wandb":{"runtime":102},"final_train_acc":1,"train_spikes_per_t":49.21875,"2D Loss Contour":{"path":"media/images/2D Loss Contour_602_c8527c908747b2710021.png","format":"png","width":1622,"height":1176,"_type":"image-file","sha256":"c8527c908747b27100211e39e92f56dba152d3ed9cdf9e49b352af7ee104115c","size":116823},"val_loss":0.024228954687714577,"val_acc":0.98828125,"val_spikes_per_t":49.3515625,"3D Loss Surface":{"path":"media/images/3D Loss Surface_601_63d482d4f135650a0f18.png","format":"png","width":1575,"height":1266,"_type":"image-file","sha256":"63d482d4f135650a0f18cd24308d49da299669fc760eb5fcd8532db8a6ab268f","size":508527},"final_test_acc":0.99609375,"_runtime":102.612264891}