{"train_loss":0.013919488526880741,"val_loss":0.443971186876297,"train_total_spikes":5216,"train_acc":0.99609375,"3D Loss Surface":{"size":505105,"path":"media/images/3D Loss Surface_601_e9f51f1023a274c41fd6.png","format":"png","width":1548,"height":1266,"_type":"image-file","sha256":"e9f51f1023a274c41fd6348c2f8123ff7f1eeeff5361553cbb119f31c938c254"},"final_train_acc":0.99609375,"final_val_acc":0.87109375,"_timestamp":1.746667900518877e+09,"_wandb":{"runtime":61},"train_spikes_per_t":20.375,"val_total_spikes":5166,"val_acc":0.87109375,"final_test_acc":0.8203125,"_runtime":61.606726208,"val_spikes_per_t":20.1796875,"2D Loss Contour":{"size":127882,"path":"media/images/2D Loss Contour_602_75ac3381f2796495d83c.png","format":"png","width":1622,"height":1176,"_type":"image-file","sha256":"75ac3381f2796495d83c32175fb38b0693d7ea7c0dc87e6df07a0dc1be2385e4"},"_step":602}