{"val_loss":0.029541272670030594,"final_test_acc":0.9609375,"train_acc":1,"_runtime":31.816173786,"val_total_spikes":0,"val_spikes_per_t":NaN,"train_total_spikes":0,"final_val_acc":1,"_step":602,"train_loss":0.0009052205714397132,"_wandb":{"runtime":31},"train_spikes_per_t":NaN,"3D Loss Surface":{"width":1575,"height":1266,"_type":"image-file","sha256":"00e5e9751aba47a8d158b8470743cff6c8f706e58af76673a9018b14b83c2487","size":502399,"path":"media/images/3D Loss Surface_601_00e5e9751aba47a8d158.png","format":"png"},"final_train_acc":1,"_timestamp":1.7466105881212592e+09,"val_acc":1,"2D Loss Contour":{"width":1649,"height":1176,"_type":"image-file","sha256":"79bdbf484bea100edf49f03261f2002827d126c63c1478b0faae112fa1ba8b24","size":146304,"path":"media/images/2D Loss Contour_602_79bdbf484bea100edf49.png","format":"png"}}