{"val_acc":0.7578125,"train_spikes_per_t":NaN,"3D Loss Surface":{"_type":"image-file","sha256":"980ab7f9c8021b299c5287aab3b3a6b09fdfc1028ec9c77f7cc1904079f4b95b","size":516871,"path":"media/images/3D Loss Surface_601_980ab7f9c8021b299c52.png","format":"png","width":1548,"height":1266},"2D Loss Contour":{"width":1623,"height":1176,"_type":"image-file","sha256":"b481298bc1cc5b07e716155f3074d2e3a0e209119ae69c114d79487b476fedce","size":129962,"path":"media/images/2D Loss Contour_602_b481298bc1cc5b07e716.png","format":"png"},"val_total_spikes":0,"val_loss":0.7498165369033813,"_step":602,"_timestamp":1.7466041230179784e+09,"train_total_spikes":0,"final_test_acc":0.78125,"val_spikes_per_t":NaN,"final_train_acc":1,"train_acc":1,"train_loss":0.007657878566533327,"_runtime":56.749299829,"_wandb":{"runtime":56},"final_val_acc":0.7578125}