{"2D Loss Contour":{"path":"media/images/2D Loss Contour_602_b40917eed8318417566c.png","format":"png","width":1622,"height":1176,"_type":"image-file","sha256":"b40917eed8318417566c9cb5d91bd01f122de75c5180e193b6abcb332ab5c5aa","size":149313},"train_spikes_per_t":75.125,"final_val_acc":1,"final_test_acc":0.9921875,"train_loss":0.0008126379689201713,"_timestamp":1.7465933292206266e+09,"val_spikes_per_t":73.9140625,"_step":602,"train_total_spikes":19232,"val_acc":1,"train_acc":1,"final_train_acc":1,"_wandb":{"runtime":75},"val_loss":0.004849141463637352,"3D Loss Surface":{"path":"media/images/3D Loss Surface_601_2185ed26114683f0423c.png","format":"png","width":1548,"height":1266,"_type":"image-file","sha256":"2185ed26114683f0423cfa59d782c1784252952495db2a081dd8cea12eca0609","size":361478},"val_total_spikes":18922,"_runtime":75.991726016}