{"val_spikes_per_t":NaN,"_runtime":32.350092243,"val_total_spikes":0,"train_loss":0.0008946418529376388,"final_test_acc":0.9609375,"final_val_acc":1,"train_acc":1,"val_loss":0.028842788189649582,"train_spikes_per_t":NaN,"_step":602,"_timestamp":1.7466140953585305e+09,"3D Loss Surface":{"format":"png","width":1575,"height":1266,"_type":"image-file","sha256":"814508da9db7a4037db5badf80e7e2415df3b933708f8d5899b6a955d69f1c04","size":500425,"path":"media/images/3D Loss Surface_601_814508da9db7a4037db5.png"},"train_total_spikes":0,"_wandb":{"runtime":32},"2D Loss Contour":{"sha256":"34e19b313ac89d1f518297f4c6f4541168d9d08a8ccd033030056729c333a2b3","size":142167,"path":"media/images/2D Loss Contour_602_34e19b313ac89d1f5182.png","format":"png","width":1649,"height":1176,"_type":"image-file"},"val_acc":1,"final_train_acc":1}