{"train_total_spikes":15548,"_runtime":102.387660356,"_wandb":{"runtime":102},"train_spikes_per_t":60.734375,"final_train_acc":1,"val_total_spikes":15467,"train_loss":0.00039680665940977633,"final_test_acc":0.96484375,"_timestamp":1.746652041045923e+09,"final_val_acc":0.96875,"2D Loss Contour":{"height":1176,"_type":"image-file","sha256":"4338b9cb41b43aede6d25a6130d018e47718f4e49a0ec35f6ff9c2e15d68cfd3","size":149398,"path":"media/images/2D Loss Contour_602_4338b9cb41b43aede6d2.png","format":"png","width":1649},"val_loss":0.08105427026748657,"3D Loss Surface":{"width":1575,"height":1266,"_type":"image-file","sha256":"0bfdb62f6556c111e784894ea996578809814ca03bb15e5fece891343a91e732","size":457864,"path":"media/images/3D Loss Surface_601_0bfdb62f6556c111e784.png","format":"png"},"train_acc":1,"val_spikes_per_t":60.41796875,"_step":602,"val_acc":0.96875}