{"train_acc":1,"final_test_acc":0.71875,"2D Loss Contour":{"width":1596,"height":1176,"_type":"image-file","sha256":"b6bbc9af462e6c356f49504287d21effd96192dd60c283dcc76b40d8c0b7ff4b","size":127859,"path":"media/images/2D Loss Contour_602_b6bbc9af462e6c356f49.png","format":"png"},"final_val_acc":0.68359375,"3D Loss Surface":{"sha256":"3add6c3026ea469da5ab58c6456b490a27ba4bebf3dce084be6c75c1989c4e93","size":428522,"path":"media/images/3D Loss Surface_601_3add6c3026ea469da5ab.png","format":"png","width":1522,"height":1266,"_type":"image-file"},"_timestamp":1.746672695567434e+09,"final_train_acc":1,"val_total_spikes":17735,"val_loss":1.8010509014129639,"_wandb":{"runtime":92},"train_total_spikes":17471,"val_acc":0.68359375,"_runtime":92.11632347,"train_spikes_per_t":68.24609375,"train_loss":0.004690819885581732,"val_spikes_per_t":69.27734375,"_step":602}