{"_step":602,"val_loss":1.7710641622543335,"final_val_acc":0.62890625,"2D Loss Contour":{"width":1569,"height":1176,"_type":"image-file","sha256":"8deeb024cddd6896825c6357092d86a91e2b2ff1665efc123a7ab7d7b984366d","size":131010,"path":"media/images/2D Loss Contour_602_8deeb024cddd6896825c.png","format":"png"},"val_total_spikes":10558,"val_acc":0.62890625,"val_spikes_per_t":41.2421875,"train_loss":1.4782103300094604,"3D Loss Surface":{"format":"png","width":1495,"height":1266,"_type":"image-file","sha256":"01fbb201471fd6b410f8b906e7c0ee8265e5eeefc271d0af8e289c42dddd9f69","size":419909,"path":"media/images/3D Loss Surface_601_01fbb201471fd6b410f8.png"},"train_total_spikes":10516,"_wandb":{"runtime":160},"final_train_acc":0.66015625,"train_spikes_per_t":41.078125,"_runtime":160.836684296,"final_test_acc":0.5625,"_timestamp":1.7466756801259315e+09,"train_acc":0.66015625}