{"final_test_acc":0.93359375,"2D Loss Contour":{"size":126404,"path":"media/images/2D Loss Contour_602_572a62f22427a81752c6.png","format":"png","width":1622,"height":1176,"_type":"image-file","sha256":"572a62f22427a81752c6364c7c634543c27c0a8149a640bfc85f952e3f4cfb7f"},"3D Loss Surface":{"path":"media/images/3D Loss Surface_601_f38ea6f134d97877e636.png","format":"png","width":1575,"height":1266,"_type":"image-file","sha256":"f38ea6f134d97877e63604332706f2e7afc77ae4f1a9c996cddf848fbd7f0c50","size":491059},"train_total_spikes":7191,"val_spikes_per_t":27.94921875,"val_total_spikes":7155,"_wandb":{"runtime":161},"final_val_acc":0.91796875,"_runtime":161.478606905,"train_loss":0.02500702440738678,"val_acc":0.91796875,"_timestamp":1.7466776190082228e+09,"val_loss":0.2321965992450714,"final_train_acc":0.9921875,"train_acc":0.9921875,"_step":602,"train_spikes_per_t":28.08984375}