{"train_acc":1,"final_test_acc":0.73828125,"val_loss":1.0506248474121094,"train_total_spikes":0,"2D Loss Contour":{"height":1176,"_type":"image-file","sha256":"a9882daf08f0d40167b1b63c20d4c97b58d11d4fca6a5b20d48e119eeb33ffea","size":132654,"path":"media/images/2D Loss Contour_602_a9882daf08f0d40167b1.png","format":"png","width":1623},"_step":602,"val_total_spikes":0,"train_spikes_per_t":NaN,"val_acc":0.71484375,"train_loss":0.016128549352288246,"_timestamp":1.746671023845235e+09,"final_val_acc":0.71484375,"_runtime":33.504111231,"_wandb":{"runtime":33},"3D Loss Surface":{"size":292126,"path":"media/images/3D Loss Surface_601_d2126bed0442666297d1.png","format":"png","width":1548,"height":1266,"_type":"image-file","sha256":"d2126bed0442666297d1a69e6b75d861736653ba0e19f4a8a83bb925ac961fc7"},"final_train_acc":1,"val_spikes_per_t":NaN}