{"_step":602,"val_spikes_per_t":59.0234375,"_runtime":75.006742215,"train_loss":0.36053407192230225,"val_acc":0.9375,"_timestamp":1.7465825048401308e+09,"final_val_acc":0.9375,"train_spikes_per_t":60.55859375,"2D Loss Contour":{"sha256":"126a484e476af882f8a81b9924acefa51bd7332e5d216c6376748ead78d1573c","size":109847,"path":"media/images/2D Loss Contour_602_126a484e476af882f8a8.png","format":"png","width":1543,"height":1176,"_type":"image-file"},"_wandb":{"runtime":75},"val_loss":0.3644791841506958,"final_test_acc":0.95703125,"train_total_spikes":15503,"final_train_acc":1,"train_acc":1,"3D Loss Surface":{"_type":"image-file","sha256":"c5dca97681954d58091c81e8fdfa1e0f2f1165b93e6ec37f6497d541d0b22d50","size":357647,"path":"media/images/3D Loss Surface_601_c5dca97681954d58091c.png","format":"png","width":1495,"height":1266},"val_total_spikes":15110}