{"2D Loss Contour":{"_type":"image-file","sha256":"83e50d3ef36242daa30223ec36d6ee8032f5b26fc31929a51bcd21fb00c348f4","size":145897,"path":"media/images/2D Loss Contour_602_83e50d3ef36242daa302.png","format":"png","width":1649,"height":1176},"_step":602,"final_test_acc":0.98046875,"final_train_acc":1,"3D Loss Surface":{"_type":"image-file","sha256":"ed6fe6cd6d989bb63ebe42485ad42aaa8e31d74721a949ae739c87f61cc69094","size":476532,"path":"media/images/3D Loss Surface_601_ed6fe6cd6d989bb63ebe.png","format":"png","width":1575,"height":1266},"_runtime":103.279402143,"val_spikes_per_t":62.44921875,"train_total_spikes":15909,"val_acc":0.96484375,"train_acc":1,"train_spikes_per_t":62.14453125,"_timestamp":1.7466578608521082e+09,"train_loss":0.0003728226001840085,"_wandb":{"runtime":103},"val_total_spikes":15987,"val_loss":0.07069114595651627,"final_val_acc":0.96484375}