{"_runtime":57.278792851,"_step":602,"val_acc":0.5703125,"val_total_spikes":0,"final_val_acc":0.5703125,"2D Loss Contour":{"width":1596,"height":1176,"_type":"image-file","sha256":"eb1c2ea08c0e939403af7affc6043d954a0a9ac4c0b3ea6be4bf865e2461716f","size":136954,"path":"media/images/2D Loss Contour_602_eb1c2ea08c0e939403af.png","format":"png"},"val_spikes_per_t":NaN,"final_train_acc":0.640625,"val_loss":0.7905393838882446,"_wandb":{"runtime":57},"final_test_acc":0.5078125,"_timestamp":1.74660227062176e+09,"train_loss":0.7094968557357788,"train_total_spikes":0,"3D Loss Surface":{"sha256":"e3b060fc26e5d42adc119c38997a4e36eabf17b03d4e4b76e6756bdd37fe53ef","size":407121,"path":"media/images/3D Loss Surface_601_e3b060fc26e5d42adc11.png","format":"png","width":1522,"height":1266,"_type":"image-file"},"train_spikes_per_t":NaN,"train_acc":0.640625}