{"_timestamp":1.7466632344718192e+09,"train_loss":0.0007917308248579502,"val_spikes_per_t":65.16796875,"val_total_spikes":16683,"final_test_acc":0.94140625,"train_spikes_per_t":65.484375,"val_acc":0.94921875,"2D Loss Contour":{"sha256":"437de3073d8cd48082437706cda2221b693bb44bbdb1d3a9b5f138d285997a40","size":139041,"path":"media/images/2D Loss Contour_602_437de3073d8cd4808243.png","format":"png","width":1622,"height":1176,"_type":"image-file"},"train_acc":1,"3D Loss Surface":{"sha256":"6afdd0fc8628ea2f11dc6fe9fb46c863a2b0b612e85d9ab0aab9d4c80c782d3f","size":478809,"path":"media/images/3D Loss Surface_601_6afdd0fc8628ea2f11dc.png","format":"png","width":1548,"height":1266,"_type":"image-file"},"final_train_acc":1,"_wandb":{"runtime":102},"val_loss":0.14064328372478485,"_runtime":102.873290147,"final_val_acc":0.94921875,"train_total_spikes":16764,"_step":602}