{"_wandb":{"runtime":91},"train_total_spikes":8053,"_timestamp":1.7466725098027134e+09,"2D Loss Contour":{"_type":"image-file","sha256":"0caf4625b05fb5616902c71d6cdc6aa88c8b2cb6a29431ffc439ed5c7ef5381e","size":118049,"path":"media/images/2D Loss Contour_602_0caf4625b05fb5616902.png","format":"png","width":1596,"height":1176},"3D Loss Surface":{"format":"png","width":1522,"height":1266,"_type":"image-file","sha256":"76a280479414364e7596f7279e0c824ae698ba806d1b0253fc635157c542287f","size":391369,"path":"media/images/3D Loss Surface_601_76a280479414364e7596.png"},"val_acc":0.671875,"_runtime":91.184156416,"val_spikes_per_t":32.578125,"final_test_acc":0.703125,"train_spikes_per_t":31.45703125,"val_loss":1.563653826713562,"train_acc":1,"train_loss":0.007023470941931009,"final_val_acc":0.671875,"final_train_acc":1,"_step":602,"val_total_spikes":8340}