{"_runtime":112.404479602,"val_acc":0.5,"train_loss":20.09916877746582,"_wandb":{"runtime":112},"2D Loss Contour":{"path":"media/images/2D Loss Contour_602_4ba75f9f8495d3865eff.png","format":"png","width":1623,"height":1176,"_type":"image-file","sha256":"4ba75f9f8495d3865effdb7bd2021a88e3d2becf96e198a57154eb2392d10088","size":149869},"final_val_acc":0.5,"3D Loss Surface":{"size":473982,"path":"media/images/3D Loss Surface_601_f6dceb52c987865c60dd.png","format":"png","width":1548,"height":1266,"_type":"image-file","sha256":"f6dceb52c987865c60dd99b81b8aa02e137d0fa28c642441ed499071ba4bf7c0"},"val_loss":19.31395149230957,"val_spikes_per_t":268.01953125,"train_acc":0.48046875,"_step":602,"final_test_acc":0.51953125,"_timestamp":1.7465592596846704e+09,"val_total_spikes":68613,"train_spikes_per_t":270.05859375,"final_train_acc":0.48046875,"train_total_spikes":69135}