{"3D Loss Surface":{"_type":"image-file","sha256":"4aaf1cebdb93059bdf663aada66d78ad2778e15d373572c381c393d57362d285","size":412861,"path":"media/images/3D Loss Surface_601_4aaf1cebdb93059bdf66.png","format":"png","width":1522,"height":1266},"final_train_acc":0.99609375,"train_acc":0.99609375,"val_spikes_per_t":134.359375,"train_loss":0.021747196093201637,"val_total_spikes":34396,"val_loss":0.05663124471902847,"final_test_acc":0.97265625,"_runtime":114.251537379,"train_total_spikes":34025,"_timestamp":1.7465741809376664e+09,"final_val_acc":0.97265625,"_wandb":{"runtime":114},"_step":602,"2D Loss Contour":{"size":132133,"path":"media/images/2D Loss Contour_602_78b7438c0cba9e533822.png","format":"png","width":1596,"height":1176,"_type":"image-file","sha256":"78b7438c0cba9e533822d19f87e3b2f15e4a76648287269aadc483a96380c094"},"train_spikes_per_t":132.91015625,"val_acc":0.97265625}