{"train_total_spikes":0,"val_loss":0.04528157413005829,"train_spikes_per_t":NaN,"val_total_spikes":0,"train_loss":0.0005695956060662866,"val_spikes_per_t":NaN,"_timestamp":1.7466079585446715e+09,"_step":602,"final_train_acc":1,"3D Loss Surface":{"height":1266,"_type":"image-file","sha256":"63507acb684a0b336cca9acd075732e3fb44c18b7e9c2d4ac9b1f120a1af6e8a","size":491731,"path":"media/images/3D Loss Surface_601_63507acb684a0b336cca.png","format":"png","width":1548},"2D Loss Contour":{"sha256":"2303e659bbd6da275ff57501b36da9e8c6d40ccd354b1b966961c6ae1bae78be","size":125144,"path":"media/images/2D Loss Contour_602_2303e659bbd6da275ff5.png","format":"png","width":1623,"height":1176,"_type":"image-file"},"val_acc":0.984375,"final_val_acc":0.984375,"_runtime":32.139286295,"final_test_acc":0.95703125,"_wandb":{"runtime":32},"train_acc":1}