{"_runtime":56.489916521,"val_loss":0.7520052194595337,"train_spikes_per_t":NaN,"3D Loss Surface":{"width":1548,"height":1266,"_type":"image-file","sha256":"506484b087bdf32c22f041259cd24cd3d7c077a75454cc63ef3b49042713e68a","size":418520,"path":"media/images/3D Loss Surface_601_506484b087bdf32c22f0.png","format":"png"},"val_total_spikes":0,"train_total_spikes":0,"_wandb":{"runtime":56},"final_val_acc":0.54296875,"train_acc":0.67578125,"val_acc":0.54296875,"_step":602,"train_loss":0.5962031483650208,"final_test_acc":0.55859375,"2D Loss Contour":{"width":1596,"height":1176,"_type":"image-file","sha256":"43875af03cda3baa0dff550e6c4d3ca85d66190ff58585155a855245e1472472","size":122446,"path":"media/images/2D Loss Contour_602_43875af03cda3baa0dff.png","format":"png"},"val_spikes_per_t":NaN,"final_train_acc":0.67578125,"_timestamp":1.7466562426473775e+09}