{"2D Loss Contour":{"height":1176,"_type":"image-file","sha256":"cec5b324e71f860e8fa7156ce14ec2807469394a24bb926291e1d74adeb414f0","size":117484,"path":"media/images/2D Loss Contour_602_cec5b324e71f860e8fa7.png","format":"png","width":1622},"3D Loss Surface":{"size":379802,"path":"media/images/3D Loss Surface_601_c95e8fbb071b6f520424.png","format":"png","width":1575,"height":1266,"_type":"image-file","sha256":"c95e8fbb071b6f5204249664f6e7a55ca3fc12f77c2990a10c6278768ed93f1f"},"val_total_spikes":0,"val_spikes_per_t":NaN,"_step":602,"final_val_acc":0.59375,"final_train_acc":0.5859375,"train_total_spikes":0,"_runtime":33.149443795,"_timestamp":1.7466710576192305e+09,"train_loss":1.866789698600769,"_wandb":{"runtime":33},"train_spikes_per_t":NaN,"final_test_acc":0.515625,"val_loss":2.3576622009277344,"train_acc":0.5859375,"val_acc":0.59375}