{"train_total_spikes":23079,"_wandb":{"runtime":75},"train_spikes_per_t":90.15234375,"val_loss":0.007847764529287815,"final_test_acc":1,"_runtime":75.480883935,"val_acc":1,"train_acc":1,"final_val_acc":1,"train_loss":0.0005514956428669393,"2D Loss Contour":{"height":1176,"_type":"image-file","sha256":"524c51aaea9596b4e3b17d165bf88554dcbcdb7ca78ec308d58bdb00f82249ac","size":132749,"path":"media/images/2D Loss Contour_602_524c51aaea9596b4e3b1.png","format":"png","width":1622},"_step":602,"val_spikes_per_t":89.01953125,"val_total_spikes":22789,"_timestamp":1.7465887530585723e+09,"final_train_acc":1,"3D Loss Surface":{"sha256":"982050d319d6dc66c16d3cbde64809a146bb9c4ab2007d4d94c4a2dadcac5c6c","size":401259,"path":"media/images/3D Loss Surface_601_982050d319d6dc66c16d.png","format":"png","width":1575,"height":1266,"_type":"image-file"}}