{"2D Loss Contour":{"format":"png","width":1622,"height":1176,"_type":"image-file","sha256":"f77b0ed9a66d1b03f518acd618b80cdacd8046e8ac0d0270606a181d6932eb82","size":139230,"path":"media/images/2D Loss Contour_602_f77b0ed9a66d1b03f518.png"},"final_val_acc":0.76171875,"final_train_acc":0.98828125,"_wandb":{"runtime":56},"val_loss":0.6559187769889832,"3D Loss Surface":{"sha256":"1beade2fd770195ec39510ba90780f26695229aba04dd870d4d166db1772caf9","size":277761,"path":"media/images/3D Loss Surface_601_1beade2fd770195ec395.png","format":"png","width":1522,"height":1266,"_type":"image-file"},"_timestamp":1.7465992028328242e+09,"train_total_spikes":0,"train_spikes_per_t":NaN,"_runtime":56.926687559,"train_acc":0.98828125,"val_total_spikes":0,"val_acc":0.76171875,"_step":602,"final_test_acc":0.80078125,"train_loss":0.08116030693054199,"val_spikes_per_t":NaN}