{"3D Loss Surface":{"sha256":"6eff780130c1b07de5936f420cb77a8dbaa7dc58ec2715298d45eafefd32b97f","size":397247,"path":"media/images/3D Loss Surface_601_6eff780130c1b07de593.png","format":"png","width":1548,"height":1266,"_type":"image-file"},"_step":602,"train_total_spikes":3929,"val_spikes_per_t":15.765625,"_runtime":161.700095916,"_timestamp":1.7466819886608403e+09,"final_train_acc":1,"train_spikes_per_t":15.34765625,"train_acc":1,"final_test_acc":0.93359375,"_wandb":{"runtime":161},"2D Loss Contour":{"_type":"image-file","sha256":"1aafd66f90d31e2d19564f15a96fdf69495bc092e8940e978c338a0eda2e99a8","size":137516,"path":"media/images/2D Loss Contour_602_1aafd66f90d31e2d1956.png","format":"png","width":1649,"height":1176},"val_acc":0.9453125,"train_loss":0.00652787322178483,"val_total_spikes":4036,"val_loss":0.1570499688386917,"final_val_acc":0.9453125}