{"train_total_spikes":18339,"final_val_acc":0.98046875,"val_acc":0.98046875,"val_spikes_per_t":70.69921875,"val_loss":0.048287805169820786,"final_train_acc":1,"train_spikes_per_t":71.63671875,"final_test_acc":0.98828125,"train_loss":0.0007604557322338223,"_wandb":{"runtime":75},"2D Loss Contour":{"height":1176,"_type":"image-file","sha256":"96bce955ed01a317ab3548245eb9800294e2a64aefade11054c07ed3222598dd","size":109622,"path":"media/images/2D Loss Contour_602_96bce955ed01a317ab35.png","format":"png","width":1596},"_runtime":75.602450389,"val_total_spikes":18099,"3D Loss Surface":{"width":1522,"height":1266,"_type":"image-file","sha256":"a51f4031f7e496ab0c218942c66fe5115c0529fafe7c0dc834831d8142d1e041","size":375284,"path":"media/images/3D Loss Surface_601_a51f4031f7e496ab0c21.png","format":"png"},"_step":602,"train_acc":1,"_timestamp":1.746591270749575e+09}