{"final_val_acc":1,"val_acc":1,"_runtime":31.905311953000002,"val_spikes_per_t":NaN,"3D Loss Surface":{"height":1266,"_type":"image-file","sha256":"bf8f4d432e3b27ffd42dea90f6482d57eca224aba0816cfb448284ab3e6d1fb3","size":500670,"path":"media/images/3D Loss Surface_601_bf8f4d432e3b27ffd42d.png","format":"png","width":1575},"train_total_spikes":0,"final_train_acc":1,"train_loss":0.000880223757121712,"val_loss":0.028022468090057373,"2D Loss Contour":{"height":1176,"_type":"image-file","sha256":"94087ad3bb39387880954fc1f1578d80e2e3cb95c5e8bdc6f39a79079603c9b7","size":139189,"path":"media/images/2D Loss Contour_602_94087ad3bb3938788095.png","format":"png","width":1649},"train_spikes_per_t":NaN,"val_total_spikes":0,"_step":602,"train_acc":1,"_timestamp":1.7466125571774669e+09,"final_test_acc":0.9609375,"_wandb":{"runtime":31}}