{"_wandb":{"runtime":96},"train_spikes_per_t":54.2421875,"final_train_acc":0.6328125,"train_acc":0.6328125,"val_spikes_per_t":53.85546875,"final_val_acc":0.53125,"_runtime":96.40939046,"_step":600,"train_total_spikes":13886,"final_test_acc":0.6015625,"val_total_spikes":13787,"val_acc":0.53125,"train_loss":0.7912379503250122,"_timestamp":1.7464699429786465e+09,"val_loss":0.9417581558227539}