{"final_test_acc":0.98828125,"_wandb":{"runtime":114},"train_spikes_per_t":137.5625,"train_acc":1,"3D Loss Surface":{"_type":"image-file","sha256":"672844d8ee2ccbd8d7b44b119e00caf38e111d897c24094db233edc4ecd4cd46","size":409957,"path":"media/images/3D Loss Surface_601_672844d8ee2ccbd8d7b4.png","format":"png","width":1548,"height":1266},"val_spikes_per_t":136.8515625,"val_acc":0.9765625,"_step":602,"train_loss":0.004069468937814236,"val_loss":0.04592225328087807,"val_total_spikes":35034,"train_total_spikes":35216,"final_val_acc":0.9765625,"_timestamp":1.7465687274299011e+09,"2D Loss Contour":{"width":1623,"height":1176,"_type":"image-file","sha256":"ed4a0cb4428560085442bccfa77a158403ef91b94bed2d6230ae98e95fc0fac9","size":126050,"path":"media/images/2D Loss Contour_602_ed4a0cb4428560085442.png","format":"png"},"_runtime":114.279093378,"final_train_acc":1}