{"_runtime":31.948409369,"val_acc":0.98046875,"final_val_acc":0.98046875,"3D Loss Surface":{"_type":"image-file","sha256":"a18ac7e0b1cdaf78b9c227afa045edf66cc59ef748a8ed1d137bbfd07ae17f0f","size":543637,"path":"media/images/3D Loss Surface_601_a18ac7e0b1cdaf78b9c2.png","format":"png","width":1575,"height":1266},"train_total_spikes":0,"train_acc":1,"val_spikes_per_t":NaN,"val_loss":0.0515112429857254,"train_loss":0.0012373640201985836,"_wandb":{"runtime":31},"final_test_acc":0.96484375,"train_spikes_per_t":NaN,"_timestamp":1.7466139970288007e+09,"val_total_spikes":0,"_step":602,"final_train_acc":1,"2D Loss Contour":{"height":1176,"_type":"image-file","sha256":"963542d21699641fa7cec8c1900a8d0e187eea23f39be2ae8a8e14092b2669f0","size":136308,"path":"media/images/2D Loss Contour_602_963542d21699641fa7ce.png","format":"png","width":1649}}