{"_runtime":57.454815104,"_wandb":{"runtime":57},"final_train_acc":1,"3D Loss Surface":{"_type":"image-file","sha256":"8617c4e570af024bfbc275f2627073c8091c3628931b2800387cc85ef2110a3c","size":465460,"path":"media/images/3D Loss Surface_601_8617c4e570af024bfbc2.png","format":"png","width":1522,"height":1266},"train_spikes_per_t":NaN,"2D Loss Contour":{"size":126129,"path":"media/images/2D Loss Contour_602_c6a92df8e1fe34bfbb7c.png","format":"png","width":1623,"height":1176,"_type":"image-file","sha256":"c6a92df8e1fe34bfbb7cb400cf2b656dc14d9e6d3f83612986fb6c10d6d39e9c"},"final_val_acc":0.875,"val_spikes_per_t":NaN,"val_total_spikes":0,"train_loss":0.0034562249202281237,"val_acc":0.875,"train_total_spikes":0,"val_loss":0.47324657440185547,"_step":602,"final_test_acc":0.87890625,"train_acc":1,"_timestamp":1.746604007946356e+09}