{"_timestamp":1.746566324599557e+09,"train_total_spikes":22619,"train_acc":1,"val_total_spikes":22658,"_wandb":{"runtime":113},"2D Loss Contour":{"sha256":"f3b91e85978ed5d0525d7f3e3921fcb4039fa4c41effa15b74de6f287bfec4a3","size":117643,"path":"media/images/2D Loss Contour_602_f3b91e85978ed5d0525d.png","format":"png","width":1623,"height":1176,"_type":"image-file"},"train_spikes_per_t":88.35546875,"val_acc":0.9921875,"_runtime":113.868618393,"_step":602,"val_loss":0.029380857944488525,"val_spikes_per_t":88.5078125,"final_train_acc":1,"final_test_acc":0.98046875,"3D Loss Surface":{"size":473216,"path":"media/images/3D Loss Surface_601_b6e3405f9a124bba2705.png","format":"png","width":1548,"height":1266,"_type":"image-file","sha256":"b6e3405f9a124bba2705ca523e52fd6000b154289ecc4970b7e7a4e79313a1a5"},"train_loss":0.005934561602771282,"final_val_acc":0.9921875}