{"_wandb":{"runtime":113},"final_train_acc":0.51953125,"train_total_spikes":23105,"val_total_spikes":23127,"train_loss":0.3903137147426605,"_runtime":113.901369545,"val_spikes_per_t":90.33984375,"3D Loss Surface":{"size":398580,"path":"media/images/3D Loss Surface_601_efd826fc2828a9fc73d1.png","format":"png","width":1548,"height":1266,"_type":"image-file","sha256":"efd826fc2828a9fc73d16d130f9035f12c450f3f1ac3347bf8c8eafa3904c17f"},"2D Loss Contour":{"size":123620,"path":"media/images/2D Loss Contour_602_d65051a02f32d8ebf880.png","format":"png","width":1623,"height":1176,"_type":"image-file","sha256":"d65051a02f32d8ebf880bade342e4f42bb340e83115b6a5f2b94538c5c170888"},"final_test_acc":0.48046875,"_step":602,"_timestamp":1.7465714781638627e+09,"train_acc":0.51953125,"val_loss":0.47006773948669434,"val_acc":0.5,"train_spikes_per_t":90.25390625,"final_val_acc":0.5}