{"_wandb":{"runtime":32},"2D Loss Contour":{"width":1649,"height":1176,"_type":"image-file","sha256":"3d91003ea2c211e92dffdb2eda9e5212fc0138ab812dbb47b5db78933dd36baa","size":136386,"path":"media/images/2D Loss Contour_602_3d91003ea2c211e92dff.png","format":"png"},"train_spikes_per_t":NaN,"val_acc":0.984375,"val_total_spikes":0,"final_train_acc":1,"3D Loss Surface":{"path":"media/images/3D Loss Surface_601_ab63fc2ff8985dda1eb7.png","format":"png","width":1601,"height":1266,"_type":"image-file","sha256":"ab63fc2ff8985dda1eb71e756607a47b5105a22e000d4f9563c9f7adb908a224","size":531169},"_runtime":32.254485926,"train_loss":0.0008578927372582257,"final_test_acc":0.96484375,"final_val_acc":0.984375,"train_acc":1,"val_loss":0.03899103403091431,"_timestamp":1.7466123280200906e+09,"val_spikes_per_t":NaN,"_step":602,"train_total_spikes":0}