{"final_train_acc":1,"val_total_spikes":18506,"val_acc":0.98046875,"3D Loss Surface":{"path":"media/images/3D Loss Surface_601_a8cb1214d3293b0313bd.png","format":"png","width":1548,"height":1266,"_type":"image-file","sha256":"a8cb1214d3293b0313bd5da035f620bce541867e71f805b67d08f0705a82b4ab","size":296168},"_runtime":75.985268155,"_wandb":{"runtime":75},"2D Loss Contour":{"path":"media/images/2D Loss Contour_602_954c15b01e715f000252.png","format":"png","width":1622,"height":1176,"_type":"image-file","sha256":"954c15b01e715f000252fb9081861f598e96e81ed80086599a96cdb000ae8568","size":149462},"_step":602,"final_val_acc":0.98046875,"_timestamp":1.7465892867378273e+09,"final_test_acc":0.98046875,"val_spikes_per_t":72.2890625,"train_spikes_per_t":72.796875,"val_loss":0.027541764080524445,"train_loss":0.0007598311640322208,"train_total_spikes":18636,"train_acc":1}