{"_runtime":172.63903348,"train_total_spikes":7722,"val_loss":0.47693613171577454,"val_acc":0.8125,"2D Loss Contour":{"format":"png","width":1623,"height":1176,"_type":"image-file","sha256":"45f7efdf7c97f1f7960afd214484ab380f9982d31dceeaa30e3e792ff4cb6aab","size":133183,"path":"media/images/2D Loss Contour_602_45f7efdf7c97f1f7960a.png"},"3D Loss Surface":{"format":"png","width":1522,"height":1266,"_type":"image-file","sha256":"558907ba0b13bf92548a1701193931659b91e0f7dc2106393b5e0f180c214732","size":439361,"path":"media/images/3D Loss Surface_601_558907ba0b13bf92548a.png"},"val_total_spikes":7748,"_step":602,"final_test_acc":0.8125,"_wandb":{"runtime":172},"final_train_acc":1,"train_acc":1,"train_loss":0.012435132637619972,"val_spikes_per_t":30.265625,"_timestamp":1.7466226178098757e+09,"train_spikes_per_t":30.1640625,"final_val_acc":0.8125}