{"val_loss":1.8465776443481445,"final_train_acc":0.640625,"final_test_acc":0.58984375,"_timestamp":1.7464808042315931e+09,"_runtime":183.793532462,"val_spikes_per_t":43.43359375,"train_total_spikes":10996,"train_spikes_per_t":42.953125,"train_loss":1.4603022336959839,"val_total_spikes":11119,"2D Loss Contour":{"sha256":"ecffb9183611f1024cc0c98184bb6f2e02d8d63e97925161c98af694a7d8b9cc","size":127749,"path":"media/images/2D Loss Contour_602_ecffb9183611f1024cc0.png","format":"png","width":1596,"height":1176,"_type":"image-file"},"_wandb":{"runtime":183},"final_val_acc":0.6328125,"train_acc":0.640625,"3D Loss Surface":{"path":"media/images/3D Loss Surface_601_ad17de4209ce7ddeda5b.png","format":"png","width":1495,"height":1266,"_type":"image-file","sha256":"ad17de4209ce7ddeda5b65ff8118d3c47b9a483af50d7d245b687ede973d1fca","size":401653},"val_acc":0.6328125,"_step":602}