{"train_acc":0.51953125,"final_train_acc":0.51953125,"train_loss":0.6931474804878235,"train_spikes_per_t":12.40625,"_step":602,"final_val_acc":0.5,"_timestamp":1.746586924359477e+09,"val_acc":0.5,"_runtime":75.380592458,"3D Loss Surface":{"sha256":"3f9fe86b2ca5dbf0320521526f91b283e944cd771a1003ab02a77d1b44326798","size":403736,"path":"media/images/3D Loss Surface_601_3f9fe86b2ca5dbf03205.png","format":"png","width":1495,"height":1266,"_type":"image-file"},"2D Loss Contour":{"width":1570,"height":1176,"_type":"image-file","sha256":"814b41197ee72eef155687b5fdd67f73e35a372dfec6e572e02b6c806a15cf74","size":105813,"path":"media/images/2D Loss Contour_602_814b41197ee72eef1556.png","format":"png"},"val_total_spikes":3191,"train_total_spikes":3176,"val_loss":0.6931474804878235,"final_test_acc":0.48046875,"_wandb":{"runtime":75},"val_spikes_per_t":12.46484375}