{"val_total_spikes":64094,"val_spikes_per_t":250.3671875,"val_acc":0.5,"_timestamp":1.7465585834570794e+09,"train_spikes_per_t":252.8203125,"_step":602,"_wandb":{"runtime":112},"_runtime":112.025450372,"train_total_spikes":64722,"final_val_acc":0.5,"final_test_acc":0.51953125,"val_loss":17.341163635253906,"final_train_acc":0.48046875,"train_loss":18.054258346557617,"2D Loss Contour":{"height":1176,"_type":"image-file","sha256":"672a185be338a0800bd2084ee5fbcd3a69fed44e9b7ba995a84982f247fb0c45","size":140014,"path":"media/images/2D Loss Contour_602_672a185be338a0800bd2.png","format":"png","width":1622},"train_acc":0.48046875,"3D Loss Surface":{"width":1548,"height":1266,"_type":"image-file","sha256":"51e10806b455b6b790175d3faed1ca90280dc3c2b1275d883f8a8c5baf26c482","size":430570,"path":"media/images/3D Loss Surface_601_51e10806b455b6b79017.png","format":"png"}}