{"_wandb":{"runtime":75},"final_val_acc":0.5,"2D Loss Contour":{"format":"png","width":1596,"height":1176,"_type":"image-file","sha256":"78ce71167ffb8134efa342222de5ec665ab14face50f059a75fa202014de098c","size":133412,"path":"media/images/2D Loss Contour_602_78ce71167ffb8134efa3.png"},"_runtime":75.554178289,"_timestamp":1.7465811341148853e+09,"val_total_spikes":27954,"val_acc":0.5,"train_spikes_per_t":109.44140625,"train_acc":0.48046875,"final_train_acc":0.48046875,"val_spikes_per_t":109.1953125,"final_test_acc":0.51953125,"train_loss":6.317324638366699,"train_total_spikes":28017,"_step":602,"val_loss":6.149869918823242,"3D Loss Surface":{"sha256":"a66a661cd73d5fc5d421a5b28317ad2359b1b5dc65e7f195d3ffe1a8113fc7cd","size":542432,"path":"media/images/3D Loss Surface_601_a66a661cd73d5fc5d421.png","format":"png","width":1522,"height":1266,"_type":"image-file"}}