{"train_total_spikes":23783,"train_spikes_per_t":92.90234375,"train_loss":0.00850207544863224,"2D Loss Contour":{"width":1596,"height":1176,"_type":"image-file","sha256":"30f6ab8e3dfd76be6de977bf9b9b35daebfb8612e1981c0434180793bd181ce0","size":118615,"path":"media/images/2D Loss Contour_602_30f6ab8e3dfd76be6de9.png","format":"png"},"_timestamp":1.7465703319292343e+09,"final_train_acc":1,"final_val_acc":0.99609375,"val_loss":0.02900499477982521,"3D Loss Surface":{"size":379155,"path":"media/images/3D Loss Surface_601_19f813648025e809d886.png","format":"png","width":1548,"height":1266,"_type":"image-file","sha256":"19f813648025e809d886eedf8cdb87b5b0bdc5a6b1b59dab2ec2a8e395712efa"},"_runtime":113.388849893,"val_spikes_per_t":92.234375,"_wandb":{"runtime":113},"val_total_spikes":23612,"train_acc":1,"final_test_acc":0.9765625,"val_acc":0.99609375,"_step":602}