{"train_total_spikes":20944,"3D Loss Surface":{"sha256":"36fa57ae86f577a71e6cbedad003497f2bed349eea3d5b17a719b4b13bebc09f","size":353438,"path":"media/images/3D Loss Surface_601_36fa57ae86f577a71e6c.png","format":"png","width":1548,"height":1266,"_type":"image-file"},"val_loss":0.055573802441358566,"final_val_acc":0.984375,"train_acc":1,"_step":602,"train_loss":0.0023414252791553736,"_runtime":75.535776312,"val_total_spikes":20870,"_wandb":{"runtime":75},"_timestamp":1.7465838762703784e+09,"final_train_acc":1,"val_acc":0.984375,"final_test_acc":0.96875,"2D Loss Contour":{"path":"media/images/2D Loss Contour_602_8142c3603379c8b79ace.png","format":"png","width":1622,"height":1176,"_type":"image-file","sha256":"8142c3603379c8b79ace6dc913aec4dd5f2ba58b0644bed4a40ab70106cd4f08","size":139134},"train_spikes_per_t":81.8125,"val_spikes_per_t":81.5234375}