{"train_spikes_per_t":32.2890625,"_wandb":{"runtime":172},"train_acc":1,"final_train_acc":1,"val_spikes_per_t":32.2421875,"final_val_acc":0.8515625,"val_total_spikes":8254,"train_loss":0.009748912416398525,"_timestamp":1.7466314841870081e+09,"val_acc":0.8515625,"2D Loss Contour":{"path":"media/images/2D Loss Contour_602_550954d13f3f93e99b98.png","format":"png","width":1622,"height":1176,"_type":"image-file","sha256":"550954d13f3f93e99b98901870ecc004f4cdeb78704f6cded8e87d16be548d43","size":136758},"3D Loss Surface":{"path":"media/images/3D Loss Surface_601_e2cf1136e44a6024e3ab.png","format":"png","width":1548,"height":1266,"_type":"image-file","sha256":"e2cf1136e44a6024e3abaf1eb1f199cde31f64240970dfb6d2050aa230f5a655","size":492589},"val_loss":0.3918473720550537,"final_test_acc":0.828125,"_runtime":172.968152033,"train_total_spikes":8266,"_step":602}