{"train_loss":0.0011822638334706426,"val_loss":0.05116778984665871,"val_total_spikes":0,"_wandb":{"runtime":32},"final_train_acc":1,"3D Loss Surface":{"path":"media/images/3D Loss Surface_601_b48ef183ad0f235568c0.png","format":"png","width":1548,"height":1266,"_type":"image-file","sha256":"b48ef183ad0f235568c098b9c60e44dd04a1ff4962d6518d050b1b9c98505312","size":480661},"final_test_acc":0.96484375,"val_acc":0.98046875,"2D Loss Contour":{"sha256":"b0c46842f03a362754b4fd2144b9f073dd850729cc24f3db591548ba8191a7bb","size":140708,"path":"media/images/2D Loss Contour_602_b0c46842f03a362754b4.png","format":"png","width":1649,"height":1176,"_type":"image-file"},"final_val_acc":0.98046875,"train_acc":1,"_step":602,"val_spikes_per_t":NaN,"_runtime":32.185059055,"train_total_spikes":0,"_timestamp":1.7466083529924672e+09,"train_spikes_per_t":NaN}