{"_wandb":{"runtime":91},"final_test_acc":0.4921875,"val_loss":0.9558894038200378,"val_acc":0.53515625,"3D Loss Surface":{"height":1266,"_type":"image-file","sha256":"444432b4bf5f7a7e1cb0fcf0a75fb1a8091bd765fe6b3396c0d0bea48eb2f0d2","size":348689,"path":"media/images/3D Loss Surface_601_444432b4bf5f7a7e1cb0.png","format":"png","width":1522},"train_loss":1.0041545629501343,"train_total_spikes":1871,"_runtime":91.890750605,"_timestamp":1.746673343527664e+09,"train_spikes_per_t":7.30859375,"2D Loss Contour":{"format":"png","width":1596,"height":1176,"_type":"image-file","sha256":"ebf2c5b68b04f9831a9374995f505eb82b2df41276a6b2f91ddda2ff7a602351","size":125428,"path":"media/images/2D Loss Contour_602_ebf2c5b68b04f9831a93.png"},"_step":602,"val_total_spikes":1939,"final_val_acc":0.53515625,"train_acc":0.54296875,"val_spikes_per_t":7.57421875,"final_train_acc":0.54296875}