{"train_loss":0.005328744184225798,"val_acc":0.74609375,"final_train_acc":1,"val_spikes_per_t":NaN,"_runtime":56.668397662,"2D Loss Contour":{"size":134129,"path":"media/images/2D Loss Contour_602_41a3bd1cb984eeb213b5.png","format":"png","width":1622,"height":1176,"_type":"image-file","sha256":"41a3bd1cb984eeb213b5831c98ae8f2040dccbf227cef63ac2350b1d61c37dfe"},"_timestamp":1.7466072490035105e+09,"_wandb":{"runtime":56},"train_acc":1,"final_test_acc":0.7109375,"3D Loss Surface":{"format":"png","width":1548,"height":1266,"_type":"image-file","sha256":"d3382aeacd2987e8aa6c4cf55e50cc52e76101fb2d22a51c8e861682383ab0a6","size":487320,"path":"media/images/3D Loss Surface_601_d3382aeacd2987e8aa6c.png"},"val_loss":0.7327491044998169,"train_total_spikes":0,"train_spikes_per_t":NaN,"final_val_acc":0.74609375,"val_total_spikes":0,"_step":602}