{"train_loss":0.00021536406711675227,"3D Loss Surface":{"width":1575,"height":1266,"_type":"image-file","sha256":"afbf97d872d97c9e7e64cea8bb6d3637f30923ed414c91a566c5beaa9cedf162","size":367116,"path":"media/images/3D Loss Surface_601_afbf97d872d97c9e7e64.png","format":"png"},"val_spikes_per_t":81.48046875,"2D Loss Contour":{"_type":"image-file","sha256":"48e432579a009dbb4f97a00040c12501b6522fd684f1ec22bef04686f8a80836","size":129766,"path":"media/images/2D Loss Contour_602_48e432579a009dbb4f97.png","format":"png","width":1649,"height":1176},"_step":602,"_timestamp":1.7465865434236114e+09,"final_val_acc":0.99609375,"final_train_acc":1,"train_total_spikes":21223,"val_acc":0.99609375,"_runtime":75.251536484,"final_test_acc":0.99609375,"_wandb":{"runtime":75},"train_acc":1,"val_loss":0.00895580742508173,"train_spikes_per_t":82.90234375,"val_total_spikes":20859}