{"3D Loss Surface":{"sha256":"f553017391bf62250bf01c097dabbf3898bbd2ec2ef1296a13e68b11c786f82a","size":422341,"path":"media/images/3D Loss Surface_601_f553017391bf62250bf0.png","format":"png","width":1522,"height":1266,"_type":"image-file"},"final_val_acc":0.56640625,"2D Loss Contour":{"size":135778,"path":"media/images/2D Loss Contour_602_f2b81da93b5e1548a40c.png","format":"png","width":1596,"height":1176,"_type":"image-file","sha256":"f2b81da93b5e1548a40cfcca1bb8f08541e0455379c5c5866670eb418db3c3a8"},"val_spikes_per_t":NaN,"val_loss":2.5054683685302734,"val_acc":0.56640625,"train_spikes_per_t":NaN,"final_test_acc":0.51953125,"_step":602,"train_total_spikes":0,"_wandb":{"runtime":57},"train_loss":0.8611553311347961,"final_train_acc":0.77734375,"train_acc":0.77734375,"_timestamp":1.74660302456324e+09,"_runtime":57.043680681,"val_total_spikes":0}