{"val_acc":0.5078125,"2D Loss Contour":{"width":1596,"height":1176,"_type":"image-file","sha256":"2f0f50a99ae51ffe496285dbf48017ec118a4e98309569387560d77c8e2648f2","size":109945,"path":"media/images/2D Loss Contour_602_2f0f50a99ae51ffe4962.png","format":"png"},"_runtime":76.974569303,"val_loss":1.1621770858764648,"3D Loss Surface":{"format":"png","width":1522,"height":1266,"_type":"image-file","sha256":"4d165406b26dd876ec6ac3a66c05eb5687ad8a012040caf516670b79055335a4","size":358472,"path":"media/images/3D Loss Surface_601_4d165406b26dd876ec6a.png"},"_step":602,"val_total_spikes":27359,"train_spikes_per_t":106.61328125,"final_test_acc":0.4921875,"final_train_acc":0.5546875,"train_loss":0.9407134056091309,"final_val_acc":0.5078125,"_wandb":{"runtime":76},"val_spikes_per_t":106.87109375,"_timestamp":1.7466677760952065e+09,"train_total_spikes":27293,"train_acc":0.5546875}