{"_timestamp":1.74657113503811e+09,"2D Loss Contour":{"height":1176,"_type":"image-file","sha256":"c0c111ebbbf5ec7d12fd6eeb3fbc969a1ca9133e085da7526c3bdf5309c9d722","size":125156,"path":"media/images/2D Loss Contour_602_c0c111ebbbf5ec7d12fd.png","format":"png","width":1596},"3D Loss Surface":{"height":1266,"_type":"image-file","sha256":"71c457f388f1f74b50dfc373c6b5b78b557e2e38b3d69e95f330acf2f5e6fe08","size":453957,"path":"media/images/3D Loss Surface_601_71c457f388f1f74b50df.png","format":"png","width":1522},"val_acc":0.92578125,"_step":602,"train_acc":0.9765625,"train_spikes_per_t":98.578125,"val_loss":0.18070335686206818,"final_test_acc":0.93359375,"_wandb":{"runtime":114},"train_loss":0.0797230526804924,"train_total_spikes":25236,"final_val_acc":0.92578125,"_runtime":114.254708086,"val_spikes_per_t":99.390625,"final_train_acc":0.9765625,"val_total_spikes":25444}