{"train_loss":0.36661437153816223,"train_acc":0.984375,"final_train_acc":0.984375,"val_acc":0.94140625,"_wandb":{"runtime":114},"3D Loss Surface":{"_type":"image-file","sha256":"5170756aa0d0866fb89a83d95442fc412fb19e5dfe6b3a09e12175c626938abb","size":431993,"path":"media/images/3D Loss Surface_601_5170756aa0d0866fb89a.png","format":"png","width":1522,"height":1266},"_runtime":114.525725572,"final_val_acc":0.94140625,"_step":602,"train_total_spikes":28142,"2D Loss Contour":{"height":1176,"_type":"image-file","sha256":"c528302b723ef07d487d787449f559fc36b5784d840957176ff765a879ae5b33","size":118261,"path":"media/images/2D Loss Contour_602_c528302b723ef07d487d.png","format":"png","width":1596},"val_total_spikes":27969,"final_test_acc":0.93359375,"_timestamp":1.7465757912492664e+09,"train_spikes_per_t":109.9296875,"val_loss":0.3965515196323395,"val_spikes_per_t":109.25390625}