{"train_spikes_per_t":NaN,"2D Loss Contour":{"path":"media/images/2D Loss Contour_602_d9f241acab45ea1872ae.png","format":"png","width":1649,"height":1176,"_type":"image-file","sha256":"d9f241acab45ea1872aeac7d90c19f174c3c3e2ab5f6a225f8238e0cdea3ef57","size":137169},"val_acc":0.984375,"_runtime":32.211023256,"_step":602,"val_spikes_per_t":NaN,"3D Loss Surface":{"width":1575,"height":1266,"_type":"image-file","sha256":"556c13ba53e0735493df82b065b9c65c5f7afd6b14f6b479632ce210f285f6ec","size":523274,"path":"media/images/3D Loss Surface_601_556c13ba53e0735493df.png","format":"png"},"val_loss":0.04924847558140755,"train_loss":0.0008456273935735226,"train_total_spikes":0,"final_val_acc":0.984375,"train_acc":1,"final_test_acc":0.94921875,"val_total_spikes":0,"_wandb":{"runtime":32},"_timestamp":1.7466106541845894e+09,"final_train_acc":1}