{"val_loss":0.02192024700343609,"train_acc":1,"_timestamp":1.7465940914774663e+09,"final_test_acc":0.99609375,"train_loss":0.0004493750457186252,"train_spikes_per_t":64.05078125,"val_acc":0.9921875,"_wandb":{"runtime":75},"_runtime":75.526835643,"_step":602,"val_spikes_per_t":63.015625,"2D Loss Contour":{"height":1176,"_type":"image-file","sha256":"736e2034f6bdf3cf3eb4a1ffc6c8f790af2b73f45109a0f9cb47247eb481d8b5","size":145363,"path":"media/images/2D Loss Contour_602_736e2034f6bdf3cf3eb4.png","format":"png","width":1649},"val_total_spikes":16132,"train_total_spikes":16397,"final_val_acc":0.9921875,"3D Loss Surface":{"path":"media/images/3D Loss Surface_601_8b64710871fe6d0a5021.png","format":"png","width":1601,"height":1266,"_type":"image-file","sha256":"8b64710871fe6d0a5021672ed85741fdc438d8b59842bc605933ac6bd2e30010","size":541346},"final_train_acc":1}