{"final_val_acc":0.98046875,"val_acc":0.98046875,"_runtime":113.904075138,"val_total_spikes":27019,"train_loss":0.004040703177452087,"train_spikes_per_t":103.7421875,"_wandb":{"runtime":113},"final_train_acc":1,"train_total_spikes":26558,"_step":602,"val_spikes_per_t":105.54296875,"final_test_acc":0.96875,"2D Loss Contour":{"format":"png","width":1623,"height":1176,"_type":"image-file","sha256":"c2237d6cbb4f2818c1cdcff601b75d049b6b9448dd2a82dfcbb88c648130da32","size":136371,"path":"media/images/2D Loss Contour_602_c2237d6cbb4f2818c1cd.png"},"val_loss":0.03491756319999695,"_timestamp":1.7465729178738818e+09,"3D Loss Surface":{"width":1548,"height":1266,"_type":"image-file","sha256":"1226343c4b0b7eb6b37359268b5638b1d59d3308038d430d07ea1d0f72ae8f6d","size":479750,"path":"media/images/3D Loss Surface_601_1226343c4b0b7eb6b373.png","format":"png"},"train_acc":1}