{"train_acc":0.55078125,"val_total_spikes":126,"_wandb":{"runtime":47},"final_val_acc":0.515625,"train_loss":0.669076681137085,"train_total_spikes":124,"_timestamp":1.7466692680349777e+09,"val_spikes_per_t":0.4921875,"val_loss":0.7593385577201843,"3D Loss Surface":{"path":"media/images/3D Loss Surface_601_a3df648e5a093ee5e951.png","format":"png","width":1464,"height":1266,"_type":"image-file","sha256":"a3df648e5a093ee5e951492409aad6c2492455c1a0b11bc7c97fc32e63078560","size":256076},"2D Loss Contour":{"format":"png","width":1578,"height":1176,"_type":"image-file","sha256":"89d06df65fcde6cd3260a1852e1d67b4c719c34d40109df4966ec926ae3fcdb6","size":126962,"path":"media/images/2D Loss Contour_602_89d06df65fcde6cd3260.png"},"_step":602,"train_spikes_per_t":0.484375,"_runtime":47.383069408,"val_acc":0.515625,"final_test_acc":0.51953125,"final_train_acc":0.55078125}