{"2D Loss Contour":{"width":1596,"height":1176,"_type":"image-file","sha256":"46c5deb9b7fc2ad90fa2c46ce832880eb89722d127aa76b24e2f04ea9c4d7452","size":122187,"path":"media/images/2D Loss Contour_602_46c5deb9b7fc2ad90fa2.png","format":"png"},"_timestamp":1.746626092421802e+09,"_wandb":{"runtime":172},"val_spikes_per_t":41.61328125,"train_total_spikes":10703,"train_spikes_per_t":41.80859375,"train_acc":0.71875,"final_train_acc":0.71875,"train_loss":1.3069076538085938,"final_val_acc":0.5703125,"_runtime":172.566105428,"val_total_spikes":10653,"_step":602,"val_acc":0.5703125,"final_test_acc":0.5625,"val_loss":2.28397798538208,"3D Loss Surface":{"_type":"image-file","sha256":"d88d979f60b871cab348470db5affd4888234d93297decd520dab793c675e276","size":347240,"path":"media/images/3D Loss Surface_601_d88d979f60b871cab348.png","format":"png","width":1522,"height":1266}}