{"val_loss":0.4578072428703308,"_runtime":110.907233764,"3D Loss Surface":{"size":355894,"path":"media/images/3D Loss Surface_601_42c985a8c7f81fd13312.png","format":"png","width":1522,"height":1266,"_type":"image-file","sha256":"42c985a8c7f81fd13312e7a809c5f51a3657ddd58efecb8339a2f5c85b662472"},"final_train_acc":0.97265625,"_timestamp":1.7466521644966078e+09,"train_acc":0.97265625,"val_acc":0.82421875,"val_spikes_per_t":90.76171875,"_step":602,"val_total_spikes":23235,"_wandb":{"runtime":110},"train_loss":0.06554998457431793,"train_total_spikes":23034,"train_spikes_per_t":89.9765625,"final_val_acc":0.82421875,"final_test_acc":0.80859375,"2D Loss Contour":{"width":1596,"height":1176,"_type":"image-file","sha256":"fe7a961f298219f39dba41456ee9ddde1fa1338e8baabc4f14e8f3fc9a2e6659","size":145347,"path":"media/images/2D Loss Contour_602_fe7a961f298219f39dba.png","format":"png"}}