{"_runtime":102.649735733,"_timestamp":1.7466513197578506e+09,"val_loss":0.01717417687177658,"train_total_spikes":15655,"_wandb":{"runtime":102},"val_acc":0.9921875,"val_spikes_per_t":61.15234375,"train_acc":1,"final_val_acc":0.9921875,"train_loss":0.00026560784317553043,"_step":602,"2D Loss Contour":{"path":"media/images/2D Loss Contour_602_71e7ba495e9a60f32f85.png","format":"png","width":1649,"height":1176,"_type":"image-file","sha256":"71e7ba495e9a60f32f8551a3e7c22499893c5c77bf0cff9e0793792dd82face1","size":123878},"final_test_acc":0.98046875,"train_spikes_per_t":61.15234375,"final_train_acc":1,"val_total_spikes":15655,"3D Loss Surface":{"path":"media/images/3D Loss Surface_601_9a20017c722ec749faa3.png","format":"png","width":1575,"height":1266,"_type":"image-file","sha256":"9a20017c722ec749faa3329ae0a199d91de4e413b0155ce4ed9ef30d8e939af3","size":487900}}