{"val_loss":0.7709320783615112,"_wandb":{"runtime":92},"train_spikes_per_t":66.3203125,"_step":602,"val_acc":0.8359375,"final_train_acc":0.98828125,"_runtime":92.253982433,"3D Loss Surface":{"format":"png","width":1522,"height":1266,"_type":"image-file","sha256":"e7c1150f6b26814a17e1eacdf0490a42f30a567cf9bde9b8b252c2f669dda8bd","size":399798,"path":"media/images/3D Loss Surface_601_e7c1150f6b26814a17e1.png"},"train_total_spikes":16978,"final_test_acc":0.8671875,"train_loss":0.03759633004665375,"train_acc":0.98828125,"_timestamp":1.7466726028830173e+09,"final_val_acc":0.8359375,"val_spikes_per_t":66,"2D Loss Contour":{"path":"media/images/2D Loss Contour_602_7afcbb71d82e1aefa747.png","format":"png","width":1569,"height":1176,"_type":"image-file","sha256":"7afcbb71d82e1aefa747c42015707df11f831f9abd8cd836ebeb96b50e0c19d4","size":120579},"val_total_spikes":16896}