{"2D Loss Contour":{"_type":"image-file","sha256":"32dd53af4290b500eb23c7b48cf2dd42ddcb0e2605cc51521f9b906564dd1dec","size":143573,"path":"media/images/2D Loss Contour_602_32dd53af4290b500eb23.png","format":"png","width":1649,"height":1176},"3D Loss Surface":{"_type":"image-file","sha256":"6c6e4e1b16e128de1adbd1cf6b8619040e0d277e7002152d8768887cdf0f5797","size":463297,"path":"media/images/3D Loss Surface_601_6c6e4e1b16e128de1adb.png","format":"png","width":1455,"height":1266},"_wandb":{"runtime":32},"train_spikes_per_t":NaN,"_step":602,"final_test_acc":0.8359375,"train_acc":0.984375,"train_loss":0.32119229435920715,"_runtime":32.369833118,"train_total_spikes":0,"_timestamp":1.746607728341799e+09,"val_loss":0.6591403484344482,"final_val_acc":0.875,"val_total_spikes":0,"val_spikes_per_t":NaN,"val_acc":0.875,"final_train_acc":0.984375}