{"val_spikes_per_t":57.03515625,"3D Loss Surface":{"height":1266,"_type":"image-file","sha256":"c3a6591e31c823c0ea489d535d1eda0eb0557b47aad2edfc52e4d5ec72e2994f","size":535540,"path":"media/images/3D Loss Surface_601_c3a6591e31c823c0ea48.png","format":"png","width":1601},"train_total_spikes":14772,"final_test_acc":0.97265625,"_wandb":{"runtime":104},"_timestamp":1.7466694515214348e+09,"train_acc":1,"val_loss":0.016752133145928383,"_runtime":104.110272335,"final_train_acc":1,"final_val_acc":0.99609375,"val_acc":0.99609375,"val_total_spikes":14601,"train_loss":0.00018968772201333195,"2D Loss Contour":{"path":"media/images/2D Loss Contour_602_fec0d7099e973c5890da.png","format":"png","width":1649,"height":1176,"_type":"image-file","sha256":"fec0d7099e973c5890da7ae797d36588c43663fcdd5875f11aab7ef69260d042","size":118648},"train_spikes_per_t":57.703125,"_step":602}