{"_step":602,"_timestamp":1.7466758417920136e+09,"final_val_acc":0.86328125,"train_loss":0.007381589151918888,"2D Loss Contour":{"_type":"image-file","sha256":"8dc189affa9854a101df3a35493fa933e124a66a5eec71037d903f27d2d9575c","size":135434,"path":"media/images/2D Loss Contour_602_8dc189affa9854a101df.png","format":"png","width":1622,"height":1176},"val_spikes_per_t":5.6796875,"val_loss":0.4154116213321686,"train_spikes_per_t":5.6796875,"train_total_spikes":1454,"val_total_spikes":1454,"3D Loss Surface":{"path":"media/images/3D Loss Surface_601_b1a0636e5eb45ca86218.png","format":"png","width":1548,"height":1266,"_type":"image-file","sha256":"b1a0636e5eb45ca862188c062e789e03a8dd8f05c4b87f11efb6482edf11b0ac","size":319988},"val_acc":0.86328125,"final_test_acc":0.85546875,"final_train_acc":1,"train_acc":1,"_runtime":160.990581534,"_wandb":{"runtime":160}}