{"train_spikes_per_t":23.6796875,"_runtime":76.810899476,"final_val_acc":0.5,"_wandb":{"runtime":76},"train_acc":0.51953125,"val_total_spikes":6079,"_timestamp":1.7465808256693385e+09,"final_train_acc":0.51953125,"_step":602,"train_loss":0.6715925931930542,"2D Loss Contour":{"size":108744,"path":"media/images/2D Loss Contour_602_84cafb37e3532a103a7f.png","format":"png","width":1503,"height":1176,"_type":"image-file","sha256":"84cafb37e3532a103a7f69556b3f3a1f1ac7c6132d2cb65e08665cf16b92b9dc"},"val_spikes_per_t":23.74609375,"train_total_spikes":6062,"3D Loss Surface":{"height":1266,"_type":"image-file","sha256":"ae99e09e97e8aede6300d351e562db9a3e145a7019b45f8ec2e6dc5c74103095","size":463175,"path":"media/images/3D Loss Surface_601_ae99e09e97e8aede6300.png","format":"png","width":1456},"final_test_acc":0.48046875,"val_loss":0.6921975016593933,"val_acc":0.5}