{"final_val_acc":0.53515625,"val_acc":0.53515625,"_wandb":{"runtime":33},"_runtime":33.424353654,"3D Loss Surface":{"sha256":"fca04fcac3621ff651c873c74d526ed122c5d268a53b9ce3967f5d2135dfbfca","size":306259,"path":"media/images/3D Loss Surface_601_fca04fcac3621ff651c8.png","format":"png","width":1522,"height":1266,"_type":"image-file"},"2D Loss Contour":{"path":"media/images/2D Loss Contour_602_c11393d97f5bded457fd.png","format":"png","width":1569,"height":1176,"_type":"image-file","sha256":"c11393d97f5bded457fdd80c0bf3d80df7f7d04490b378365656cbd9a3eadb13","size":117592},"train_loss":5.484556674957275,"_timestamp":1.7466710917323897e+09,"train_spikes_per_t":NaN,"val_total_spikes":0,"train_acc":0.5234375,"final_test_acc":0.5,"val_spikes_per_t":NaN,"train_total_spikes":0,"val_loss":4.554001331329346,"final_train_acc":0.5234375,"_step":602}