{"train_acc":0.83203125,"_wandb":{"runtime":56},"final_val_acc":0.62109375,"final_test_acc":0.5859375,"val_acc":0.62109375,"train_total_spikes":0,"val_total_spikes":0,"train_spikes_per_t":NaN,"3D Loss Surface":{"height":1266,"_type":"image-file","sha256":"b43f74a54a8810ad3da5e0f6ba4ecd102983dc36dae8dce9b068cfb38be1a317","size":410029,"path":"media/images/3D Loss Surface_601_b43f74a54a8810ad3da5.png","format":"png","width":1548},"_timestamp":1.7466021537946377e+09,"_runtime":56.742443091,"final_train_acc":0.83203125,"2D Loss Contour":{"height":1176,"_type":"image-file","sha256":"1056cd0bab95f450b80fa34fc1906fcaa6e2e8c863b08f1cc772f5bd919b70a9","size":137534,"path":"media/images/2D Loss Contour_602_1056cd0bab95f450b80f.png","format":"png","width":1649},"train_loss":0.3518729507923126,"val_loss":0.9393678903579712,"val_spikes_per_t":NaN,"_step":602}