{"val_spikes_per_t":NaN,"val_acc":0.765625,"train_loss":0.004736754111945629,"_runtime":57.189151469,"final_val_acc":0.765625,"train_total_spikes":0,"_step":602,"_wandb":{"runtime":57},"train_acc":1,"train_spikes_per_t":NaN,"3D Loss Surface":{"sha256":"cce13ecc2fa3143a07076f2a833eaaa60876a654fc7b65dfb3c368bf9c2c957a","size":517842,"path":"media/images/3D Loss Surface_601_cce13ecc2fa3143a0707.png","format":"png","width":1548,"height":1266,"_type":"image-file"},"final_train_acc":1,"final_test_acc":0.7734375,"_timestamp":1.7466055136304932e+09,"2D Loss Contour":{"height":1176,"_type":"image-file","sha256":"29a7ed78f19f6d6938796e734e0a7090d3f3e2e62d97bee6de47e391437fd24a","size":123819,"path":"media/images/2D Loss Contour_602_29a7ed78f19f6d693879.png","format":"png","width":1622},"val_loss":0.6928318738937378,"val_total_spikes":0}