{"val_loss":0.020788025110960007,"train_spikes_per_t":65.41796875,"val_acc":0.9921875,"train_total_spikes":16747,"train_loss":0.0006545161595568061,"3D Loss Surface":{"path":"media/images/3D Loss Surface_601_42e8e824bd6ba26f0ee8.png","format":"png","width":1548,"height":1266,"_type":"image-file","sha256":"42e8e824bd6ba26f0ee81c494ab833d77c764fe303a2be8fd342f5f057c81386","size":311280},"final_test_acc":0.9921875,"train_acc":1,"2D Loss Contour":{"_type":"image-file","sha256":"1a56045bf83aae1b47f4b4c8ad20f13068519b6b98aa72cb8e5336a77e17516c","size":142483,"path":"media/images/2D Loss Contour_602_1a56045bf83aae1b47f4.png","format":"png","width":1649,"height":1176},"final_train_acc":1,"_wandb":{"runtime":75},"val_spikes_per_t":64.3203125,"_runtime":75.585136515,"final_val_acc":0.9921875,"_timestamp":1.746582047747369e+09,"val_total_spikes":16466,"_step":602}