{"_step":602,"val_acc":0.93359375,"_timestamp":1.7466283565444255e+09,"train_total_spikes":12939,"final_train_acc":0.99609375,"val_spikes_per_t":49.82421875,"2D Loss Contour":{"height":1176,"_type":"image-file","sha256":"66126fc1b850e4c01d54cd2410c6767ce12378c34065e265b8b1b3a6a326367d","size":140059,"path":"media/images/2D Loss Contour_602_66126fc1b850e4c01d54.png","format":"png","width":1623},"train_acc":0.99609375,"_runtime":172.685151358,"val_total_spikes":12755,"_wandb":{"runtime":172},"train_loss":0.024580564349889755,"final_val_acc":0.93359375,"final_test_acc":0.9296875,"3D Loss Surface":{"format":"png","width":1548,"height":1266,"_type":"image-file","sha256":"4ae13638544444ceb75a5b9b6a3d30710db39b4027a0ec8e2b153ed9f4d98c60","size":416199,"path":"media/images/3D Loss Surface_601_4ae13638544444ceb75a.png"},"val_loss":0.1290278136730194,"train_spikes_per_t":50.54296875}