{"final_train_acc":0.5625,"final_val_acc":0.52734375,"val_loss":0.700941801071167,"_step":602,"val_spikes_per_t":14.37890625,"train_acc":0.5625,"train_spikes_per_t":14.81640625,"final_test_acc":0.50390625,"2D Loss Contour":{"format":"png","width":1622,"height":1176,"_type":"image-file","sha256":"4a4e7a5c18058bfdb602ab402df9eac73d1eafeab8f3fad473cd8cfdd94d77b1","size":132189,"path":"media/images/2D Loss Contour_602_4a4e7a5c18058bfdb602.png"},"val_acc":0.52734375,"val_total_spikes":3681,"_timestamp":1.746678264666307e+09,"train_loss":0.6882027983665466,"_wandb":{"runtime":160},"train_total_spikes":3793,"_runtime":160.350802285,"3D Loss Surface":{"_type":"image-file","sha256":"b250cb4d9af69ff1a9e8fc97413f380fe3373de234d155cd1163e052ac87aeb4","size":468860,"path":"media/images/3D Loss Surface_601_b250cb4d9af69ff1a9e8.png","format":"png","width":1575,"height":1266}}