{"2D Loss Contour":{"path":"media/images/2D Loss Contour_602_3a0257c73637cfbfda41.png","format":"png","width":1570,"height":1176,"_type":"image-file","sha256":"3a0257c73637cfbfda4129cfbb529cdd56dad9b4d08c587bfc0e36947f202bb6","size":123565},"train_acc":1,"train_spikes_per_t":42.78125,"val_spikes_per_t":44.99609375,"3D Loss Surface":{"sha256":"4bfa108b55d93ac9a78e1e72022bd2f27e8115eb70b1940644f7a6180d90f4ee","size":343640,"path":"media/images/3D Loss Surface_601_4bfa108b55d93ac9a78e.png","format":"png","width":1495,"height":1266,"_type":"image-file"},"val_total_spikes":11519,"val_acc":0.83203125,"final_train_acc":1,"train_total_spikes":10952,"final_test_acc":0.83984375,"val_loss":0.4437372386455536,"train_loss":0.012353489175438881,"final_val_acc":0.83203125,"_wandb":{"runtime":160},"_timestamp":1.7466732601697392e+09,"_step":602,"_runtime":160.245515425}