{"train_loss":0.14064688980579376,"train_spikes_per_t":105.12109375,"_step":602,"val_acc":0.65625,"val_spikes_per_t":105.24609375,"_timestamp":1.7466613564517767e+09,"final_test_acc":0.63671875,"_runtime":101.241856387,"train_acc":0.83203125,"final_train_acc":0.83203125,"val_loss":1.0330827236175537,"final_val_acc":0.65625,"train_total_spikes":26911,"2D Loss Contour":{"size":127072,"path":"media/images/2D Loss Contour_602_88f81c02615a56928914.png","format":"png","width":1623,"height":1176,"_type":"image-file","sha256":"88f81c02615a56928914243f0b468917e1bd0b8d17489438aa3cdb40447adcf9"},"3D Loss Surface":{"format":"png","width":1575,"height":1266,"_type":"image-file","sha256":"47ddd548915702924ab6e5833dde6920da36c18185724a6b70ead97422e175bc","size":379573,"path":"media/images/3D Loss Surface_601_47ddd548915702924ab6.png"},"val_total_spikes":26943,"_wandb":{"runtime":101}}