{"_step":602,"_timestamp":1.7466138002927523e+09,"3D Loss Surface":{"path":"media/images/3D Loss Surface_601_bee31fd105fe576cfe52.png","format":"png","width":1575,"height":1266,"_type":"image-file","sha256":"bee31fd105fe576cfe52eebb00794702e40dfc39aa2fbd89c486f38ef4613d26","size":485114},"val_loss":0.05023382231593132,"train_spikes_per_t":NaN,"val_spikes_per_t":NaN,"train_acc":1,"_wandb":{"runtime":31},"val_acc":0.98046875,"final_test_acc":0.96875,"2D Loss Contour":{"_type":"image-file","sha256":"5011a78d1317c04e70cad9f409cff9b469efe18769777b8a9cd69b271801974b","size":155873,"path":"media/images/2D Loss Contour_602_5011a78d1317c04e70ca.png","format":"png","width":1649,"height":1176},"final_train_acc":1,"train_loss":0.0007631434709765017,"_runtime":31.839278214,"train_total_spikes":0,"val_total_spikes":0,"final_val_acc":0.98046875}