{"_runtime":57.184136464,"val_loss":0.3540631830692291,"final_test_acc":0.8984375,"2D Loss Contour":{"width":1622,"height":1176,"_type":"image-file","sha256":"c3a6cb7f581f6946b605fcb4298e51e9c6068b4ff348a79c7254f9fb383bad02","size":133382,"path":"media/images/2D Loss Contour_602_c3a6cb7f581f6946b605.png","format":"png"},"train_total_spikes":0,"train_acc":1,"val_total_spikes":0,"train_loss":0.004071576055139303,"final_val_acc":0.8515625,"final_train_acc":1,"val_acc":0.8515625,"val_spikes_per_t":NaN,"train_spikes_per_t":NaN,"3D Loss Surface":{"format":"png","width":1548,"height":1266,"_type":"image-file","sha256":"15a45d0e6d3ae94985a0a7395ad448d00e628ed504a9e6018d10dfb793386acb","size":475023,"path":"media/images/3D Loss Surface_601_15a45d0e6d3ae94985a0.png"},"_wandb":{"runtime":57},"_step":602,"_timestamp":1.7466001870925522e+09}