{"_wandb":{"runtime":161},"2D Loss Contour":{"_type":"image-file","sha256":"b353ce2f44c5b1cf47397c256a9b5c7e1a14d8acca8811231783c42aeac59e0c","size":126622,"path":"media/images/2D Loss Contour_602_b353ce2f44c5b1cf4739.png","format":"png","width":1622,"height":1176},"train_loss":0.005705845542252064,"final_train_acc":1,"val_total_spikes":4187,"_timestamp":1.7466871794639313e+09,"val_acc":0.96875,"3D Loss Surface":{"format":"png","width":1548,"height":1266,"_type":"image-file","sha256":"0b591a08c8b9562f3c4831fdfae288dba967c66f9691a9e3150648012211de3c","size":524719,"path":"media/images/3D Loss Surface_601_0b591a08c8b9562f3c48.png"},"val_spikes_per_t":16.35546875,"train_acc":1,"_runtime":161.406637015,"_step":602,"train_total_spikes":4170,"final_test_acc":0.96875,"train_spikes_per_t":16.2890625,"val_loss":0.08712944388389587,"final_val_acc":0.96875}