{"train_loss":0.23279571533203125,"train_acc":0.890625,"_wandb":{"runtime":160},"_timestamp":1.7466748734891663e+09,"val_spikes_per_t":19.20703125,"val_acc":0.8046875,"2D Loss Contour":{"path":"media/images/2D Loss Contour_602_6bd3a83616fdef82d178.png","format":"png","width":1596,"height":1176,"_type":"image-file","sha256":"6bd3a83616fdef82d178689b8d42c4d37779f7a356a2a3a4bccf34a1da10febb","size":143289},"3D Loss Surface":{"_type":"image-file","sha256":"3a30319dde5ad00702909ffe79172af408795e778b272f8526ce0c2403abaa3a","size":407534,"path":"media/images/3D Loss Surface_601_3a30319dde5ad0070290.png","format":"png","width":1548,"height":1266},"val_total_spikes":4917,"_step":602,"final_val_acc":0.8046875,"train_total_spikes":4866,"_runtime":160.768866795,"val_loss":0.5694220066070557,"final_test_acc":0.703125,"final_train_acc":0.890625,"train_spikes_per_t":19.0078125}