{"train_total_spikes":20090,"final_train_acc":0.65625,"final_val_acc":0.60546875,"_wandb":{"runtime":86},"val_spikes_per_t":79.9296875,"val_acc":0.60546875,"3D Loss Surface":{"height":1266,"_type":"image-file","sha256":"83df3d93756b24ffcd6f6b90452f33cdfa1012e52f42f1523152140d6d4ebc13","size":479177,"path":"media/images/3D Loss Surface_601_83df3d93756b24ffcd6f.png","format":"png","width":1522},"val_total_spikes":20462,"val_loss":1.6078985929489136,"_runtime":86.887999735,"train_acc":0.65625,"2D Loss Contour":{"sha256":"c50c6be9c9285c149b549e17957d3f110bc88b91de679261cebb3c3e5f93473a","size":138793,"path":"media/images/2D Loss Contour_602_c50c6be9c9285c149b54.png","format":"png","width":1596,"height":1176,"_type":"image-file"},"train_loss":1.5233858823776245,"_step":602,"train_spikes_per_t":78.4765625,"_timestamp":1.7466756907148654e+09,"final_test_acc":0.55859375}