{"train_loss":0.011384017765522003,"val_total_spikes":5595,"final_val_acc":0.81640625,"final_test_acc":0.83984375,"val_loss":0.5299838185310364,"2D Loss Contour":{"size":109247,"path":"media/images/2D Loss Contour_602_44d261e8dccc9eb4d928.png","format":"png","width":1596,"height":1176,"_type":"image-file","sha256":"44d261e8dccc9eb4d92806d65a78887f4e1aefc06a19c086310e95d2ecc3b93a"},"_timestamp":1.7466597632203062e+09,"train_acc":1,"_step":602,"_runtime":168.878751416,"3D Loss Surface":{"sha256":"10bbab1d1d4e75a17214ba659e36b4f9a75a6cb8a4bf50e0549c326e09db856b","size":411132,"path":"media/images/3D Loss Surface_601_10bbab1d1d4e75a17214.png","format":"png","width":1522,"height":1266,"_type":"image-file"},"_wandb":{"runtime":168},"train_total_spikes":5623,"final_train_acc":1,"val_spikes_per_t":21.85546875,"train_spikes_per_t":21.96484375,"val_acc":0.81640625}