{"_runtime":111.88364415,"final_test_acc":0.47265625,"_timestamp":1.7465583583041158e+09,"_wandb":{"runtime":111},"val_spikes_per_t":111.09375,"_step":602,"train_acc":0.484375,"train_spikes_per_t":110.765625,"final_train_acc":0.484375,"3D Loss Surface":{"width":1495,"height":1266,"_type":"image-file","sha256":"22290f94ea455d4a39c23b4eedf5fc9c29b29cbf147864d1c805417d18f1bb63","size":351516,"path":"media/images/3D Loss Surface_601_22290f94ea455d4a39c2.png","format":"png"},"train_loss":1.8287172317504883,"train_total_spikes":28356,"val_loss":2.115076780319214,"val_acc":0.39453125,"final_val_acc":0.39453125,"2D Loss Contour":{"_type":"image-file","sha256":"16dde055eb25b81a7fd2316a715845bb87e7ad22c38b0cb43ce4a151e61ef1c3","size":125259,"path":"media/images/2D Loss Contour_602_16dde055eb25b81a7fd2.png","format":"png","width":1569,"height":1176},"val_total_spikes":28440}