{"_wandb":{"runtime":57},"train_total_spikes":0,"final_train_acc":0.7265625,"3D Loss Surface":{"_type":"image-file","sha256":"4c88f3229e9ce0f1b61aeebe43b88356ffafe21c0110249c577ee08183c1b724","size":479245,"path":"media/images/3D Loss Surface_601_4c88f3229e9ce0f1b61a.png","format":"png","width":1548,"height":1266},"_runtime":57.3270973,"final_test_acc":0.625,"train_acc":0.7265625,"train_spikes_per_t":NaN,"final_val_acc":0.58984375,"val_loss":0.7347592711448669,"2D Loss Contour":{"sha256":"19ca839c03111df6a9bd5e66456399f34467caadec100a25ba396e1fac5b4b94","size":130313,"path":"media/images/2D Loss Contour_602_19ca839c03111df6a9bd.png","format":"png","width":1622,"height":1176,"_type":"image-file"},"val_total_spikes":0,"_step":602,"val_spikes_per_t":NaN,"val_acc":0.58984375,"train_loss":0.536328136920929,"_timestamp":1.7465993770948236e+09}