{"train_acc":0.95703125,"val_loss":0.4121692180633545,"_timestamp":1.7466672713687375e+09,"train_total_spikes":14328,"final_train_acc":0.95703125,"train_spikes_per_t":55.96875,"val_acc":0.828125,"train_loss":0.1494685411453247,"_runtime":103.384769805,"val_total_spikes":14269,"_wandb":{"runtime":103},"val_spikes_per_t":55.73828125,"_step":602,"final_test_acc":0.8046875,"3D Loss Surface":{"size":396043,"path":"media/images/3D Loss Surface_601_3e994f37a07b45d6f417.png","format":"png","width":1522,"height":1266,"_type":"image-file","sha256":"3e994f37a07b45d6f41796fe1ff84f3d581df4adeec464a2135f0628da281215"},"final_val_acc":0.828125,"2D Loss Contour":{"size":144227,"path":"media/images/2D Loss Contour_602_e59712c5c96c6813df97.png","format":"png","width":1622,"height":1176,"_type":"image-file","sha256":"e59712c5c96c6813df970d6534123ea3648ea96a49c376d6207989b56f8f7287"}}