{"final_test_acc":0.69921875,"train_acc":0.8359375,"val_total_spikes":5264,"2D Loss Contour":{"width":1649,"height":1176,"_type":"image-file","sha256":"a1c08310816a9ab03af81f01f1dc14d42e731ca133e985769edd50bd601ebad4","size":147527,"path":"media/images/2D Loss Contour_602_a1c08310816a9ab03af8.png","format":"png"},"final_train_acc":0.8359375,"_timestamp":1.7466902702788143e+09,"train_total_spikes":5267,"val_loss":0.5651903748512268,"train_loss":0.3960016965866089,"train_spikes_per_t":20.57421875,"_runtime":162.189034294,"val_spikes_per_t":20.5625,"3D Loss Surface":{"size":456144,"path":"media/images/3D Loss Surface_601_6c256db38052af2f8e0f.png","format":"png","width":1548,"height":1266,"_type":"image-file","sha256":"6c256db38052af2f8e0f728688819ed89e545e0fca401936ed6b8bb7db2b6c51"},"val_acc":0.69140625,"_wandb":{"runtime":162},"_step":602,"final_val_acc":0.69140625}