{"_step":602,"train_spikes_per_t":16.21875,"final_val_acc":0.85546875,"val_total_spikes":4225,"train_acc":1,"2D Loss Contour":{"format":"png","width":1622,"height":1176,"_type":"image-file","sha256":"65f0d8837253cf2b2e4d8e8de1380a123e6ecaa314b6ac3a00489677c74b7283","size":113275,"path":"media/images/2D Loss Contour_602_65f0d8837253cf2b2e4d.png"},"train_loss":0.018337804824113846,"val_loss":0.32257142663002014,"3D Loss Surface":{"_type":"image-file","sha256":"4c9e9a0513d4baef5cdb25c9c19bfeff7963806040446ef103fff7fb5a92bbae","size":446733,"path":"media/images/3D Loss Surface_601_4c9e9a0513d4baef5cdb.png","format":"png","width":1548,"height":1266},"final_train_acc":1,"train_total_spikes":4152,"_runtime":161.034588145,"final_test_acc":0.8359375,"_wandb":{"runtime":161},"_timestamp":1.746696283301602e+09,"val_spikes_per_t":16.50390625,"val_acc":0.85546875}