{"_step":602,"train_acc":1,"final_val_acc":0.890625,"train_loss":0.0044107637368142605,"train_total_spikes":0,"2D Loss Contour":{"width":1623,"height":1176,"_type":"image-file","sha256":"eac29b8f5e90d3337dcdacf94b7e572715efcb3666c8a98d7ebc01bd968f209b","size":139688,"path":"media/images/2D Loss Contour_602_eac29b8f5e90d3337dcd.png","format":"png"},"val_spikes_per_t":NaN,"_timestamp":1.7466004190783358e+09,"3D Loss Surface":{"_type":"image-file","sha256":"608bf8f1b90ece08a2f5e03426bde70b02e8378055531a29f017b3588ba5f8d7","size":510232,"path":"media/images/3D Loss Surface_601_608bf8f1b90ece08a2f5.png","format":"png","width":1575,"height":1266},"train_spikes_per_t":NaN,"_wandb":{"runtime":56},"final_train_acc":1,"val_loss":0.25857192277908325,"final_test_acc":0.88671875,"val_total_spikes":0,"val_acc":0.890625,"_runtime":56.910221347}