{"_runtime":32.326759889,"final_val_acc":0.953125,"final_test_acc":0.9296875,"final_train_acc":1,"train_loss":0.006021598353981972,"_step":602,"_wandb":{"runtime":32},"train_spikes_per_t":NaN,"2D Loss Contour":{"sha256":"e28bc8f829cf8cd957d78c3cc56e21f9d0b40c0fc8ef0c4412a2e2525761f91a","size":139916,"path":"media/images/2D Loss Contour_602_e28bc8f829cf8cd957d7.png","format":"png","width":1649,"height":1176,"_type":"image-file"},"3D Loss Surface":{"path":"media/images/3D Loss Surface_601_bb0a6d2a727406edc779.png","format":"png","width":1575,"height":1266,"_type":"image-file","sha256":"bb0a6d2a727406edc77921211f22346a968b0ec2bcc066e58bd5dad49c6e4a2e","size":334661},"_timestamp":1.7464834221835563e+09,"train_acc":1,"val_spikes_per_t":NaN,"val_total_spikes":0,"val_loss":0.10278450697660446,"train_total_spikes":0,"val_acc":0.953125}