{"train_spikes_per_t":34.3359375,"val_loss":0.15243472158908844,"final_train_acc":1,"_step":602,"train_total_spikes":8790,"final_val_acc":0.94140625,"train_acc":1,"val_total_spikes":8701,"final_test_acc":0.94140625,"2D Loss Contour":{"format":"png","width":1596,"height":1176,"_type":"image-file","sha256":"be134d12a895cf03b9e2fff31da55c4b7f46ddddd15fc1954fdeb22f41f7a74e","size":104361,"path":"media/images/2D Loss Contour_602_be134d12a895cf03b9e2.png"},"val_spikes_per_t":33.98828125,"_timestamp":1.746632697701327e+09,"_wandb":{"runtime":173},"val_acc":0.94140625,"3D Loss Surface":{"sha256":"9814fb308658e31f5609dde8a8744e7eedb33c9014e823ea47f06b2aa4b5b2a7","size":439634,"path":"media/images/3D Loss Surface_601_9814fb308658e31f5609.png","format":"png","width":1548,"height":1266,"_type":"image-file"},"_runtime":173.289891078,"train_loss":0.006635211408138275}