{"train_loss":4.606509685516357,"_timestamp":1.7466635764100132e+09,"train_total_spikes":15335,"final_test_acc":0.51171875,"final_train_acc":0.578125,"_runtime":156.483765776,"val_total_spikes":15486,"train_spikes_per_t":59.90234375,"_wandb":{"runtime":156},"_step":602,"train_acc":0.578125,"val_spikes_per_t":60.4921875,"3D Loss Surface":{"height":1266,"_type":"image-file","sha256":"611fc71cddae77b00028f4aa1a0375a5b888851e7a0f821a67bd0adb0aadbe9b","size":405750,"path":"media/images/3D Loss Surface_601_611fc71cddae77b00028.png","format":"png","width":1495},"val_loss":5.09482479095459,"2D Loss Contour":{"format":"png","width":1570,"height":1176,"_type":"image-file","sha256":"a3d6aa8db66fdc3e3081150a1fce5ce3e7abe89193f096a15728c7f4220273b2","size":131314,"path":"media/images/2D Loss Contour_602_a3d6aa8db66fdc3e3081.png"},"val_acc":0.52734375,"final_val_acc":0.52734375}