{"final_val_acc":0.98828125,"_runtime":32.067030761,"val_acc":0.98828125,"val_total_spikes":0,"_timestamp":1.746612983562368e+09,"2D Loss Contour":{"format":"png","width":1649,"height":1176,"_type":"image-file","sha256":"b7aa400025cd770e8fb7d74770b9f29a46e1f12a451f50c8c7631d6229d5a95e","size":135149,"path":"media/images/2D Loss Contour_602_b7aa400025cd770e8fb7.png"},"_step":602,"_wandb":{"runtime":32},"final_train_acc":1,"train_acc":1,"train_spikes_per_t":NaN,"final_test_acc":0.95703125,"3D Loss Surface":{"sha256":"b5356d9dc639fd4f72c993ce5cb70ca62464535f36ec0d949a2638fe746fecd0","size":499470,"path":"media/images/3D Loss Surface_601_b5356d9dc639fd4f72c9.png","format":"png","width":1575,"height":1266,"_type":"image-file"},"train_total_spikes":0,"val_loss":0.0374356172978878,"val_spikes_per_t":NaN,"train_loss":0.0008652911055833101}