{"final_val_acc":0.99609375,"_timestamp":1.7465849421998167e+09,"_runtime":75.847201739,"3D Loss Surface":{"_type":"image-file","sha256":"270218ac3b7694bf22010028af44b5745c3b848021e09a660cdcd63e93d807d9","size":393450,"path":"media/images/3D Loss Surface_601_270218ac3b7694bf2201.png","format":"png","width":1548,"height":1266},"val_spikes_per_t":68.3046875,"train_acc":1,"2D Loss Contour":{"size":119942,"path":"media/images/2D Loss Contour_602_cdb9623146bc63223902.png","format":"png","width":1622,"height":1176,"_type":"image-file","sha256":"cdb9623146bc63223902af9c81727ed9004c7621f12bfa6093dce1a497ffb3d2"},"final_test_acc":0.99609375,"_step":602,"val_acc":0.99609375,"val_loss":0.015456722117960453,"train_total_spikes":17713,"train_spikes_per_t":69.19140625,"final_train_acc":1,"train_loss":0.0008665127097629011,"val_total_spikes":17486,"_wandb":{"runtime":75}}