{"val_acc":0.98828125,"train_acc":1,"val_total_spikes":25633,"final_test_acc":0.98828125,"3D Loss Surface":{"size":394525,"path":"media/images/3D Loss Surface_601_9ae5d25c3c69054bfe62.png","format":"png","width":1548,"height":1266,"_type":"image-file","sha256":"9ae5d25c3c69054bfe62bc9b80894baea9dc183423520997a5d5f0f70581dbc6"},"train_spikes_per_t":100.59375,"train_loss":0.011374592781066895,"final_train_acc":1,"final_val_acc":0.98828125,"_wandb":{"runtime":114},"train_total_spikes":25752,"2D Loss Contour":{"format":"png","width":1596,"height":1176,"_type":"image-file","sha256":"8b3137ee728e710f7fc31d3bff6c90a4ebb33cbe5e0f44b842615db24c17fab5","size":118698,"path":"media/images/2D Loss Contour_602_8b3137ee728e710f7fc3.png"},"_runtime":114.498350026,"val_loss":0.03614490479230881,"_step":602,"val_spikes_per_t":100.12890625,"_timestamp":1.7465761372182858e+09}