{"train_total_spikes":12781,"val_loss":0.030192159116268158,"val_acc":0.984375,"final_val_acc":0.984375,"final_test_acc":0.9921875,"train_spikes_per_t":49.92578125,"3D Loss Surface":{"size":443890,"path":"media/images/3D Loss Surface_601_53f5058cbbffa1b1d40a.png","format":"png","width":1575,"height":1266,"_type":"image-file","sha256":"53f5058cbbffa1b1d40a62879a3f12ba41860957f3a50e7e9f404c2d2ea1217e"},"train_loss":0.0002827943244483322,"_wandb":{"runtime":102},"val_spikes_per_t":50.19921875,"_timestamp":1.746669555066815e+09,"_step":602,"2D Loss Contour":{"format":"png","width":1649,"height":1176,"_type":"image-file","sha256":"8aa31a2ed368e04cb5b59442e3c9b79d38b20c1b2953bbd5e0875403d481b373","size":138713,"path":"media/images/2D Loss Contour_602_8aa31a2ed368e04cb5b5.png"},"val_total_spikes":12851,"_runtime":102.826268146,"train_acc":1,"final_train_acc":1}