{"final_test_acc":0.92578125,"_step":602,"val_total_spikes":0,"final_train_acc":1,"train_spikes_per_t":NaN,"train_total_spikes":0,"final_val_acc":0.90625,"_wandb":{"runtime":57},"val_acc":0.90625,"val_spikes_per_t":NaN,"train_loss":0.0036814366467297077,"2D Loss Contour":{"width":1622,"height":1176,"_type":"image-file","sha256":"7151e9a9312d872f1c22ef8a3d07dd6778e9746d307cd7e55e9e6f91f21d0802","size":134107,"path":"media/images/2D Loss Contour_602_7151e9a9312d872f1c22.png","format":"png"},"_runtime":57.222663306,"train_acc":1,"val_loss":0.22409537434577942,"_timestamp":1.7465996085247102e+09,"3D Loss Surface":{"format":"png","width":1548,"height":1266,"_type":"image-file","sha256":"0820e49547782ad4fae4fe0688dbf38daf3faa733fb526efc549a1438e3af997","size":496397,"path":"media/images/3D Loss Surface_601_0820e49547782ad4fae4.png"}}