{"train_acc":0.93359375,"_timestamp":1.7466697201640892e+09,"2D Loss Contour":{"_type":"image-file","sha256":"43753f1574c458328917016db8ce1e2ea43e88196d2288f1f9f33ccea2771de6","size":124940,"path":"media/images/2D Loss Contour_602_43753f1574c458328917.png","format":"png","width":1596,"height":1176},"_runtime":162.92226279,"val_loss":0.676699161529541,"final_val_acc":0.75,"train_loss":0.20595522224903107,"val_spikes_per_t":28.1328125,"_wandb":{"runtime":162},"val_total_spikes":7202,"3D Loss Surface":{"width":1522,"height":1266,"_type":"image-file","sha256":"17c111aade273a7b8a8a59c390299ebf96a6446cbd53e64247e55d0250687562","size":504152,"path":"media/images/3D Loss Surface_601_17c111aade273a7b8a8a.png","format":"png"},"final_test_acc":0.6953125,"train_total_spikes":7030,"train_spikes_per_t":27.4609375,"val_acc":0.75,"_step":602,"final_train_acc":0.93359375}