{"final_train_acc":0.78125,"2D Loss Contour":{"height":1176,"_type":"image-file","sha256":"65ebdd7e6d2ddbec87193dd8eedaa3940c57694de7ee0d79168f9cb7fc704d2e","size":125183,"path":"media/images/2D Loss Contour_602_65ebdd7e6d2ddbec8719.png","format":"png","width":1622},"val_loss":2.437666654586792,"final_test_acc":0.53515625,"val_total_spikes":0,"train_loss":0.9407628774642944,"_wandb":{"runtime":56},"train_spikes_per_t":NaN,"_step":602,"val_acc":0.58203125,"3D Loss Surface":{"_type":"image-file","sha256":"8ec25ec763ea2b0bea612289af351b502faed67ca69ddb048da0056f45b24bdb","size":385995,"path":"media/images/3D Loss Surface_601_8ec25ec763ea2b0bea61.png","format":"png","width":1548,"height":1266},"_timestamp":1.7466556125669088e+09,"_runtime":56.446562246,"train_total_spikes":0,"val_spikes_per_t":NaN,"final_val_acc":0.58203125,"train_acc":0.78125}