{"train_spikes_per_t":24.66796875,"_timestamp":1.7466432770880814e+09,"3D Loss Surface":{"_type":"image-file","sha256":"79f0b70439a22b3500a21038bbe7f6b6507ee88bca6b015c69fb6e8f8ee148a9","size":470896,"path":"media/images/3D Loss Surface_601_79f0b70439a22b3500a2.png","format":"png","width":1522,"height":1266},"final_test_acc":0.87890625,"train_total_spikes":6315,"val_spikes_per_t":24.25390625,"val_total_spikes":6209,"2D Loss Contour":{"format":"png","width":1596,"height":1176,"_type":"image-file","sha256":"88a5e0118261bce6e0f265ee6bcd2ce567c1f524abefd1521586ef4c2d97d44d","size":139531,"path":"media/images/2D Loss Contour_602_88a5e0118261bce6e0f2.png"},"_runtime":173.727824022,"_wandb":{"runtime":173},"_step":602,"train_loss":0.00677614426240325,"train_acc":1,"final_train_acc":1,"final_val_acc":0.859375,"val_acc":0.859375,"val_loss":0.2979904115200043}