{"_wandb":{"runtime":114},"val_loss":0.03386860340833664,"_step":602,"train_total_spikes":41007,"train_loss":0.003657745895907283,"_runtime":114.529468509,"2D Loss Contour":{"width":1596,"height":1176,"_type":"image-file","sha256":"902bd86d11913f241679c993620870b13bc10d723e14dfba3f5d0c3c5b706673","size":118683,"path":"media/images/2D Loss Contour_602_902bd86d11913f241679.png","format":"png"},"val_acc":0.99609375,"final_val_acc":0.99609375,"train_acc":1,"val_spikes_per_t":161.41015625,"train_spikes_per_t":160.18359375,"3D Loss Surface":{"path":"media/images/3D Loss Surface_601_d246d3b92f67e7908a8f.png","format":"png","width":1522,"height":1266,"_type":"image-file","sha256":"d246d3b92f67e7908a8ffe7e8768524435c69f28233f0c15e1ae517a3e94711d","size":406555},"_timestamp":1.7465785578887641e+09,"val_total_spikes":41321,"final_test_acc":0.98046875,"final_train_acc":1}