{"val_spikes_per_t":79.51953125,"train_loss":0.000978289288468659,"val_total_spikes":20357,"train_spikes_per_t":80.2265625,"final_test_acc":0.98046875,"_wandb":{"runtime":75},"3D Loss Surface":{"_type":"image-file","sha256":"7672945102974b8c4d599c6394c1b0a51f78735768154811446d9f74d36a3ce2","size":329670,"path":"media/images/3D Loss Surface_601_7672945102974b8c4d59.png","format":"png","width":1575,"height":1266},"final_val_acc":0.9921875,"train_total_spikes":20538,"_step":602,"val_loss":0.025763191282749176,"_runtime":75.086175911,"train_acc":1,"_timestamp":1.7465930229578545e+09,"final_train_acc":1,"val_acc":0.9921875,"2D Loss Contour":{"size":129325,"path":"media/images/2D Loss Contour_602_d2e866fd4b61f7674469.png","format":"png","width":1649,"height":1176,"_type":"image-file","sha256":"d2e866fd4b61f7674469f7f6526492f1043e80525f9647d8ee19fff8630cb600"}}