{"val_spikes_per_t":60.0078125,"_wandb":{"runtime":76},"train_total_spikes":15496,"3D Loss Surface":{"sha256":"4f466fb782b08bee2dbb86f2e01871f3b9e1b074c8557a4e23d139cf58c2cc92","size":452149,"path":"media/images/3D Loss Surface_601_4f466fb782b08bee2dbb.png","format":"png","width":1549,"height":1266,"_type":"image-file"},"_runtime":76.012552354,"_timestamp":1.746589897832062e+09,"val_loss":0.37247008085250854,"val_acc":0.9609375,"_step":602,"final_val_acc":0.9609375,"final_test_acc":0.9609375,"train_spikes_per_t":60.53125,"val_total_spikes":15362,"2D Loss Contour":{"sha256":"4083a8595b77087dfc65e3bb314774d61e223510ed78bff9cf5a86a530b1795b","size":133018,"path":"media/images/2D Loss Contour_602_4083a8595b77087dfc65.png","format":"png","width":1649,"height":1176,"_type":"image-file"},"final_train_acc":0.9921875,"train_loss":0.36064624786376953,"train_acc":0.9921875}