{"_wandb":{"runtime":102},"3D Loss Surface":{"width":1575,"height":1266,"_type":"image-file","sha256":"9e98aa7158ca8d159df24b85df62235c294fe22d009eccd55fe99a9206541a40","size":515882,"path":"media/images/3D Loss Surface_601_9e98aa7158ca8d159df2.png","format":"png"},"final_test_acc":0.984375,"train_spikes_per_t":58.64453125,"train_loss":0.00024245819076895714,"train_acc":1,"2D Loss Contour":{"width":1623,"height":1176,"_type":"image-file","sha256":"314dceef5af934473a061966e1437a023dd394a978006a61ee113c5fceb49bdc","size":126736,"path":"media/images/2D Loss Contour_602_314dceef5af934473a06.png","format":"png"},"val_loss":0.01754157803952694,"final_val_acc":0.9921875,"val_acc":0.9921875,"final_train_acc":1,"_timestamp":1.7466668565099206e+09,"train_total_spikes":15013,"_step":602,"val_spikes_per_t":58.5859375,"val_total_spikes":14998,"_runtime":102.319085114}