{"val_total_spikes":0,"train_acc":1,"_wandb":{"runtime":57},"_runtime":57.206256646,"val_acc":0.84375,"train_loss":0.0029535056091845036,"final_val_acc":0.84375,"val_loss":0.5788354873657227,"final_test_acc":0.85546875,"val_spikes_per_t":NaN,"_step":602,"train_total_spikes":0,"2D Loss Contour":{"size":147583,"path":"media/images/2D Loss Contour_602_fbbe5f2b215c0510ffcb.png","format":"png","width":1623,"height":1176,"_type":"image-file","sha256":"fbbe5f2b215c0510ffcbf5e9a718645c6b52413e8277f435b4e8864392f09b6d"},"3D Loss Surface":{"sha256":"3e94bb57d9fb7ca1e1e20256c4f52ad269515434a9c87e8e37e451b39eac755a","size":527564,"path":"media/images/3D Loss Surface_601_3e94bb57d9fb7ca1e1e2.png","format":"png","width":1548,"height":1266,"_type":"image-file"},"train_spikes_per_t":NaN,"final_train_acc":1,"_timestamp":1.7466013442942665e+09}