{"val_loss":0.4940629303455353,"val_spikes_per_t":NaN,"_timestamp":1.7466059757800055e+09,"train_loss":0.037988126277923584,"train_total_spikes":0,"final_train_acc":0.99609375,"final_test_acc":0.78515625,"val_acc":0.8203125,"2D Loss Contour":{"_type":"image-file","sha256":"ef6e5d122dbd928265d6000a4e24bc1bcfcd4d73846267bdd651d91362b4ae07","size":139046,"path":"media/images/2D Loss Contour_602_ef6e5d122dbd928265d6.png","format":"png","width":1596,"height":1176},"3D Loss Surface":{"sha256":"5a2efd990194c86373aea4dfe734e8618b0cd1a75f711bd20c200cb2fde14d2e","size":437647,"path":"media/images/3D Loss Surface_601_5a2efd990194c86373ae.png","format":"png","width":1522,"height":1266,"_type":"image-file"},"train_acc":0.99609375,"train_spikes_per_t":NaN,"val_total_spikes":0,"_runtime":56.691926816,"_step":602,"_wandb":{"runtime":56},"final_val_acc":0.8203125}