{"val_total_spikes":11499,"train_total_spikes":11520,"3D Loss Surface":{"sha256":"584e1640e435fcc0bec024e04fd3c0173c82a6ac3b3b4d77b2d7f4f82484a558","size":535962,"path":"media/images/3D Loss Surface_601_584e1640e435fcc0bec0.png","format":"png","width":1575,"height":1266,"_type":"image-file"},"2D Loss Contour":{"format":"png","width":1649,"height":1176,"_type":"image-file","sha256":"082d0faa4294790cef6a4f393aa5ccbef74be2892a9c8f5ddfa91e61cc04fc5e","size":143369,"path":"media/images/2D Loss Contour_602_082d0faa4294790cef6a.png"},"final_val_acc":0.9921875,"final_train_acc":1,"train_acc":1,"_timestamp":1.7466568273580856e+09,"_wandb":{"runtime":102},"train_spikes_per_t":45,"val_acc":0.9921875,"val_loss":0.028858935460448265,"_step":602,"train_loss":0.00025996819022111595,"final_test_acc":0.98828125,"val_spikes_per_t":44.91796875,"_runtime":102.656960223}