{"final_train_acc":1,"train_total_spikes":9342,"_step":602,"final_test_acc":0.82421875,"val_spikes_per_t":36.4375,"train_spikes_per_t":36.4921875,"3D Loss Surface":{"size":464023,"path":"media/images/3D Loss Surface_601_dead9095890ec4ac0632.png","format":"png","width":1548,"height":1266,"_type":"image-file","sha256":"dead9095890ec4ac0632b75158538bf4c8fc73b44956cae7d39afa3fc4730395"},"_runtime":172.209269132,"val_loss":0.5362468361854553,"train_acc":1,"_wandb":{"runtime":172},"final_val_acc":0.80859375,"val_acc":0.80859375,"2D Loss Contour":{"height":1176,"_type":"image-file","sha256":"6055fffd4e8fcbf7994811cfe26429554c0b309eaa36ad8770c124ea89efa2fc","size":149143,"path":"media/images/2D Loss Contour_602_6055fffd4e8fcbf79948.png","format":"png","width":1622},"_timestamp":1.7466205418671951e+09,"val_total_spikes":9328,"train_loss":0.0195771511644125}