{"2D Loss Contour":{"_type":"image-file","sha256":"78ecbf05ab18a3c68caa47109a885a0e73d6261e27f5ae885f30202781ed780b","size":119160,"path":"media/images/2D Loss Contour_602_78ecbf05ab18a3c68caa.png","format":"png","width":1596,"height":1176},"train_spikes_per_t":16.4609375,"val_spikes_per_t":16.6953125,"val_acc":0.83984375,"_wandb":{"runtime":161},"val_loss":0.4082641005516052,"_runtime":161.400405894,"_step":602,"3D Loss Surface":{"size":402540,"path":"media/images/3D Loss Surface_601_0246b94d85b1e986c1f6.png","format":"png","width":1522,"height":1266,"_type":"image-file","sha256":"0246b94d85b1e986c1f68131d9453675f091e223bbbdbfab7b5bdf90f6c94e6e"},"train_total_spikes":4214,"_timestamp":1.7466889669982424e+09,"final_val_acc":0.83984375,"train_loss":0.031551558524370193,"train_acc":1,"val_total_spikes":4274,"final_test_acc":0.84375,"final_train_acc":1}