{"_runtime":75.50916921,"2D Loss Contour":{"height":1176,"_type":"image-file","sha256":"a5af8616d49d7a097c9a3f0b7574849b5287c10abcc11ca3ccbfb5ea36154501","size":150033,"path":"media/images/2D Loss Contour_602_a5af8616d49d7a097c9a.png","format":"png","width":1622},"train_total_spikes":25560,"val_loss":0.9609619379043579,"train_acc":0.76953125,"val_acc":0.64453125,"train_spikes_per_t":99.84375,"final_val_acc":0.64453125,"_step":602,"final_train_acc":0.76953125,"val_spikes_per_t":99.44140625,"train_loss":0.6504829525947571,"final_test_acc":0.640625,"3D Loss Surface":{"height":1266,"_type":"image-file","sha256":"4ddd57d6c34ffa49e621948983ade5ea37b04c8e783438b951ea011d68fd07ab","size":444729,"path":"media/images/3D Loss Surface_601_4ddd57d6c34ffa49e621.png","format":"png","width":1522},"val_total_spikes":25457,"_wandb":{"runtime":75},"_timestamp":1.746586086128355e+09}