{"final_val_acc":0.90625,"val_total_spikes":0,"train_loss":0.00881021935492754,"val_spikes_per_t":NaN,"train_acc":1,"_runtime":56.724855122,"_step":602,"3D Loss Surface":{"format":"png","width":1575,"height":1266,"_type":"image-file","sha256":"2e1baf014e4878ebbdaa4bea5bb336e0701ee50c0e83c75df7041dd50d0c1a7d","size":378098,"path":"media/images/3D Loss Surface_601_2e1baf014e4878ebbdaa.png"},"val_acc":0.90625,"final_train_acc":1,"_wandb":{"runtime":56},"train_total_spikes":0,"train_spikes_per_t":NaN,"final_test_acc":0.93359375,"2D Loss Contour":{"width":1649,"height":1176,"_type":"image-file","sha256":"ef98122aff7b2f6730f4e45f043742e7d68fcb7f5e98907a1293492c65d5a91f","size":136817,"path":"media/images/2D Loss Contour_602_ef98122aff7b2f6730f4.png","format":"png"},"val_loss":0.23636631667613983,"_timestamp":1.746602617482036e+09}