{"train_loss":0.17358346283435822,"val_total_spikes":26400,"val_spikes_per_t":103.125,"val_loss":0.530364453792572,"_timestamp":1.7466257450633762e+09,"_step":602,"2D Loss Contour":{"width":1596,"height":1176,"_type":"image-file","sha256":"abd486da1ffc2890c3d2e07994ec6b027d9fd252738c666d20d4eb203a91ed6c","size":117395,"path":"media/images/2D Loss Contour_602_abd486da1ffc2890c3d2.png","format":"png"},"final_test_acc":0.79296875,"train_acc":0.91015625,"_wandb":{"runtime":173},"final_val_acc":0.75,"3D Loss Surface":{"sha256":"c6a82e87033abb480bcaf1475732e45ccf6d9e70325b6fd91d3dcded060cee88","size":478953,"path":"media/images/3D Loss Surface_601_c6a82e87033abb480bca.png","format":"png","width":1548,"height":1266,"_type":"image-file"},"final_train_acc":0.91015625,"train_total_spikes":26496,"train_spikes_per_t":103.5,"_runtime":173.11858208,"val_acc":0.75}