{"_runtime":161.454590889,"val_total_spikes":5448,"2D Loss Contour":{"size":127346,"path":"media/images/2D Loss Contour_602_bd5c330ce2976df03952.png","format":"png","width":1622,"height":1176,"_type":"image-file","sha256":"bd5c330ce2976df0395203c8432145a68a0bf7ffd02a578801e34b35df9585c6"},"train_spikes_per_t":20.97265625,"final_train_acc":1,"val_loss":0.5118678212165833,"val_spikes_per_t":21.28125,"train_total_spikes":5369,"_step":602,"train_acc":1,"3D Loss Surface":{"size":427263,"path":"media/images/3D Loss Surface_601_a00f43637c7c695065a6.png","format":"png","width":1522,"height":1266,"_type":"image-file","sha256":"a00f43637c7c695065a611259f98b93417b3696dd0aad259e3d1586fdd0cd5ba"},"_wandb":{"runtime":161},"final_val_acc":0.8359375,"_timestamp":1.746701474339759e+09,"val_acc":0.8359375,"train_loss":0.013313277624547482,"final_test_acc":0.84765625}