{"train_spikes_per_t":92.5703125,"_wandb":{"runtime":74},"train_loss":0.1523982584476471,"final_val_acc":0.78515625,"2D Loss Contour":{"height":1176,"_type":"image-file","sha256":"66a271a074158b14a7e43fa9f177980f9731e3921191e5d87ca1568a55c23f8f","size":124853,"path":"media/images/2D Loss Contour_602_66a271a074158b14a7e4.png","format":"png","width":1596},"val_acc":0.78515625,"final_test_acc":0.7890625,"val_loss":0.5287535190582275,"val_spikes_per_t":93.375,"train_total_spikes":23698,"_timestamp":1.7466541368539205e+09,"val_total_spikes":23904,"final_train_acc":0.94140625,"_step":602,"_runtime":74.56802514,"train_acc":0.94140625,"3D Loss Surface":{"_type":"image-file","sha256":"ad838226c654b1a2ff7e0eba027e89e6084189f03e7e870bfbebd6b87fa6d104","size":412179,"path":"media/images/3D Loss Surface_601_ad838226c654b1a2ff7e.png","format":"png","width":1548,"height":1266}}