{"2D Loss Contour":{"size":129590,"path":"media/images/2D Loss Contour_602_e5a8a91e1e8589f6d370.png","format":"png","width":1649,"height":1176,"_type":"image-file","sha256":"e5a8a91e1e8589f6d37016921a72a6ad908934fb76460bc3872ff5faaca84023"},"final_test_acc":0.96484375,"train_loss":0.00097311707213521,"_step":602,"train_acc":1,"3D Loss Surface":{"sha256":"d4eaf76b2343294635a33ecdb0ac7016fea7c36d2ed15bb8a3ba68272963cd97","size":528561,"path":"media/images/3D Loss Surface_601_d4eaf76b2343294635a3.png","format":"png","width":1575,"height":1266,"_type":"image-file"},"_runtime":32.101557998,"_timestamp":1.7466109166385648e+09,"_wandb":{"runtime":32},"train_spikes_per_t":NaN,"val_spikes_per_t":NaN,"val_loss":0.02982170693576336,"final_val_acc":1,"final_train_acc":1,"train_total_spikes":0,"val_total_spikes":0,"val_acc":1}