{"_runtime":100.898698594,"train_loss":0.0007391087128780782,"_timestamp":1.7466610509181156e+09,"val_loss":0.6404224038124084,"val_acc":0.859375,"3D Loss Surface":{"_type":"image-file","sha256":"78bb991e79344f5a86095f1dcbc5f338b98d08c7f6f3db994809bb04136d0a57","size":484161,"path":"media/images/3D Loss Surface_601_78bb991e79344f5a8609.png","format":"png","width":1522,"height":1266},"train_acc":1,"train_total_spikes":15426,"train_spikes_per_t":60.2578125,"final_test_acc":0.83984375,"val_spikes_per_t":60.796875,"val_total_spikes":15564,"final_val_acc":0.859375,"_step":602,"final_train_acc":1,"2D Loss Contour":{"size":117411,"path":"media/images/2D Loss Contour_602_4e236548b5105251b69a.png","format":"png","width":1596,"height":1176,"_type":"image-file","sha256":"4e236548b5105251b69a6a89c2a676466380d4752365b4eb4723e9395459a9a2"},"_wandb":{"runtime":100}}