{"2D Loss Contour":{"sha256":"d52a77353d8f16571810794cf4e1d481d4a1e1cbeb4b39ae845dee42a1dc02fd","size":132412,"path":"media/images/2D Loss Contour_602_d52a77353d8f16571810.png","format":"png","width":1596,"height":1176,"_type":"image-file"},"final_train_acc":0.75,"val_acc":0.6328125,"_step":602,"train_spikes_per_t":99.8359375,"val_loss":0.9893354177474976,"train_loss":0.6567359566688538,"_runtime":76.481485386,"val_total_spikes":25464,"val_spikes_per_t":99.46875,"train_total_spikes":25558,"3D Loss Surface":{"sha256":"4a09323b7a9f136b7aa338a9c236ad65537d41f6efbf3a391b157666e6344eb0","size":358490,"path":"media/images/3D Loss Surface_601_4a09323b7a9f136b7aa3.png","format":"png","width":1522,"height":1266,"_type":"image-file"},"_wandb":{"runtime":76},"_timestamp":1.746583494987421e+09,"final_test_acc":0.6640625,"train_acc":0.75,"final_val_acc":0.6328125}