{"train_acc":0.7578125,"train_spikes_per_t":100.0390625,"final_test_acc":0.65625,"_wandb":{"runtime":75},"val_acc":0.64453125,"_step":602,"final_train_acc":0.7578125,"train_loss":0.6143317818641663,"val_spikes_per_t":99.546875,"val_total_spikes":25484,"train_total_spikes":25610,"final_val_acc":0.64453125,"_timestamp":1.746595082926245e+09,"val_loss":0.9556308388710022,"2D Loss Contour":{"sha256":"8e844e2da091015388ac67eaec7ab084bf83803107141f7f14ecc718afc85a94","size":147573,"path":"media/images/2D Loss Contour_602_8e844e2da091015388ac.png","format":"png","width":1596,"height":1176,"_type":"image-file"},"3D Loss Surface":{"width":1522,"height":1266,"_type":"image-file","sha256":"8e0a56c2dc8018de06667d9c90f2199cb6b6d62d1673f4cc0ce1cf43cb2750ad","size":435039,"path":"media/images/3D Loss Surface_601_8e0a56c2dc8018de0666.png","format":"png"},"_runtime":75.751844321}