{"_wandb":{"runtime":114},"val_acc":0.9921875,"_timestamp":1.7465754448685205e+09,"final_val_acc":0.9921875,"train_loss":0.013032203540205956,"val_loss":0.03358016163110733,"2D Loss Contour":{"height":1176,"_type":"image-file","sha256":"114d389b0190b1c97e084645798661e717e90c191dc4b3295c3b7a16f5187017","size":130607,"path":"media/images/2D Loss Contour_602_114d389b0190b1c97e08.png","format":"png","width":1622},"val_spikes_per_t":118.17578125,"train_spikes_per_t":118.2734375,"_runtime":114.487326491,"final_test_acc":0.984375,"_step":602,"train_total_spikes":30278,"final_train_acc":1,"val_total_spikes":30253,"3D Loss Surface":{"width":1575,"height":1266,"_type":"image-file","sha256":"8d62cb9d0df73cb5d56087506385a0697f790a58dc5247d1b269a0df70ae32f6","size":412024,"path":"media/images/3D Loss Surface_601_8d62cb9d0df73cb5d560.png","format":"png"},"train_acc":1}