{"_step":602,"val_total_spikes":29555,"val_spikes_per_t":115.44921875,"_runtime":115.353972785,"final_test_acc":0.9765625,"_timestamp":1.7465701035560358e+09,"train_acc":0.9921875,"train_loss":0.029576919972896576,"_wandb":{"runtime":115},"train_spikes_per_t":114.765625,"final_val_acc":0.953125,"2D Loss Contour":{"width":1622,"height":1176,"_type":"image-file","sha256":"71192a9bb5b806e8d56fb2c1971cb2465f2dad8ac2b160ef01c4b7a529ff718c","size":134307,"path":"media/images/2D Loss Contour_602_71192a9bb5b806e8d56f.png","format":"png"},"val_acc":0.953125,"val_loss":0.09890090674161911,"train_total_spikes":29380,"3D Loss Surface":{"format":"png","width":1548,"height":1266,"_type":"image-file","sha256":"99e0394f097e8cdf5e2351ffe2826f165905d02a8c0d5e097e17e65e2cb60b16","size":383198,"path":"media/images/3D Loss Surface_601_99e0394f097e8cdf5e23.png"},"final_train_acc":0.9921875}