{"final_train_acc":1,"_wandb":{"runtime":57},"final_val_acc":0.7421875,"train_spikes_per_t":NaN,"train_loss":0.006668752059340477,"val_spikes_per_t":NaN,"val_acc":0.7421875,"val_loss":0.8804939389228821,"_step":602,"train_acc":1,"3D Loss Surface":{"format":"png","width":1522,"height":1266,"_type":"image-file","sha256":"4a79f4ad1132824f7c8a3ec51f6b93fd523934319120db8aa74984737b62d100","size":496625,"path":"media/images/3D Loss Surface_601_4a79f4ad1132824f7c8a.png"},"train_total_spikes":0,"final_test_acc":0.7578125,"_runtime":57.261495773,"2D Loss Contour":{"format":"png","width":1596,"height":1176,"_type":"image-file","sha256":"2effa2af8ba879678f7478f1ecaab679f51ccc3164a2a9cef4f8dd2a324b2fbd","size":132684,"path":"media/images/2D Loss Contour_602_2effa2af8ba879678f74.png"},"_timestamp":1.7466020388710349e+09,"val_total_spikes":0}