{"train_acc":1,"3D Loss Surface":{"path":"media/images/3D Loss Surface_601_82ae3b2e25bdfacd19af.png","format":"png","width":1548,"height":1266,"_type":"image-file","sha256":"82ae3b2e25bdfacd19afa77c9c586e7cd1851b71561b2e6a95545387b5ae0376","size":473477},"final_test_acc":0.98828125,"_wandb":{"runtime":114},"val_spikes_per_t":80.67578125,"final_val_acc":0.9921875,"_timestamp":1.746578327395611e+09,"val_loss":0.03654192388057709,"val_total_spikes":20653,"val_acc":0.9921875,"train_spikes_per_t":81.12109375,"final_train_acc":1,"_runtime":114.112784294,"_step":602,"2D Loss Contour":{"_type":"image-file","sha256":"5bf63b5274cfa9eff351130dd6ca5f543f51c49eac26accfba1b5f3af0c54406","size":126091,"path":"media/images/2D Loss Contour_602_5bf63b5274cfa9eff351.png","format":"png","width":1622,"height":1176},"train_loss":0.006216868292540312,"train_total_spikes":20767}