{"2D Loss Contour":{"path":"media/images/2D Loss Contour_602_a4100b868090080600c3.png","format":"png","width":1622,"height":1176,"_type":"image-file","sha256":"a4100b868090080600c3b5ecb280c5663bc23eaf1f7eb556dc13d6092a2223db","size":119663},"final_val_acc":0.953125,"train_spikes_per_t":51.04296875,"3D Loss Surface":{"_type":"image-file","sha256":"a0474d88ba32d1bc9fd4e400288834e01cc485c9d2d2888e038a6cac5fe3c527","size":486197,"path":"media/images/3D Loss Surface_601_a0474d88ba32d1bc9fd4.png","format":"png","width":1548,"height":1266},"_wandb":{"runtime":102},"val_spikes_per_t":51.2265625,"_timestamp":1.7466580676994786e+09,"_runtime":102.797483639,"val_total_spikes":13114,"val_acc":0.953125,"final_train_acc":1,"train_loss":0.0001380389294354245,"final_test_acc":0.96484375,"val_loss":0.1163010224699974,"train_acc":1,"train_total_spikes":13067,"_step":602}