{"val_loss":0.9096269607543945,"_wandb":{"runtime":87},"train_acc":0.58984375,"train_loss":0.8410097360610962,"val_total_spikes":22772,"_runtime":87.766282808,"val_spikes_per_t":88.953125,"train_spikes_per_t":85.09765625,"2D Loss Contour":{"size":192650,"path":"media/images/2D Loss Contour_602_673297342a59e4651670.png","format":"png","width":1570,"height":1176,"_type":"image-file","sha256":"673297342a59e4651670b9a338d88049e673c0cec830c7467d7a33f2945ce451"},"val_acc":0.53125,"final_val_acc":0.53125,"final_train_acc":0.58984375,"final_test_acc":0.47265625,"_step":602,"train_total_spikes":21785,"3D Loss Surface":{"sha256":"51c470161901c3e8b5054f09f6d27396d0f9d4e4ad83c325ddfe714ab25347e0","size":443431,"path":"media/images/3D Loss Surface_601_51c470161901c3e8b505.png","format":"png","width":1522,"height":1266,"_type":"image-file"},"_timestamp":1.7466763959726095e+09}