{"train_loss":0.0007573264301754534,"_step":602,"final_test_acc":0.98046875,"_timestamp":1.7466098001932535e+09,"final_train_acc":1,"train_acc":1,"val_total_spikes":0,"val_spikes_per_t":NaN,"val_acc":0.984375,"train_total_spikes":0,"2D Loss Contour":{"sha256":"342e40aebf77002c976c6e481a4e7ad1e44955e90eea4307f1022232a13bce5f","size":143610,"path":"media/images/2D Loss Contour_602_342e40aebf77002c976c.png","format":"png","width":1649,"height":1176,"_type":"image-file"},"val_loss":0.04988551512360573,"final_val_acc":0.984375,"_wandb":{"runtime":32},"_runtime":32.029054486,"3D Loss Surface":{"height":1266,"_type":"image-file","sha256":"bf120177e657e506d4e6287dd1dd528059156099b92e1abceead2947f74548ca","size":565169,"path":"media/images/3D Loss Surface_601_bf120177e657e506d4e6.png","format":"png","width":1601},"train_spikes_per_t":NaN}