{"_wandb":{"runtime":162},"_runtime":162.308598873,"train_total_spikes":1680,"val_loss":0.28839024901390076,"_timestamp":1.7466948249394963e+09,"val_total_spikes":1797,"train_acc":0.96484375,"train_spikes_per_t":6.5625,"train_loss":0.09717245399951935,"3D Loss Surface":{"path":"media/images/3D Loss Surface_601_3bcd5d0608ce50cdcff8.png","format":"png","width":1575,"height":1266,"_type":"image-file","sha256":"3bcd5d0608ce50cdcff8183de33f771f63d4a7ac6865c29e56ae6865e9ed42a3","size":515631},"_step":602,"final_val_acc":0.8984375,"final_test_acc":0.86328125,"val_acc":0.8984375,"val_spikes_per_t":7.01953125,"final_train_acc":0.96484375,"2D Loss Contour":{"path":"media/images/2D Loss Contour_602_cea2a57994f40e811512.png","format":"png","width":1623,"height":1176,"_type":"image-file","sha256":"cea2a57994f40e811512d5fa11959168be848ce828f79aac554ea166d7befc8f","size":110982}}