{"final_train_acc":1,"_step":602,"val_acc":0.984375,"final_test_acc":0.98828125,"3D Loss Surface":{"path":"media/images/3D Loss Surface_601_d87234b6dd57eec40040.png","format":"png","width":1522,"height":1266,"_type":"image-file","sha256":"d87234b6dd57eec40040add04b52e7c2346b8848dacb27c66501c07ac70f8e4d","size":392424},"val_total_spikes":25341,"final_val_acc":0.984375,"2D Loss Contour":{"width":1596,"height":1176,"_type":"image-file","sha256":"fdb50e4d1eb4008c503d1c868c9cb84b72203b40bc56de6c61c9e77b56848e63","size":124669,"path":"media/images/2D Loss Contour_602_fdb50e4d1eb4008c503d.png","format":"png"},"train_total_spikes":25443,"train_acc":1,"_timestamp":1.7465695291572e+09,"train_spikes_per_t":99.38671875,"_wandb":{"runtime":114},"val_spikes_per_t":98.98828125,"val_loss":0.03665166720747948,"train_loss":0.011054015718400478,"_runtime":114.068759826}