{"3D Loss Surface":{"_type":"image-file","sha256":"7b70f719b33b6f14d1197ad2ff620637bd3a05c18e1f3b97d3037b40497c360a","size":536325,"path":"media/images/3D Loss Surface_601_7b70f719b33b6f14d119.png","format":"png","width":1575,"height":1266},"final_test_acc":0.95703125,"val_total_spikes":0,"_timestamp":1.7466083201800761e+09,"train_spikes_per_t":NaN,"train_total_spikes":0,"val_acc":0.98828125,"val_loss":0.037943318486213684,"val_spikes_per_t":NaN,"train_loss":0.000864586269017309,"train_acc":1,"final_val_acc":0.98828125,"_step":602,"final_train_acc":1,"2D Loss Contour":{"height":1176,"_type":"image-file","sha256":"c4d464ed74545f8db5189a3bef15f08341d17cf7bc8b2b864423b18bbd5ddb15","size":139487,"path":"media/images/2D Loss Contour_602_c4d464ed74545f8db518.png","format":"png","width":1649},"_wandb":{"runtime":32},"_runtime":32.465392346}