{"train_loss":0.42955875396728516,"final_test_acc":0.73046875,"_timestamp":1.7466763257919896e+09,"_runtime":160.755977139,"_wandb":{"runtime":160},"val_acc":0.7109375,"train_acc":0.81640625,"_step":602,"2D Loss Contour":{"width":1622,"height":1176,"_type":"image-file","sha256":"31ddf129e8e8a95774bfd269c0aae1e300d6d779c89478f1c0707cdd6612f8b4","size":127312,"path":"media/images/2D Loss Contour_602_31ddf129e8e8a95774bf.png","format":"png"},"train_total_spikes":626,"final_train_acc":0.81640625,"val_loss":0.5751746892929077,"train_spikes_per_t":2.4453125,"final_val_acc":0.7109375,"3D Loss Surface":{"width":1548,"height":1266,"_type":"image-file","sha256":"a631970020d472cd74fdf2b7258f1fea8fc1b4a1ecd9f0245e62d47474f4df2d","size":452393,"path":"media/images/3D Loss Surface_601_a631970020d472cd74fd.png","format":"png"},"val_spikes_per_t":2.4609375,"val_total_spikes":630}