{"val_total_spikes":16750,"final_val_acc":0.83203125,"val_spikes_per_t":65.4296875,"_runtime":101.172922103,"3D Loss Surface":{"size":471766,"path":"media/images/3D Loss Surface_601_0d2b630c9558cd1fb83d.png","format":"png","width":1522,"height":1266,"_type":"image-file","sha256":"0d2b630c9558cd1fb83d0d183a5c226d9cea566dca7df12b6e3f73fcd734018d"},"_timestamp":1.7466620699415152e+09,"final_train_acc":1,"train_spikes_per_t":65.25,"final_test_acc":0.828125,"2D Loss Contour":{"path":"media/images/2D Loss Contour_602_36060b981093dd6dfe4e.png","format":"png","width":1569,"height":1176,"_type":"image-file","sha256":"36060b981093dd6dfe4ee9f061301614b236babbf9bd77a6fc68a89601d595a6","size":101970},"train_total_spikes":16704,"val_loss":0.7185565829277039,"_wandb":{"runtime":101},"train_loss":0.0004212531493976712,"_step":602,"train_acc":1,"val_acc":0.83203125}