{"2D Loss Contour":{"_type":"image-file","sha256":"1c8c1f0130485eef729634be4a2ad5a7889ac5cd2026cce01f5ecf5ef53c8af8","size":126168,"path":"media/images/2D Loss Contour_602_1c8c1f0130485eef7296.png","format":"png","width":1596,"height":1176},"val_total_spikes":21926,"train_loss":0.012722237966954708,"val_loss":0.01915477216243744,"_wandb":{"runtime":114},"3D Loss Surface":{"width":1522,"height":1266,"_type":"image-file","sha256":"16d55d1a4bcac38a2d3737586bba072cdeb20292ac0dd0f9b6a791fa0e89eac0","size":371244,"path":"media/images/3D Loss Surface_601_16d55d1a4bcac38a2d37.png","format":"png"},"_step":602,"train_acc":0.99609375,"final_train_acc":0.99609375,"val_spikes_per_t":85.6484375,"train_spikes_per_t":86.2734375,"_timestamp":1.7465748701017823e+09,"train_total_spikes":22086,"val_acc":0.9921875,"_runtime":114.489287359,"final_test_acc":0.9921875,"final_val_acc":0.9921875}