{"val_total_spikes":0,"val_acc":0.99609375,"_runtime":32.143208164,"2D Loss Contour":{"path":"media/images/2D Loss Contour_602_bb9445353398eb328cbc.png","format":"png","width":1649,"height":1176,"_type":"image-file","sha256":"bb9445353398eb328cbc591057a8728b45d652599edfb4cba9e906048e9a55f8","size":163046},"_step":602,"final_val_acc":0.99609375,"3D Loss Surface":{"path":"media/images/3D Loss Surface_601_c1c851fc74ca6c07795a.png","format":"png","width":1575,"height":1266,"_type":"image-file","sha256":"c1c851fc74ca6c07795adc7a224fa725eaa38ee098430cd8f18d00125ec0ed7e","size":457516},"final_train_acc":1,"_timestamp":1.7466141610405211e+09,"final_test_acc":0.96875,"train_spikes_per_t":NaN,"train_loss":0.0009497686405666173,"val_loss":0.03417346253991127,"val_spikes_per_t":NaN,"train_total_spikes":0,"_wandb":{"runtime":32},"train_acc":1}