{"_step":602,"val_spikes_per_t":NaN,"val_loss":0.5217658281326294,"val_total_spikes":0,"final_val_acc":0.82421875,"3D Loss Surface":{"path":"media/images/3D Loss Surface_601_668ab4248016c942dcfc.png","format":"png","width":1548,"height":1266,"_type":"image-file","sha256":"668ab4248016c942dcfc0de5bca4a066cf3d1e33950e4cb9d2e27144f889ddda","size":505095},"final_test_acc":0.765625,"train_spikes_per_t":NaN,"_runtime":57.327127955,"train_total_spikes":0,"final_train_acc":0.984375,"2D Loss Contour":{"height":1176,"_type":"image-file","sha256":"d8fb1bb06086b516db7b9fedea7549c74b85cece0090aef2477846d83f46bb63","size":136100,"path":"media/images/2D Loss Contour_602_d8fb1bb06086b516db7b.png","format":"png","width":1622},"_wandb":{"runtime":57},"train_loss":0.047720860689878464,"train_acc":0.984375,"val_acc":0.82421875,"_timestamp":1.746603487027416e+09}