{"train_spikes_per_t":NaN,"_runtime":31.821101549,"final_test_acc":0.9765625,"_step":602,"_wandb":{"runtime":31},"train_total_spikes":0,"val_total_spikes":0,"2D Loss Contour":{"height":1176,"_type":"image-file","sha256":"e9c914ae81e2b904edcc8e5f9ae928f67bba6572479d47468a9f43ad743f4c88","size":143391,"path":"media/images/2D Loss Contour_602_e9c914ae81e2b904edcc.png","format":"png","width":1649},"train_acc":1,"val_acc":0.98046875,"3D Loss Surface":{"_type":"image-file","sha256":"b6d29923d1a39412688cb7ad84ab9af209521d68769b4f6158e5ec36b8255cef","size":518144,"path":"media/images/3D Loss Surface_601_b6d29923d1a39412688c.png","format":"png","width":1601,"height":1266},"final_train_acc":1,"val_spikes_per_t":NaN,"train_loss":0.0007539873477071524,"_timestamp":1.7466092414272225e+09,"val_loss":0.05020232871174812,"final_val_acc":0.98046875}