{"final_train_acc":1,"_step":602,"final_test_acc":0.9921875,"val_total_spikes":14617,"_timestamp":1.7466535895579247e+09,"3D Loss Surface":{"width":1575,"height":1266,"_type":"image-file","sha256":"19cb8fbb3556270a6b23ab0567fb739da90003ec8cd2084b4eb1a1b15108a702","size":527465,"path":"media/images/3D Loss Surface_601_19cb8fbb3556270a6b23.png","format":"png"},"train_total_spikes":14534,"train_spikes_per_t":56.7734375,"2D Loss Contour":{"path":"media/images/2D Loss Contour_602_49ff2c9f97890eda6ada.png","format":"png","width":1622,"height":1176,"_type":"image-file","sha256":"49ff2c9f97890eda6ada2f74f36ab73e1c37f39ea2acc497266255324108e2ff","size":129194},"final_val_acc":0.99609375,"train_acc":1,"_wandb":{"runtime":102},"val_spikes_per_t":57.09765625,"_runtime":102.183070253,"val_acc":0.99609375,"train_loss":0.0002472098567523062,"val_loss":0.013901803642511368}