{"train_acc":1,"val_acc":0.9921875,"final_val_acc":0.9921875,"_wandb":{"runtime":113},"val_spikes_per_t":75.21875,"val_loss":0.03272256255149841,"_step":602,"final_test_acc":0.9921875,"train_spikes_per_t":75.6640625,"_runtime":113.953629352,"_timestamp":1.74658005473681e+09,"train_loss":0.010149788111448288,"2D Loss Contour":{"width":1596,"height":1176,"_type":"image-file","sha256":"de207878ef15126fa1d3bf9553fc463cf6b66bcb5822ce4c8686ca4842e17c83","size":132659,"path":"media/images/2D Loss Contour_602_de207878ef15126fa1d3.png","format":"png"},"3D Loss Surface":{"_type":"image-file","sha256":"86b35c8a82d86f74e368ba91a1ed2e0d1a91d1faf035311e575a019dc7f187a8","size":492611,"path":"media/images/3D Loss Surface_601_86b35c8a82d86f74e368.png","format":"png","width":1548,"height":1266},"train_total_spikes":19370,"final_train_acc":1,"val_total_spikes":19256}