{"_wandb":{"runtime":172},"train_total_spikes":6771,"train_loss":0.005362587049603462,"_step":602,"train_spikes_per_t":26.44921875,"2D Loss Contour":{"width":1596,"height":1176,"_type":"image-file","sha256":"516801fb6f48d91995e1035408197223fa0a532bbf9d206eabb24738559b8c74","size":112184,"path":"media/images/2D Loss Contour_602_516801fb6f48d91995e1.png","format":"png"},"val_loss":0.09901685267686844,"_runtime":172.976438785,"val_acc":0.95703125,"train_acc":1,"final_train_acc":1,"val_spikes_per_t":26.33203125,"val_total_spikes":6741,"final_val_acc":0.95703125,"final_test_acc":0.94140625,"3D Loss Surface":{"size":435007,"path":"media/images/3D Loss Surface_601_b5d432ba38faf26d9631.png","format":"png","width":1522,"height":1266,"_type":"image-file","sha256":"b5d432ba38faf26d96317715bf9274fe72a00ca6906b3fd3d13ca5d9b86d0a17"},"_timestamp":1.74663772477855e+09}