{"final_train_acc":1,"_runtime":113.809065909,"val_spikes_per_t":90.94140625,"train_total_spikes":23291,"val_loss":0.03218325972557068,"val_total_spikes":23281,"train_acc":1,"train_loss":0.0026543980930000544,"final_val_acc":0.98828125,"2D Loss Contour":{"width":1622,"height":1176,"_type":"image-file","sha256":"9ac76902bc92c1ec347cf12a4b9056e23e69f9ab8095113c9e6056fa1d671caf","size":141328,"path":"media/images/2D Loss Contour_602_9ac76902bc92c1ec347c.png","format":"png"},"_step":602,"_timestamp":1.746579133525564e+09,"val_acc":0.98828125,"final_test_acc":0.984375,"3D Loss Surface":{"format":"png","width":1548,"height":1266,"_type":"image-file","sha256":"8a70434f1ba78e6a236f169fbaba678754d4477293dcb011ba6ed51f3082683a","size":458760,"path":"media/images/3D Loss Surface_601_8a70434f1ba78e6a236f.png"},"train_spikes_per_t":90.98046875,"_wandb":{"runtime":113}}