{"train_total_spikes":4060,"final_val_acc":0.9140625,"_wandb":{"runtime":162},"train_acc":1,"val_spikes_per_t":15.8671875,"_timestamp":1.7466904334472082e+09,"final_train_acc":1,"_step":602,"train_spikes_per_t":15.859375,"2D Loss Contour":{"path":"media/images/2D Loss Contour_602_66e42e5dd2b78607df38.png","format":"png","width":1622,"height":1176,"_type":"image-file","sha256":"66e42e5dd2b78607df383ee85df1c52368ff75442cc48829c8870bbbf6169ca1","size":118233},"_runtime":162.360724928,"val_total_spikes":4062,"val_acc":0.9140625,"val_loss":0.2579151391983032,"3D Loss Surface":{"sha256":"0899a9dfd6e13b75a866551ba0f21f8ba7759a386d0a96d867ca3ba5bef71230","size":459647,"path":"media/images/3D Loss Surface_601_0899a9dfd6e13b75a866.png","format":"png","width":1574,"height":1266,"_type":"image-file"},"train_loss":0.008479868061840534,"final_test_acc":0.91796875}