{"final_test_acc":0.984375,"_step":602,"_timestamp":1.7465904347333624e+09,"_wandb":{"runtime":77},"train_acc":1,"val_acc":0.98828125,"train_spikes_per_t":75.8828125,"2D Loss Contour":{"format":"png","width":1622,"height":1176,"_type":"image-file","sha256":"034b440156580487eabc8f79c2dc2db40916713b16ce9f43cabe764ef233a4f3","size":133032,"path":"media/images/2D Loss Contour_602_034b440156580487eabc.png"},"val_total_spikes":19245,"val_loss":0.019241608679294586,"train_loss":0.0003406844916753471,"val_spikes_per_t":75.17578125,"final_train_acc":1,"train_total_spikes":19426,"3D Loss Surface":{"_type":"image-file","sha256":"e74fdec6981f76d1e31f70a2d786ff9aa82335abb0560cc899a671af47c99e63","size":326283,"path":"media/images/3D Loss Surface_601_e74fdec6981f76d1e31f.png","format":"png","width":1548,"height":1266},"_runtime":77.332866112,"final_val_acc":0.98828125}