{"val_total_spikes":997,"train_spikes_per_t":3.99609375,"_wandb":{"runtime":62},"final_val_acc":0.51953125,"_step":602,"train_total_spikes":1023,"val_loss":0.6876634955406189,"train_loss":0.6636151671409607,"train_acc":0.54296875,"2D Loss Contour":{"path":"media/images/2D Loss Contour_602_5829ba02132dcb6b4630.png","format":"png","width":1649,"height":1176,"_type":"image-file","sha256":"5829ba02132dcb6b46300015aa5ba81fd17d2295eb845acf43cc2d16a187b6c6","size":146664},"val_acc":0.51953125,"final_test_acc":0.5,"_timestamp":1.7466689145188186e+09,"val_spikes_per_t":3.89453125,"final_train_acc":0.54296875,"_runtime":62.972625991,"3D Loss Surface":{"format":"png","width":1575,"height":1266,"_type":"image-file","sha256":"bce1440add1377285a75bb24e3992a8ca25a3986a2176ba19e969ca6c903c9f8","size":319755,"path":"media/images/3D Loss Surface_601_bce1440add1377285a75.png"}}