{"train_loss":1.309708595275879,"2D Loss Contour":{"format":"png","width":1596,"height":1176,"_type":"image-file","sha256":"92e7abf634edfbe4462ea1db12c8bae8b1063ff1640aab968de7ab299a540c17","size":142426,"path":"media/images/2D Loss Contour_602_92e7abf634edfbe4462e.png"},"_runtime":173.164920248,"final_train_acc":0.70703125,"_step":602,"val_loss":2.3293683528900146,"final_val_acc":0.5625,"train_total_spikes":10451,"final_test_acc":0.55859375,"train_spikes_per_t":40.82421875,"3D Loss Surface":{"format":"png","width":1522,"height":1266,"_type":"image-file","sha256":"defdce81965554107fd2340e52e81ca50fe894189d48e9c8e7fd82b749919469","size":427449,"path":"media/images/3D Loss Surface_601_defdce81965554107fd2.png"},"_wandb":{"runtime":173},"val_acc":0.5625,"_timestamp":1.7466229643796995e+09,"val_spikes_per_t":40.65234375,"train_acc":0.70703125,"val_total_spikes":10407}