{"3D Loss Surface":{"height":1266,"_type":"image-file","sha256":"dc7e3d321a9fc6ef79fee1c4a05cd8ea1e97dcc27be213db953176263a40d9ff","size":370048,"path":"media/images/3D Loss Surface_601_dc7e3d321a9fc6ef79fe.png","format":"png","width":1548},"val_loss":0.7105908393859863,"val_total_spikes":0,"train_loss":0.013947057537734509,"train_acc":1,"_wandb":{"runtime":57},"train_spikes_per_t":NaN,"2D Loss Contour":{"size":131185,"path":"media/images/2D Loss Contour_602_65fdfa5e3034df805111.png","format":"png","width":1622,"height":1176,"_type":"image-file","sha256":"65fdfa5e3034df805111488a4997316c65d7d90fb3617ba23149ae0ebd1a43b6"},"_runtime":57.414661281,"val_acc":0.7578125,"_timestamp":1.7465963597915635e+09,"final_test_acc":0.80859375,"val_spikes_per_t":NaN,"final_train_acc":1,"_step":602,"final_val_acc":0.7578125,"train_total_spikes":0}