{"2D Loss Contour":{"size":116344,"path":"media/images/2D Loss Contour_602_b5c126fb85a650e4a953.png","format":"png","width":1622,"height":1176,"_type":"image-file","sha256":"b5c126fb85a650e4a953591d37a158039d1968d54b07468a98c4fbe9abb08316"},"train_total_spikes":0,"train_loss":0.008046336472034454,"val_loss":1.0090956687927246,"final_val_acc":0.73046875,"_runtime":56.749679367,"_timestamp":1.7466559562723382e+09,"train_spikes_per_t":NaN,"val_total_spikes":0,"final_train_acc":1,"_step":602,"_wandb":{"runtime":56},"3D Loss Surface":{"sha256":"8ea2e238ebb245e78c659dbf9271ed11a78cba5ffe6c2dc143184c0a1bef3ac7","size":412866,"path":"media/images/3D Loss Surface_601_8ea2e238ebb245e78c65.png","format":"png","width":1522,"height":1266,"_type":"image-file"},"val_acc":0.73046875,"train_acc":1,"val_spikes_per_t":NaN,"final_test_acc":0.67578125}