{"val_spikes_per_t":65.0703125,"train_acc":1,"3D Loss Surface":{"format":"png","width":1548,"height":1266,"_type":"image-file","sha256":"3397aaf68fbc89b8487a0021eed6037168cae7f2795048f22e2878a955662226","size":374969,"path":"media/images/3D Loss Surface_601_3397aaf68fbc89b8487a.png"},"final_train_acc":1,"train_spikes_per_t":66.08203125,"final_val_acc":1,"_wandb":{"runtime":75},"val_total_spikes":16658,"final_test_acc":0.98828125,"_timestamp":1.7465818197787786e+09,"val_acc":1,"val_loss":0.00976141169667244,"_runtime":75.285765146,"train_total_spikes":16917,"_step":602,"2D Loss Contour":{"path":"media/images/2D Loss Contour_602_74eb6e84461bb01e61c7.png","format":"png","width":1623,"height":1176,"_type":"image-file","sha256":"74eb6e84461bb01e61c75520009f94e1ac8504c8d8d479f26df02293dbeb13d3","size":155427},"train_loss":0.0013621454127132893}