{"final_val_acc":0.82421875,"2D Loss Contour":{"format":"png","width":1596,"height":1176,"_type":"image-file","sha256":"8f06915241a37691b4a23c46036fa5aa2b31b19ad1c8de96b9eca94c0c5d4453","size":136943,"path":"media/images/2D Loss Contour_602_8f06915241a37691b4a2.png"},"_runtime":159.832905071,"val_acc":0.82421875,"val_loss":0.44466492533683777,"train_total_spikes":6206,"train_acc":0.98046875,"final_train_acc":0.98046875,"final_test_acc":0.80078125,"val_total_spikes":6334,"train_loss":0.1131681278347969,"_timestamp":1.7466711670871806e+09,"train_spikes_per_t":24.2421875,"val_spikes_per_t":24.7421875,"3D Loss Surface":{"height":1266,"_type":"image-file","sha256":"7cad0debaff4a84f6c6e70e91d21adf4a6882f3fe88667e328dc318a5a67de9b","size":399510,"path":"media/images/3D Loss Surface_601_7cad0debaff4a84f6c6e.png","format":"png","width":1522},"_step":602,"_wandb":{"runtime":159}}