{"train_acc":1,"val_total_spikes":11293,"train_spikes_per_t":44.0078125,"_step":602,"_timestamp":1.7466586878262641e+09,"train_loss":0.00015259131032507867,"val_spikes_per_t":44.11328125,"val_loss":0.04548577964305878,"_runtime":102.884216101,"final_train_acc":1,"_wandb":{"runtime":102},"3D Loss Surface":{"width":1601,"height":1266,"_type":"image-file","sha256":"9a936ed5ba1a8ef79e35115a57a1cc15630856c95ea5605ab768922fa2f870f1","size":509851,"path":"media/images/3D Loss Surface_601_9a936ed5ba1a8ef79e35.png","format":"png"},"val_acc":0.9765625,"train_total_spikes":11266,"2D Loss Contour":{"size":115226,"path":"media/images/2D Loss Contour_602_e196170205344d17f592.png","format":"png","width":1649,"height":1176,"_type":"image-file","sha256":"e196170205344d17f59265be298d6d4e5c90860ba5f40d16210fe34caed13ecb"},"final_test_acc":0.9921875,"final_val_acc":0.9765625}