{"2D Loss Contour":{"path":"media/images/2D Loss Contour_602_1ba63589f04aa34928a7.png","format":"png","width":1649,"height":1176,"_type":"image-file","sha256":"1ba63589f04aa34928a7b633d0eb01284c799f5b5038f826dba1bacdec6f18eb","size":135988},"3D Loss Surface":{"path":"media/images/3D Loss Surface_601_67db4a61b0fcb38a961d.png","format":"png","width":1575,"height":1266,"_type":"image-file","sha256":"67db4a61b0fcb38a961d18b0283a50530db77a4682922231c370bda3b87f2936","size":529353},"train_loss":0.0011404124088585377,"_runtime":32.159877229,"final_test_acc":0.96875,"_wandb":{"runtime":32},"_timestamp":1.7466139316239326e+09,"train_acc":1,"train_total_spikes":0,"val_acc":0.98046875,"final_val_acc":0.98046875,"final_train_acc":1,"_step":602,"train_spikes_per_t":NaN,"val_loss":0.05337860435247421,"val_total_spikes":0,"val_spikes_per_t":NaN}