{"3D Loss Surface":{"sha256":"716e142625b03f9fa0d8f39a212e54a5378feba2ee98249b7113fab550a708c0","size":497919,"path":"media/images/3D Loss Surface_601_716e142625b03f9fa0d8.png","format":"png","width":1575,"height":1266,"_type":"image-file"},"final_val_acc":1,"_timestamp":1.7466134076144876e+09,"final_train_acc":1,"val_loss":0.029167979955673218,"train_total_spikes":0,"train_loss":0.0009222240769304335,"_step":602,"final_test_acc":0.9609375,"train_spikes_per_t":NaN,"val_acc":1,"val_spikes_per_t":NaN,"_runtime":31.830709316,"train_acc":1,"_wandb":{"runtime":31},"2D Loss Contour":{"_type":"image-file","sha256":"7bc048e1ae1665fbbf67cfa7d7d95ba84fa699d2baf5266e82246d0301c3cb71","size":141872,"path":"media/images/2D Loss Contour_602_7bc048e1ae1665fbbf67.png","format":"png","width":1649,"height":1176},"val_total_spikes":0}