{"train_loss":0.00031958744511939585,"_wandb":{"runtime":103},"_runtime":103.159648711,"2D Loss Contour":{"sha256":"50f442e832104b1dd77fb9cacac22c3b2d265927a7126f0e477c6bbe03e19e67","size":130065,"path":"media/images/2D Loss Contour_602_50f442e832104b1dd77f.png","format":"png","width":1623,"height":1176,"_type":"image-file"},"train_acc":1,"val_spikes_per_t":64.9375,"train_total_spikes":16622,"train_spikes_per_t":64.9296875,"_step":602,"final_test_acc":0.984375,"final_train_acc":1,"val_loss":0.049488846212625504,"3D Loss Surface":{"format":"png","width":1548,"height":1266,"_type":"image-file","sha256":"c7d838fd0601ab2c7e74a601907e33a972c5c399db6e5921ba538832a3ec3ee4","size":421276,"path":"media/images/3D Loss Surface_601_c7d838fd0601ab2c7e74.png"},"final_val_acc":0.984375,"_timestamp":1.746665717499395e+09,"val_total_spikes":16624,"val_acc":0.984375}