{"train_spikes_per_t":137.39453125,"train_acc":0.9453125,"val_loss":1.1689093112945557,"final_train_acc":0.9453125,"_timestamp":1.7466687870702438e+09,"final_test_acc":0.75,"3D Loss Surface":{"path":"media/images/3D Loss Surface_601_c76725721ecf4c250b33.png","format":"png","width":1522,"height":1266,"_type":"image-file","sha256":"c76725721ecf4c250b33bda955d6a6804014d16e56d4868b6f2a41227d525691","size":437557},"train_total_spikes":35173,"_step":602,"2D Loss Contour":{"width":1596,"height":1176,"_type":"image-file","sha256":"af55fbf8f8eb2d7dfb1c97d55246b9a1d72a126c5ca5deaaf65c89e12af6e251","size":130692,"path":"media/images/2D Loss Contour_602_af55fbf8f8eb2d7dfb1c.png","format":"png"},"_runtime":62.868199629,"val_acc":0.6875,"val_total_spikes":35821,"train_loss":0.16900618374347687,"final_val_acc":0.6875,"val_spikes_per_t":139.92578125,"_wandb":{"runtime":62}}