{"val_acc":0.9921875,"train_total_spikes":30640,"_step":602,"_wandb":{"runtime":115},"final_train_acc":1,"train_acc":1,"train_loss":0.0034474199637770653,"train_spikes_per_t":119.6875,"_runtime":115.774917572,"val_loss":0.01576470024883747,"final_val_acc":0.9921875,"3D Loss Surface":{"size":465859,"path":"media/images/3D Loss Surface_601_76b2f1671c98ee184360.png","format":"png","width":1548,"height":1266,"_type":"image-file","sha256":"76b2f1671c98ee1843603d24c50e5b5848ae86bdcaf798e513a5ee92ab1f490f"},"2D Loss Contour":{"format":"png","width":1623,"height":1176,"_type":"image-file","sha256":"d2d979209d5a1eed1aa3330de245d28281c6af8081da1479f73f5470be30f173","size":122176,"path":"media/images/2D Loss Contour_602_d2d979209d5a1eed1aa3.png"},"val_total_spikes":30661,"val_spikes_per_t":119.76953125,"final_test_acc":1,"_timestamp":1.7465802852626224e+09}