{"final_train_acc":1,"train_loss":0.00447926064953208,"_step":602,"final_val_acc":0.94921875,"_runtime":173.165078695,"val_spikes_per_t":36.58984375,"2D Loss Contour":{"format":"png","width":1623,"height":1176,"_type":"image-file","sha256":"e49c8925eb8d19aa26589883eb09ef8894ea60fd56d31cf2de7e2ee1cb243ea5","size":136364,"path":"media/images/2D Loss Contour_602_e49c8925eb8d19aa2658.png"},"3D Loss Surface":{"path":"media/images/3D Loss Surface_601_c3792299e9ab26f7ce92.png","format":"png","width":1575,"height":1266,"_type":"image-file","sha256":"c3792299e9ab26f7ce92c52e491f072d1babb3502931064b3327a9f3f01762c1","size":490871},"train_total_spikes":9291,"val_total_spikes":9367,"final_test_acc":0.97265625,"_timestamp":1.7466262665709114e+09,"val_acc":0.94921875,"_wandb":{"runtime":173},"val_loss":0.14283215999603271,"train_acc":1,"train_spikes_per_t":36.29296875}