{"train_loss":0.28694167733192444,"_wandb":{"runtime":161},"_timestamp":1.746683609507383e+09,"final_val_acc":0.6953125,"train_spikes_per_t":15.078125,"final_train_acc":0.8828125,"train_acc":0.8828125,"3D Loss Surface":{"sha256":"3919639ca2117e4ce68f83a3504f8a0edda678032fc137621894c0697914f97e","size":285331,"path":"media/images/3D Loss Surface_601_3919639ca2117e4ce68f.png","format":"png","width":1548,"height":1266,"_type":"image-file"},"_step":602,"final_test_acc":0.74609375,"2D Loss Contour":{"path":"media/images/2D Loss Contour_602_ac02fb7681e49ab5b94d.png","format":"png","width":1622,"height":1176,"_type":"image-file","sha256":"ac02fb7681e49ab5b94d5a356641e0473d0c987073e0f9d8ac3134b67f8fd79a","size":137989},"val_total_spikes":3806,"val_spikes_per_t":14.8671875,"val_loss":0.6705816984176636,"_runtime":161.541531306,"train_total_spikes":3860,"val_acc":0.6953125}