{"train_acc":1,"val_total_spikes":17256,"val_loss":0.07759936898946762,"_timestamp":1.7466659237247007e+09,"_runtime":101.838816386,"3D Loss Surface":{"sha256":"dee7ff055251b0b312f42c455acbf6b866be6f9805b2b2712bad588aaf46f7d4","size":472158,"path":"media/images/3D Loss Surface_601_dee7ff055251b0b312f4.png","format":"png","width":1548,"height":1266,"_type":"image-file"},"train_loss":0.0002987365878652781,"_step":602,"val_spikes_per_t":67.40625,"final_test_acc":0.9609375,"val_acc":0.9765625,"2D Loss Contour":{"size":115094,"path":"media/images/2D Loss Contour_602_ad1b7a3ba0e0be40822e.png","format":"png","width":1623,"height":1176,"_type":"image-file","sha256":"ad1b7a3ba0e0be40822eb54c9ad4bc6143d8fad09e92b53918db31d2576c793a"},"train_spikes_per_t":68.0234375,"final_train_acc":1,"final_val_acc":0.9765625,"_wandb":{"runtime":101},"train_total_spikes":17414}