{"train_spikes_per_t":116.0078125,"final_train_acc":0.5546875,"val_loss":1.6043195724487305,"final_val_acc":0.4609375,"2D Loss Contour":{"size":132393,"path":"media/images/2D Loss Contour_602_b0825ef5babe94655c23.png","format":"png","width":1569,"height":1176,"_type":"image-file","sha256":"b0825ef5babe94655c2335938de20f80dab06d5cdb488b482dcbf956c9398199"},"val_acc":0.4609375,"_timestamp":1.7465622127346773e+09,"3D Loss Surface":{"path":"media/images/3D Loss Surface_601_71a27cb60e0f46209490.png","format":"png","width":1495,"height":1266,"_type":"image-file","sha256":"71a27cb60e0f4620949096583c5c055dc0b5da982473517fdcbca0deedf7d2af","size":447312},"val_total_spikes":29990,"train_acc":0.5546875,"val_spikes_per_t":117.1484375,"_wandb":{"runtime":113},"_runtime":113.260751779,"train_total_spikes":29698,"train_loss":1.210858702659607,"final_test_acc":0.47265625,"_step":602}