{"_timestamp":1.746593252650118e+09,"val_spikes_per_t":82.09765625,"_wandb":{"runtime":75},"_step":602,"train_acc":0.99609375,"final_test_acc":0.99609375,"train_total_spikes":21203,"3D Loss Surface":{"height":1266,"_type":"image-file","sha256":"fe003fe0ef8f8b215dc1de646c866c75ef82bb4ed19a7449d2e026c0909985e6","size":452969,"path":"media/images/3D Loss Surface_601_fe003fe0ef8f8b215dc1.png","format":"png","width":1575},"2D Loss Contour":{"size":130214,"path":"media/images/2D Loss Contour_602_7bd828879472400226f8.png","format":"png","width":1649,"height":1176,"_type":"image-file","sha256":"7bd828879472400226f86a486be0fa0d2e4bdb4ca6c06604ae6e10a82725618a"},"train_loss":0.0031124495435506105,"val_total_spikes":21017,"val_acc":0.99609375,"final_train_acc":0.99609375,"_runtime":75.829630025,"final_val_acc":0.99609375,"train_spikes_per_t":82.82421875,"val_loss":0.012822333723306656}