{"final_train_acc":1,"val_loss":0.01965283416211605,"val_total_spikes":31610,"_step":602,"train_total_spikes":31617,"train_acc":1,"_runtime":113.622696525,"val_spikes_per_t":123.4765625,"_timestamp":1.746572687743504e+09,"2D Loss Contour":{"width":1596,"height":1176,"_type":"image-file","sha256":"a28390e12d5d69c303e6e3856abbd650b1b6174f75694e8d79dab06ef2a5bbc6","size":110689,"path":"media/images/2D Loss Contour_602_a28390e12d5d69c303e6.png","format":"png"},"3D Loss Surface":{"format":"png","width":1522,"height":1266,"_type":"image-file","sha256":"c31c5cb440f27c5e2e309f238f4466501fedd07acabf331299387b746b8b26b0","size":408414,"path":"media/images/3D Loss Surface_601_c31c5cb440f27c5e2e30.png"},"val_acc":0.9921875,"_wandb":{"runtime":113},"final_val_acc":0.9921875,"final_test_acc":0.96875,"train_loss":0.00478295749053359,"train_spikes_per_t":123.50390625}