{"val_acc":0.9921875,"_timestamp":1.7465914234010768e+09,"train_loss":0.0004308343050070107,"3D Loss Surface":{"format":"png","width":1548,"height":1266,"_type":"image-file","sha256":"2fdfa2868ab77a2f60d0c85d5a747866118a42278c5d3cae899855f63ae10667","size":378715,"path":"media/images/3D Loss Surface_601_2fdfa2868ab77a2f60d0.png"},"_wandb":{"runtime":75},"val_loss":0.01813492365181446,"_step":602,"train_total_spikes":15258,"train_spikes_per_t":59.6015625,"train_acc":1,"final_val_acc":0.9921875,"_runtime":75.579835835,"val_total_spikes":15085,"final_train_acc":1,"val_spikes_per_t":58.92578125,"final_test_acc":0.99609375,"2D Loss Contour":{"sha256":"235a1de85301c7e886c1ea029b93b5e7a9936426711dd81869149389473eb5b4","size":130743,"path":"media/images/2D Loss Contour_602_235a1de85301c7e886c1.png","format":"png","width":1622,"height":1176,"_type":"image-file"}}