{"final_train_acc":1,"val_total_spikes":6837,"3D Loss Surface":{"width":1522,"height":1266,"_type":"image-file","sha256":"426c044a1df7824b7c9e7379bd7732e29ab9494d5ce1045bd1b9d4f110507132","size":370486,"path":"media/images/3D Loss Surface_601_426c044a1df7824b7c9e.png","format":"png"},"final_test_acc":0.84375,"train_loss":0.007319831755012274,"train_acc":1,"val_acc":0.84765625,"_timestamp":1.746642408895242e+09,"_runtime":172.984947556,"_step":602,"final_val_acc":0.84765625,"train_spikes_per_t":27.265625,"2D Loss Contour":{"_type":"image-file","sha256":"025c65e3fa1bbd691bd2a9126b001366abede6bfb5c6053f636c21bec215daf0","size":112719,"path":"media/images/2D Loss Contour_602_025c65e3fa1bbd691bd2.png","format":"png","width":1596,"height":1176},"val_spikes_per_t":26.70703125,"train_total_spikes":6980,"val_loss":0.3327920138835907,"_wandb":{"runtime":172}}