{"val_loss":0.0116615304723382,"_runtime":75.271211724,"val_total_spikes":19754,"final_val_acc":0.99609375,"2D Loss Contour":{"path":"media/images/2D Loss Contour_602_8e0ff725ca313094b0e6.png","format":"png","width":1622,"height":1176,"_type":"image-file","sha256":"8e0ff725ca313094b0e62975cac06df718e86cedf0a6617e944408aebad29e28","size":143991},"val_spikes_per_t":77.1640625,"_step":602,"final_train_acc":1,"final_test_acc":0.98046875,"val_acc":0.99609375,"_wandb":{"runtime":75},"train_total_spikes":20030,"train_acc":1,"_timestamp":1.7465886002834156e+09,"train_loss":0.0007294475799426436,"3D Loss Surface":{"width":1575,"height":1266,"_type":"image-file","sha256":"d16045cf31edaa62384f10f41e6a74dec87ba47cf5f8b10c9461b1500791edc3","size":338568,"path":"media/images/3D Loss Surface_601_d16045cf31edaa62384f.png","format":"png"},"train_spikes_per_t":78.2421875}