{"val_spikes_per_t":NaN,"_timestamp":1.7466141282362442e+09,"val_total_spikes":0,"_step":602,"final_test_acc":0.96484375,"_runtime":32.225481616,"final_train_acc":1,"train_loss":0.0008779788040556014,"train_total_spikes":0,"val_acc":0.984375,"train_spikes_per_t":NaN,"_wandb":{"runtime":32},"3D Loss Surface":{"width":1575,"height":1266,"_type":"image-file","sha256":"62db6a29366a747ba58abc03fc2e3b064d53b3f2f1d1597b6fbe17da2ef82160","size":505253,"path":"media/images/3D Loss Surface_601_62db6a29366a747ba58a.png","format":"png"},"2D Loss Contour":{"path":"media/images/2D Loss Contour_602_08a9367eb97cd00546f4.png","format":"png","width":1649,"height":1176,"_type":"image-file","sha256":"08a9367eb97cd00546f4de7a3c1d0005b7d7fa76c82bdda86db7d0836c4cc7ed","size":147451},"final_val_acc":0.984375,"val_loss":0.04428127035498619,"train_acc":1}