{"train_loss":0.36091089248657227,"2D Loss Contour":{"size":146779,"path":"media/images/2D Loss Contour_602_48d6fa978181964036fe.png","format":"png","width":1649,"height":1176,"_type":"image-file","sha256":"48d6fa978181964036fefc4f31c8b65cb0d56af4b64f8badf89ec1ca4a16fd9b"},"final_train_acc":0.98828125,"train_acc":0.98828125,"val_spikes_per_t":87.60546875,"val_acc":0.953125,"train_total_spikes":22550,"val_loss":0.39328524470329285,"_wandb":{"runtime":75},"3D Loss Surface":{"size":390927,"path":"media/images/3D Loss Surface_601_0544cd1641853ff6e7b8.png","format":"png","width":1455,"height":1266,"_type":"image-file","sha256":"0544cd1641853ff6e7b81b928a03a2a27deffee67d407c0a3afa516be15739ac"},"final_val_acc":0.953125,"_runtime":75.504671028,"_step":602,"_timestamp":1.7465866195307834e+09,"val_total_spikes":22427,"final_test_acc":0.9609375,"train_spikes_per_t":88.0859375}