{"2D Loss Contour":{"size":128029,"path":"media/images/2D Loss Contour_602_b0d200d589c73cd422a7.png","format":"png","width":1649,"height":1176,"_type":"image-file","sha256":"b0d200d589c73cd422a7e602787622a64198464f7053fcbb5aa449688bd8ab98"},"_step":602,"val_spikes_per_t":NaN,"val_total_spikes":0,"train_spikes_per_t":NaN,"3D Loss Surface":{"_type":"image-file","sha256":"0e24bbd007b7bb0832f0fb552a0cadac515af02a99851545f919adb5618718fa","size":449697,"path":"media/images/3D Loss Surface_601_0e24bbd007b7bb0832f0.png","format":"png","width":1575,"height":1266},"final_train_acc":1,"_timestamp":1.7466127870054743e+09,"train_total_spikes":0,"train_loss":0.0013156341155990958,"train_acc":1,"_wandb":{"runtime":32},"_runtime":32.518937673,"final_val_acc":0.9765625,"final_test_acc":0.97265625,"val_loss":0.055977962911129,"val_acc":0.9765625}