{"_step":602,"val_total_spikes":0,"2D Loss Contour":{"_type":"image-file","sha256":"24d4457298f0ce87df304f46ace9fd0f4c4fe5066d8539a32a4fa635e5010467","size":141554,"path":"media/images/2D Loss Contour_602_24d4457298f0ce87df30.png","format":"png","width":1622,"height":1176},"final_test_acc":0.59765625,"_wandb":{"runtime":56},"_timestamp":1.7466558416365094e+09,"final_train_acc":1,"train_total_spikes":0,"val_spikes_per_t":NaN,"train_acc":1,"val_acc":0.6484375,"final_val_acc":0.6484375,"val_loss":1.4439969062805176,"train_loss":0.03149530291557312,"3D Loss Surface":{"sha256":"e786498fd5fe873f264b7f9bdcf082b8d0660299085ec7c204151bee04ee4cab","size":288437,"path":"media/images/3D Loss Surface_601_e786498fd5fe873f264b.png","format":"png","width":1522,"height":1266,"_type":"image-file"},"_runtime":56.535179681,"train_spikes_per_t":NaN}