{"train_loss":0.000892083568032831,"train_spikes_per_t":NaN,"2D Loss Contour":{"_type":"image-file","sha256":"8767799fc48e1dae0e1e7ac42bd7612c2a44ab72801e67860606855dda6e219e","size":124536,"path":"media/images/2D Loss Contour_602_8767799fc48e1dae0e1e.png","format":"png","width":1623,"height":1176},"_timestamp":1.7466107526717165e+09,"val_acc":0.99609375,"final_train_acc":1,"val_loss":0.028870167210698128,"val_total_spikes":0,"train_total_spikes":0,"_step":602,"3D Loss Surface":{"_type":"image-file","sha256":"56920187abd515a14b8b72d925883880d09a88f562dc713b6fae24d1f453926a","size":545025,"path":"media/images/3D Loss Surface_601_56920187abd515a14b8b.png","format":"png","width":1575,"height":1266},"_wandb":{"runtime":32},"final_val_acc":0.99609375,"final_test_acc":0.96484375,"val_spikes_per_t":NaN,"_runtime":32.793999708,"train_acc":1}