{"_timestamp":1.746682150602263e+09,"_runtime":161.40240278,"final_val_acc":0.96484375,"train_total_spikes":5407,"_step":602,"val_total_spikes":5358,"2D Loss Contour":{"_type":"image-file","sha256":"a5ced4b6b65de9956f904e8518d9b8c10f4b3c8dc1d20bed362f28cbe0578cf5","size":140993,"path":"media/images/2D Loss Contour_602_a5ced4b6b65de9956f90.png","format":"png","width":1649,"height":1176},"val_spikes_per_t":20.9296875,"val_acc":0.96484375,"train_spikes_per_t":21.12109375,"final_test_acc":0.9765625,"train_loss":0.005424968432635069,"val_loss":0.10653235763311386,"final_train_acc":1,"train_acc":1,"3D Loss Surface":{"height":1266,"_type":"image-file","sha256":"ef33ffd5740d8acab4ce2d183b429b1490e99e7d2f25c79b6b84da88940aa470","size":314270,"path":"media/images/3D Loss Surface_601_ef33ffd5740d8acab4ce.png","format":"png","width":1575},"_wandb":{"runtime":161}}