{"val_acc":0.765625,"train_spikes_per_t":91.37109375,"_runtime":74.396203754,"final_train_acc":0.94140625,"train_acc":0.94140625,"final_val_acc":0.765625,"train_loss":0.14325928688049316,"train_total_spikes":23391,"_wandb":{"runtime":74},"3D Loss Surface":{"width":1522,"height":1266,"_type":"image-file","sha256":"9e32e649168aa18965452b5dd5a0eb847f29114b8d0eb4837f028934de74d85b","size":399091,"path":"media/images/3D Loss Surface_601_9e32e649168aa1896545.png","format":"png"},"val_spikes_per_t":91.62890625,"final_test_acc":0.80859375,"_timestamp":1.7466539864459832e+09,"val_total_spikes":23457,"2D Loss Contour":{"size":132555,"path":"media/images/2D Loss Contour_602_c79f75df03de7509ac0c.png","format":"png","width":1596,"height":1176,"_type":"image-file","sha256":"c79f75df03de7509ac0c403bb6685751ab948fa5dc795306d2149ec4eee6b5d6"},"val_loss":0.5473130941390991,"_step":602}