{"val_acc":0.9296875,"train_total_spikes":4089,"_runtime":161.438020531,"_wandb":{"runtime":161},"train_loss":0.007449767552316189,"val_loss":0.2046905755996704,"final_val_acc":0.9296875,"3D Loss Surface":{"width":1548,"height":1266,"_type":"image-file","sha256":"ed4453b51018b6115529d23545f2f689c80d88a3ddf2a0fdbb7b933a625b1c5e","size":391132,"path":"media/images/3D Loss Surface_601_ed4453b51018b6115529.png","format":"png"},"2D Loss Contour":{"format":"png","width":1596,"height":1176,"_type":"image-file","sha256":"0e487a97e8b98307c4ae40326ae22b10b02279244f43af0ea28ddecd6fe3c4c7","size":106682,"path":"media/images/2D Loss Contour_602_0e487a97e8b98307c4ae.png"},"train_spikes_per_t":15.97265625,"_timestamp":1.746681341155386e+09,"final_test_acc":0.9453125,"val_total_spikes":4103,"final_train_acc":1,"_step":602,"train_acc":1,"val_spikes_per_t":16.02734375}