{"val_total_spikes":0,"train_loss":0.0009465064504183829,"train_acc":1,"3D Loss Surface":{"size":440939,"path":"media/images/3D Loss Surface_601_69ef808afce0b77514ec.png","format":"png","width":1575,"height":1266,"_type":"image-file","sha256":"69ef808afce0b77514ec1da8a3cf53c985c796e68b6b426397bdcb6573121ed8"},"_runtime":31.925184374,"val_loss":0.033584386110305786,"_timestamp":1.7466128851621618e+09,"2D Loss Contour":{"sha256":"ce61d5ffe586cca7437bc4f708026d119f09d29f7a0a6ce8a995eb4a881d3af2","size":158023,"path":"media/images/2D Loss Contour_602_ce61d5ffe586cca7437b.png","format":"png","width":1649,"height":1176,"_type":"image-file"},"_wandb":{"runtime":31},"final_test_acc":0.96875,"train_spikes_per_t":NaN,"final_train_acc":1,"_step":602,"val_spikes_per_t":NaN,"train_total_spikes":0,"val_acc":0.99609375,"final_val_acc":0.99609375}