{"val_loss":0.7119920253753662,"train_total_spikes":9325,"val_total_spikes":9351,"train_spikes_per_t":36.42578125,"final_val_acc":0.77734375,"train_loss":0.048933204263448715,"train_acc":0.9921875,"_timestamp":1.7466746393191586e+09,"3D Loss Surface":{"format":"png","width":1522,"height":1266,"_type":"image-file","sha256":"74d43bd1366d7cdcd38861e8c0f9c6012476fd39eee02f3e407bc5c54dde6c03","size":400685,"path":"media/images/3D Loss Surface_601_74d43bd1366d7cdcd388.png"},"final_train_acc":0.9921875,"final_test_acc":0.76953125,"val_spikes_per_t":36.52734375,"_wandb":{"runtime":64},"val_acc":0.77734375,"2D Loss Contour":{"sha256":"878547695457965f8bb2d7da1a1378999726bc290f671f16012dbbe5fc21cfbe","size":118394,"path":"media/images/2D Loss Contour_602_878547695457965f8bb2.png","format":"png","width":1596,"height":1176,"_type":"image-file"},"_runtime":64.827441506,"_step":602}