{"val_loss":0.03557079657912254,"2D Loss Contour":{"sha256":"9933fef8f38b0fef8fa2d6df739fb794f4e24af17abb7ae95771dd744cfc553c","size":121730,"path":"media/images/2D Loss Contour_602_9933fef8f38b0fef8fa2.png","format":"png","width":1623,"height":1176,"_type":"image-file"},"train_spikes_per_t":NaN,"val_acc":0.98046875,"3D Loss Surface":{"sha256":"4bf82744c9c2f7d88be8a71c4afe0781656fffd7c2cb46153bcc253f014d5292","size":488003,"path":"media/images/3D Loss Surface_601_4bf82744c9c2f7d88be8.png","format":"png","width":1575,"height":1266,"_type":"image-file"},"train_acc":1,"_wandb":{"runtime":32},"val_total_spikes":0,"train_loss":0.0006971797556616366,"_step":602,"final_train_acc":1,"_timestamp":1.7466101622783432e+09,"train_total_spikes":0,"final_val_acc":0.98046875,"final_test_acc":0.95703125,"val_spikes_per_t":NaN,"_runtime":32.567815097}