{"_runtime":102.6685307,"final_train_acc":1,"train_total_spikes":11603,"_wandb":{"runtime":102},"val_spikes_per_t":45.40625,"val_loss":0.047353651374578476,"final_val_acc":0.9765625,"_step":602,"final_test_acc":0.9765625,"train_spikes_per_t":45.32421875,"3D Loss Surface":{"size":519920,"path":"media/images/3D Loss Surface_601_40d0fd30587b2a291403.png","format":"png","width":1575,"height":1266,"_type":"image-file","sha256":"40d0fd30587b2a2914038fb4a54eaa101e67b448477605782a56e2a4dc3cea6f"},"2D Loss Contour":{"size":125983,"path":"media/images/2D Loss Contour_602_df13065d4cdeed38e5ec.png","format":"png","width":1649,"height":1176,"_type":"image-file","sha256":"df13065d4cdeed38e5ec08a9127210f10bd52f7c663b99ce65542d7d64aaffe8"},"_timestamp":1.7466543462619472e+09,"val_acc":0.9765625,"train_acc":1,"train_loss":0.00024132704129442573,"val_total_spikes":11624}