{"val_loss":0.7067551016807556,"final_train_acc":1,"final_val_acc":0.7578125,"train_acc":1,"final_test_acc":0.78515625,"train_spikes_per_t":71.91015625,"_runtime":168.32568495,"2D Loss Contour":{"_type":"image-file","sha256":"70b199d7aa572ba126cc83284163511630c249af67ab7659b95669f7ac45b501","size":125566,"path":"media/images/2D Loss Contour_602_70b199d7aa572ba126cc.png","format":"png","width":1596,"height":1176},"train_loss":0.013209489174187183,"val_total_spikes":18610,"train_total_spikes":18409,"3D Loss Surface":{"height":1266,"_type":"image-file","sha256":"8c27a2e048477f9f9ca0cab9a72e88a4981e89604bc5087b0ff66fd4d21d9245","size":434457,"path":"media/images/3D Loss Surface_601_8c27a2e048477f9f9ca0.png","format":"png","width":1522},"val_acc":0.7578125,"_wandb":{"runtime":168},"_timestamp":1.7466592556619341e+09,"_step":602,"val_spikes_per_t":72.6953125}