{"train_acc":1,"_runtime":173.855105478,"final_val_acc":0.91796875,"_step":602,"3D Loss Surface":{"width":1575,"height":1266,"_type":"image-file","sha256":"1bf7d64b2cc1fbe40e4249c0b35a6908e793346e876ab937656d51659d9b68e3","size":384544,"path":"media/images/3D Loss Surface_601_1bf7d64b2cc1fbe40e42.png","format":"png"},"_timestamp":1.746645534992169e+09,"val_acc":0.91796875,"val_total_spikes":11340,"2D Loss Contour":{"format":"png","width":1622,"height":1176,"_type":"image-file","sha256":"3f54729872b2d334d424173a3129c5331ddd4df9b33aaa38ee0d21d11690321d","size":152328,"path":"media/images/2D Loss Contour_602_3f54729872b2d334d424.png"},"train_loss":0.0066740200854837894,"_wandb":{"runtime":173},"final_train_acc":1,"train_spikes_per_t":45.1875,"final_test_acc":0.91015625,"train_total_spikes":11568,"val_loss":0.22455844283103943,"val_spikes_per_t":44.296875}