{"val_spikes_per_t":69.234375,"2D Loss Contour":{"height":1176,"_type":"image-file","sha256":"49479dab7c3c56cc8bb8b5d51857673a15afc59c67c7e3677367c2e8a0a02c12","size":109894,"path":"media/images/2D Loss Contour_602_49479dab7c3c56cc8bb8.png","format":"png","width":1596},"val_loss":0.026180369779467583,"train_loss":0.0008102021529339254,"train_acc":1,"final_train_acc":1,"3D Loss Surface":{"sha256":"5ca167781a5e828acd9b350630ffcdb0bc58045b13e75e3160fe6d3b028b081b","size":410231,"path":"media/images/3D Loss Surface_601_5ca167781a5e828acd9b.png","format":"png","width":1522,"height":1266,"_type":"image-file"},"train_total_spikes":17949,"_timestamp":1.7465958446158543e+09,"_wandb":{"runtime":75},"_step":602,"val_acc":0.99609375,"_runtime":75.474695036,"final_val_acc":0.99609375,"train_spikes_per_t":70.11328125,"final_test_acc":0.97265625,"val_total_spikes":17724}