{"val_loss":0.21935062110424042,"final_train_acc":0.9921875,"train_total_spikes":7990,"_wandb":{"runtime":161},"_runtime":161.688051654,"train_spikes_per_t":31.2109375,"train_acc":0.9921875,"final_val_acc":0.91796875,"2D Loss Contour":{"height":1176,"_type":"image-file","sha256":"29c46beb1fce1f1c7912827700b84c512cae0abc96986dbef866869b28642037","size":145469,"path":"media/images/2D Loss Contour_602_29c46beb1fce1f1c7912.png","format":"png","width":1622},"_timestamp":1.746690106948634e+09,"train_loss":0.03902526944875717,"val_acc":0.91796875,"final_test_acc":0.94140625,"3D Loss Surface":{"width":1548,"height":1266,"_type":"image-file","sha256":"859a6bc3e02ed692b8675fc7390fff8a74ae5ee8592cb4731bb6d2e69458a77f","size":438528,"path":"media/images/3D Loss Surface_601_859a6bc3e02ed692b867.png","format":"png"},"_step":602,"val_spikes_per_t":31.5,"val_total_spikes":8064}