{"_timestamp":1.7466112443909698e+09,"val_acc":0.98046875,"val_loss":0.05178123712539673,"3D Loss Surface":{"_type":"image-file","sha256":"5353a7476bcefbd5bb34bb39ef47c75b752f9f66407376088667827b12c35906","size":532225,"path":"media/images/3D Loss Surface_601_5353a7476bcefbd5bb34.png","format":"png","width":1575,"height":1266},"val_total_spikes":0,"val_spikes_per_t":NaN,"final_test_acc":0.96484375,"_wandb":{"runtime":31},"final_train_acc":1,"train_loss":0.0012389498297125101,"2D Loss Contour":{"width":1649,"height":1176,"_type":"image-file","sha256":"771f591e32584f518025fe3d41850326e3ff2be2537484b5cb4bd7040bf7438c","size":138632,"path":"media/images/2D Loss Contour_602_771f591e32584f518025.png","format":"png"},"train_spikes_per_t":NaN,"_step":602,"train_acc":1,"final_val_acc":0.98046875,"_runtime":31.791712413,"train_total_spikes":0}