{"_wandb":{"runtime":75},"train_spikes_per_t":100.88671875,"final_test_acc":0.671875,"val_loss":0.947389543056488,"final_train_acc":0.76171875,"train_total_spikes":25827,"_step":602,"2D Loss Contour":{"size":143223,"path":"media/images/2D Loss Contour_602_e795e7701f40a6cb00ae.png","format":"png","width":1596,"height":1176,"_type":"image-file","sha256":"e795e7701f40a6cb00ae1ad795098da0a117b212e42bd7fec701879bb0393574"},"val_total_spikes":25777,"3D Loss Surface":{"path":"media/images/3D Loss Surface_601_3583f7d1a0a8660e2662.png","format":"png","width":1522,"height":1266,"_type":"image-file","sha256":"3583f7d1a0a8660e26622007646e4b6a9ee3f8eaa7bc19d267574f63b017df3f","size":468006},"final_val_acc":0.66796875,"val_acc":0.66796875,"val_spikes_per_t":100.69140625,"_timestamp":1.746587304755427e+09,"train_acc":0.76171875,"_runtime":75.180817345,"train_loss":0.6420187950134277}