{"train_loss":0.5300921201705933,"_timestamp":1.7466601016916015e+09,"final_test_acc":0.66015625,"_step":602,"final_train_acc":0.76953125,"train_spikes_per_t":20.2421875,"val_total_spikes":5301,"val_spikes_per_t":20.70703125,"3D Loss Surface":{"height":1266,"_type":"image-file","sha256":"8b65cfff93e6867b0fa898a6b527bcf9b4f2098686ca181f6a650a7992707697","size":422222,"path":"media/images/3D Loss Surface_601_8b65cfff93e6867b0fa8.png","format":"png","width":1522},"2D Loss Contour":{"_type":"image-file","sha256":"3063684776b8ba789c050e68a257021ad445b7e5f5bbec16e78de7fd9dc8e74a","size":104975,"path":"media/images/2D Loss Contour_602_3063684776b8ba789c05.png","format":"png","width":1570,"height":1176},"train_total_spikes":5182,"final_val_acc":0.65234375,"_wandb":{"runtime":168},"val_acc":0.65234375,"train_acc":0.76953125,"val_loss":0.7477342486381531,"_runtime":168.331945996}