{"val_acc":0.96484375,"train_spikes_per_t":28.30078125,"final_val_acc":0.96484375,"train_loss":0.0027606654912233353,"train_total_spikes":7245,"_step":602,"_runtime":161.256821114,"train_acc":1,"val_total_spikes":7165,"final_train_acc":1,"_wandb":{"runtime":161},"val_loss":0.1204853504896164,"3D Loss Surface":{"_type":"image-file","sha256":"4a6bb4f2d0cd2c9d76ed9b9d140f76b6704b73149339b4ce225f1896b776cca5","size":429609,"path":"media/images/3D Loss Surface_601_4a6bb4f2d0cd2c9d76ed.png","format":"png","width":1522,"height":1266},"_timestamp":1.7466810180328646e+09,"final_test_acc":0.9609375,"val_spikes_per_t":27.98828125,"2D Loss Contour":{"height":1176,"_type":"image-file","sha256":"056ab8595af37ca95479b7a10fd0f836f0c0a8f752ba569fd43835a6cf0e4a1b","size":114482,"path":"media/images/2D Loss Contour_602_056ab8595af37ca95479.png","format":"png","width":1596}}