{"final_test_acc":0.859375,"train_loss":0.02479301020503044,"_wandb":{"runtime":161},"train_spikes_per_t":15.8671875,"final_val_acc":0.87109375,"val_acc":0.87109375,"train_acc":1,"val_total_spikes":4145,"3D Loss Surface":{"height":1266,"_type":"image-file","sha256":"197a263c7ce997bd1e6147a97d996cf72a0a7fa5c1464b74d88341d2e7e4f2f8","size":415148,"path":"media/images/3D Loss Surface_601_197a263c7ce997bd1e61.png","format":"png","width":1522},"train_total_spikes":4062,"2D Loss Contour":{"path":"media/images/2D Loss Contour_602_83fbaaeafd0df0c555ba.png","format":"png","width":1596,"height":1176,"_type":"image-file","sha256":"83fbaaeafd0df0c555ba7e5659da8453565eaf3e539dcdd661b743e9bb333359","size":129245},"_timestamp":1.746677456879317e+09,"val_spikes_per_t":16.19140625,"val_loss":0.3486669957637787,"_runtime":161.40181319,"final_train_acc":1,"_step":602}