{"3D Loss Surface":{"_type":"image-file","sha256":"69a0506d27a94019d41ceefedbf29a6566c77d1562c545344cdb939d3b98df5d","size":401929,"path":"media/images/3D Loss Surface_601_69a0506d27a94019d41c.png","format":"png","width":1522,"height":1266},"_runtime":75.423664889,"val_total_spikes":25327,"val_loss":0.9917787313461304,"final_train_acc":0.75,"train_acc":0.75,"_timestamp":1.74659287108615e+09,"_step":602,"2D Loss Contour":{"format":"png","width":1596,"height":1176,"_type":"image-file","sha256":"41588cafc9884672bc19c8530033e256964d0ced279ab46f91aa3e88123a5c01","size":134568,"path":"media/images/2D Loss Contour_602_41588cafc9884672bc19.png"},"train_spikes_per_t":99.2734375,"val_acc":0.65625,"train_total_spikes":25414,"final_val_acc":0.65625,"final_test_acc":0.65234375,"train_loss":0.6359133124351501,"val_spikes_per_t":98.93359375,"_wandb":{"runtime":75}}