{"val_acc":0.99609375,"_wandb":{"runtime":102},"val_total_spikes":13774,"train_spikes_per_t":53.91796875,"final_test_acc":0.9921875,"train_loss":0.00021994550479575992,"final_val_acc":0.99609375,"train_total_spikes":13803,"final_train_acc":1,"val_spikes_per_t":53.8046875,"val_loss":0.015716761350631714,"3D Loss Surface":{"sha256":"5832daf8bdd74867413d350e5013e3697849d3320897842cd9235637bcab546c","size":488002,"path":"media/images/3D Loss Surface_601_5832daf8bdd74867413d.png","format":"png","width":1575,"height":1266,"_type":"image-file"},"_runtime":102.329447931,"2D Loss Contour":{"height":1176,"_type":"image-file","sha256":"d3ec5d1de434fba31abcb89719eb15da881ea5a2499b63c700ebfb0a51347df9","size":143966,"path":"media/images/2D Loss Contour_602_d3ec5d1de434fba31abc.png","format":"png","width":1649},"_timestamp":1.746658274120678e+09,"_step":602,"train_acc":1}