{"final_val_acc":0.99609375,"_timestamp":1.7465817439266808e+09,"2D Loss Contour":{"path":"media/images/2D Loss Contour_602_a59ff6ea2a839c7787fb.png","format":"png","width":1622,"height":1176,"_type":"image-file","sha256":"a59ff6ea2a839c7787fb8279396f66c837e54e7e717fab195963cc2b3b0b8b46","size":133115},"val_acc":0.99609375,"final_train_acc":1,"train_loss":0.0004834103456232697,"val_loss":0.015745019540190697,"_runtime":75.682683208,"train_total_spikes":23995,"val_total_spikes":23795,"3D Loss Surface":{"height":1266,"_type":"image-file","sha256":"9577bf1387613c42b7bdc4d8391a249b1f4be574b02ffa6dc22990a1fc26e90c","size":372659,"path":"media/images/3D Loss Surface_601_9577bf1387613c42b7bd.png","format":"png","width":1548},"val_spikes_per_t":92.94921875,"final_test_acc":0.98828125,"train_acc":1,"train_spikes_per_t":93.73046875,"_step":602,"_wandb":{"runtime":75}}