{"val_total_spikes":13002,"final_train_acc":0.83203125,"val_spikes_per_t":50.7890625,"_wandb":{"runtime":101},"train_acc":0.83203125,"_step":602,"train_spikes_per_t":50.96875,"final_val_acc":0.6328125,"val_loss":0.856561005115509,"_timestamp":1.7466606449054775e+09,"final_test_acc":0.640625,"_runtime":101.09542283,"val_acc":0.6328125,"3D Loss Surface":{"_type":"image-file","sha256":"eca95160ccfdcb42f3d01051b909f864c2f0f6f7c42fd6c278061552cd7bfcf7","size":374843,"path":"media/images/3D Loss Surface_601_eca95160ccfdcb42f3d0.png","format":"png","width":1522,"height":1266},"train_total_spikes":13048,"train_loss":0.3560585379600525,"2D Loss Contour":{"format":"png","width":1596,"height":1176,"_type":"image-file","sha256":"0dfd70ec2f7698d515e69c041f320c56a0459fc16c9ea260e36dccf5640dddef","size":118350,"path":"media/images/2D Loss Contour_602_0dfd70ec2f7698d515e6.png"}}