{"3D Loss Surface":{"format":"png","width":1575,"height":1266,"_type":"image-file","sha256":"a9373eeb8b91efa54dca3734d923cff94ddbe83f82e18d041c7a4e2c51677c5e","size":475202,"path":"media/images/3D Loss Surface_601_a9373eeb8b91efa54dca.png"},"val_loss":0.04855536296963692,"_runtime":32.074345313,"_wandb":{"runtime":32},"val_total_spikes":0,"2D Loss Contour":{"path":"media/images/2D Loss Contour_602_5f5d6012a73549bf47c8.png","format":"png","width":1649,"height":1176,"_type":"image-file","sha256":"5f5d6012a73549bf47c8618b71dd28b28f23ef6b88ebdb37cfb0c0f7b782e201","size":153951},"train_total_spikes":0,"train_loss":0.0007448575343005359,"val_spikes_per_t":NaN,"train_acc":1,"train_spikes_per_t":NaN,"val_acc":0.98046875,"final_train_acc":1,"final_val_acc":0.98046875,"final_test_acc":0.984375,"_step":602,"_timestamp":1.7466107854517856e+09}