{"val_loss":0.7673035860061646,"_timestamp":1.7466594246831372e+09,"_wandb":{"runtime":168},"train_loss":0.015849169343709946,"final_train_acc":1,"3D Loss Surface":{"width":1522,"height":1266,"_type":"image-file","sha256":"6d8cf432292435a1dc4bd2e7fa4fd6f46803f41aba8b45d869657ab98dc85f16","size":412478,"path":"media/images/3D Loss Surface_601_6d8cf432292435a1dc4b.png","format":"png"},"final_val_acc":0.73046875,"val_total_spikes":5735,"val_spikes_per_t":22.40234375,"2D Loss Contour":{"size":128576,"path":"media/images/2D Loss Contour_602_79d7e7babaa7d71468e4.png","format":"png","width":1622,"height":1176,"_type":"image-file","sha256":"79d7e7babaa7d71468e4193aa404be524a6c1320c97e7ce2cd701c64d8d37bda"},"_step":602,"final_test_acc":0.796875,"train_spikes_per_t":22.20703125,"val_acc":0.73046875,"_runtime":168.438439096,"train_total_spikes":5685,"train_acc":1}