{"2D Loss Contour":{"size":128216,"path":"media/images/2D Loss Contour_602_03adafb783af40dbbefd.png","format":"png","width":1543,"height":1176,"_type":"image-file","sha256":"03adafb783af40dbbefd863668f0c33450ba4b9e3973a9913605386c4e985690"},"val_acc":0.984375,"val_spikes_per_t":67.48046875,"val_loss":0.3569401502609253,"_timestamp":1.7465858572907863e+09,"train_spikes_per_t":69.15625,"_wandb":{"runtime":75},"_runtime":75.948724835,"_step":602,"val_total_spikes":17275,"3D Loss Surface":{"size":452505,"path":"media/images/3D Loss Surface_601_f996795ade02b2e19fb9.png","format":"png","width":1429,"height":1266,"_type":"image-file","sha256":"f996795ade02b2e19fb94fbe4e0d023b64efb9cf8368f442d0e960058c6c0926"},"final_train_acc":0.99609375,"train_loss":0.363398939371109,"final_val_acc":0.984375,"final_test_acc":0.9765625,"train_acc":0.99609375,"train_total_spikes":17704}