{"train_loss":0.03125045448541641,"3D Loss Surface":{"format":"png","width":1522,"height":1266,"_type":"image-file","sha256":"a421ee28565f5510747f6cfef57ea7c27be3a9cab8d65d7b24e627883fa8e22c","size":362712,"path":"media/images/3D Loss Surface_601_a421ee28565f5510747f.png"},"train_spikes_per_t":53.28515625,"final_test_acc":0.9375,"val_spikes_per_t":51.74609375,"_timestamp":1.7466910864229083e+09,"val_acc":0.953125,"_runtime":161.97554409,"_step":602,"final_train_acc":0.99609375,"_wandb":{"runtime":161},"train_acc":0.99609375,"val_loss":0.156340092420578,"final_val_acc":0.953125,"2D Loss Contour":{"size":118103,"path":"media/images/2D Loss Contour_602_2a291b7486cd568c0dc4.png","format":"png","width":1596,"height":1176,"_type":"image-file","sha256":"2a291b7486cd568c0dc4d4a448633ea9706f59709c75e3932b9678fcd127531c"},"val_total_spikes":13247,"train_total_spikes":13641}