{"train_total_spikes":5526,"3D Loss Surface":{"sha256":"896a9dd6fee87e2693e2fffeffb45bb8544e24add24294dba691a1f23eb3cf66","size":406863,"path":"media/images/3D Loss Surface_601_896a9dd6fee87e2693e2.png","format":"png","width":1522,"height":1266,"_type":"image-file"},"_wandb":{"runtime":160},"val_spikes_per_t":21.38671875,"_runtime":160.879069665,"final_train_acc":0.99609375,"val_total_spikes":5475,"val_loss":0.259857177734375,"final_val_acc":0.89453125,"train_spikes_per_t":21.5859375,"_timestamp":1.746684580125023e+09,"_step":602,"val_acc":0.89453125,"train_acc":0.99609375,"train_loss":0.019749443978071213,"final_test_acc":0.9375,"2D Loss Contour":{"size":114058,"path":"media/images/2D Loss Contour_602_da01646809b5b21c26fe.png","format":"png","width":1596,"height":1176,"_type":"image-file","sha256":"da01646809b5b21c26febea2eeee707080ebfa46f219e7c398cd21e59cff07ad"}}