{"train_total_spikes":0,"val_spikes_per_t":NaN,"2D Loss Contour":{"height":1176,"_type":"image-file","sha256":"5d023b51ffd4a8768fb8939abc57ec54e01d8d48f5327d529adbb6313883c98c","size":115916,"path":"media/images/2D Loss Contour_602_5d023b51ffd4a8768fb8.png","format":"png","width":1622},"_wandb":{"runtime":56},"val_acc":0.55078125,"final_train_acc":0.6015625,"_timestamp":1.746605686089961e+09,"train_spikes_per_t":NaN,"final_val_acc":0.55078125,"train_loss":0.6725969910621643,"val_loss":0.7225584387779236,"final_test_acc":0.515625,"val_total_spikes":0,"_runtime":56.572295602,"train_acc":0.6015625,"3D Loss Surface":{"_type":"image-file","sha256":"b48bca332e048cf5d7936717224e02874688cec9d500ed7045138372b0f82fef","size":503548,"path":"media/images/3D Loss Surface_601_b48bca332e048cf5d793.png","format":"png","width":1522,"height":1266},"_step":602}