{"_wandb":{"runtime":75},"val_spikes_per_t":71.4921875,"val_acc":1,"train_loss":0.0005843888502568007,"_timestamp":1.7465863151698396e+09,"_runtime":75.853582749,"final_val_acc":1,"_step":602,"train_total_spikes":18547,"final_test_acc":0.984375,"3D Loss Surface":{"path":"media/images/3D Loss Surface_601_f7f31955928f7f4c4c65.png","format":"png","width":1549,"height":1266,"_type":"image-file","sha256":"f7f31955928f7f4c4c65620461ca04df200f9fa4ef2a85cd43aef48c76c86c63","size":422734},"final_train_acc":1,"2D Loss Contour":{"path":"media/images/2D Loss Contour_602_981cd04740015a36bdd2.png","format":"png","width":1623,"height":1176,"_type":"image-file","sha256":"981cd04740015a36bdd2721b3600bf6b605bc10b0e59e8f89e9f2e6b4c31d798","size":131026},"train_spikes_per_t":72.44921875,"train_acc":1,"val_total_spikes":18302,"val_loss":0.007750943768769503}