{"final_val_acc":0.97265625,"_runtime":102.016793377,"train_acc":1,"train_total_spikes":16742,"_wandb":{"runtime":102},"_timestamp":1.7466516283262687e+09,"val_spikes_per_t":65.5390625,"val_total_spikes":16778,"train_spikes_per_t":65.3984375,"val_loss":0.058047957718372345,"final_train_acc":1,"_step":602,"3D Loss Surface":{"size":458937,"path":"media/images/3D Loss Surface_601_b153281128f79b4e489a.png","format":"png","width":1548,"height":1266,"_type":"image-file","sha256":"b153281128f79b4e489a553df8fb62ba78650a37840c0955befa7481d2d1e652"},"train_loss":0.0003124461218249053,"final_test_acc":0.98046875,"2D Loss Contour":{"size":125927,"path":"media/images/2D Loss Contour_602_f0f05f9b583aef59bc76.png","format":"png","width":1623,"height":1176,"_type":"image-file","sha256":"f0f05f9b583aef59bc764ced83f308a6cf1443d9ea92fe745bb3848e81648bdd"},"val_acc":0.97265625}