{"_step":602,"val_total_spikes":0,"_wandb":{"runtime":31},"3D Loss Surface":{"_type":"image-file","sha256":"3b5ee0c33aa68c79c4495a2781ec3c7881d8d318ae6c1f5ba997ccf2d5d54e32","size":520051,"path":"media/images/3D Loss Surface_601_3b5ee0c33aa68c79c449.png","format":"png","width":1575,"height":1266},"_timestamp":1.7466118021166925e+09,"2D Loss Contour":{"width":1622,"height":1176,"_type":"image-file","sha256":"cd1f2f0f947c4d2eea0cec69ed282fdbb2001ee72510507989aeefc4ff2d153c","size":131907,"path":"media/images/2D Loss Contour_602_cd1f2f0f947c4d2eea0c.png","format":"png"},"train_spikes_per_t":NaN,"final_val_acc":0.98046875,"train_loss":0.0007276011165231466,"final_train_acc":1,"train_acc":1,"_runtime":31.816339741,"val_acc":0.98046875,"val_loss":0.05076375603675842,"val_spikes_per_t":NaN,"final_test_acc":0.96484375,"train_total_spikes":0}