{"train_spikes_per_t":108.22265625,"val_total_spikes":27660,"val_acc":0.99609375,"2D Loss Contour":{"width":1596,"height":1176,"_type":"image-file","sha256":"59b804a658cbd6c693696874bb482949afafa0740c56b0d244584077b062617c","size":110649,"path":"media/images/2D Loss Contour_602_59b804a658cbd6c69369.png","format":"png"},"_step":602,"final_val_acc":0.99609375,"val_spikes_per_t":108.046875,"_runtime":112.751123206,"_timestamp":1.746560620342434e+09,"final_test_acc":0.9921875,"3D Loss Surface":{"_type":"image-file","sha256":"0f9c5022406f641ddf485038e065ae400501b9abecaa20d966376959e15a120e","size":452471,"path":"media/images/3D Loss Surface_601_0f9c5022406f641ddf48.png","format":"png","width":1548,"height":1266},"val_loss":0.01578221470117569,"train_total_spikes":27705,"_wandb":{"runtime":112},"train_acc":1,"final_train_acc":1,"train_loss":0.00440650200471282}