{"final_test_acc":0.9140625,"_timestamp":1.7466359913726914e+09,"3D Loss Surface":{"_type":"image-file","sha256":"c7199b740c6bb543888119786599910612ef9353fa1968b401b9a33e7dfcc010","size":362132,"path":"media/images/3D Loss Surface_601_c7199b740c6bb5438881.png","format":"png","width":1522,"height":1266},"train_total_spikes":6452,"val_acc":0.90625,"_wandb":{"runtime":172},"train_loss":0.008467230014503002,"val_spikes_per_t":25.03515625,"_step":602,"train_spikes_per_t":25.203125,"_runtime":172.475305858,"2D Loss Contour":{"size":115837,"path":"media/images/2D Loss Contour_602_cf429f7b198b25b5dfa9.png","format":"png","width":1596,"height":1176,"_type":"image-file","sha256":"cf429f7b198b25b5dfa9d2d0a4766438196ca42d3ab895a63025668267b50099"},"final_val_acc":0.90625,"val_loss":0.2092205286026001,"val_total_spikes":6409,"train_acc":1,"final_train_acc":1}