{"_timestamp":1.7466615601216528e+09,"val_acc":0.8671875,"final_train_acc":1,"train_loss":0.00035126099828630686,"val_total_spikes":15096,"_wandb":{"runtime":101},"val_spikes_per_t":58.96875,"train_spikes_per_t":58.91015625,"_runtime":101.11027079,"val_loss":0.515689492225647,"train_total_spikes":15081,"train_acc":1,"final_val_acc":0.8671875,"3D Loss Surface":{"width":1522,"height":1266,"_type":"image-file","sha256":"7a24e6eccecbba03c7037e964a5c905b1bb41f9b344d404a06a92fc24ba0b5db","size":373617,"path":"media/images/3D Loss Surface_601_7a24e6eccecbba03c703.png","format":"png"},"final_test_acc":0.8671875,"2D Loss Contour":{"width":1596,"height":1176,"_type":"image-file","sha256":"99e622d9a04a7624a8f56d750f0915717d6cd162e869e5a27ac63678d63d3c0e","size":121806,"path":"media/images/2D Loss Contour_602_99e622d9a04a7624a8f5.png","format":"png"},"_step":602}