{"train_spikes_per_t":68.9765625,"2D Loss Contour":{"sha256":"326389672930e69839f3f2527330051d876b547fb70235886b081cfdc2d7a1bf","size":114356,"path":"media/images/2D Loss Contour_602_326389672930e69839f3.png","format":"png","width":1596,"height":1176,"_type":"image-file"},"train_loss":0.0007124131661839783,"val_loss":0.03746079280972481,"final_train_acc":1,"val_acc":0.98828125,"final_val_acc":0.98828125,"_timestamp":1.7465907388098574e+09,"_runtime":75.134592412,"train_total_spikes":17658,"train_acc":1,"val_total_spikes":17610,"final_test_acc":0.97265625,"_wandb":{"runtime":75},"3D Loss Surface":{"size":415636,"path":"media/images/3D Loss Surface_601_193a60f0914e04e6c8da.png","format":"png","width":1548,"height":1266,"_type":"image-file","sha256":"193a60f0914e04e6c8dacacbba79b27742e2135838c611076b4be77572b1ca52"},"_step":602,"val_spikes_per_t":68.7890625}