{"_step":602,"train_loss":0.36043402552604675,"train_acc":0.984375,"_timestamp":1.7465853998119557e+09,"val_acc":0.96875,"_runtime":75.896190951,"final_train_acc":0.984375,"3D Loss Surface":{"format":"png","width":1464,"height":1266,"_type":"image-file","sha256":"b4d6dd02dddf5186521eab902081618674d5a14fd5c046c52cef1a69eb21ad8b","size":450385,"path":"media/images/3D Loss Surface_601_b4d6dd02dddf5186521e.png"},"_wandb":{"runtime":75},"2D Loss Contour":{"format":"png","width":1512,"height":1176,"_type":"image-file","sha256":"c21e29478654179fde15ae4882646290763f1ad3b543082e5e3c28247edf72bd","size":111782,"path":"media/images/2D Loss Contour_602_c21e29478654179fde15.png"},"train_spikes_per_t":97.921875,"val_spikes_per_t":96.62890625,"val_total_spikes":24737,"train_total_spikes":25068,"final_test_acc":0.95703125,"final_val_acc":0.96875,"val_loss":0.39309757947921753}