{"train_total_spikes":8410,"_timestamp":1.7466781037039258e+09,"val_acc":0.9453125,"train_acc":1,"_runtime":161.198912119,"val_total_spikes":8369,"final_val_acc":0.9453125,"val_loss":0.15043754875659943,"_step":602,"final_test_acc":0.9453125,"train_spikes_per_t":32.8515625,"3D Loss Surface":{"format":"png","width":1548,"height":1266,"_type":"image-file","sha256":"143832b33383c5357f10dddcc54e6106f0bf2e2ea31c711803a3c1be71e96bcc","size":354979,"path":"media/images/3D Loss Surface_601_143832b33383c5357f10.png"},"final_train_acc":1,"2D Loss Contour":{"format":"png","width":1623,"height":1176,"_type":"image-file","sha256":"a14e163a19c7da201e9cdcb27abb5b4192a374d6b47552783351480f034cda8f","size":119475,"path":"media/images/2D Loss Contour_602_a14e163a19c7da201e9c.png"},"_wandb":{"runtime":161},"val_spikes_per_t":32.69140625,"train_loss":0.003575690556317568}