{"train_acc":1,"final_train_acc":1,"train_total_spikes":0,"final_test_acc":0.734375,"_timestamp":1.7466568027857935e+09,"train_spikes_per_t":NaN,"_runtime":31.676310919,"val_total_spikes":0,"2D Loss Contour":{"width":1649,"height":1176,"_type":"image-file","sha256":"e4e64294accaa84784a9346025dd9f1a1bca3ce168c253e6e01e4a35c25d1877","size":151091,"path":"media/images/2D Loss Contour_602_e4e64294accaa84784a9.png","format":"png"},"_wandb":{"runtime":31},"val_loss":0.722070038318634,"val_spikes_per_t":NaN,"_step":602,"3D Loss Surface":{"height":1266,"_type":"image-file","sha256":"eb7d89ca648d7100862ad448e593ad91670803e937f78f85420e3d5a0ae48157","size":426473,"path":"media/images/3D Loss Surface_601_eb7d89ca648d7100862a.png","format":"png","width":1548},"train_loss":0.0026530094910413027,"val_acc":0.81640625,"final_val_acc":0.81640625}