{"val_loss":0.33969539403915405,"_step":602,"train_acc":1,"train_loss":0.004538767039775848,"val_spikes_per_t":NaN,"train_total_spikes":0,"2D Loss Contour":{"path":"media/images/2D Loss Contour_602_4d7d463e07afaa2735b1.png","format":"png","width":1622,"height":1176,"_type":"image-file","sha256":"4d7d463e07afaa2735b16d57aa046d9d05fa0bf619cd1b961a082ff7179bab94","size":142015},"3D Loss Surface":{"size":310128,"path":"media/images/3D Loss Surface_601_0edbd1c5a308bb753fd5.png","format":"png","width":1548,"height":1266,"_type":"image-file","sha256":"0edbd1c5a308bb753fd50292fefe2077e4fa19379fc80671e73a0d63f7c0ce6b"},"val_total_spikes":0,"_timestamp":1.7466010550112762e+09,"train_spikes_per_t":NaN,"final_test_acc":0.89453125,"_runtime":57.139422953,"final_train_acc":1,"final_val_acc":0.87109375,"_wandb":{"runtime":57},"val_acc":0.87109375}