{"final_val_acc":0.6484375,"_step":602,"3D Loss Surface":{"sha256":"fa786882c976df1bd331e03d371959a367ed3a119b64756bacb8d6450c9041ad","size":438359,"path":"media/images/3D Loss Surface_601_fa786882c976df1bd331.png","format":"png","width":1522,"height":1266,"_type":"image-file"},"_runtime":160.252259334,"val_loss":1.7559616565704346,"val_spikes_per_t":41.08984375,"2D Loss Contour":{"height":1176,"_type":"image-file","sha256":"c5702c9a3b7ba6874dd0dc41082c5a98c2bfc8558cf9dfdcc941125b108a8e57","size":123946,"path":"media/images/2D Loss Contour_602_c5702c9a3b7ba6874dd0.png","format":"png","width":1596},"val_acc":0.6484375,"final_train_acc":0.65234375,"val_total_spikes":10519,"train_loss":1.4550557136535645,"_timestamp":1.7466772946932893e+09,"final_test_acc":0.5546875,"train_total_spikes":10473,"train_spikes_per_t":40.91015625,"train_acc":0.65234375,"_wandb":{"runtime":160}}