{"3D Loss Surface":{"height":1266,"_type":"image-file","sha256":"6098204c4c0b9c8ee099efd07a42b08ad36883796bd8543273978151ebb4864c","size":432541,"path":"media/images/3D Loss Surface_601_6098204c4c0b9c8ee099.png","format":"png","width":1548},"2D Loss Contour":{"path":"media/images/2D Loss Contour_602_58939589c18408613609.png","format":"png","width":1622,"height":1176,"_type":"image-file","sha256":"58939589c18408613609746a5c0b1605c7f04ad7d0d01cacabf6d8a22dc567cc","size":128125},"final_test_acc":0.984375,"final_val_acc":0.984375,"train_loss":0.017283208668231964,"_wandb":{"runtime":114},"final_train_acc":1,"val_loss":0.06077788397669792,"val_total_spikes":22856,"train_spikes_per_t":88.34765625,"val_acc":0.984375,"val_spikes_per_t":89.28125,"_step":602,"_timestamp":1.746577866379476e+09,"train_acc":1,"_runtime":114.212531408,"train_total_spikes":22617}