{"train_spikes_per_t":81.12109375,"_runtime":75.339496709,"val_total_spikes":20743,"val_acc":0.95703125,"train_loss":0.004926419351249933,"_timestamp":1.7465853233331034e+09,"final_train_acc":1,"3D Loss Surface":{"width":1522,"height":1266,"_type":"image-file","sha256":"6c108b2ea88714f5d06809c2d4c05ce47330d997d40c689937a1ed5a545069e0","size":437712,"path":"media/images/3D Loss Surface_601_6c108b2ea88714f5d068.png","format":"png"},"val_loss":0.11446908861398697,"final_test_acc":0.921875,"2D Loss Contour":{"size":121588,"path":"media/images/2D Loss Contour_602_3c30ebd3c34e09aec3c0.png","format":"png","width":1596,"height":1176,"_type":"image-file","sha256":"3c30ebd3c34e09aec3c0a0f2c9614b057cec0822cfcb3119e652bde2b5b3e174"},"_wandb":{"runtime":75},"_step":602,"val_spikes_per_t":81.02734375,"train_total_spikes":20767,"final_val_acc":0.95703125,"train_acc":1}