{"_wandb":{"runtime":32},"final_train_acc":0.7734375,"train_loss":0.5268714427947998,"val_spikes_per_t":NaN,"val_acc":0.6875,"train_acc":0.7734375,"train_spikes_per_t":NaN,"_timestamp":1.7466082212336173e+09,"final_test_acc":0.6796875,"val_total_spikes":0,"train_total_spikes":0,"_step":602,"val_loss":0.9361841678619385,"final_val_acc":0.6875,"3D Loss Surface":{"_type":"image-file","sha256":"8ac103109d9798b9b8be09978ef3bf0c1a69006c8f4412ca10f0eca78453f88b","size":375527,"path":"media/images/3D Loss Surface_601_8ac103109d9798b9b8be.png","format":"png","width":1549,"height":1266},"_runtime":32.091725012,"2D Loss Contour":{"width":1596,"height":1176,"_type":"image-file","sha256":"f65122b83e7dd64d50125a8ee24f06d013be19576e183129e4bc1636f8f4948c","size":130162,"path":"media/images/2D Loss Contour_602_f65122b83e7dd64d5012.png","format":"png"}}