{"final_train_acc":1,"_timestamp":1.746609603061179e+09,"_step":602,"val_total_spikes":0,"final_val_acc":0.98828125,"val_spikes_per_t":NaN,"train_loss":0.0006185975507833064,"val_loss":0.037222929298877716,"_runtime":31.884419799,"3D Loss Surface":{"size":507908,"path":"media/images/3D Loss Surface_601_fb94ec190fab37a4b113.png","format":"png","width":1575,"height":1266,"_type":"image-file","sha256":"fb94ec190fab37a4b113ff43bd0b09b47181420833b07bc7bc1fd0228d065e60"},"2D Loss Contour":{"_type":"image-file","sha256":"0a6b441fd36ed994dcd4dc3b6d777b3d36ca8326e237003222143d1218479fce","size":138483,"path":"media/images/2D Loss Contour_602_0a6b441fd36ed994dcd4.png","format":"png","width":1649,"height":1176},"final_test_acc":0.9765625,"train_spikes_per_t":NaN,"_wandb":{"runtime":31},"val_acc":0.98828125,"train_acc":1,"train_total_spikes":0}