{"val_spikes_per_t":13.74609375,"train_acc":1,"_runtime":162.200763734,"val_acc":0.9609375,"val_loss":0.08414624631404877,"final_val_acc":0.9609375,"final_test_acc":0.96484375,"train_loss":0.003983178175985813,"train_spikes_per_t":13.5234375,"train_total_spikes":3462,"_timestamp":1.7466886420389585e+09,"val_total_spikes":3519,"final_train_acc":1,"2D Loss Contour":{"sha256":"2316fb7265191f6bcf51142799eb08ea1435616ecf6f24906bad5ab34dfa3e6f","size":141757,"path":"media/images/2D Loss Contour_602_2316fb7265191f6bcf51.png","format":"png","width":1649,"height":1176,"_type":"image-file"},"_wandb":{"runtime":162},"_step":602,"3D Loss Surface":{"path":"media/images/3D Loss Surface_601_5e90b080926ef7350275.png","format":"png","width":1575,"height":1266,"_type":"image-file","sha256":"5e90b080926ef73502753e266ec92a8418486792fe8fb46e48d33207867dbeee","size":419138}}