{"final_train_acc":0.828125,"train_spikes_per_t":NaN,"val_total_spikes":0,"train_total_spikes":0,"_timestamp":1.7466704254801922e+09,"final_val_acc":0.6328125,"val_acc":0.6328125,"val_spikes_per_t":NaN,"train_loss":0.34982532262802124,"_wandb":{"runtime":42},"train_acc":0.828125,"_step":602,"final_test_acc":0.59375,"2D Loss Contour":{"format":"png","width":1596,"height":1176,"_type":"image-file","sha256":"fa6fdc92d027ed8123b1d0c7918b0378a5cf12add3d364c5d8a430957127a5c2","size":124743,"path":"media/images/2D Loss Contour_602_fa6fdc92d027ed8123b1.png"},"_runtime":42.823946909,"3D Loss Surface":{"format":"png","width":1548,"height":1266,"_type":"image-file","sha256":"12dbdd796af6573c639f3c879d1a64721f1a60ecb4b9768bf8a42692a99b6f7c","size":502765,"path":"media/images/3D Loss Surface_601_12dbdd796af6573c639f.png"},"val_loss":1.227647304534912}