{"val_acc":0.46484375,"train_total_spikes":0,"val_total_spikes":0,"train_loss":0.6670270562171936,"2D Loss Contour":{"height":1176,"_type":"image-file","sha256":"44d808bb09e93b4ee69c6dcb168fa446c88d0e7e87ea0934a78ab077638616eb","size":137078,"path":"media/images/2D Loss Contour_602_44d808bb09e93b4ee69c.png","format":"png","width":1623},"final_test_acc":0.48046875,"_step":602,"final_val_acc":0.46484375,"final_train_acc":0.5625,"val_spikes_per_t":NaN,"_wandb":{"runtime":43},"3D Loss Surface":{"_type":"image-file","sha256":"79a48c97611a58fbbeaddfc89b04a2d27159b889f36e9065d9d1d4f8613565d5","size":448319,"path":"media/images/3D Loss Surface_601_79a48c97611a58fbbead.png","format":"png","width":1549,"height":1266},"train_acc":0.5625,"train_spikes_per_t":NaN,"val_loss":0.699946939945221,"_timestamp":1.746670775616204e+09,"_runtime":43.465890687}