{"_step":602,"_timestamp":1.7466545130281048e+09,"3D Loss Surface":{"width":1522,"height":1266,"_type":"image-file","sha256":"ab3337335fe9d78fef314080014d02ca9861a66078b649346a8bce2bb1b2ae22","size":445363,"path":"media/images/3D Loss Surface_601_ab3337335fe9d78fef31.png","format":"png"},"train_spikes_per_t":89.609375,"val_acc":0.546875,"train_total_spikes":22940,"train_loss":0.954805850982666,"_runtime":74.757039323,"val_total_spikes":23010,"final_test_acc":0.55078125,"2D Loss Contour":{"path":"media/images/2D Loss Contour_602_2bc2435236d5b98d15e4.png","format":"png","width":1623,"height":1176,"_type":"image-file","sha256":"2bc2435236d5b98d15e45427224c049c902fc90b8f46c6f29588dc6bd9fb9e6a","size":137314},"final_val_acc":0.546875,"train_acc":0.6640625,"val_spikes_per_t":89.8828125,"final_train_acc":0.6640625,"_wandb":{"runtime":74},"val_loss":1.3182892799377441}