{"val_acc":0.9921875,"val_loss":0.02822982519865036,"2D Loss Contour":{"width":1596,"height":1176,"_type":"image-file","sha256":"288c95c445941ebaf9fb756af33b1a979ba5d17644bdf87351c90e38b3fe41ba","size":108768,"path":"media/images/2D Loss Contour_602_288c95c445941ebaf9fb.png","format":"png"},"train_acc":1,"train_total_spikes":19585,"train_spikes_per_t":76.50390625,"val_total_spikes":19324,"3D Loss Surface":{"path":"media/images/3D Loss Surface_601_586f2aae4efb74cdaa3c.png","format":"png","width":1548,"height":1266,"_type":"image-file","sha256":"586f2aae4efb74cdaa3c574c00c2a301bf3c9b551e83e688e2a4edc3fda9972b","size":381981},"_runtime":75.391200626,"_wandb":{"runtime":75},"_timestamp":1.746592642638816e+09,"val_spikes_per_t":75.484375,"final_train_acc":1,"train_loss":0.000536539766471833,"final_test_acc":0.99609375,"_step":602,"final_val_acc":0.9921875}