{"val_acc":0.5,"train_acc":0.51953125,"val_total_spikes":28090,"train_loss":0.3440084159374237,"val_spikes_per_t":109.7265625,"_wandb":{"runtime":113},"final_val_acc":0.5,"_timestamp":1.7465730320258253e+09,"train_total_spikes":28216,"_step":602,"train_spikes_per_t":110.21875,"val_loss":0.5159404277801514,"3D Loss Surface":{"size":396027,"path":"media/images/3D Loss Surface_601_a15d7abc222eb488b93c.png","format":"png","width":1548,"height":1266,"_type":"image-file","sha256":"a15d7abc222eb488b93cd41ea2113dca00f3b93b0749bc55a84d73203c23b45f"},"final_test_acc":0.48046875,"2D Loss Contour":{"format":"png","width":1596,"height":1176,"_type":"image-file","sha256":"f922a5c5a0dfae8bef461cd615a94b940611b6f4e3194004f7f90783c689d8bd","size":107727,"path":"media/images/2D Loss Contour_602_f922a5c5a0dfae8bef46.png"},"final_train_acc":0.51953125,"_runtime":113.528505761}