{"val_total_spikes":17901,"val_loss":0.018286578357219696,"val_acc":0.99609375,"_timestamp":1.7465916530934393e+09,"train_acc":1,"train_spikes_per_t":70.35546875,"final_train_acc":1,"val_spikes_per_t":69.92578125,"train_loss":0.00029135047225281596,"2D Loss Contour":{"sha256":"a950d96b7c1141a95d63da6acabda1d4d6dd608234f717f6ea55369701568a06","size":149063,"path":"media/images/2D Loss Contour_602_a950d96b7c1141a95d63.png","format":"png","width":1649,"height":1176,"_type":"image-file"},"final_val_acc":0.99609375,"3D Loss Surface":{"_type":"image-file","sha256":"f217cc026fc88dc113fccd5c8d10381ab10572c161b41b981c37f50e118d9998","size":368536,"path":"media/images/3D Loss Surface_601_f217cc026fc88dc113fc.png","format":"png","width":1548,"height":1266},"_step":602,"train_total_spikes":18011,"final_test_acc":0.984375,"_wandb":{"runtime":75},"_runtime":75.467705441}