{"2D Loss Contour":{"size":99052,"path":"media/images/2D Loss Contour_602_fc614571fd8b6a415a8c.png","format":"png","width":1517,"height":1176,"_type":"image-file","sha256":"fc614571fd8b6a415a8ce3d0c1b57a7f581cdca034a91a6751deb7afcf2366c8"},"_timestamp":1.7465581332785525e+09,"final_val_acc":0.5,"val_loss":0.7619652152061462,"_step":602,"_wandb":{"runtime":111},"val_acc":0.5,"train_loss":0.6579583883285522,"final_test_acc":0.48046875,"train_acc":0.51953125,"3D Loss Surface":{"height":1266,"_type":"image-file","sha256":"0fe47a45806530d0cfb3c03c009486db21754a00c59511d98ff855fe7d322b97","size":422841,"path":"media/images/3D Loss Surface_601_0fe47a45806530d0cfb3.png","format":"png","width":1429},"train_spikes_per_t":164.0859375,"_runtime":111.397778973,"val_spikes_per_t":164.23828125,"train_total_spikes":42006,"final_train_acc":0.51953125,"val_total_spikes":42045}