{"train_loss":0.008491250686347485,"_wandb":{"runtime":56},"_timestamp":1.7466023280906713e+09,"train_total_spikes":0,"val_acc":0.8046875,"final_test_acc":0.71875,"_step":602,"2D Loss Contour":{"path":"media/images/2D Loss Contour_602_0537f37cc211f6085922.png","format":"png","width":1596,"height":1176,"_type":"image-file","sha256":"0537f37cc211f6085922cd30cdf41fedb2dd6a6377542350a1f5b787ff575ff7","size":117485},"val_loss":0.9381852746009827,"val_total_spikes":0,"final_val_acc":0.8046875,"_runtime":56.8597888,"3D Loss Surface":{"path":"media/images/3D Loss Surface_601_12c3207b81530fd91c64.png","format":"png","width":1522,"height":1266,"_type":"image-file","sha256":"12c3207b81530fd91c644172d6521b9fdb16e941d2ee5123928087b2cc2528a0","size":330532},"train_acc":1,"final_train_acc":1,"val_spikes_per_t":NaN,"train_spikes_per_t":NaN}