{"final_test_acc":0.7578125,"train_loss":0.0041796183213591576,"_wandb":{"runtime":65},"train_total_spikes":2582,"3D Loss Surface":{"height":1266,"_type":"image-file","sha256":"f197cbe38489dc1da3163b51bf11a670d4433980b3b80028045d23680637163e","size":311642,"path":"media/images/3D Loss Surface_601_f197cbe38489dc1da316.png","format":"png","width":1548},"train_acc":1,"train_spikes_per_t":10.0859375,"_step":602,"val_acc":0.8203125,"final_val_acc":0.8203125,"_timestamp":1.7466742489778206e+09,"final_train_acc":1,"val_total_spikes":2619,"val_spikes_per_t":10.23046875,"val_loss":0.7880415320396423,"2D Loss Contour":{"width":1623,"height":1176,"_type":"image-file","sha256":"16698da85599c6917ce3a003328620e30aaa0665a83989da66c62ceaf9e928f5","size":143873,"path":"media/images/2D Loss Contour_602_16698da85599c6917ce3.png","format":"png"},"_runtime":65.634026476}