{"val_loss":0.09075771272182465,"3D Loss Surface":{"height":1266,"_type":"image-file","sha256":"d550913b59ff6535e051dd654c1a205562e49dabd8f08f67ee8152da04bde64a","size":484753,"path":"media/images/3D Loss Surface_601_d550913b59ff6535e051.png","format":"png","width":1548},"_wandb":{"runtime":32},"_runtime":32.434757684,"2D Loss Contour":{"size":131876,"path":"media/images/2D Loss Contour_602_4f0813c581e50bc78b3d.png","format":"png","width":1623,"height":1176,"_type":"image-file","sha256":"4f0813c581e50bc78b3df4eb11d52f94a7d739061d9ce5f4cf85014f7db2cfa4"},"train_total_spikes":0,"_step":602,"_timestamp":1.7466097345942893e+09,"train_spikes_per_t":NaN,"final_test_acc":0.96484375,"val_acc":0.96484375,"final_train_acc":1,"final_val_acc":0.96484375,"train_loss":0.0004988524597138166,"val_spikes_per_t":NaN,"val_total_spikes":0,"train_acc":1}