{"val_total_spikes":23744,"val_loss":0.10656147450208664,"val_spikes_per_t":92.75,"final_val_acc":0.95703125,"_timestamp":1.7465828852444463e+09,"val_acc":0.95703125,"final_train_acc":1,"train_total_spikes":23886,"final_test_acc":0.95703125,"_wandb":{"runtime":75},"train_loss":0.002237033797428012,"_runtime":75.609666577,"2D Loss Contour":{"format":"png","width":1623,"height":1176,"_type":"image-file","sha256":"838cfbcc6289ebc4a9f61b928a080ea7ed009b31d8427662a6d8e101d918ee54","size":117852,"path":"media/images/2D Loss Contour_602_838cfbcc6289ebc4a9f6.png"},"train_spikes_per_t":93.3046875,"train_acc":1,"_step":602,"3D Loss Surface":{"sha256":"be4f2a7c313a1198dbbe370a3d03e8ad0cc96e24243d2c5ff1f7365c011bc7a5","size":410269,"path":"media/images/3D Loss Surface_601_be4f2a7c313a1198dbbe.png","format":"png","width":1548,"height":1266,"_type":"image-file"}}