{"2D Loss Contour":{"height":1176,"_type":"image-file","sha256":"d5beca1b162e53958316383963fcda258ca137dc14097b46613868c11566c453","size":114196,"path":"media/images/2D Loss Contour_602_d5beca1b162e53958316.png","format":"png","width":1596},"final_test_acc":0.48046875,"_runtime":113.021598915,"val_total_spikes":44189,"val_acc":0.5,"_timestamp":1.7465632380764484e+09,"val_spikes_per_t":172.61328125,"train_acc":0.51953125,"_wandb":{"runtime":113},"_step":602,"3D Loss Surface":{"path":"media/images/3D Loss Surface_601_6c479dc53bb49a95f5e9.png","format":"png","width":1522,"height":1266,"_type":"image-file","sha256":"6c479dc53bb49a95f5e9d17455efe7455c3ee691452a846d93903e8a137c9231","size":433638},"train_loss":0.35755085945129395,"train_spikes_per_t":173.45703125,"final_train_acc":0.51953125,"val_loss":0.4882192611694336,"final_val_acc":0.5,"train_total_spikes":44405}