{"train_loss":1.054132103919983,"2D Loss Contour":{"height":1176,"_type":"image-file","sha256":"d15ba57d318d08359e9cc43a58ae25d8be3bd512185477f63f971b681c5c8fdc","size":132643,"path":"media/images/2D Loss Contour_602_d15ba57d318d08359e9c.png","format":"png","width":1596},"val_acc":0.5859375,"_wandb":{"runtime":102},"final_val_acc":0.5859375,"val_total_spikes":14383,"3D Loss Surface":{"height":1266,"_type":"image-file","sha256":"4176c004a8b61721d1cb8e4a8f06fe21daace79ddc31fc647cda619db9ebcfa0","size":363819,"path":"media/images/3D Loss Surface_601_4176c004a8b61721d1cb.png","format":"png","width":1522},"_step":602,"_timestamp":1.746649460973379e+09,"train_total_spikes":14451,"final_test_acc":0.5234375,"train_acc":0.57421875,"_runtime":102.529450418,"val_spikes_per_t":56.18359375,"val_loss":1.093802809715271,"final_train_acc":0.57421875,"train_spikes_per_t":56.44921875}