{"3D Loss Surface":{"sha256":"3c0e532ceac069dcbea5510654ace925c59af0c50c0b49a671e000d61b8e8f10","size":401417,"path":"media/images/3D Loss Surface_601_3c0e532ceac069dcbea5.png","format":"png","width":1522,"height":1266,"_type":"image-file"},"final_train_acc":0.48046875,"_wandb":{"runtime":110},"2D Loss Contour":{"width":1622,"height":1176,"_type":"image-file","sha256":"fa995a43c5e99dd4123fc632f23e52c8e67ed48467f912969426e1dff5ca0e7c","size":141507,"path":"media/images/2D Loss Contour_602_fa995a43c5e99dd4123f.png","format":"png"},"_runtime":110.614635008,"val_spikes_per_t":259.37890625,"train_loss":18.94711685180664,"val_acc":0.5,"train_acc":0.48046875,"train_spikes_per_t":262.97265625,"final_test_acc":0.51953125,"train_total_spikes":67321,"final_val_acc":0.5,"_timestamp":1.7465580210212908e+09,"val_total_spikes":66401,"_step":602,"val_loss":18.200075149536133}