{"_runtime":59.653717086,"val_spikes_per_t":NaN,"val_loss":12.313092231750488,"val_total_spikes":0,"_timestamp":1.746596181267511e+09,"train_total_spikes":0,"train_spikes_per_t":NaN,"val_acc":0.484375,"2D Loss Contour":{"_type":"image-file","sha256":"f1beb058b0921e37da5f0fd914db8932a3c65355177638beb1c16e1ee0fbda87","size":130217,"path":"media/images/2D Loss Contour_602_f1beb058b0921e37da5f.png","format":"png","width":1623,"height":1176},"final_test_acc":0.48828125,"train_acc":0.46875,"train_loss":12.766581535339355,"final_train_acc":0.46875,"_step":602,"final_val_acc":0.484375,"_wandb":{"runtime":59},"3D Loss Surface":{"sha256":"5fdee5dd5832760d138938a2c544cf3cac9fa2a50961d13717548daa1b5e205e","size":348102,"path":"media/images/3D Loss Surface_601_5fdee5dd5832760d1389.png","format":"png","width":1548,"height":1266,"_type":"image-file"}}