{"train_total_spikes":7185,"val_acc":0.84375,"val_loss":0.5019546747207642,"train_spikes_per_t":28.06640625,"train_acc":1,"3D Loss Surface":{"size":387102,"path":"media/images/3D Loss Surface_601_852175fd38e950a1ddc1.png","format":"png","width":1522,"height":1266,"_type":"image-file","sha256":"852175fd38e950a1ddc1cae69f3d5ed336975ca4b25e4ecdf65d65e8e8736ef1"},"_timestamp":1.7466358180056264e+09,"val_total_spikes":7191,"final_train_acc":1,"val_spikes_per_t":28.08984375,"_runtime":172.995535566,"_wandb":{"runtime":172},"_step":602,"final_val_acc":0.84375,"2D Loss Contour":{"_type":"image-file","sha256":"73782b51b1dcdc9903bfa0e036e07138ae86de0a5114b3c676e81de7f8dd4ee6","size":125305,"path":"media/images/2D Loss Contour_602_73782b51b1dcdc9903bf.png","format":"png","width":1596,"height":1176},"train_loss":0.006100501399487257,"final_test_acc":0.81640625}