{"train_spikes_per_t":19.08203125,"train_loss":0.006423399318009615,"val_loss":0.1785217672586441,"_timestamp":1.7466785887567914e+09,"_wandb":{"runtime":161},"val_acc":0.9375,"_runtime":161.417439953,"train_total_spikes":4885,"final_test_acc":0.91796875,"final_val_acc":0.9375,"final_train_acc":1,"val_total_spikes":4940,"train_acc":1,"_step":602,"val_spikes_per_t":19.296875,"3D Loss Surface":{"width":1548,"height":1266,"_type":"image-file","sha256":"688c2eff068a35acdfa99bf88fbb7177b14dfbd23abdac2a009019cfc2c6e08c","size":439214,"path":"media/images/3D Loss Surface_601_688c2eff068a35acdfa9.png","format":"png"},"2D Loss Contour":{"width":1596,"height":1176,"_type":"image-file","sha256":"bd5f04fd3ffbbcec00dea4431b6163078992c4d91bc39f3f64fc4fc1f7f9d7b9","size":119214,"path":"media/images/2D Loss Contour_602_bd5f04fd3ffbbcec00de.png","format":"png"}}