{"val_total_spikes":0,"val_acc":0.80078125,"final_train_acc":1,"train_loss":0.006201690528541803,"_wandb":{"runtime":57},"train_acc":1,"_timestamp":1.7466009396948614e+09,"final_val_acc":0.80078125,"_runtime":57.241308142,"final_test_acc":0.7421875,"train_spikes_per_t":NaN,"val_loss":0.7203977108001709,"train_total_spikes":0,"2D Loss Contour":{"width":1596,"height":1176,"_type":"image-file","sha256":"dda8e3ba3b37b07eb50ee66adbca11b5bd21df9fe9ccab4d4f4d987c0578e161","size":129985,"path":"media/images/2D Loss Contour_602_dda8e3ba3b37b07eb50e.png","format":"png"},"val_spikes_per_t":NaN,"3D Loss Surface":{"height":1266,"_type":"image-file","sha256":"8d8152edd6c55554b56614a6d8069005e8fe3bcc9df1a4fb29f5f4c58addce0e","size":498625,"path":"media/images/3D Loss Surface_601_8d8152edd6c55554b566.png","format":"png","width":1548},"_step":602}