{"_timestamp":1.7466233114739745e+09,"train_acc":0.9921875,"train_spikes_per_t":31.89453125,"val_acc":0.91796875,"final_test_acc":0.92578125,"2D Loss Contour":{"path":"media/images/2D Loss Contour_602_033d0796f97ce83b6ef4.png","format":"png","width":1622,"height":1176,"_type":"image-file","sha256":"033d0796f97ce83b6ef4cc0a9423326ef1011642505aa9feba8f24a881ee68e4","size":112648},"val_spikes_per_t":31.51953125,"train_loss":0.03232370689511299,"train_total_spikes":8165,"final_val_acc":0.91796875,"final_train_acc":0.9921875,"_step":602,"val_loss":0.29074302315711975,"3D Loss Surface":{"path":"media/images/3D Loss Surface_601_88c5fda51d4a71e15f57.png","format":"png","width":1522,"height":1266,"_type":"image-file","sha256":"88c5fda51d4a71e15f576ae2a940ba17140919568021648397fd30332611c680","size":428132},"val_total_spikes":8069,"_runtime":173.080321902,"_wandb":{"runtime":173}}