{"train_loss":0.0009752470068633556,"train_acc":1,"train_total_spikes":3337,"val_spikes_per_t":13.078125,"final_val_acc":0.98046875,"_runtime":161.917557548,"3D Loss Surface":{"format":"png","width":1575,"height":1266,"_type":"image-file","sha256":"69d28034d025917213686fe12ef0f8806ae6c0bfddd88018664af5e3534ed85e","size":525518,"path":"media/images/3D Loss Surface_601_69d28034d02591721368.png"},"_wandb":{"runtime":161},"train_spikes_per_t":13.03515625,"_timestamp":1.746687667911049e+09,"final_train_acc":1,"2D Loss Contour":{"format":"png","width":1649,"height":1176,"_type":"image-file","sha256":"30140578ccc55447da86ab2048b701142034b9507448dc036a43bbd06773987d","size":140340,"path":"media/images/2D Loss Contour_602_30140578ccc55447da86.png"},"final_test_acc":0.9765625,"val_total_spikes":3348,"_step":602,"val_loss":0.061971716582775116,"val_acc":0.98046875}