{"2D Loss Contour":{"format":"png","width":1596,"height":1176,"_type":"image-file","sha256":"70251ae9bc8ae339e2b3004b49d553428a251d01834d919d8343c0524d471766","size":125667,"path":"media/images/2D Loss Contour_602_70251ae9bc8ae339e2b3.png"},"val_total_spikes":6831,"_wandb":{"runtime":162},"val_loss":0.4491451680660248,"final_val_acc":0.78515625,"final_train_acc":0.8515625,"3D Loss Surface":{"path":"media/images/3D Loss Surface_601_511033aa9d2b2f92b60d.png","format":"png","width":1522,"height":1266,"_type":"image-file","sha256":"511033aa9d2b2f92b60d2dc550ff4b9b1591364c410472067f3bef4c3bd18883","size":396478},"train_spikes_per_t":27.12109375,"_runtime":162.321298661,"train_acc":0.8515625,"_timestamp":1.746690596532317e+09,"val_acc":0.78515625,"train_total_spikes":6943,"final_test_acc":0.76171875,"_step":602,"train_loss":0.35347092151641846,"val_spikes_per_t":26.68359375}