{"_wandb":{"runtime":32},"_runtime":32.212880761,"_timestamp":1.7466097675041773e+09,"_step":602,"final_val_acc":0.97265625,"3D Loss Surface":{"_type":"image-file","sha256":"011763f8ffe234792d6fe76a50d1c94d24709f1a1b2dc0abd89277e8f48afc20","size":514080,"path":"media/images/3D Loss Surface_601_011763f8ffe234792d6f.png","format":"png","width":1575,"height":1266},"train_total_spikes":0,"2D Loss Contour":{"format":"png","width":1649,"height":1176,"_type":"image-file","sha256":"2bc8a1a3ec682d986435e0c183a91e152b05b5b39e73da588400e1c0c5e4c4cb","size":143025,"path":"media/images/2D Loss Contour_602_2bc8a1a3ec682d986435.png"},"final_train_acc":1,"train_acc":1,"train_loss":0.0016160581726580858,"val_acc":0.97265625,"final_test_acc":0.98046875,"val_loss":0.04981810972094536,"val_spikes_per_t":NaN,"train_spikes_per_t":NaN,"val_total_spikes":0}