{"val_spikes_per_t":81.57421875,"_wandb":{"runtime":75},"_runtime":75.168772969,"3D Loss Surface":{"_type":"image-file","sha256":"d5a9be589dd0e36bd5d9712faebd8730d657fedb1895392bd4c538ffd45f5b0b","size":318990,"path":"media/images/3D Loss Surface_601_d5a9be589dd0e36bd5d9.png","format":"png","width":1575,"height":1266},"2D Loss Contour":{"path":"media/images/2D Loss Contour_602_c057748122d54bad296e.png","format":"png","width":1649,"height":1176,"_type":"image-file","sha256":"c057748122d54bad296e303e126251db77c0148fa2048cc30495b1ad87ab42ff","size":152466},"final_test_acc":0.9921875,"train_loss":0.0003583970246836543,"train_total_spikes":21240,"_step":602,"train_acc":1,"val_acc":0.9921875,"train_spikes_per_t":82.96875,"_timestamp":1.746590278861311e+09,"val_total_spikes":20883,"final_val_acc":0.9921875,"final_train_acc":1,"val_loss":0.015312273055315018}