{"final_train_acc":1,"val_spikes_per_t":27.51171875,"2D Loss Contour":{"sha256":"e8a4f2b72fec4bdb5a64fa160ce48473632dfc5c9961e701def439ec1968a26a","size":124053,"path":"media/images/2D Loss Contour_602_e8a4f2b72fec4bdb5a64.png","format":"png","width":1622,"height":1176,"_type":"image-file"},"val_acc":0.90625,"_wandb":{"runtime":173},"train_total_spikes":7146,"3D Loss Surface":{"size":416226,"path":"media/images/3D Loss Surface_601_1f7829fa505136ea431c.png","format":"png","width":1548,"height":1266,"_type":"image-file","sha256":"1f7829fa505136ea431c1c640e37c02bf3ba1477f3a1569d04f5fb9c4424f3b2"},"_timestamp":1.7466401536947935e+09,"train_loss":0.0070252069272100925,"train_spikes_per_t":27.9140625,"val_loss":0.2314322590827942,"final_val_acc":0.90625,"final_test_acc":0.91796875,"_runtime":173.456332051,"val_total_spikes":7043,"train_acc":1,"_step":602}