{"val_loss":0.43822720646858215,"final_train_acc":1,"_runtime":57.820243407,"train_spikes_per_t":NaN,"3D Loss Surface":{"sha256":"c78a945ab84acbb92ad6c49acdba88ccc84c553e4228511b01177d80b495d16d","size":437882,"path":"media/images/3D Loss Surface_601_c78a945ab84acbb92ad6.png","format":"png","width":1522,"height":1266,"_type":"image-file"},"final_val_acc":0.83984375,"train_total_spikes":0,"_timestamp":1.7466024444358385e+09,"val_total_spikes":0,"final_test_acc":0.85546875,"val_acc":0.83984375,"train_loss":0.011003966443240643,"_wandb":{"runtime":57},"_step":602,"2D Loss Contour":{"sha256":"a1eb327abc9b0eae0ea2bf28f17496012de2e6f7edb91ef346b90d231a8e6a21","size":97568,"path":"media/images/2D Loss Contour_602_a1eb327abc9b0eae0ea2.png","format":"png","width":1569,"height":1176,"_type":"image-file"},"val_spikes_per_t":NaN,"train_acc":1}