{"_wandb":{"runtime":162},"final_train_acc":0.9765625,"3D Loss Surface":{"format":"png","width":1548,"height":1266,"_type":"image-file","sha256":"394652072c0e330777781931981eff52a5f10718e6bd31c0b7e38ea9b8fb51cd","size":425050,"path":"media/images/3D Loss Surface_601_394652072c0e33077778.png"},"_runtime":162.206439817,"val_loss":0.30086180567741394,"train_spikes_per_t":8.18359375,"final_test_acc":0.89453125,"train_loss":0.07368077337741852,"2D Loss Contour":{"width":1623,"height":1176,"_type":"image-file","sha256":"eddec848ed504fdfe51691ebdc7d01f87d9e568e53f935667419ea921ca9cbfd","size":112728,"path":"media/images/2D Loss Contour_602_eddec848ed504fdfe516.png","format":"png"},"train_total_spikes":2095,"train_acc":0.9765625,"final_val_acc":0.88671875,"_timestamp":1.7466918993652594e+09,"val_acc":0.88671875,"_step":602,"val_total_spikes":1969,"val_spikes_per_t":7.69140625}