{"train_spikes_per_t":150.13671875,"_wandb":{"runtime":113},"train_loss":0.04226202517747879,"_runtime":113.918043319,"final_test_acc":0.96875,"val_acc":0.98828125,"val_spikes_per_t":149.8984375,"3D Loss Surface":{"size":446273,"path":"media/images/3D Loss Surface_601_38be23b53fb52c5f4e55.png","format":"png","width":1522,"height":1266,"_type":"image-file","sha256":"38be23b53fb52c5f4e55af9042bc5a4e44e35c8a0fd49102b02a87f46d09dc4a"},"_timestamp":1.746573721585725e+09,"final_train_acc":1,"val_total_spikes":38374,"2D Loss Contour":{"size":129898,"path":"media/images/2D Loss Contour_602_95bae5a1d4589da00c4c.png","format":"png","width":1596,"height":1176,"_type":"image-file","sha256":"95bae5a1d4589da00c4c514d0d4fecb87d2cd372cb7b619232743916ed8eeaae"},"train_total_spikes":38435,"train_acc":1,"_step":602,"final_val_acc":0.98828125,"val_loss":0.0532635934650898}