{"train_total_spikes":2086,"_runtime":160.119812167,"val_total_spikes":2018,"train_spikes_per_t":8.1484375,"_timestamp":1.7466766476594813e+09,"final_val_acc":0.890625,"2D Loss Contour":{"size":134457,"path":"media/images/2D Loss Contour_602_e8d4406ddfaa2104bfa8.png","format":"png","width":1622,"height":1176,"_type":"image-file","sha256":"e8d4406ddfaa2104bfa82aed6954a03d9b1319ef6af2811dd24202638e432b7e"},"final_train_acc":1,"_wandb":{"runtime":160},"val_loss":0.4064735174179077,"val_spikes_per_t":7.8828125,"train_acc":1,"train_loss":0.00909594725817442,"val_acc":0.890625,"3D Loss Surface":{"width":1548,"height":1266,"_type":"image-file","sha256":"f5e6879cd9c8d6ec6bc09da8b09e4dca98b77762eb7d54bde7d1f6cbf6c177ff","size":284130,"path":"media/images/3D Loss Surface_601_f5e6879cd9c8d6ec6bc0.png","format":"png"},"_step":602,"final_test_acc":0.9140625}