{"train_acc":0.98046875,"val_acc":0.8125,"final_test_acc":0.82421875,"_step":602,"_wandb":{"runtime":62},"2D Loss Contour":{"path":"media/images/2D Loss Contour_602_f61b40aeaa7ae15d45b8.png","format":"png","width":1623,"height":1176,"_type":"image-file","sha256":"f61b40aeaa7ae15d45b8fb7dec5508a2f90c824d0a09e599d76912b29a3a8eeb","size":123123},"3D Loss Surface":{"width":1522,"height":1266,"_type":"image-file","sha256":"113529c0402e6a4f1e6814833559860e6b1790e9b962e6ee1e7c03278e5cc290","size":430052,"path":"media/images/3D Loss Surface_601_113529c0402e6a4f1e68.png","format":"png"},"train_spikes_per_t":24.75390625,"final_train_acc":0.98046875,"final_val_acc":0.8125,"_timestamp":1.7466684695581079e+09,"_runtime":62.313930763,"val_spikes_per_t":23.84765625,"val_loss":0.7213481068611145,"val_total_spikes":6105,"train_loss":0.060597777366638184,"train_total_spikes":6337}