{"val_loss":0.041360050439834595,"_runtime":102.390090544,"final_test_acc":0.98828125,"val_spikes_per_t":54.7890625,"val_total_spikes":14026,"train_acc":1,"3D Loss Surface":{"size":504823,"path":"media/images/3D Loss Surface_601_52c1d1c65658160dba07.png","format":"png","width":1575,"height":1266,"_type":"image-file","sha256":"52c1d1c65658160dba07f5f704bcb83f02a7e5251b2aab00913a7c4c8ccba2ff"},"_step":602,"final_train_acc":1,"2D Loss Contour":{"_type":"image-file","sha256":"8e6035bb62c51ba801d48e23ee2011896c5dee4e2a2227df7b59320fd621cb48","size":140671,"path":"media/images/2D Loss Contour_602_8e6035bb62c51ba801d4.png","format":"png","width":1649,"height":1176},"train_spikes_per_t":54.984375,"val_acc":0.98046875,"final_val_acc":0.98046875,"_wandb":{"runtime":102},"train_loss":0.00024876079987734556,"_timestamp":1.7466503900921538e+09,"train_total_spikes":14076}