{"2D Loss Contour":{"_type":"image-file","sha256":"8dc1fda6b8aabddf5c538dd544a135385d0219cc270915c50186c1358781ff46","size":141040,"path":"media/images/2D Loss Contour_602_8dc1fda6b8aabddf5c53.png","format":"png","width":1649,"height":1176},"val_total_spikes":19184,"3D Loss Surface":{"size":391269,"path":"media/images/3D Loss Surface_601_ccbc6fcd09f3322cac21.png","format":"png","width":1575,"height":1266,"_type":"image-file","sha256":"ccbc6fcd09f3322cac214b134346eb0c05c6796947878db05b2755e21c633d33"},"final_test_acc":0.98828125,"train_loss":0.000563989975489676,"val_loss":0.002603642176836729,"final_val_acc":1,"val_acc":1,"_wandb":{"runtime":75},"train_spikes_per_t":75.59375,"final_train_acc":1,"train_total_spikes":19352,"train_acc":1,"_runtime":75.509971665,"_step":602,"val_spikes_per_t":74.9375,"_timestamp":1.746594624873252e+09}