{"_timestamp":1.7466932023302143e+09,"val_total_spikes":2223,"3D Loss Surface":{"_type":"image-file","sha256":"6488c3e1a69fdcc9f6622df0a83fe08e32c00f6c1dc29bc0106212daacb69cd3","size":475091,"path":"media/images/3D Loss Surface_601_6488c3e1a69fdcc9f662.png","format":"png","width":1601,"height":1266},"train_spikes_per_t":8.47265625,"val_acc":0.94140625,"final_val_acc":0.94140625,"train_total_spikes":2169,"train_loss":0.006775533314794302,"final_train_acc":1,"_wandb":{"runtime":161},"2D Loss Contour":{"width":1649,"height":1176,"_type":"image-file","sha256":"06808188076ec9dca07aeb7f699b63de40e8def475d70643465ef5659af6dea4","size":122152,"path":"media/images/2D Loss Contour_602_06808188076ec9dca07a.png","format":"png"},"_runtime":161.156242177,"_step":602,"val_loss":0.15280701220035553,"train_acc":1,"val_spikes_per_t":8.68359375,"final_test_acc":0.953125}