{"final_val_acc":0.78125,"train_total_spikes":0,"val_loss":0.6176355481147766,"2D Loss Contour":{"format":"png","width":1622,"height":1176,"_type":"image-file","sha256":"f1f2fe6c3fab1e201ca5f52fb05419648074f8715037703abe6f63e9080d6772","size":151444,"path":"media/images/2D Loss Contour_602_f1f2fe6c3fab1e201ca5.png"},"_timestamp":1.74659978203978e+09,"train_loss":0.007256337907165289,"_step":602,"final_train_acc":1,"val_acc":0.78125,"3D Loss Surface":{"height":1266,"_type":"image-file","sha256":"af2e8191e71bd040d627ab728be36bf0cf4d645a3b95a5a7e2aa872d64b4d9b2","size":466180,"path":"media/images/3D Loss Surface_601_af2e8191e71bd040d627.png","format":"png","width":1548},"train_spikes_per_t":NaN,"final_test_acc":0.82421875,"train_acc":1,"_runtime":57.419615528,"_wandb":{"runtime":57},"val_spikes_per_t":NaN,"val_total_spikes":0}