{"val_loss":2.696383237838745,"_timestamp":1.7466582424243777e+09,"_wandb":{"runtime":168},"3D Loss Surface":{"_type":"image-file","sha256":"cce877e7a94ea6b96ac3d0118fa1938ee27b7b12ae0fc8fa7010bcd0d4052e0a","size":419820,"path":"media/images/3D Loss Surface_601_cce877e7a94ea6b96ac3.png","format":"png","width":1522,"height":1266},"train_loss":2.5926225185394287,"final_train_acc":0.6171875,"_step":602,"val_acc":0.59375,"2D Loss Contour":{"_type":"image-file","sha256":"ca978a0a39ad1b2386683ec88ae9389cb13c921ab743e76074a5f9f917b8e60a","size":152176,"path":"media/images/2D Loss Contour_602_ca978a0a39ad1b238668.png","format":"png","width":1596,"height":1176},"train_total_spikes":9551,"train_spikes_per_t":37.30859375,"final_val_acc":0.59375,"train_acc":0.6171875,"final_test_acc":0.51171875,"_runtime":168.120912353,"val_total_spikes":9642,"val_spikes_per_t":37.6640625}