{"val_total_spikes":6966,"train_spikes_per_t":27.23046875,"_step":602,"_wandb":{"runtime":161},"_timestamp":1.7467019610192084e+09,"val_spikes_per_t":27.2109375,"train_total_spikes":6971,"_runtime":161.709744684,"2D Loss Contour":{"height":1176,"_type":"image-file","sha256":"55f14ab526fd794d2ad1d922f0f22bf64711a4b6fe4f6e8190d8d15cc833c8e3","size":131266,"path":"media/images/2D Loss Contour_602_55f14ab526fd794d2ad1.png","format":"png","width":1622},"train_acc":1,"val_acc":0.9296875,"val_loss":0.19973239302635193,"final_test_acc":0.9296875,"3D Loss Surface":{"_type":"image-file","sha256":"429dbd3e28c76dccb9aa14f00d99703c187bcb206cbcbef327c0795bc27ec4d4","size":441080,"path":"media/images/3D Loss Surface_601_429dbd3e28c76dccb9aa.png","format":"png","width":1548,"height":1266},"final_train_acc":1,"final_val_acc":0.9296875,"train_loss":0.003400131594389677}