{"_runtime":162.281276481,"val_total_spikes":8883,"train_total_spikes":9058,"train_spikes_per_t":35.3828125,"3D Loss Surface":{"width":1522,"height":1266,"_type":"image-file","sha256":"138f0fab1598e4ec8eb771932ba9d13f6f98ed58c314d05d4c076955dbdfecec","size":462274,"path":"media/images/3D Loss Surface_601_138f0fab1598e4ec8eb7.png","format":"png"},"val_spikes_per_t":34.69921875,"train_acc":0.828125,"_timestamp":1.7466860408545127e+09,"val_loss":0.49091964960098267,"final_test_acc":0.7578125,"final_train_acc":0.828125,"val_acc":0.7578125,"2D Loss Contour":{"path":"media/images/2D Loss Contour_602_68793d51fb89c9725ba5.png","format":"png","width":1596,"height":1176,"_type":"image-file","sha256":"68793d51fb89c9725ba5e7837c62b35d7479768770b484e5c46df0115b8ac070","size":113263},"train_loss":0.34879568219184875,"_step":602,"_wandb":{"runtime":162},"final_val_acc":0.7578125}