{"val_acc":1,"_step":602,"final_test_acc":0.9921875,"_wandb":{"runtime":113},"train_spikes_per_t":134.0078125,"train_total_spikes":34306,"_timestamp":1.7465603931367743e+09,"final_val_acc":1,"final_train_acc":1,"val_total_spikes":34373,"3D Loss Surface":{"size":464232,"path":"media/images/3D Loss Surface_601_019d9ffa88c9be99e6e6.png","format":"png","width":1522,"height":1266,"_type":"image-file","sha256":"019d9ffa88c9be99e6e6ed89811ef9bc394f0e70058e16387b6e5a66a4b06004"},"val_spikes_per_t":134.26953125,"train_acc":1,"2D Loss Contour":{"width":1596,"height":1176,"_type":"image-file","sha256":"c5a9f901a60ac3be9917578332dbb941995809bfcbd227d6b15cd605258e4de7","size":128809,"path":"media/images/2D Loss Contour_602_c5a9f901a60ac3be9917.png","format":"png"},"val_loss":0.014825157821178436,"_runtime":113.171168205,"train_loss":0.008526870049536228}