{"3D Loss Surface":{"format":"png","width":1548,"height":1266,"_type":"image-file","sha256":"e9cb0b54bcb4b92163318dab58be6ff4c3ecc17c56c0ee9566f413f79cfdd92a","size":373355,"path":"media/images/3D Loss Surface_601_e9cb0b54bcb4b9216331.png"},"final_test_acc":0.96875,"train_spikes_per_t":77.88671875,"train_acc":1,"_runtime":75.709834607,"train_loss":0.0006765025900676847,"val_spikes_per_t":77.41796875,"2D Loss Contour":{"format":"png","width":1623,"height":1176,"_type":"image-file","sha256":"bd5395b563c2ca717b18d1a04991042403a9786ea97edca5ed746cdf465f883a","size":135403,"path":"media/images/2D Loss Contour_602_bd5395b563c2ca717b18.png"},"_wandb":{"runtime":75},"_timestamp":1.7465871529485853e+09,"train_total_spikes":19939,"val_acc":0.9765625,"final_train_acc":1,"val_loss":0.050207097083330154,"val_total_spikes":19819,"final_val_acc":0.9765625,"_step":602}