{"_runtime":42.854048098,"final_val_acc":0.59765625,"_timestamp":1.7466706431096392e+09,"val_total_spikes":0,"final_test_acc":0.55859375,"3D Loss Surface":{"sha256":"b07bc64ff0c5f35fd74bd4239b96cc7fbdcc06a66eac9c920290ace7bc5a82c4","size":440577,"path":"media/images/3D Loss Surface_601_b07bc64ff0c5f35fd74b.png","format":"png","width":1522,"height":1266,"_type":"image-file"},"2D Loss Contour":{"size":136349,"path":"media/images/2D Loss Contour_602_33addfa692ef1c347112.png","format":"png","width":1596,"height":1176,"_type":"image-file","sha256":"33addfa692ef1c347112ceea6375269b240b887aa8de80648a237ad286f2e231"},"_wandb":{"runtime":42},"val_loss":0.6799927353858948,"val_spikes_per_t":NaN,"train_spikes_per_t":NaN,"val_acc":0.59765625,"final_train_acc":0.6953125,"train_acc":0.6953125,"_step":602,"train_loss":0.574576735496521,"train_total_spikes":0}