{"val_loss":0.7191790342330933,"_step":602,"train_loss":0.01241245400160551,"2D Loss Contour":{"sha256":"2e173d819ae8e243ae874d3a9939787bc08ab7dc78f3edf70da516831130bfff","size":142872,"path":"media/images/2D Loss Contour_602_2e173d819ae8e243ae87.png","format":"png","width":1623,"height":1176,"_type":"image-file"},"train_total_spikes":0,"final_train_acc":1,"train_acc":1,"_timestamp":1.746598043489039e+09,"train_spikes_per_t":NaN,"val_acc":0.8046875,"final_val_acc":0.8046875,"final_test_acc":0.8046875,"val_total_spikes":0,"_runtime":57.828886775,"3D Loss Surface":{"format":"png","width":1575,"height":1266,"_type":"image-file","sha256":"36b0703fae438ceee36eaf2d0e04ff06ccc836965745f19bdb66179ea7b444e3","size":496913,"path":"media/images/3D Loss Surface_601_36b0703fae438ceee36e.png"},"val_spikes_per_t":NaN,"_wandb":{"runtime":57}}