{"val_spikes_per_t":26.91015625,"final_test_acc":0.984375,"_step":602,"2D Loss Contour":{"width":1623,"height":1176,"_type":"image-file","sha256":"60accd31fbc0e6efa2306e38fb57b035abc731f11df3f171be59813cc666bfbe","size":129875,"path":"media/images/2D Loss Contour_602_60accd31fbc0e6efa230.png","format":"png"},"val_loss":0.0634375512599945,"train_loss":0.0034906615037471056,"_runtime":172.414980448,"train_acc":1,"train_total_spikes":6965,"final_val_acc":0.96484375,"3D Loss Surface":{"size":503055,"path":"media/images/3D Loss Surface_601_b6cc457c673d82a74e35.png","format":"png","width":1548,"height":1266,"_type":"image-file","sha256":"b6cc457c673d82a74e358268fe9cb191efecad949ea509705ebd3273fcad2f92"},"val_acc":0.96484375,"_timestamp":1.7466325237017963e+09,"train_spikes_per_t":27.20703125,"final_train_acc":1,"val_total_spikes":6889,"_wandb":{"runtime":172}}