{"train_total_spikes":15495,"final_test_acc":0.9921875,"val_spikes_per_t":61,"final_train_acc":0.99609375,"train_loss":0.0033019438851624727,"final_val_acc":0.9921875,"_step":602,"val_loss":0.020889626815915108,"val_total_spikes":15616,"train_acc":0.99609375,"3D Loss Surface":{"width":1575,"height":1266,"_type":"image-file","sha256":"91b022d9bc08196b9fdd601432283b3e7f5983fd7f1a0ef86a3859c00621af7d","size":376677,"path":"media/images/3D Loss Surface_601_91b022d9bc08196b9fdd.png","format":"png"},"_wandb":{"runtime":103},"train_spikes_per_t":60.52734375,"2D Loss Contour":{"path":"media/images/2D Loss Contour_602_7e2610334d9c2bacb46a.png","format":"png","width":1649,"height":1176,"_type":"image-file","sha256":"7e2610334d9c2bacb46ae19a1f669f812844594a0eb1afa97379b2a778754bf4","size":148147},"val_acc":0.9921875,"_runtime":103.083885963,"_timestamp":1.7466588947193658e+09}