{"val_acc":0.4375,"train_total_spikes":29983,"val_spikes_per_t":117.10546875,"final_train_acc":0.5234375,"val_total_spikes":29979,"_timestamp":1.7465668957311177e+09,"val_loss":1.8092491626739502,"_step":602,"train_acc":0.5234375,"_wandb":{"runtime":113},"_runtime":113.262309161,"2D Loss Contour":{"sha256":"31bbfabdddb28c0858e6438f8b99f0b8dcb99fc227dce5587acb7e1c8a392c1d","size":130017,"path":"media/images/2D Loss Contour_602_31bbfabdddb28c0858e6.png","format":"png","width":1569,"height":1176,"_type":"image-file"},"train_loss":1.385707139968872,"final_test_acc":0.48828125,"train_spikes_per_t":117.12109375,"final_val_acc":0.4375,"3D Loss Surface":{"size":324551,"path":"media/images/3D Loss Surface_601_95f3eded5746cd9114fa.png","format":"png","width":1495,"height":1266,"_type":"image-file","sha256":"95f3eded5746cd9114fa0672f71f167faca1a2f07ccc014cc9e8b4f029fd3d13"}}