{"train_total_spikes":0,"_wandb":{"runtime":32},"val_loss":0.036148976534605026,"_step":602,"train_loss":0.0009913871763274074,"train_acc":1,"val_acc":0.99609375,"3D Loss Surface":{"height":1266,"_type":"image-file","sha256":"6e46118ce491e13fad783db3a198a58ed828d85d757abb8dac48f39cff413286","size":521958,"path":"media/images/3D Loss Surface_601_6e46118ce491e13fad78.png","format":"png","width":1601},"val_total_spikes":0,"val_spikes_per_t":NaN,"final_test_acc":0.9609375,"2D Loss Contour":{"height":1176,"_type":"image-file","sha256":"1a682d0afd3ac4a53cce238b7021f161f25b08cfe9f986a3b27ab2cfd94a8b92","size":150331,"path":"media/images/2D Loss Contour_602_1a682d0afd3ac4a53cce.png","format":"png","width":1649},"final_val_acc":0.99609375,"_timestamp":1.7466117371107385e+09,"final_train_acc":1,"_runtime":32.184398796,"train_spikes_per_t":NaN}