{"_wandb":{"runtime":172},"train_spikes_per_t":23.6953125,"_step":602,"val_total_spikes":5896,"train_total_spikes":6066,"final_test_acc":0.8515625,"val_acc":0.88671875,"final_train_acc":1,"_runtime":172.815927924,"train_acc":1,"_timestamp":1.7466307910057588e+09,"final_val_acc":0.88671875,"3D Loss Surface":{"path":"media/images/3D Loss Surface_601_2e4a39600327778af0c4.png","format":"png","width":1522,"height":1266,"_type":"image-file","sha256":"2e4a39600327778af0c4b04093c5482db1d04506a999e78b1a185e19a2bf0d5b","size":465063},"train_loss":0.004373923409730196,"val_spikes_per_t":23.03125,"val_loss":0.32738980650901794,"2D Loss Contour":{"_type":"image-file","sha256":"f8f9cefb3609045ff111af046a85230aa3afa915a4c313d32a2e132e619c6d6a","size":120329,"path":"media/images/2D Loss Contour_602_f8f9cefb3609045ff111.png","format":"png","width":1596,"height":1176}}