{"2D Loss Contour":{"height":1176,"_type":"image-file","sha256":"030fa8a689d52b51b06dcaeb1ac062148955c23dc4781288c3b7a39f1b27054a","size":132610,"path":"media/images/2D Loss Contour_602_030fa8a689d52b51b06d.png","format":"png","width":1596},"val_acc":0.90625,"final_train_acc":1,"val_spikes_per_t":58.12890625,"train_loss":0.0035015593748539686,"final_val_acc":0.90625,"_timestamp":1.7466497706876905e+09,"val_loss":0.23831771314144135,"final_test_acc":0.91015625,"_runtime":102.525251971,"_step":602,"_wandb":{"runtime":102},"train_spikes_per_t":58.2890625,"val_total_spikes":14881,"train_acc":1,"train_total_spikes":14922,"3D Loss Surface":{"height":1266,"_type":"image-file","sha256":"4839dfc0d5e6cecdbde4a7da9d0891c6e6cec99ac2854059a19fc83b75c00720","size":401002,"path":"media/images/3D Loss Surface_601_4839dfc0d5e6cecdbde4.png","format":"png","width":1548}}