{"train_acc":1,"2D Loss Contour":{"sha256":"2a15a49381ea0dd71ec87c0ceefd45b7b982d1c70ea0255a3f3d9ac24943e683","size":116292,"path":"media/images/2D Loss Contour_602_2a15a49381ea0dd71ec8.png","format":"png","width":1623,"height":1176,"_type":"image-file"},"val_spikes_per_t":11.34375,"final_test_acc":0.96875,"final_val_acc":0.9609375,"train_loss":0.004353567957878113,"val_loss":0.13771288096904755,"3D Loss Surface":{"path":"media/images/3D Loss Surface_601_edc00e448c75deb2a571.png","format":"png","width":1575,"height":1266,"_type":"image-file","sha256":"edc00e448c75deb2a571dad06766969bd7df859922d9f11c89206efc3b88ad7e","size":359550},"val_acc":0.9609375,"_timestamp":1.7467000158698382e+09,"_wandb":{"runtime":161},"_runtime":161.880780477,"train_spikes_per_t":11.21484375,"train_total_spikes":2871,"final_train_acc":1,"_step":602,"val_total_spikes":2904}