{"val_spikes_per_t":NaN,"final_train_acc":0.546875,"train_loss":1.0802383422851562,"final_test_acc":0.46484375,"_timestamp":1.7466032554813929e+09,"2D Loss Contour":{"_type":"image-file","sha256":"4a4399a1018e3f5d2bc8eec51815da159e8fa0bdee9aaaa112195f70d4bca1b3","size":145093,"path":"media/images/2D Loss Contour_602_4a4399a1018e3f5d2bc8.png","format":"png","width":1570,"height":1176},"_runtime":57.133328375,"3D Loss Surface":{"width":1522,"height":1266,"_type":"image-file","sha256":"0b8451ac3fec057f36fc14e3066457d8600354e10e215c43f0706ac353879c8c","size":392499,"path":"media/images/3D Loss Surface_601_0b8451ac3fec057f36fc.png","format":"png"},"train_acc":0.546875,"val_total_spikes":0,"_step":602,"train_total_spikes":0,"val_loss":0.9343309998512268,"train_spikes_per_t":NaN,"val_acc":0.5078125,"_wandb":{"runtime":57},"final_val_acc":0.5078125}