{"final_train_acc":0.76953125,"final_test_acc":0.66015625,"val_acc":0.64453125,"val_total_spikes":25423,"_timestamp":1.7465896690295105e+09,"_wandb":{"runtime":75},"train_spikes_per_t":99.59375,"_runtime":75.80645860999999,"2D Loss Contour":{"sha256":"0f1c404dfb41c12d186bc96d614169a946926b24fe514aa5fd7c6c1f59bd0fe6","size":161578,"path":"media/images/2D Loss Contour_602_0f1c404dfb41c12d186b.png","format":"png","width":1622,"height":1176,"_type":"image-file"},"train_loss":0.6220026016235352,"final_val_acc":0.64453125,"train_acc":0.76953125,"_step":602,"train_total_spikes":25496,"val_loss":0.9429001212120056,"val_spikes_per_t":99.30859375,"3D Loss Surface":{"_type":"image-file","sha256":"347be24ac27acff21b8310c81f855e4205a3de947f6f04fec870fbfcf19b57d8","size":417475,"path":"media/images/3D Loss Surface_601_347be24ac27acff21b83.png","format":"png","width":1522,"height":1266}}