{"val_total_spikes":18906,"val_acc":0.78125,"train_total_spikes":18870,"final_val_acc":0.78125,"val_spikes_per_t":73.8515625,"2D Loss Contour":{"height":1176,"_type":"image-file","sha256":"a703dc92eb7305b068fb873a8cdfa411ebc1e9fcadc1397c1d661653722e1f12","size":145744,"path":"media/images/2D Loss Contour_602_a703dc92eb7305b068fb.png","format":"png","width":1596},"_step":602,"train_acc":1,"val_loss":1.0901380777359009,"train_loss":0.023189770057797432,"final_train_acc":1,"final_test_acc":0.78515625,"train_spikes_per_t":73.7109375,"_timestamp":1.7466715906442194e+09,"_wandb":{"runtime":90},"3D Loss Surface":{"format":"png","width":1522,"height":1266,"_type":"image-file","sha256":"efea19f3f5dba22a1f370cb7d5dd1562269e3cdb0643d9832783d21c00cd8c57","size":481360,"path":"media/images/3D Loss Surface_601_efea19f3f5dba22a1f37.png"},"_runtime":90.980289513}