{"train_total_spikes":15900,"final_test_acc":0.99609375,"_wandb":{"runtime":75},"_runtime":75.908039784,"2D Loss Contour":{"path":"media/images/2D Loss Contour_602_44f35dbd4ad067a03e45.png","format":"png","width":1649,"height":1176,"_type":"image-file","sha256":"44f35dbd4ad067a03e450a0085b5ed8fd02f144914157f47947a0a084a7c569a","size":132072},"train_loss":0.00025322395958937705,"train_spikes_per_t":62.109375,"_timestamp":1.7465901268054109e+09,"train_acc":1,"3D Loss Surface":{"_type":"image-file","sha256":"29044d1969ddb7616f404a27cbcb7a325c6bc256ac75ef6ac2145bc1c7a5b375","size":451616,"path":"media/images/3D Loss Surface_601_29044d1969ddb7616f40.png","format":"png","width":1548,"height":1266},"val_loss":0.021093521267175674,"_step":602,"final_train_acc":1,"val_acc":0.9921875,"val_spikes_per_t":61.98828125,"val_total_spikes":15869,"final_val_acc":0.9921875}