{"train_total_spikes":22625,"val_acc":0.90625,"val_loss":0.26122912764549255,"train_acc":0.9375,"2D Loss Contour":{"sha256":"70ec3b1771a08398d1fedf92bc0578ffe02c617f8bfa26f0e4209b68a6ae2b34","size":119537,"path":"media/images/2D Loss Contour_602_70ec3b1771a08398d1fe.png","format":"png","width":1622,"height":1176,"_type":"image-file"},"train_loss":0.2468714714050293,"_runtime":172.555524811,"_step":602,"_timestamp":1.746630269787464e+09,"final_train_acc":0.9375,"final_test_acc":0.8515625,"final_val_acc":0.90625,"val_total_spikes":22693,"val_spikes_per_t":88.64453125,"train_spikes_per_t":88.37890625,"3D Loss Surface":{"sha256":"6ccbd035160e42628924cc25ef13e26449d2281fd1b3e002da15c4653d967652","size":386904,"path":"media/images/3D Loss Surface_601_6ccbd035160e42628924.png","format":"png","width":1548,"height":1266,"_type":"image-file"},"_wandb":{"runtime":172}}