{"final_train_acc":1,"3D Loss Surface":{"format":"png","width":1548,"height":1266,"_type":"image-file","sha256":"1ef8a14fb6e14b707e471e372e91f416b341199c7f6d91926a2db9cce9b32a89","size":534612,"path":"media/images/3D Loss Surface_601_1ef8a14fb6e14b707e47.png"},"train_spikes_per_t":19.5546875,"_step":602,"final_val_acc":0.94140625,"_timestamp":1.746635470788237e+09,"_wandb":{"runtime":172},"train_total_spikes":5006,"val_acc":0.94140625,"final_test_acc":0.97265625,"train_acc":1,"val_total_spikes":5040,"val_spikes_per_t":19.6875,"2D Loss Contour":{"format":"png","width":1596,"height":1176,"_type":"image-file","sha256":"a00af82e90ddcf8f296ae8f92bef86dc1d13a0f7d7aca7f210294062fa2f3377","size":134394,"path":"media/images/2D Loss Contour_602_a00af82e90ddcf8f296a.png"},"_runtime":172.44292751,"val_loss":0.1456136852502823,"train_loss":0.00916606280952692}