{"final_test_acc":0.9921875,"train_loss":0.0005437142681330442,"train_acc":1,"_timestamp":1.7465870007074091e+09,"_step":602,"3D Loss Surface":{"size":269531,"path":"media/images/3D Loss Surface_601_2128ae188294b92d0e69.png","format":"png","width":1575,"height":1266,"_type":"image-file","sha256":"2128ae188294b92d0e69eb83dc9ec77dad557fbed394423765a143914f911d18"},"val_acc":0.99609375,"final_val_acc":0.99609375,"val_total_spikes":16991,"2D Loss Contour":{"path":"media/images/2D Loss Contour_602_3ae97ae846fa34220258.png","format":"png","width":1649,"height":1176,"_type":"image-file","sha256":"3ae97ae846fa342202581c563be8a154df8d8875fed0d138394d93cc9595784c","size":154690},"_wandb":{"runtime":75},"final_train_acc":1,"val_loss":0.0072553763166069984,"train_total_spikes":17278,"val_spikes_per_t":66.37109375,"train_spikes_per_t":67.4921875,"_runtime":75.74500589}