{"_timestamp":1.7466534868186338e+09,"val_acc":0.98828125,"val_total_spikes":12364,"train_spikes_per_t":48.1875,"final_test_acc":0.97265625,"_runtime":102.509337677,"train_acc":1,"_step":602,"final_val_acc":0.98828125,"val_loss":0.01902850903570652,"final_train_acc":1,"2D Loss Contour":{"_type":"image-file","sha256":"abf0855341777296bb0c465cb46dddcaa631df92ee4a7a614c4107f00aca4448","size":145808,"path":"media/images/2D Loss Contour_602_abf0855341777296bb0c.png","format":"png","width":1649,"height":1176},"3D Loss Surface":{"width":1601,"height":1266,"_type":"image-file","sha256":"857d06fd6e6d3078712f69f06a6bcae758c2c218892c7bc12502377cbdc54b5f","size":440083,"path":"media/images/3D Loss Surface_601_857d06fd6e6d3078712f.png","format":"png"},"train_loss":0.000772549828980118,"train_total_spikes":12336,"val_spikes_per_t":48.296875,"_wandb":{"runtime":102}}