{"train_loss":0.00915431510657072,"train_acc":1,"_runtime":113.315947765,"3D Loss Surface":{"height":1266,"_type":"image-file","sha256":"df43592810ac3d5be3800e3edd4dceb7099ef8f9974662d6a35192c4553a1916","size":474376,"path":"media/images/3D Loss Surface_601_df43592810ac3d5be380.png","format":"png","width":1522},"val_spikes_per_t":136.3515625,"_wandb":{"runtime":113},"final_train_acc":1,"2D Loss Contour":{"width":1596,"height":1176,"_type":"image-file","sha256":"464616b984a0efad8fad94aaf83b4040e1739bd4cd182ae9be5077c9130aea4f","size":125870,"path":"media/images/2D Loss Contour_602_464616b984a0efad8fad.png","format":"png"},"val_acc":0.98828125,"train_total_spikes":34632,"train_spikes_per_t":135.28125,"final_val_acc":0.98828125,"val_total_spikes":34906,"_timestamp":1.74656643854485e+09,"_step":602,"val_loss":0.03764869645237923,"final_test_acc":0.984375}