{"train_loss":0.009531932882964611,"train_acc":1,"_wandb":{"runtime":56},"_step":602,"val_total_spikes":0,"3D Loss Surface":{"sha256":"e6bac987158766ca1a706c963a03d75d0eef9e801336d45b14b5f3cf23e3ef0b","size":370924,"path":"media/images/3D Loss Surface_601_e6bac987158766ca1a70.png","format":"png","width":1548,"height":1266,"_type":"image-file"},"_runtime":56.846212423,"final_train_acc":1,"train_total_spikes":0,"_timestamp":1.7466002446440847e+09,"val_loss":0.4609125852584839,"val_spikes_per_t":NaN,"2D Loss Contour":{"format":"png","width":1596,"height":1176,"_type":"image-file","sha256":"9b04095e5127c859a914edbd7864c12034d1d3f17a0949935a2a4fec8355c5fe","size":98892,"path":"media/images/2D Loss Contour_602_9b04095e5127c859a914.png"},"val_acc":0.83984375,"final_test_acc":0.87890625,"train_spikes_per_t":NaN,"final_val_acc":0.83984375}