{"train_spikes_per_t":50.25390625,"_step":602,"2D Loss Contour":{"height":1176,"_type":"image-file","sha256":"a617e48ef4706c6f78f21598d3909c1589085f6b7ec6e368debe3ca65eeb71e9","size":124380,"path":"media/images/2D Loss Contour_602_a617e48ef4706c6f78f2.png","format":"png","width":1596},"val_spikes_per_t":52.046875,"final_test_acc":0.84375,"3D Loss Surface":{"height":1266,"_type":"image-file","sha256":"0c296a6adc2a5e1172bdca854e7fd083c6ceb5070c97b722466c8d574e92da5a","size":392405,"path":"media/images/3D Loss Surface_601_0c296a6adc2a5e1172bd.png","format":"png","width":1522},"train_loss":0.050979286432266235,"final_train_acc":0.98828125,"_wandb":{"runtime":62},"final_val_acc":0.83984375,"val_acc":0.83984375,"val_loss":0.4209648370742798,"train_acc":0.98828125,"_timestamp":1.7466681534791162e+09,"_runtime":62.721538988,"train_total_spikes":12865,"val_total_spikes":13324}