{"val_spikes_per_t":84.4140625,"_step":602,"val_loss":0.017170913517475128,"final_train_acc":1,"final_val_acc":0.9921875,"3D Loss Surface":{"path":"media/images/3D Loss Surface_601_91e723154d9ad183a13a.png","format":"png","width":1548,"height":1266,"_type":"image-file","sha256":"91e723154d9ad183a13a1cc9f5fa80d42f44538a9c2186636c6a4c4796eff60e","size":278465},"_runtime":75.596496938,"train_acc":1,"train_total_spikes":21644,"_timestamp":1.7465923382927597e+09,"train_spikes_per_t":84.546875,"final_test_acc":0.984375,"2D Loss Contour":{"path":"media/images/2D Loss Contour_602_31a68c0b15c16dcb9343.png","format":"png","width":1649,"height":1176,"_type":"image-file","sha256":"31a68c0b15c16dcb93430962537068d17b4506613553ee9bdf227877a74f18d0","size":144249},"train_loss":0.00038999636308290064,"_wandb":{"runtime":75},"val_acc":0.9921875,"val_total_spikes":21610}