{"val_loss":0.014984836801886559,"_runtime":76.005500184,"val_acc":0.9921875,"train_acc":1,"final_train_acc":1,"3D Loss Surface":{"height":1266,"_type":"image-file","sha256":"612b7f9038b819afe775008cf56db4211eaa94051be4089bf843174b05b5bd2b","size":272204,"path":"media/images/3D Loss Surface_601_612b7f9038b819afe775.png","format":"png","width":1575},"final_test_acc":1,"final_val_acc":0.9921875,"_wandb":{"runtime":76},"train_spikes_per_t":72.6640625,"_timestamp":1.746583265792028e+09,"val_total_spikes":18271,"2D Loss Contour":{"height":1176,"_type":"image-file","sha256":"0886ad36e572f6f33ea92706b101d0c6e976574fcedb0e4bfeebf446bceb1ff5","size":145102,"path":"media/images/2D Loss Contour_602_0886ad36e572f6f33ea9.png","format":"png","width":1649},"train_total_spikes":18602,"val_spikes_per_t":71.37109375,"_step":602,"train_loss":0.0002448165032546967}