{"_wandb":{"runtime":31},"2D Loss Contour":{"width":1623,"height":1176,"_type":"image-file","sha256":"20c01a7277a2d024fad85444858a92c9009613e3e653ee79345e3585a2e48b0f","size":126626,"path":"media/images/2D Loss Contour_602_20c01a7277a2d024fad8.png","format":"png"},"train_spikes_per_t":NaN,"final_test_acc":0.49609375,"_timestamp":1.7466566735718005e+09,"val_acc":0.43359375,"train_acc":0.546875,"val_total_spikes":0,"val_loss":2.047912359237671,"_runtime":31.658617916,"_step":602,"val_spikes_per_t":NaN,"train_loss":1.705401062965393,"final_val_acc":0.43359375,"train_total_spikes":0,"final_train_acc":0.546875,"3D Loss Surface":{"format":"png","width":1548,"height":1266,"_type":"image-file","sha256":"061992d3820b0b8daced6c0fc22e70301e8d12cd85cf9d4a716ab1952f481111","size":430978,"path":"media/images/3D Loss Surface_601_061992d3820b0b8daced.png"}}