{"final_train_acc":1,"train_total_spikes":16552,"train_spikes_per_t":64.65625,"final_val_acc":0.98046875,"val_acc":0.98046875,"3D Loss Surface":{"sha256":"8d7bbef51b3a74673fe7011605e5bcd6f355592c0887681457492580361b1aca","size":319281,"path":"media/images/3D Loss Surface_601_8d7bbef51b3a74673fe7.png","format":"png","width":1575,"height":1266,"_type":"image-file"},"_timestamp":1.7465833420137672e+09,"val_total_spikes":16300,"_runtime":75.576767929,"train_acc":1,"_step":602,"_wandb":{"runtime":75},"final_test_acc":0.984375,"val_spikes_per_t":63.671875,"train_loss":0.00040547086973674595,"2D Loss Contour":{"_type":"image-file","sha256":"fb33633a9d5e2af97ad9937c5bd670f2dcea6b195d798702702a4155ba296179","size":156222,"path":"media/images/2D Loss Contour_602_fb33633a9d5e2af97ad9.png","format":"png","width":1649,"height":1176},"val_loss":0.027641097083687782}