{"val_total_spikes":5750,"final_val_acc":0.9375,"train_acc":1,"final_test_acc":0.9453125,"3D Loss Surface":{"path":"media/images/3D Loss Surface_601_0459783cf28517f56f5f.png","format":"png","width":1522,"height":1266,"_type":"image-file","sha256":"0459783cf28517f56f5f5b50afc68f0d3ec1912c21379a11f462870f1e99f03d","size":425260},"train_total_spikes":5817,"final_train_acc":1,"val_spikes_per_t":22.4609375,"train_loss":0.0027704956009984016,"_step":602,"_timestamp":1.7466844185623305e+09,"train_spikes_per_t":22.72265625,"_runtime":161.300628967,"val_loss":0.21789714694023132,"2D Loss Contour":{"size":105854,"path":"media/images/2D Loss Contour_602_21fd62f7fa7e0b4d522c.png","format":"png","width":1596,"height":1176,"_type":"image-file","sha256":"21fd62f7fa7e0b4d522c058793a3ec61cc3a2849adc727d71169ff082fbd945d"},"val_acc":0.9375,"_wandb":{"runtime":161}}