{"val_loss":0.44648081064224243,"final_test_acc":0.859375,"_wandb":{"runtime":172},"final_val_acc":0.85546875,"_runtime":172.503784084,"final_train_acc":1,"2D Loss Contour":{"sha256":"632a7ee13dc8310439a606b86a24003f7235c1160d69b877c975cc8d3fcd34d2","size":129018,"path":"media/images/2D Loss Contour_602_632a7ee13dc8310439a6.png","format":"png","width":1622,"height":1176,"_type":"image-file"},"train_loss":0.020783694460988045,"_timestamp":1.7466208878313975e+09,"val_spikes_per_t":24.17578125,"val_acc":0.85546875,"train_acc":1,"val_total_spikes":6189,"3D Loss Surface":{"width":1522,"height":1266,"_type":"image-file","sha256":"e6dabfa463aec14c591ea7417f6f1279877af2810e501ebe0b467ad2a6c0620c","size":404159,"path":"media/images/3D Loss Surface_601_e6dabfa463aec14c591e.png","format":"png"},"train_spikes_per_t":23.890625,"_step":602,"train_total_spikes":6116}