{"train_loss":1.9056885242462158,"final_test_acc":0.48046875,"2D Loss Contour":{"sha256":"68718d17458ea54b213c029e9c670dd7938e80b8c6a2aab97a41c6eac88fd835","size":108085,"path":"media/images/2D Loss Contour_602_68718d17458ea54b213c.png","format":"png","width":1596,"height":1176,"_type":"image-file"},"val_total_spikes":25577,"3D Loss Surface":{"height":1266,"_type":"image-file","sha256":"f5808254e50b37fc566dacf955ba411954e61836d993b78eea3747b09b24e237","size":337991,"path":"media/images/3D Loss Surface_601_f5808254e50b37fc566d.png","format":"png","width":1522},"train_acc":0.5,"_step":602,"val_spikes_per_t":99.91015625,"train_spikes_per_t":106.15625,"val_acc":0.5078125,"_timestamp":1.7466749022786038e+09,"_runtime":86.596515467,"val_loss":4.0952630043029785,"_wandb":{"runtime":86},"train_total_spikes":27176,"final_train_acc":0.5,"final_val_acc":0.5078125}