{"final_test_acc":0.96484375,"final_train_acc":1,"val_acc":0.98828125,"train_total_spikes":22762,"_step":602,"final_val_acc":0.98828125,"_timestamp":1.746572228074035e+09,"train_loss":0.015505107119679451,"train_acc":1,"_runtime":113.890876307,"_wandb":{"runtime":113},"val_spikes_per_t":88.0546875,"2D Loss Contour":{"format":"png","width":1622,"height":1176,"_type":"image-file","sha256":"0b7cb10caf2aa5d97ed5e4101dbd6a9cc4024335055d05685c69f4dcec88cebd","size":122948,"path":"media/images/2D Loss Contour_602_0b7cb10caf2aa5d97ed5.png"},"train_spikes_per_t":88.9140625,"val_loss":0.05066974461078644,"3D Loss Surface":{"height":1266,"_type":"image-file","sha256":"d6ef12d3a442d36699588c75ee5b7c289c5dece11f965da9ddaba5d9dc972e95","size":434682,"path":"media/images/3D Loss Surface_601_d6ef12d3a442d3669958.png","format":"png","width":1522},"val_total_spikes":22542}