{"_step":602,"val_acc":0.859375,"train_spikes_per_t":NaN,"val_spikes_per_t":NaN,"_runtime":56.697832439,"val_loss":0.38021641969680786,"final_train_acc":1,"train_loss":0.03065912052989006,"final_test_acc":0.890625,"_timestamp":1.7466044129526567e+09,"train_acc":1,"final_val_acc":0.859375,"val_total_spikes":0,"_wandb":{"runtime":56},"2D Loss Contour":{"sha256":"ab00190225ce94589fdc861887f466c27230ae415c8aa916fbab7aaadbf5c436","size":123637,"path":"media/images/2D Loss Contour_602_ab00190225ce94589fdc.png","format":"png","width":1596,"height":1176,"_type":"image-file"},"train_total_spikes":0,"3D Loss Surface":{"path":"media/images/3D Loss Surface_601_6eba6eef9c23a8c327a6.png","format":"png","width":1548,"height":1266,"_type":"image-file","sha256":"6eba6eef9c23a8c327a6bec76ae52abf3bfbaffb114e3cd8b18b2fa18eb98eeb","size":356789}}