{"val_loss":0.6434187889099121,"train_total_spikes":0,"3D Loss Surface":{"format":"png","width":1549,"height":1266,"_type":"image-file","sha256":"6bab35548fe55147be511cf2cf580158ddbc512bfbb14c449e96444a8ea595df","size":472050,"path":"media/images/3D Loss Surface_601_6bab35548fe55147be51.png"},"final_val_acc":0.796875,"val_spikes_per_t":NaN,"train_acc":1,"_runtime":57.15222815,"2D Loss Contour":{"width":1623,"height":1176,"_type":"image-file","sha256":"35846f23c0a2fc5d27416a6ff0d2346ca03ad1384b78ca0ca85d89774bc40f92","size":139850,"path":"media/images/2D Loss Contour_602_35846f23c0a2fc5d2741.png","format":"png"},"_step":602,"_timestamp":1.746597463510985e+09,"final_test_acc":0.78125,"val_total_spikes":0,"final_train_acc":1,"val_acc":0.796875,"train_loss":0.01641949638724327,"train_spikes_per_t":NaN,"_wandb":{"runtime":57}}