{"val_total_spikes":25764,"val_spikes_per_t":100.640625,"train_loss":0.6739031076431274,"3D Loss Surface":{"size":377031,"path":"media/images/3D Loss Surface_601_40882dc83a73cb7403df.png","format":"png","width":1522,"height":1266,"_type":"image-file","sha256":"40882dc83a73cb7403df46a2b9b6865c8112f179d7505afd9dd08327c14d3e49"},"_step":602,"_runtime":75.362822326,"train_spikes_per_t":101.0546875,"final_train_acc":0.74609375,"2D Loss Contour":{"size":132152,"path":"media/images/2D Loss Contour_602_4b121e27f8233e6d4fe0.png","format":"png","width":1596,"height":1176,"_type":"image-file","sha256":"4b121e27f8233e6d4fe08597f7090d405ee7dba1fb9a5440db756c258538f9f4"},"final_test_acc":0.67578125,"_timestamp":1.746583799823348e+09,"val_acc":0.66796875,"final_val_acc":0.66796875,"train_total_spikes":25870,"_wandb":{"runtime":75},"val_loss":0.9528238773345947,"train_acc":0.74609375}