{"train_total_spikes":23835,"train_spikes_per_t":93.10546875,"3D Loss Surface":{"size":427731,"path":"media/images/3D Loss Surface_601_cdee8e8e753d580a94bd.png","format":"png","width":1522,"height":1266,"_type":"image-file","sha256":"cdee8e8e753d580a94bd03665d89cb1d9fe6cdd6e0d5a8676856c5f1990ee58c"},"_runtime":114.814546904,"val_spikes_per_t":93.65234375,"final_test_acc":0.97265625,"train_acc":1,"val_total_spikes":23975,"_step":602,"_wandb":{"runtime":114},"train_loss":0.007320278789848089,"final_train_acc":1,"_timestamp":1.746575329756704e+09,"val_acc":0.99609375,"2D Loss Contour":{"size":108370,"path":"media/images/2D Loss Contour_602_e582508da7d5b75ca6b3.png","format":"png","width":1596,"height":1176,"_type":"image-file","sha256":"e582508da7d5b75ca6b3162177900e64304b922cb29e7c5538197e1b2b9cd29d"},"val_loss":0.02629322186112404,"final_val_acc":0.99609375}