{"_runtime":160.832678445,"final_test_acc":0.49609375,"val_loss":1.471357822418213,"train_spikes_per_t":98.70703125,"train_loss":1.477136254310608,"_wandb":{"runtime":160},"val_acc":0.5078125,"final_train_acc":0.55078125,"train_acc":0.55078125,"val_spikes_per_t":98.578125,"val_total_spikes":25236,"final_val_acc":0.5078125,"2D Loss Contour":{"height":1176,"_type":"image-file","sha256":"4e342e95a27082e99e8175cf0360702c0271a718bec6469744eff500765bc625","size":103036,"path":"media/images/2D Loss Contour_602_4e342e95a27082e99e81.png","format":"png","width":1570},"_step":602,"_timestamp":1.7466730992746692e+09,"train_total_spikes":25269,"3D Loss Surface":{"sha256":"f0086047a047331abc42cbdf2180ff4c9a50b3369628853f83b7b0b9ae380bbd","size":356906,"path":"media/images/3D Loss Surface_601_f0086047a047331abc42.png","format":"png","width":1495,"height":1266,"_type":"image-file"}}