{"train_total_spikes":0,"_timestamp":1.746670294536653e+09,"final_test_acc":0.5,"val_loss":1.9869955778121948,"val_acc":0.5,"final_train_acc":0.66015625,"2D Loss Contour":{"size":130955,"path":"media/images/2D Loss Contour_602_0ee406a67aa7d1d4d21e.png","format":"png","width":1596,"height":1176,"_type":"image-file","sha256":"0ee406a67aa7d1d4d21ef8a2ed21d51ef16dd77fa9b168135dfdfeef43343e04"},"_runtime":43.226961101,"train_acc":0.66015625,"val_total_spikes":0,"_wandb":{"runtime":43},"train_spikes_per_t":NaN,"3D Loss Surface":{"size":392847,"path":"media/images/3D Loss Surface_601_73517fdcda48664c6b9c.png","format":"png","width":1495,"height":1266,"_type":"image-file","sha256":"73517fdcda48664c6b9cd744a32fbafb9a1bac3e86c8f4d7d7bcf14be7521d27"},"_step":602,"train_loss":1.130751371383667,"val_spikes_per_t":NaN,"final_val_acc":0.5}