{"2D Loss Contour":{"path":"media/images/2D Loss Contour_602_d7c688ae6702ced685ca.png","format":"png","width":1622,"height":1176,"_type":"image-file","sha256":"d7c688ae6702ced685ca308e533edc8fa701346ffac068c447ca46f63f1a0784","size":117237},"_wandb":{"runtime":173},"val_spikes_per_t":19.21875,"_timestamp":1.7466349507204316e+09,"train_loss":0.0035846582613885403,"train_spikes_per_t":19.50390625,"val_acc":0.95703125,"final_train_acc":1,"final_test_acc":0.9609375,"final_val_acc":0.95703125,"_step":602,"3D Loss Surface":{"path":"media/images/3D Loss Surface_601_597488b5f6515b22bef7.png","format":"png","width":1548,"height":1266,"_type":"image-file","sha256":"597488b5f6515b22bef719cb20ec9c46c09ec000d66d931868b5992b5e89a039","size":406002},"val_loss":0.10260199755430222,"val_total_spikes":4920,"train_total_spikes":4993,"train_acc":1,"_runtime":173.303672122}