{"_timestamp":1.7466352976930168e+09,"train_spikes_per_t":20.5625,"_wandb":{"runtime":172},"final_val_acc":0.91796875,"val_total_spikes":5192,"3D Loss Surface":{"size":425092,"path":"media/images/3D Loss Surface_601_a62141d32156ab38fcd3.png","format":"png","width":1522,"height":1266,"_type":"image-file","sha256":"a62141d32156ab38fcd3d8766b8c65ed7be87ce67f5a2a1073b16253e9b9fb22"},"val_acc":0.91796875,"val_spikes_per_t":20.28125,"2D Loss Contour":{"path":"media/images/2D Loss Contour_602_e1646abddb01e84763a3.png","format":"png","width":1596,"height":1176,"_type":"image-file","sha256":"e1646abddb01e84763a329cbf70ad09f7184bbbeb0a80bb199c13de78818be33","size":108865},"final_train_acc":1,"train_acc":1,"val_loss":0.17208771407604218,"_step":602,"train_total_spikes":5264,"_runtime":172.862310738,"train_loss":0.018097033724188805,"final_test_acc":0.96484375}