{"_runtime":173.708460411,"final_test_acc":0.9375,"final_train_acc":1,"_wandb":{"runtime":173},"train_spikes_per_t":31.9921875,"2D Loss Contour":{"width":1596,"height":1176,"_type":"image-file","sha256":"8e1c62cfa6207ba515581466ded3e7cb931c6e87e0bfc8772f662860748ef44b","size":103297,"path":"media/images/2D Loss Contour_602_8e1c62cfa6207ba51558.png","format":"png"},"3D Loss Surface":{"sha256":"9f4a37b98fa7d584e4f55455ec709a90839fcc4bf6841c7d5a5470fc841a567f","size":396382,"path":"media/images/3D Loss Surface_601_9f4a37b98fa7d584e4f5.png","format":"png","width":1548,"height":1266,"_type":"image-file"},"final_val_acc":0.97265625,"_timestamp":1.7466248756055598e+09,"val_spikes_per_t":31.46875,"train_loss":0.007311615161597729,"train_total_spikes":8190,"_step":602,"train_acc":1,"val_loss":0.09536556154489517,"val_acc":0.97265625,"val_total_spikes":8056}