{"final_val_acc":0.89453125,"_timestamp":1.746700339863549e+09,"train_acc":0.9921875,"train_total_spikes":5229,"train_loss":0.05607801303267479,"_runtime":161.705153493,"val_loss":0.3193769156932831,"val_acc":0.89453125,"final_test_acc":0.8203125,"val_spikes_per_t":20.48046875,"2D Loss Contour":{"_type":"image-file","sha256":"8a8bd0a54a334064802fa447ad3a25e6d6442cd9dc14663fc5eb74c2ce42184c","size":124999,"path":"media/images/2D Loss Contour_602_8a8bd0a54a334064802f.png","format":"png","width":1623,"height":1176},"_step":602,"3D Loss Surface":{"size":436945,"path":"media/images/3D Loss Surface_601_1450cfe4896eea3cac1c.png","format":"png","width":1548,"height":1266,"_type":"image-file","sha256":"1450cfe4896eea3cac1c1c89504bc51db75b859a7265b66a6bc4993361e0ed31"},"_wandb":{"runtime":161},"val_total_spikes":5243,"final_train_acc":0.9921875,"train_spikes_per_t":20.42578125}