{"val_loss":0.2870207726955414,"_runtime":163.507763341,"_timestamp":1.7466925537349331e+09,"val_spikes_per_t":35.22265625,"train_loss":0.013975470326840878,"train_total_spikes":8985,"_wandb":{"runtime":163},"3D Loss Surface":{"_type":"image-file","sha256":"3478f38b3fbc80fa72d28bd5e699084380cf628e4a2ca7ae83893694ed44e845","size":427779,"path":"media/images/3D Loss Surface_601_3478f38b3fbc80fa72d2.png","format":"png","width":1548,"height":1266},"final_val_acc":0.8984375,"_step":602,"val_acc":0.8984375,"final_train_acc":0.99609375,"train_spikes_per_t":35.09765625,"train_acc":0.99609375,"val_total_spikes":9017,"2D Loss Contour":{"format":"png","width":1596,"height":1176,"_type":"image-file","sha256":"4fd68a2f8e3728a7f4628a7902d9885fdc3ac02b2f48fc7b15479c9e5972f797","size":120453,"path":"media/images/2D Loss Contour_602_4fd68a2f8e3728a7f462.png"},"final_test_acc":0.90234375}