{"val_loss":0.029428035020828247,"train_loss":0.0009078653529286385,"train_spikes_per_t":NaN,"2D Loss Contour":{"path":"media/images/2D Loss Contour_602_fe9c2e0853a03ed619e6.png","format":"png","width":1649,"height":1176,"_type":"image-file","sha256":"fe9c2e0853a03ed619e63afab94146fb436b19479e25e344fc328eb066456c8a","size":134524},"val_spikes_per_t":NaN,"final_train_acc":1,"_wandb":{"runtime":31},"_timestamp":1.746612753652411e+09,"train_acc":1,"_runtime":31.696434139,"val_acc":1,"train_total_spikes":0,"_step":602,"final_val_acc":1,"3D Loss Surface":{"sha256":"c334c62982a5c247ce5efdaca9eebe32b080f84ed88472cec8c541c7f921f145","size":494632,"path":"media/images/3D Loss Surface_601_c334c62982a5c247ce5e.png","format":"png","width":1575,"height":1266,"_type":"image-file"},"val_total_spikes":0,"final_test_acc":0.9609375}