{"train_total_spikes":0,"val_loss":0.05036518722772598,"_step":602,"2D Loss Contour":{"format":"png","width":1649,"height":1176,"_type":"image-file","sha256":"8c764eb56badf5ca8da9ca0f8e246a6f0a74e729b6d5c410d2d79d821cb0f1fc","size":148977,"path":"media/images/2D Loss Contour_602_8c764eb56badf5ca8da9.png"},"final_test_acc":0.9765625,"train_spikes_per_t":NaN,"val_total_spikes":0,"final_val_acc":0.984375,"_timestamp":1.7466123607013202e+09,"val_acc":0.984375,"val_spikes_per_t":NaN,"final_train_acc":1,"_runtime":32.099915359,"train_acc":1,"_wandb":{"runtime":32},"train_loss":0.0007450820412486792,"3D Loss Surface":{"sha256":"1d645aab068c740ade6f18656006e6a609812feaae1c6f15bca33dccbb2f960c","size":552318,"path":"media/images/3D Loss Surface_601_1d645aab068c740ade6f.png","format":"png","width":1601,"height":1266,"_type":"image-file"}}