{"3D Loss Surface":{"width":1549,"height":1266,"_type":"image-file","sha256":"211067555b01e10f4e4af50bd74ef41e58c9e91a2972122564a7a35b47ba8c3b","size":484502,"path":"media/images/3D Loss Surface_601_211067555b01e10f4e4a.png","format":"png"},"_wandb":{"runtime":113},"final_test_acc":0.9921875,"final_val_acc":0.98828125,"final_train_acc":1,"2D Loss Contour":{"format":"png","width":1649,"height":1176,"_type":"image-file","sha256":"afddacc42df5476a4953bea477eeb432f291ba92e68eedc2fcdae73c859f63b2","size":158136,"path":"media/images/2D Loss Contour_602_afddacc42df5476a4953.png"},"_step":602,"val_acc":0.98828125,"train_loss":0.010484466329216957,"val_total_spikes":28966,"val_loss":0.04158768057823181,"train_spikes_per_t":112.47265625,"train_total_spikes":28793,"train_acc":1,"val_spikes_per_t":113.1484375,"_runtime":113.483207338,"_timestamp":1.7465694144960647e+09}