{"final_val_acc":0.4140625,"val_total_spikes":0,"train_acc":0.5390625,"train_spikes_per_t":NaN,"_timestamp":1.7466565766553698e+09,"final_train_acc":0.5390625,"val_acc":0.4140625,"_wandb":{"runtime":31},"train_loss":1.865877628326416,"train_total_spikes":0,"final_test_acc":0.5,"3D Loss Surface":{"width":1548,"height":1266,"_type":"image-file","sha256":"9f6d166f21f24aa2e1af10424577e79e65ebb6ba7bf0deee59f21725662522ba","size":422088,"path":"media/images/3D Loss Surface_601_9f6d166f21f24aa2e1af.png","format":"png"},"2D Loss Contour":{"height":1176,"_type":"image-file","sha256":"908cfb49074b8a13af698eb53dc141b008e5f8d86464cd371531bbaf6236e8eb","size":124977,"path":"media/images/2D Loss Contour_602_908cfb49074b8a13af69.png","format":"png","width":1622},"val_loss":2.1625630855560303,"val_spikes_per_t":NaN,"_runtime":31.747822911,"_step":602}