{"_wandb":{"runtime":172},"train_loss":0.010308184660971165,"train_spikes_per_t":35.20703125,"_step":602,"val_total_spikes":8726,"final_train_acc":1,"train_acc":1,"final_val_acc":0.9609375,"final_test_acc":0.95703125,"val_acc":0.9609375,"3D Loss Surface":{"sha256":"43989179f3e9ddcc19b6bbc15df2c684814a72d4784ec4bb5f538aa022956bdc","size":413592,"path":"media/images/3D Loss Surface_601_43989179f3e9ddcc19b6.png","format":"png","width":1522,"height":1266,"_type":"image-file"},"_timestamp":1.7466335642875752e+09,"val_spikes_per_t":34.0859375,"train_total_spikes":9013,"2D Loss Contour":{"height":1176,"_type":"image-file","sha256":"2e38171f7d2afa010c3835bf189c950b604c586e15298191d0b56d062bb3f267","size":103551,"path":"media/images/2D Loss Contour_602_2e38171f7d2afa010c38.png","format":"png","width":1596},"_runtime":172.348664789,"val_loss":0.09723135828971863}