{"val_acc":0.95703125,"_step":602,"train_spikes_per_t":61.171875,"val_total_spikes":15642,"final_test_acc":0.9609375,"train_total_spikes":15660,"train_loss":0.0003875519323628396,"_wandb":{"runtime":102},"_timestamp":1.7466493578604403e+09,"2D Loss Contour":{"format":"png","width":1649,"height":1176,"_type":"image-file","sha256":"4904d018a2543e3cedd40a2f6e2cdffd9912d30834232638848b18cc11444c88","size":156699,"path":"media/images/2D Loss Contour_602_4904d018a2543e3cedd4.png"},"val_loss":0.1065322533249855,"final_val_acc":0.95703125,"3D Loss Surface":{"format":"png","width":1548,"height":1266,"_type":"image-file","sha256":"08b7b1396e9e815b69a19bf2cc7f995771df24dceb2e0bd0b33b0c9b9bfa1a2a","size":477450,"path":"media/images/3D Loss Surface_601_08b7b1396e9e815b69a1.png"},"val_spikes_per_t":61.1015625,"train_acc":1,"final_train_acc":1,"_runtime":102.21197867}