{"final_val_acc":0.796875,"final_test_acc":0.75390625,"train_loss":0.00953337550163269,"final_train_acc":1,"train_spikes_per_t":NaN,"3D Loss Surface":{"height":1266,"_type":"image-file","sha256":"66abba19d568a3506b6a26fadb7925368de941e1041de52624ae1aa5801fc539","size":354140,"path":"media/images/3D Loss Surface_601_66abba19d568a3506b6a.png","format":"png","width":1548},"val_total_spikes":0,"val_acc":0.796875,"2D Loss Contour":{"path":"media/images/2D Loss Contour_602_7ff2f1147789204eda30.png","format":"png","width":1596,"height":1176,"_type":"image-file","sha256":"7ff2f1147789204eda3083d93d176436854f8fb1fe4010cacb04ce8212a28327","size":125693},"train_total_spikes":0,"val_loss":0.6049954295158386,"_wandb":{"runtime":56},"_timestamp":1.7466046449683213e+09,"train_acc":1,"_step":602,"val_spikes_per_t":NaN,"_runtime":56.805276027}