{"train_loss":0.19416961073875427,"_runtime":111.027395025,"_wandb":{"runtime":111},"val_acc":0.8359375,"val_loss":0.34129539132118225,"_step":602,"val_spikes_per_t":91.81640625,"final_val_acc":0.8359375,"train_spikes_per_t":91.40234375,"3D Loss Surface":{"path":"media/images/3D Loss Surface_601_c753525b0c4e15957d36.png","format":"png","width":1522,"height":1266,"_type":"image-file","sha256":"c753525b0c4e15957d3643c3792e35edf908f8c673c7690fc722eaa4b13f0001","size":433940},"val_total_spikes":23505,"final_train_acc":0.921875,"2D Loss Contour":{"format":"png","width":1596,"height":1176,"_type":"image-file","sha256":"7011a0dc190fe77b6482cd7baed20e3baa28f9ea99d860487f9c04b4f4dfb5cc","size":147601,"path":"media/images/2D Loss Contour_602_7011a0dc190fe77b6482.png"},"train_total_spikes":23399,"train_acc":0.921875,"final_test_acc":0.80078125,"_timestamp":1.7466533949014852e+09}