{"val_spikes_per_t":NaN,"final_train_acc":1,"_timestamp":1.7466137678591697e+09,"final_val_acc":0.98046875,"3D Loss Surface":{"sha256":"405817019343cc069a56eb991e6b0ec16b071ed3907ade2d80fa038b5ef78d81","size":499377,"path":"media/images/3D Loss Surface_601_405817019343cc069a56.png","format":"png","width":1575,"height":1266,"_type":"image-file"},"val_loss":0.04814250394701958,"_step":602,"train_spikes_per_t":NaN,"_wandb":{"runtime":32},"val_total_spikes":0,"train_loss":0.0011066219303756952,"final_test_acc":0.96484375,"val_acc":0.98046875,"train_total_spikes":0,"2D Loss Contour":{"path":"media/images/2D Loss Contour_602_25bc7cd7f45a0482fefd.png","format":"png","width":1623,"height":1176,"_type":"image-file","sha256":"25bc7cd7f45a0482fefd910bd9276bc85cfbc9f31bd046fb34080446910cdcd3","size":124799},"_runtime":32.043838974,"train_acc":1}