{"val_acc":0.8828125,"train_loss":0.027465902268886566,"val_spikes_per_t":27.58984375,"train_acc":1,"val_loss":0.26094508171081543,"final_train_acc":1,"train_total_spikes":7074,"_wandb":{"runtime":162},"final_test_acc":0.87109375,"_step":602,"val_total_spikes":7063,"2D Loss Contour":{"width":1596,"height":1176,"_type":"image-file","sha256":"578c3eaa5b3d2265d0f37fb17896be0e0bded4243714e274badaf37635ad8b42","size":132239,"path":"media/images/2D Loss Contour_602_578c3eaa5b3d2265d0f3.png","format":"png"},"train_spikes_per_t":27.6328125,"final_val_acc":0.8828125,"_timestamp":1.7466996916908782e+09,"3D Loss Surface":{"path":"media/images/3D Loss Surface_601_ef3ee51d35271dab63f2.png","format":"png","width":1548,"height":1266,"_type":"image-file","sha256":"ef3ee51d35271dab63f2a42d2c111e7f335b679316766150867a620651f3b244","size":512314},"_runtime":162.440461587}