{"val_loss":0.4268185794353485,"2D Loss Contour":{"path":"media/images/2D Loss Contour_602_978fb0173e981debd76a.png","format":"png","width":1623,"height":1176,"_type":"image-file","sha256":"978fb0173e981debd76a1655d9abd72743581238f636052df0893b344fe5f739","size":110367},"val_total_spikes":7241,"val_spikes_per_t":28.28515625,"final_test_acc":0.8203125,"final_train_acc":1,"train_acc":1,"_runtime":172.782435887,"3D Loss Surface":{"height":1266,"_type":"image-file","sha256":"8315a56381e176a7264164bf36f40cb596658a743ec6098122537e16022b614d","size":351073,"path":"media/images/3D Loss Surface_601_8315a56381e176a72641.png","format":"png","width":1548},"train_loss":0.024312743917107582,"final_val_acc":0.8359375,"_step":602,"train_total_spikes":7231,"train_spikes_per_t":28.24609375,"val_acc":0.8359375,"_timestamp":1.7466217519360316e+09,"_wandb":{"runtime":172}}