{"_wandb":{"runtime":87},"train_spikes_per_t":83.15234375,"val_loss":0.9765055775642395,"3D Loss Surface":{"height":1266,"_type":"image-file","sha256":"51b59d394073bb3ff3bc7860f249528982d09fbf39cb30bb7ba334907c7104e0","size":433533,"path":"media/images/3D Loss Surface_601_51b59d394073bb3ff3bc.png","format":"png","width":1548},"train_acc":0.625,"final_test_acc":0.58984375,"train_total_spikes":21287,"val_spikes_per_t":84.65625,"train_loss":0.853018045425415,"_step":602,"_timestamp":1.746675603198219e+09,"final_train_acc":0.625,"val_acc":0.64453125,"final_val_acc":0.64453125,"_runtime":87.106090643,"val_total_spikes":21672,"2D Loss Contour":{"width":1596,"height":1176,"_type":"image-file","sha256":"7145dc21ed061a9bb3c00076fc0dcdac95b23de3ddca4122cf743fbdc40b0481","size":151556,"path":"media/images/2D Loss Contour_602_7145dc21ed061a9bb3c0.png","format":"png"}}