{"train_total_spikes":0,"_timestamp":1.7466001292902555e+09,"final_train_acc":0.77734375,"_runtime":57.59356719,"3D Loss Surface":{"sha256":"0fc071720cc35038bee03f890d6e7571ae03b591c8f13181dc900d36e3659e22","size":419112,"path":"media/images/3D Loss Surface_601_0fc071720cc35038bee0.png","format":"png","width":1522,"height":1266,"_type":"image-file"},"_wandb":{"runtime":57},"val_total_spikes":0,"2D Loss Contour":{"width":1596,"height":1176,"_type":"image-file","sha256":"c8ffc7de9896a64ad65eef312557c3d296cee9f4d1df462e35e2ac166737a362","size":133806,"path":"media/images/2D Loss Contour_602_c8ffc7de9896a64ad65e.png","format":"png"},"final_val_acc":0.55859375,"train_acc":0.77734375,"val_spikes_per_t":NaN,"train_loss":0.8752363920211792,"final_test_acc":0.5234375,"val_acc":0.55859375,"train_spikes_per_t":NaN,"_step":602,"val_loss":2.5144948959350586}