{"final_test_acc":0.48046875,"train_spikes_per_t":104.43359375,"2D Loss Contour":{"width":1622,"height":1176,"_type":"image-file","sha256":"6c76c31d2041d6a1202952035c120d5251377d2f67750f53db91eca2ba28429f","size":123005,"path":"media/images/2D Loss Contour_602_6c76c31d2041d6a12029.png","format":"png"},"_runtime":113.493867721,"val_spikes_per_t":103.7265625,"final_train_acc":0.51953125,"train_loss":0.3634955883026123,"val_total_spikes":26554,"train_acc":0.51953125,"3D Loss Surface":{"height":1266,"_type":"image-file","sha256":"62080d0b2d927dfa3783303881dc1c30abb53ab0b1294f8e9359a56757089adf","size":463780,"path":"media/images/3D Loss Surface_601_62080d0b2d927dfa3783.png","format":"png","width":1575},"_wandb":{"runtime":113},"train_total_spikes":26735,"_step":602,"final_val_acc":0.5,"_timestamp":1.7465691851452599e+09,"val_loss":0.5173661112785339,"val_acc":0.5}