{"train_acc":1,"train_loss":0.001535644638352096,"3D Loss Surface":{"path":"media/images/3D Loss Surface_601_e714b4d148ef60490f30.png","format":"png","width":1522,"height":1266,"_type":"image-file","sha256":"e714b4d148ef60490f30876b9caf4f67cd99ce633cd56f5f9b2ad40b20fb7bef","size":404848},"train_total_spikes":16923,"final_train_acc":1,"final_val_acc":0.96875,"train_spikes_per_t":66.10546875,"val_loss":0.08092129975557327,"_runtime":75.056476465,"_timestamp":1.746589209954994e+09,"_step":602,"_wandb":{"runtime":75},"val_acc":0.96875,"val_total_spikes":16820,"val_spikes_per_t":65.703125,"2D Loss Contour":{"format":"png","width":1623,"height":1176,"_type":"image-file","sha256":"3151190119c2229e9fde1d20b35510dbf406d4448c4e0c60e163f21efaf41f52","size":123227,"path":"media/images/2D Loss Contour_602_3151190119c2229e9fde.png"},"final_test_acc":0.97265625}