{"final_test_acc":0.48046875,"val_total_spikes":22012,"_wandb":{"runtime":47},"val_acc":0.5078125,"2D Loss Contour":{"width":1596,"height":1176,"_type":"image-file","sha256":"50525236810fe7ac4bc4afd878d6a88c357d3cf93dede852e4568481890c95ad","size":127821,"path":"media/images/2D Loss Contour_602_50525236810fe7ac4bc4.png","format":"png"},"train_spikes_per_t":84.5625,"3D Loss Surface":{"size":284762,"path":"media/images/3D Loss Surface_601_cde72fa1eafc1fa1b7fc.png","format":"png","width":1522,"height":1266,"_type":"image-file","sha256":"cde72fa1eafc1fa1b7fc1c625b22a46a089087985e1744ef21669f10eadec22e"},"final_val_acc":0.5078125,"train_total_spikes":21648,"train_acc":0.51171875,"_timestamp":1.746669460949725e+09,"_runtime":47.565443473,"train_loss":22.59226417541504,"_step":602,"val_loss":22.092374801635742,"final_train_acc":0.51171875,"val_spikes_per_t":85.984375}