{"val_acc":0.9296875,"_timestamp":1.7466790736363533e+09,"2D Loss Contour":{"size":117966,"path":"media/images/2D Loss Contour_602_360903862739e9ad7722.png","format":"png","width":1622,"height":1176,"_type":"image-file","sha256":"360903862739e9ad7722977e732b1ffe93aaf99151194d352cd2d0f879ace57e"},"train_acc":1,"train_loss":0.015291235409677029,"final_val_acc":0.9296875,"val_total_spikes":3656,"_step":602,"val_spikes_per_t":14.28125,"final_train_acc":1,"train_spikes_per_t":13.9140625,"val_loss":0.17254312336444855,"3D Loss Surface":{"format":"png","width":1548,"height":1266,"_type":"image-file","sha256":"07c9880b3815ed01d9a8a40a9f80761811c8e9153043bd2d9916fe528d4c1711","size":437280,"path":"media/images/3D Loss Surface_601_07c9880b3815ed01d9a8.png"},"train_total_spikes":3562,"_wandb":{"runtime":161},"_runtime":161.654509809,"final_test_acc":0.93359375}