{"val_total_spikes":5411,"_wandb":{"runtime":161},"train_total_spikes":5402,"_step":602,"val_acc":0.5859375,"final_val_acc":0.5859375,"final_train_acc":0.68359375,"_timestamp":1.7466977444485178e+09,"final_test_acc":0.61328125,"_runtime":161.441371719,"val_loss":0.7158191800117493,"val_spikes_per_t":21.13671875,"train_spikes_per_t":21.1015625,"3D Loss Surface":{"_type":"image-file","sha256":"083f807015171c256aa12c82a765801048a759c1a25b1176f0a312df7c64668c","size":391514,"path":"media/images/3D Loss Surface_601_083f807015171c256aa1.png","format":"png","width":1522,"height":1266},"train_loss":0.5809323787689209,"2D Loss Contour":{"sha256":"d5efbb84b0cd5b1deeb4b443a008701af03f69c80273807813d8610c16f302c8","size":154718,"path":"media/images/2D Loss Contour_602_d5efbb84b0cd5b1deeb4.png","format":"png","width":1596,"height":1176,"_type":"image-file"},"train_acc":0.68359375}