{"val_total_spikes":0,"train_spikes_per_t":NaN,"_wandb":{"runtime":33},"train_total_spikes":0,"final_train_acc":0.51171875,"2D Loss Contour":{"_type":"image-file","sha256":"6c7905ec5074cc46c321d7d9d3b8c00784a66fe00cbcd5d25f5f2601689b40f7","size":135492,"path":"media/images/2D Loss Contour_602_6c7905ec5074cc46c321.png","format":"png","width":1596,"height":1176},"_timestamp":1.7466708878339021e+09,"train_loss":2.674936294555664,"final_test_acc":0.51953125,"3D Loss Surface":{"height":1266,"_type":"image-file","sha256":"ded7f7a3dd112938edef119346911e31191cb26a1a7bf9839355d6da950fc43c","size":260051,"path":"media/images/3D Loss Surface_601_ded7f7a3dd112938edef.png","format":"png","width":1522},"train_acc":0.51171875,"val_spikes_per_t":NaN,"val_loss":2.567767858505249,"final_val_acc":0.59375,"_runtime":33.319819505,"_step":602,"val_acc":0.59375}