{"final_test_acc":0.99609375,"train_acc":1,"_step":602,"3D Loss Surface":{"sha256":"40c0c5b6f0e2a256713900dadcc1a988ebca933f231aeb131e4865aed3b17304","size":528734,"path":"media/images/3D Loss Surface_601_40c0c5b6f0e2a2567139.png","format":"png","width":1575,"height":1266,"_type":"image-file"},"_wandb":{"runtime":103},"_timestamp":1.7466658212666533e+09,"val_loss":0.009058644995093346,"_runtime":103.092402536,"train_total_spikes":14116,"2D Loss Contour":{"_type":"image-file","sha256":"76417974432eb46174abf49970d2756e8b9df544812d97fe9fc19aac502b9d90","size":140663,"path":"media/images/2D Loss Contour_602_76417974432eb46174ab.png","format":"png","width":1649,"height":1176},"val_total_spikes":14160,"train_loss":0.00039493339136242867,"val_acc":1,"final_train_acc":1,"val_spikes_per_t":55.3125,"train_spikes_per_t":55.140625,"final_val_acc":1}