{"_runtime":57.29196585,"_timestamp":1.746599319130705e+09,"final_test_acc":0.74609375,"val_total_spikes":0,"val_spikes_per_t":NaN,"_step":602,"final_train_acc":1,"train_total_spikes":0,"2D Loss Contour":{"path":"media/images/2D Loss Contour_602_a3c71e097a504580f496.png","format":"png","width":1596,"height":1176,"_type":"image-file","sha256":"a3c71e097a504580f4960dcbf8cf40752c889615e37d5ad2fba2aee70b01f533","size":124794},"train_spikes_per_t":NaN,"train_loss":0.018650121986865997,"3D Loss Surface":{"path":"media/images/3D Loss Surface_601_630c6dd27531dd0ed199.png","format":"png","width":1548,"height":1266,"_type":"image-file","sha256":"630c6dd27531dd0ed199574f296bab7e8c96bc622a02c80ededdf19035e981e1","size":438583},"train_acc":1,"_wandb":{"runtime":57},"val_loss":0.7510855793952942,"val_acc":0.765625,"final_val_acc":0.765625}