{"train_acc":1,"2D Loss Contour":{"height":1176,"_type":"image-file","sha256":"7a3d166cac1f76d5e38d915bb1bce186a029835e862cf8836c128ba7dfcc4c7e","size":144320,"path":"media/images/2D Loss Contour_602_7a3d166cac1f76d5e38d.png","format":"png","width":1649},"val_spikes_per_t":49.61328125,"_step":602,"val_loss":0.06972168385982513,"train_loss":0.00036797739448957145,"3D Loss Surface":{"size":524388,"path":"media/images/3D Loss Surface_601_6cab78f8c8739fc902ca.png","format":"png","width":1575,"height":1266,"_type":"image-file","sha256":"6cab78f8c8739fc902cad85777f06aa9a0075c7d5a89fd73695fc602c93e5212"},"train_total_spikes":12809,"val_total_spikes":12701,"train_spikes_per_t":50.03515625,"final_test_acc":0.96875,"_wandb":{"runtime":102},"_runtime":102.538794288,"val_acc":0.9765625,"final_train_acc":1,"final_val_acc":0.9765625,"_timestamp":1.746660651324367e+09}