{"train_total_spikes":23077,"_step":602,"2D Loss Contour":{"_type":"image-file","sha256":"0f474ce2c65d3d1e88488069faa64cad7ae3cf5adca30b1be93b83b46591b7a0","size":130999,"path":"media/images/2D Loss Contour_602_0f474ce2c65d3d1e8848.png","format":"png","width":1596,"height":1176},"val_total_spikes":23017,"_runtime":113.388734563,"train_spikes_per_t":90.14453125,"train_loss":0.008922126144170761,"train_acc":1,"val_loss":0.02853548154234886,"_timestamp":1.746567696206875e+09,"final_val_acc":0.984375,"val_acc":0.984375,"final_test_acc":0.97265625,"val_spikes_per_t":89.91015625,"final_train_acc":1,"3D Loss Surface":{"size":448725,"path":"media/images/3D Loss Surface_601_b854eb068dbe204e5821.png","format":"png","width":1548,"height":1266,"_type":"image-file","sha256":"b854eb068dbe204e5821aa96f82dc62be78b9b1622e9b065c879882640e98716"},"_wandb":{"runtime":113}}