{"train_loss":0.011269917711615562,"train_total_spikes":7472,"val_total_spikes":7364,"_wandb":{"runtime":173},"_runtime":173.122092408,"final_test_acc":0.96875,"final_train_acc":1,"3D Loss Surface":{"width":1548,"height":1266,"_type":"image-file","sha256":"54a74231288ddd6358b9a943c64571ec079e4ce5e76a31158795d969f9e167f6","size":437520,"path":"media/images/3D Loss Surface_601_54a74231288ddd6358b9.png","format":"png"},"2D Loss Contour":{"_type":"image-file","sha256":"d042d7e05ae34476aaf4340b472783ba2985b0ce7841236abb6db077c539bdcd","size":111275,"path":"media/images/2D Loss Contour_602_d042d7e05ae34476aaf4.png","format":"png","width":1622,"height":1176},"_step":602,"train_acc":1,"train_spikes_per_t":29.1875,"val_acc":0.97265625,"final_val_acc":0.97265625,"val_loss":0.0826244056224823,"_timestamp":1.746638938373745e+09,"val_spikes_per_t":28.765625}