{"val_spikes_per_t":140.2109375,"_timestamp":1.7465662100949826e+09,"val_loss":0.06273987889289856,"final_val_acc":0.98828125,"2D Loss Contour":{"path":"media/images/2D Loss Contour_602_442f98032649d6504e43.png","format":"png","width":1596,"height":1176,"_type":"image-file","sha256":"442f98032649d6504e43e362ede46d1edea370e80bb2a4006bbbc5b957b9c40e","size":124524},"train_spikes_per_t":142.08203125,"_wandb":{"runtime":113},"train_acc":0.99609375,"3D Loss Surface":{"size":359731,"path":"media/images/3D Loss Surface_601_bb6de1d12573ada8c7be.png","format":"png","width":1548,"height":1266,"_type":"image-file","sha256":"bb6de1d12573ada8c7be1ae145745d4ca2502df1066502f046ffadd38a4f3ae5"},"_step":602,"val_total_spikes":35894,"final_train_acc":0.99609375,"final_test_acc":0.96875,"train_total_spikes":36373,"val_acc":0.98828125,"train_loss":0.04418114572763443,"_runtime":113.31397582}