{"_timestamp":1.746607075996145e+09,"val_loss":0.9689958095550537,"final_train_acc":1,"3D Loss Surface":{"height":1266,"_type":"image-file","sha256":"34eb255f9afcf70146bedcaa1042182f946f1f2021942bfe15322c6a68fe7b3d","size":309268,"path":"media/images/3D Loss Surface_601_34eb255f9afcf70146be.png","format":"png","width":1548},"_wandb":{"runtime":57},"val_spikes_per_t":NaN,"train_acc":1,"val_total_spikes":0,"final_test_acc":0.78515625,"val_acc":0.74609375,"train_loss":0.007114773150533438,"final_val_acc":0.74609375,"train_total_spikes":0,"2D Loss Contour":{"size":124560,"path":"media/images/2D Loss Contour_602_83fcfda6800f5ca31cd0.png","format":"png","width":1622,"height":1176,"_type":"image-file","sha256":"83fcfda6800f5ca31cd07861293b391d57fef04d2383df3fa66480c8b8e75778"},"_runtime":57.41110159,"train_spikes_per_t":NaN,"_step":602}