{"_timestamp":1.7466744441043289e+09,"_runtime":64.393855657,"train_spikes_per_t":21.9140625,"val_spikes_per_t":22.3203125,"val_acc":0.87890625,"val_loss":0.3788047730922699,"train_total_spikes":5610,"final_test_acc":0.80859375,"val_total_spikes":5714,"_wandb":{"runtime":64},"3D Loss Surface":{"width":1548,"height":1266,"_type":"image-file","sha256":"ee1ac3609237f54cf03d9fe3581ef42a8b288765eb17ecf3ea472bd2793d27f9","size":366524,"path":"media/images/3D Loss Surface_601_ee1ac3609237f54cf03d.png","format":"png"},"final_train_acc":1,"2D Loss Contour":{"sha256":"59c6a8c03a5b06e0f2f9187c2087a5c05633c43a142168caed0094c9cd4453ea","size":145981,"path":"media/images/2D Loss Contour_602_59c6a8c03a5b06e0f2f9.png","format":"png","width":1622,"height":1176,"_type":"image-file"},"final_val_acc":0.87890625,"train_acc":1,"train_loss":0.0022624549455940723,"_step":602}