{"val_total_spikes":6468,"val_spikes_per_t":25.265625,"_runtime":161.398619581,"train_spikes_per_t":23.7578125,"3D Loss Surface":{"sha256":"898b29c565d23729299d0bc3cf683a106a9c23c222075abb193396912d93fafa","size":409079,"path":"media/images/3D Loss Surface_601_898b29c565d23729299d.png","format":"png","width":1548,"height":1266,"_type":"image-file"},"_wandb":{"runtime":161},"val_acc":0.859375,"_timestamp":1.7466784267620554e+09,"train_loss":0.15194906294345856,"val_loss":0.33710500597953796,"train_total_spikes":6082,"final_train_acc":0.953125,"final_test_acc":0.8359375,"train_acc":0.953125,"2D Loss Contour":{"height":1176,"_type":"image-file","sha256":"9ed4bd74489f412e9b0ce802662e10176800a52cbcbaa9ce7bd3faa2e86c41cf","size":134723,"path":"media/images/2D Loss Contour_602_9ed4bd74489f412e9b0c.png","format":"png","width":1596},"final_val_acc":0.859375,"_step":602}