{"2D Loss Contour":{"height":1176,"_type":"image-file","sha256":"07b5c98cc5c3482b6a74968c9c17c82370cd9220d8dcb759d03bfd4a0f249860","size":150031,"path":"media/images/2D Loss Contour_602_07b5c98cc5c3482b6a74.png","format":"png","width":1649},"val_spikes_per_t":89.58984375,"final_test_acc":0.99609375,"train_total_spikes":23317,"train_spikes_per_t":91.08203125,"val_acc":0.98828125,"_step":602,"3D Loss Surface":{"width":1549,"height":1266,"_type":"image-file","sha256":"ec0d6efb65d4ce107b64e29ea10fa68ed7b5549d8b88800d8d1d532ad210a11c","size":462681,"path":"media/images/3D Loss Surface_601_ec0d6efb65d4ce107b64.png","format":"png"},"train_loss":0.009232168085873127,"final_train_acc":1,"_runtime":114.469627546,"train_acc":1,"final_val_acc":0.98828125,"val_total_spikes":22935,"_wandb":{"runtime":114},"val_loss":0.03425080329179764,"_timestamp":1.7465769458064153e+09}