{"final_val_acc":0.609375,"val_acc":0.609375,"2D Loss Contour":{"width":1596,"height":1176,"_type":"image-file","sha256":"286458383bc5b82fb6dcaac8fce302225b5e0198d19844531a4343ea20c06ae5","size":142229,"path":"media/images/2D Loss Contour_602_286458383bc5b82fb6dc.png","format":"png"},"final_train_acc":0.83203125,"_timestamp":1.7466611525978353e+09,"_runtime":101.011998579,"val_loss":0.9077921509742737,"final_test_acc":0.6328125,"val_total_spikes":12885,"train_total_spikes":12922,"train_spikes_per_t":50.4765625,"_step":602,"val_spikes_per_t":50.33203125,"3D Loss Surface":{"_type":"image-file","sha256":"ac8398b5ef8308d47630f567e4d524d6eb2de3d9aeee820618ca34ab85997e79","size":437097,"path":"media/images/3D Loss Surface_601_ac8398b5ef8308d47630.png","format":"png","width":1548,"height":1266},"_wandb":{"runtime":101},"train_loss":0.4044282138347626,"train_acc":0.83203125}