{"_step":602,"2D Loss Contour":{"path":"media/images/2D Loss Contour_602_5599d023762ded16f8d7.png","format":"png","width":1622,"height":1176,"_type":"image-file","sha256":"5599d023762ded16f8d7461c98e2f993c5ac5b34cb84c8d8b89c99d1b5b3700e","size":119992},"final_test_acc":0.8828125,"val_acc":0.890625,"train_spikes_per_t":23.9375,"train_loss":0.005329308565706015,"final_val_acc":0.890625,"3D Loss Surface":{"height":1266,"_type":"image-file","sha256":"c3af46de9566bcdae4471bec6abe838070052d34d33abdf74997e8f781bb92fc","size":454571,"path":"media/images/3D Loss Surface_601_c3af46de9566bcdae447.png","format":"png","width":1522},"final_train_acc":1,"val_loss":0.2588137090206146,"val_total_spikes":6119,"_runtime":171.771870295,"val_spikes_per_t":23.90234375,"_timestamp":1.7466160521016963e+09,"train_acc":1,"_wandb":{"runtime":171},"train_total_spikes":6128}