{"_step":602,"train_total_spikes":0,"val_loss":0.0492529571056366,"train_spikes_per_t":NaN,"_timestamp":1.7466120976559386e+09,"final_val_acc":0.984375,"val_spikes_per_t":NaN,"val_total_spikes":0,"3D Loss Surface":{"format":"png","width":1575,"height":1266,"_type":"image-file","sha256":"5993ea056251d051d13afa6fefabbb5e7a30f1a2c10b5b6a391a966649bfc334","size":521490,"path":"media/images/3D Loss Surface_601_5993ea056251d051d13a.png"},"2D Loss Contour":{"width":1649,"height":1176,"_type":"image-file","sha256":"709c5841b6f40448171dd18ab8c2c4ea470693051847a6593ad863dd68d147ac","size":137818,"path":"media/images/2D Loss Contour_602_709c5841b6f40448171d.png","format":"png"},"val_acc":0.984375,"final_train_acc":1,"train_loss":0.0008456374052911997,"train_acc":1,"_wandb":{"runtime":31},"final_test_acc":0.94921875,"_runtime":31.769989804}