{"_wandb":{"runtime":57},"final_test_acc":0.8671875,"_runtime":57.699083547,"final_train_acc":1,"_timestamp":1.7466057451002808e+09,"train_spikes_per_t":NaN,"final_val_acc":0.828125,"train_acc":1,"val_total_spikes":0,"train_loss":0.011297488585114479,"val_loss":0.46075090765953064,"2D Loss Contour":{"_type":"image-file","sha256":"f8e0932d942faa3fb4e32396efd86405bcef1c76e2dc27bf48d6aa33fedffeda","size":122564,"path":"media/images/2D Loss Contour_602_f8e0932d942faa3fb4e3.png","format":"png","width":1623,"height":1176},"val_acc":0.828125,"_step":602,"train_total_spikes":0,"3D Loss Surface":{"sha256":"1c2928997e298c5171b4d847d2c5c0b98d8b7674895fd9ab8d237dbba737d5ea","size":466708,"path":"media/images/3D Loss Surface_601_1c2928997e298c5171b4.png","format":"png","width":1575,"height":1266,"_type":"image-file"},"val_spikes_per_t":NaN}