{"train_acc":1,"val_acc":0.91796875,"train_spikes_per_t":9.29296875,"_timestamp":1.7466734212424755e+09,"_wandb":{"runtime":160},"train_loss":0.0068978858180344105,"final_test_acc":0.92578125,"val_loss":0.2760545611381531,"val_spikes_per_t":9.7578125,"_runtime":160.425222398,"final_val_acc":0.91796875,"final_train_acc":1,"2D Loss Contour":{"path":"media/images/2D Loss Contour_602_025502d049ecaa91bde9.png","format":"png","width":1622,"height":1176,"_type":"image-file","sha256":"025502d049ecaa91bde9af34103bfb2b9a594a34ae0e1e1dcf767330d26a8aec","size":122662},"train_total_spikes":2379,"3D Loss Surface":{"sha256":"2f4ec08eefac6a52a7f612002538618d6161100542468fa66966bb29b437627d","size":431098,"path":"media/images/3D Loss Surface_601_2f4ec08eefac6a52a7f6.png","format":"png","width":1548,"height":1266,"_type":"image-file"},"_step":602,"val_total_spikes":2498}