{"2D Loss Contour":{"width":1622,"height":1176,"_type":"image-file","sha256":"36fc84a500c1ccf7be269cbed2ad2ef3fd76e774efe656e6246f96de8060aaaa","size":138117,"path":"media/images/2D Loss Contour_602_36fc84a500c1ccf7be26.png","format":"png"},"_step":602,"_wandb":{"runtime":102},"_runtime":102.884748476,"train_loss":0.16747210919857025,"val_acc":0.80859375,"val_total_spikes":14467,"final_test_acc":0.80078125,"val_loss":0.4535871744155884,"train_spikes_per_t":56.75390625,"_timestamp":1.7466525570616302e+09,"train_total_spikes":14529,"val_spikes_per_t":56.51171875,"final_val_acc":0.80859375,"3D Loss Surface":{"height":1266,"_type":"image-file","sha256":"1f8480bcf0b0ad6115fdcfa18a5672a580f9e5f6212dc7de0b1bea626e686686","size":491624,"path":"media/images/3D Loss Surface_601_1f8480bcf0b0ad6115fd.png","format":"png","width":1522},"final_train_acc":0.9453125,"train_acc":0.9453125}