{"_step":602,"_runtime":160.275617014,"final_test_acc":0.53515625,"val_loss":15.556117057800293,"2D Loss Contour":{"format":"png","width":1596,"height":1176,"_type":"image-file","sha256":"a9bcf386b2798929a62223476b1e0d7840211212871293b5b05248b997fe7a83","size":133605,"path":"media/images/2D Loss Contour_602_a9bcf386b2798929a622.png"},"_timestamp":1.7466714888089294e+09,"final_train_acc":0.46484375,"final_val_acc":0.5078125,"train_loss":16.617504119873047,"_wandb":{"runtime":160},"train_spikes_per_t":64.1171875,"val_total_spikes":16425,"val_spikes_per_t":64.16015625,"train_total_spikes":16414,"train_acc":0.46484375,"3D Loss Surface":{"height":1266,"_type":"image-file","sha256":"ae3ec26a8f3152891d8583d096b25e6546709a83d11dfe0274838dfbe4a04dd9","size":350224,"path":"media/images/3D Loss Surface_601_ae3ec26a8f3152891d85.png","format":"png","width":1522},"val_acc":0.5078125}