{"_wandb":{"runtime":32},"train_loss":0.0008479239186272025,"final_train_acc":1,"train_spikes_per_t":NaN,"_runtime":32.078824946,"val_loss":0.03875717520713806,"val_acc":0.984375,"val_spikes_per_t":NaN,"train_total_spikes":0,"_step":602,"2D Loss Contour":{"size":131092,"path":"media/images/2D Loss Contour_602_f4221c576a2483b5f943.png","format":"png","width":1623,"height":1176,"_type":"image-file","sha256":"f4221c576a2483b5f94355a9985be6a1eb5a4638cc512027715ce16d11ef6c9c"},"val_total_spikes":0,"train_acc":1,"final_val_acc":0.984375,"_timestamp":1.7466077942441595e+09,"final_test_acc":0.9609375,"3D Loss Surface":{"height":1266,"_type":"image-file","sha256":"529e256736833532f5bd31aeaa66ca8a764151c00294712ae23bf9968453c66c","size":532626,"path":"media/images/3D Loss Surface_601_529e256736833532f5bd.png","format":"png","width":1575}}