{"_runtime":172.535662092,"final_train_acc":1,"train_spikes_per_t":35.91015625,"3D Loss Surface":{"sha256":"81cedc41537b3ade71bba668199a32ba6ef7f0a977659cc83638e2f5ba0154df","size":458302,"path":"media/images/3D Loss Surface_601_81cedc41537b3ade71bb.png","format":"png","width":1548,"height":1266,"_type":"image-file"},"_wandb":{"runtime":172},"_step":602,"train_acc":1,"val_total_spikes":9088,"val_loss":0.3324255347251892,"val_acc":0.8828125,"final_val_acc":0.8828125,"train_total_spikes":9193,"train_loss":0.009124543517827988,"final_test_acc":0.87890625,"_timestamp":1.746627837036565e+09,"val_spikes_per_t":35.5,"2D Loss Contour":{"sha256":"08c6e82795b80ed09561a3eef31d46a912f4d7a1dcc57d1cca4be1afc77f3266","size":116392,"path":"media/images/2D Loss Contour_602_08c6e82795b80ed09561.png","format":"png","width":1622,"height":1176,"_type":"image-file"}}