{"final_val_acc":0.98828125,"train_total_spikes":19047,"train_loss":0.00037765855086036026,"val_acc":0.98828125,"3D Loss Surface":{"width":1575,"height":1266,"_type":"image-file","sha256":"625994481476f8d7adfdcfe669ba0978f16bec91a1db300636766ed94c85963b","size":364568,"path":"media/images/3D Loss Surface_601_625994481476f8d7adfd.png","format":"png"},"final_train_acc":1,"_step":602,"val_total_spikes":18634,"_wandb":{"runtime":75},"2D Loss Contour":{"size":134447,"path":"media/images/2D Loss Contour_602_bfd7eff6b4acd062c381.png","format":"png","width":1649,"height":1176,"_type":"image-file","sha256":"bfd7eff6b4acd062c381286ec46fae70fcf5dc4bbec2931f5e99c7c1b080b2c5"},"_timestamp":1.7465918814233232e+09,"_runtime":75.423248382,"val_loss":0.03352386876940727,"train_spikes_per_t":74.40234375,"val_spikes_per_t":72.7890625,"final_test_acc":0.98828125,"train_acc":1}