{"val_loss":0.39508095383644104,"_wandb":{"runtime":160},"final_test_acc":0.82421875,"final_train_acc":0.99609375,"_timestamp":1.7466708448593607e+09,"val_spikes_per_t":30.6796875,"train_acc":0.99609375,"_runtime":160.568402068,"train_loss":0.0732075572013855,"train_spikes_per_t":30.22265625,"final_val_acc":0.86328125,"val_acc":0.86328125,"val_total_spikes":7854,"3D Loss Surface":{"format":"png","width":1522,"height":1266,"_type":"image-file","sha256":"cacac7b5aee06170d3ff2b329ff1e5a67fd6b94aff9302fead41af88f74a677e","size":442501,"path":"media/images/3D Loss Surface_601_cacac7b5aee06170d3ff.png"},"_step":602,"2D Loss Contour":{"width":1596,"height":1176,"_type":"image-file","sha256":"04f3ff3a2a67488de595a346b620b8ad9a5852903acea20fec0b25267f03173d","size":138230,"path":"media/images/2D Loss Contour_602_04f3ff3a2a67488de595.png","format":"png"},"train_total_spikes":7737}