{"_step":602,"_wandb":{"runtime":173},"train_loss":0.00538975466042757,"_timestamp":1.7466458825242536e+09,"final_val_acc":0.890625,"train_total_spikes":10800,"3D Loss Surface":{"path":"media/images/3D Loss Surface_601_8b761c2b5ae642753c93.png","format":"png","width":1522,"height":1266,"_type":"image-file","sha256":"8b761c2b5ae642753c93789d0afdb720cf3b8259694e6b4d6d3e327c2cca80c1","size":446828},"final_test_acc":0.92578125,"train_spikes_per_t":42.1875,"val_total_spikes":10714,"2D Loss Contour":{"_type":"image-file","sha256":"fd7dba2b990597b44c8e57e0331605d01cf57c0592e98ba39aaf971b9046c25d","size":103904,"path":"media/images/2D Loss Contour_602_fd7dba2b990597b44c8e.png","format":"png","width":1596,"height":1176},"val_spikes_per_t":41.8515625,"_runtime":173.453105858,"val_acc":0.890625,"final_train_acc":1,"train_acc":1,"val_loss":0.2279927283525467}