{"3D Loss Surface":{"height":1266,"_type":"image-file","sha256":"79b9b8db853abfa3160068f0f9d583c1ed0a6a229869d11ef474c151b0ea178a","size":349980,"path":"media/images/3D Loss Surface_601_79b9b8db853abfa31600.png","format":"png","width":1522},"train_loss":0.013316143304109573,"_wandb":{"runtime":113},"train_total_spikes":26371,"train_acc":1,"val_loss":0.03376810625195503,"_step":602,"train_spikes_per_t":103.01171875,"final_test_acc":0.98046875,"val_spikes_per_t":101.21484375,"val_acc":0.984375,"2D Loss Contour":{"size":109607,"path":"media/images/2D Loss Contour_602_467247d49d2d8d6ce89f.png","format":"png","width":1622,"height":1176,"_type":"image-file","sha256":"467247d49d2d8d6ce89fd6d97859b9bcecb19f3904f11fadbaa132df31c0a1b7"},"_runtime":113.888072315,"val_total_spikes":25911,"final_val_acc":0.984375,"_timestamp":1.7465755593868837e+09,"final_train_acc":1}