{"2D Loss Contour":{"path":"media/images/2D Loss Contour_602_6140032647758e5542b3.png","format":"png","width":1596,"height":1176,"_type":"image-file","sha256":"6140032647758e5542b38333e8a2e3dc1d698a7bd64a934f3ede7f384f89a873","size":110497},"train_loss":0.07388854026794434,"val_total_spikes":11287,"_timestamp":1.74662974640644e+09,"final_val_acc":0.9296875,"val_loss":0.1950238198041916,"val_acc":0.9296875,"final_train_acc":0.98828125,"_wandb":{"runtime":172},"3D Loss Surface":{"path":"media/images/3D Loss Surface_601_d4c34a8e1022b1e4fa1c.png","format":"png","width":1522,"height":1266,"_type":"image-file","sha256":"d4c34a8e1022b1e4fa1c5f98796c4d7edce8e8b3e681f70d64830bfc9c657f99","size":433601},"final_test_acc":0.94140625,"train_spikes_per_t":44.734375,"train_total_spikes":11452,"_runtime":172.78281743,"_step":602,"val_spikes_per_t":44.08984375,"train_acc":0.98828125}