{"val_spikes_per_t":NaN,"final_test_acc":0.39453125,"_step":602,"val_loss":2.3137266635894775,"_wandb":{"runtime":32},"2D Loss Contour":{"width":1596,"height":1176,"_type":"image-file","sha256":"f2321931b373242e8ee5bab38dd1fdda4ace5196716b160078744e1c0fd7f403","size":138591,"path":"media/images/2D Loss Contour_602_f2321931b373242e8ee5.png","format":"png"},"_runtime":32.180065163,"val_total_spikes":0,"train_total_spikes":0,"train_loss":2.3920669555664062,"train_spikes_per_t":NaN,"final_train_acc":0.4296875,"_timestamp":1.7466078270326767e+09,"val_acc":0.41796875,"train_acc":0.4296875,"final_val_acc":0.41796875,"3D Loss Surface":{"_type":"image-file","sha256":"78e49911f30099050e2524815e22c28b655d7ef1f6895998e3f75e6f9ebd09a9","size":401669,"path":"media/images/3D Loss Surface_601_78e49911f30099050e25.png","format":"png","width":1522,"height":1266}}