{"final_test_acc":0.9375,"val_spikes_per_t":36.74609375,"_runtime":102.472740132,"train_total_spikes":9407,"final_val_acc":0.953125,"3D Loss Surface":{"format":"png","width":1549,"height":1266,"_type":"image-file","sha256":"13cd2447dcd283b75e239da98c457da897f7c8ab0c4826dd382d8ad82dfaf1eb","size":466964,"path":"media/images/3D Loss Surface_601_13cd2447dcd283b75e23.png"},"final_train_acc":1,"val_total_spikes":9407,"train_spikes_per_t":36.74609375,"train_acc":1,"val_acc":0.953125,"_step":602,"_wandb":{"runtime":102},"_timestamp":1.7466499774035876e+09,"2D Loss Contour":{"sha256":"56e945bda7fb8d111c351841768af85fceddf43999eeb9b0481b092c3dc2c720","size":134037,"path":"media/images/2D Loss Contour_602_56e945bda7fb8d111c35.png","format":"png","width":1623,"height":1176,"_type":"image-file"},"train_loss":9.230085561284795e-05,"val_loss":0.1495470404624939}