{"final_train_acc":1,"_runtime":103.126091268,"train_loss":0.0001786573848221451,"val_total_spikes":15497,"_step":602,"3D Loss Surface":{"path":"media/images/3D Loss Surface_601_920a407e82f5fa007535.png","format":"png","width":1548,"height":1266,"_type":"image-file","sha256":"920a407e82f5fa00753565a5b21a16c2277477d0e57c94b7b5dcaae19c0dae4e","size":460228},"val_acc":0.99609375,"_wandb":{"runtime":103},"2D Loss Contour":{"_type":"image-file","sha256":"b457760ac07245d9308e823e83ee636f738d7c533387284442874b716f680c7a","size":112957,"path":"media/images/2D Loss Contour_602_b457760ac07245d9308e.png","format":"png","width":1623,"height":1176},"_timestamp":1.7466628213653376e+09,"train_spikes_per_t":61.109375,"train_total_spikes":15644,"train_acc":1,"final_test_acc":0.97265625,"val_spikes_per_t":60.53515625,"final_val_acc":0.99609375,"val_loss":0.01164745818823576}