{"train_total_spikes":3637,"val_loss":0.2922864854335785,"val_spikes_per_t":14.44921875,"_runtime":162.282006242,"3D Loss Surface":{"_type":"image-file","sha256":"581d8e974fb907390c8fddd7f83507d842f3793c270f14d16034a896d3ecf6bf","size":473164,"path":"media/images/3D Loss Surface_601_581d8e974fb907390c8f.png","format":"png","width":1548,"height":1266},"_timestamp":1.7466894561182637e+09,"val_total_spikes":3699,"final_test_acc":0.890625,"2D Loss Contour":{"height":1176,"_type":"image-file","sha256":"541e91ccb94939d83e800c6bf2fef55365ef52060ff644a80fc2602b01262edb","size":127054,"path":"media/images/2D Loss Contour_602_541e91ccb94939d83e80.png","format":"png","width":1622},"_wandb":{"runtime":162},"_step":602,"final_train_acc":0.98046875,"final_val_acc":0.8671875,"train_spikes_per_t":14.20703125,"train_acc":0.98046875,"train_loss":0.06161016970872879,"val_acc":0.8671875}