{"train_total_spikes":22664,"final_val_acc":0.98828125,"_step":602,"val_spikes_per_t":88.140625,"_timestamp":1.7465784427198367e+09,"final_train_acc":1,"train_spikes_per_t":88.53125,"train_acc":1,"val_loss":0.03334187716245651,"_runtime":114.67570797,"2D Loss Contour":{"format":"png","width":1623,"height":1176,"_type":"image-file","sha256":"aad1058dc5e39db536a97ce0f951e60a573af4a40a57019ae87e3770577b4e2c","size":135405,"path":"media/images/2D Loss Contour_602_aad1058dc5e39db536a9.png"},"train_loss":0.0064651211723685265,"val_total_spikes":22564,"_wandb":{"runtime":114},"val_acc":0.98828125,"final_test_acc":0.98828125,"3D Loss Surface":{"size":451540,"path":"media/images/3D Loss Surface_601_22e7b37414ed28c53843.png","format":"png","width":1575,"height":1266,"_type":"image-file","sha256":"22e7b37414ed28c53843c39468c79741c1f3cbb312575f0c5b590e2108548198"}}