{"train_spikes_per_t":50.85546875,"val_loss":0.013509378768503666,"_wandb":{"runtime":102},"final_test_acc":0.98828125,"train_loss":0.00019473332213237882,"val_total_spikes":13035,"train_total_spikes":13019,"3D Loss Surface":{"size":544392,"path":"media/images/3D Loss Surface_601_153abab94280fa060eff.png","format":"png","width":1601,"height":1266,"_type":"image-file","sha256":"153abab94280fa060effbfdfe1563e661fb295a09aca6c122499dd0e9cdf2e82"},"_runtime":102.364340313,"final_train_acc":1,"final_val_acc":0.99609375,"val_spikes_per_t":50.91796875,"val_acc":0.99609375,"_step":602,"2D Loss Contour":{"sha256":"8e9f226d7e57b1c1ded7331e9ab799819804a39ecf620aa06ef8957dad095dc7","size":132178,"path":"media/images/2D Loss Contour_602_8e9f226d7e57b1c1ded7.png","format":"png","width":1649,"height":1176,"_type":"image-file"},"train_acc":1,"_timestamp":1.7466518349824815e+09}