{"train_spikes_per_t":NaN,"2D Loss Contour":{"format":"png","width":1649,"height":1176,"_type":"image-file","sha256":"cc2d16684597617b62626ed78681dc2b6fa4b739b24ba868b3b3a7f434f92526","size":140143,"path":"media/images/2D Loss Contour_602_cc2d16684597617b6262.png"},"val_loss":0.043416351079940796,"final_val_acc":0.984375,"val_total_spikes":0,"train_acc":1,"val_spikes_per_t":NaN,"3D Loss Surface":{"path":"media/images/3D Loss Surface_601_8b14c5f27346fd92ee91.png","format":"png","width":1601,"height":1266,"_type":"image-file","sha256":"8b14c5f27346fd92ee91984af8a87c2d7f47f168870e232dba99a4bcce036ae7","size":506092},"final_test_acc":0.9609375,"train_total_spikes":0,"_timestamp":1.746610850479385e+09,"_runtime":31.797827116,"val_acc":0.984375,"final_train_acc":1,"_step":602,"_wandb":{"runtime":31},"train_loss":0.0008711947593837976}