{"val_loss":NaN,"_timestamp":1.7466730656024232e+09,"3D Loss Surface":{"width":1469,"height":1266,"_type":"image-file","sha256":"42fedc61381b029836cd26f766c6f7bd66f76cd2449c6b6a540f9963dc217262","size":243112,"path":"media/images/3D Loss Surface_601_42fedc61381b029836cd.png","format":"png"},"train_loss":NaN,"train_spikes_per_t":0,"val_acc":0.5078125,"val_total_spikes":0,"final_test_acc":0.48046875,"final_train_acc":0.51171875,"train_acc":0.51171875,"final_val_acc":0.5078125,"_step":602,"train_total_spikes":0,"val_spikes_per_t":0,"_wandb":{"runtime":91},"2D Loss Contour":{"height":1176,"_type":"image-file","sha256":"b276fd723cd8d62e92dc13db7fdd1a9ced379c1c4355e263663c0a5961a972e8","size":82836,"path":"media/images/2D Loss Contour_602_b276fd723cd8d62e92dc.png","format":"png","width":1551},"_runtime":91.739228484}