{"train_loss":0.005218646954745054,"_wandb":{"runtime":114},"val_acc":0.98828125,"final_val_acc":0.98828125,"val_total_spikes":25144,"2D Loss Contour":{"format":"png","width":1622,"height":1176,"_type":"image-file","sha256":"2ed6071f9a64f4c623d4ff51d2065d5834ca18dd66d11b02bfb68d27930bba2b","size":137488,"path":"media/images/2D Loss Contour_602_2ed6071f9a64f4c623d4.png"},"val_spikes_per_t":98.21875,"final_train_acc":1,"_runtime":114.187828819,"train_acc":1,"_step":602,"3D Loss Surface":{"sha256":"82a4a7effd33c34b2b8aa18466c86bc22e1d8f5be83e6eb35d5c5ac342f0ab24","size":406053,"path":"media/images/3D Loss Surface_601_82a4a7effd33c34b2b8a.png","format":"png","width":1548,"height":1266,"_type":"image-file"},"train_spikes_per_t":98.33203125,"val_loss":0.030765783041715622,"final_test_acc":0.99609375,"train_total_spikes":25173,"_timestamp":1.746568497718921e+09}