{"train_acc":1,"final_train_acc":1,"final_test_acc":0.98046875,"_timestamp":1.746668931148896e+09,"_step":602,"train_spikes_per_t":49.24609375,"_runtime":103.192815986,"train_loss":0.0002256226580357179,"3D Loss Surface":{"height":1266,"_type":"image-file","sha256":"ed26e4d5a63577ebdd5504a2f156e53baa3052cc956c5d811957bf3f7982b0e3","size":403298,"path":"media/images/3D Loss Surface_601_ed26e4d5a63577ebdd55.png","format":"png","width":1548},"val_acc":0.9921875,"final_val_acc":0.9921875,"_wandb":{"runtime":103},"val_total_spikes":12675,"val_spikes_per_t":49.51171875,"val_loss":0.02861279435455799,"train_total_spikes":12607,"2D Loss Contour":{"size":113389,"path":"media/images/2D Loss Contour_602_7059ac152caa355173b0.png","format":"png","width":1622,"height":1176,"_type":"image-file","sha256":"7059ac152caa355173b0bde29ceb845356233111642568e6db371caa1d151cd8"}}