{"val_loss":0.32220399379730225,"final_val_acc":0.90234375,"_step":602,"3D Loss Surface":{"size":448802,"path":"media/images/3D Loss Surface_601_5b1ac60eee5451210a2a.png","format":"png","width":1522,"height":1266,"_type":"image-file","sha256":"5b1ac60eee5451210a2a78e18bbe1f0b24b5d8793c5ddfe9e40b349f3b97611d"},"val_total_spikes":9048,"_runtime":173.21619607,"train_loss":0.011017327196896076,"_timestamp":1.7466243541732938e+09,"train_total_spikes":9148,"final_test_acc":0.86328125,"train_acc":1,"train_spikes_per_t":35.734375,"_wandb":{"runtime":173},"val_acc":0.90234375,"val_spikes_per_t":35.34375,"final_train_acc":1,"2D Loss Contour":{"height":1176,"_type":"image-file","sha256":"3291fde109644ac01c6b34e4085d0ce5262cc8ee2ec75bf464295bb49ae41b73","size":124526,"path":"media/images/2D Loss Contour_602_3291fde109644ac01c6b.png","format":"png","width":1622}}