{"train_spikes_per_t":40.77734375,"train_loss":0.7787917852401733,"3D Loss Surface":{"size":505899,"path":"media/images/3D Loss Surface_601_c3ac31e348f313489a0e.png","format":"png","width":1495,"height":1266,"_type":"image-file","sha256":"c3ac31e348f313489a0ee26344686141ace8dbf175061ff666eb99184cd81e60"},"_wandb":{"runtime":161},"val_loss":1.0761703252792358,"final_test_acc":0.55859375,"val_total_spikes":10196,"train_acc":0.578125,"train_total_spikes":10439,"final_val_acc":0.52734375,"final_train_acc":0.578125,"_runtime":161.025407351,"val_acc":0.52734375,"_timestamp":1.746694986667671e+09,"2D Loss Contour":{"format":"png","width":1569,"height":1176,"_type":"image-file","sha256":"e9dd0ce1b907510eeb618169aa982721e78a219c946adbac23f99158a678e29f","size":133158,"path":"media/images/2D Loss Contour_602_e9dd0ce1b907510eeb61.png"},"val_spikes_per_t":39.828125,"_step":602}