{"final_val_acc":0.98046875,"val_acc":0.98046875,"_step":602,"val_spikes_per_t":NaN,"train_acc":1,"final_test_acc":0.97265625,"2D Loss Contour":{"path":"media/images/2D Loss Contour_602_ec0c3a9b342d7cf924d4.png","format":"png","width":1649,"height":1176,"_type":"image-file","sha256":"ec0c3a9b342d7cf924d44cb5c58b2ecac07cd3bbd10f5728279dc58b40f37681","size":134989},"val_loss":0.055452462285757065,"_wandb":{"runtime":31},"_timestamp":1.7466107192084587e+09,"3D Loss Surface":{"_type":"image-file","sha256":"608d7c78cf0a6a07da5d70d4bbd542c8978176fbe8cdf82c83e3239977444385","size":437206,"path":"media/images/3D Loss Surface_601_608d7c78cf0a6a07da5d.png","format":"png","width":1575,"height":1266},"train_total_spikes":0,"_runtime":31.81709855,"final_train_acc":1,"train_loss":0.0013018571771681309,"val_total_spikes":0,"train_spikes_per_t":NaN}