{"final_val_acc":0.9921875,"3D Loss Surface":{"width":1601,"height":1266,"_type":"image-file","sha256":"2cae6dbe468fb389291b1bf1a75f7786a88f74f91dc648d6cf5e2a9411574784","size":310883,"path":"media/images/3D Loss Surface_601_2cae6dbe468fb389291b.png","format":"png"},"train_acc":1,"train_loss":0.0003242217062506825,"_runtime":75.566392465,"2D Loss Contour":{"size":156458,"path":"media/images/2D Loss Contour_602_719daa5c184ec7a203f2.png","format":"png","width":1649,"height":1176,"_type":"image-file","sha256":"719daa5c184ec7a203f2941404a10df7cf125f52a31328694f43142d74716eea"},"val_spikes_per_t":66.11328125,"_wandb":{"runtime":75},"_timestamp":1.746584789636877e+09,"train_total_spikes":17126,"final_test_acc":0.99609375,"_step":602,"train_spikes_per_t":66.8984375,"val_loss":0.0198114812374115,"val_acc":0.9921875,"final_train_acc":1,"val_total_spikes":16925}