{"final_train_acc":1,"train_loss":0.0004445720405783504,"_runtime":103.064248228,"train_total_spikes":15481,"2D Loss Contour":{"size":117826,"path":"media/images/2D Loss Contour_602_f1f714e74efaeaab7d9b.png","format":"png","width":1649,"height":1176,"_type":"image-file","sha256":"f1f714e74efaeaab7d9b8ad40c76e901b9da21fc10aa7aa6874aa3df10a8e921"},"val_acc":0.99609375,"train_acc":1,"val_total_spikes":15214,"_timestamp":1.7466690348918881e+09,"3D Loss Surface":{"width":1575,"height":1266,"_type":"image-file","sha256":"7ce70ae6d281bc04a9b2bd0d7dbd68c20e2e44d51c299643a4341ae3db9176ef","size":503376,"path":"media/images/3D Loss Surface_601_7ce70ae6d281bc04a9b2.png","format":"png"},"_step":602,"final_test_acc":0.96484375,"_wandb":{"runtime":103},"val_loss":0.009146610274910927,"train_spikes_per_t":60.47265625,"final_val_acc":0.99609375,"val_spikes_per_t":59.4296875}