{"3D Loss Surface":{"sha256":"30ee8508798aca51c2b44d90ed602a21b8cee26a9a2fc46658276ee52b8e0290","size":333955,"path":"media/images/3D Loss Surface_601_30ee8508798aca51c2b4.png","format":"png","width":1548,"height":1266,"_type":"image-file"},"_step":602,"val_acc":0.82421875,"val_loss":0.4751518964767456,"_timestamp":1.7466920615236678e+09,"val_spikes_per_t":29.19140625,"train_loss":0.12163762748241425,"train_acc":0.9765625,"final_train_acc":0.9765625,"final_val_acc":0.82421875,"train_total_spikes":7342,"train_spikes_per_t":28.6796875,"_runtime":161.546475209,"val_total_spikes":7473,"_wandb":{"runtime":161},"final_test_acc":0.91796875,"2D Loss Contour":{"width":1622,"height":1176,"_type":"image-file","sha256":"ba6bb744b648cd02d17e1c419746b7e2c3b02eb499bdf6b7b3a1d01025332924","size":125540,"path":"media/images/2D Loss Contour_602_ba6bb744b648cd02d17e.png","format":"png"}}