{"_wandb":{"runtime":102},"final_val_acc":0.98828125,"val_loss":0.027327995747327805,"_step":602,"final_test_acc":0.9921875,"_runtime":102.959088445,"val_acc":0.98828125,"train_loss":0.00021475974062923342,"train_acc":1,"train_total_spikes":11174,"2D Loss Contour":{"format":"png","width":1622,"height":1176,"_type":"image-file","sha256":"a227ed0ce4fd2e51ba1f3c973f4393d583b5859867205e9166480de3d8930ae4","size":114963,"path":"media/images/2D Loss Contour_602_a227ed0ce4fd2e51ba1f.png"},"final_train_acc":1,"train_spikes_per_t":43.6484375,"val_spikes_per_t":43.4765625,"val_total_spikes":11130,"3D Loss Surface":{"sha256":"cc325f24226a9716b6a840fac859dccdcf4a6ecb6e147afc1bce51de12591fb2","size":512132,"path":"media/images/3D Loss Surface_601_cc325f24226a9716b6a8.png","format":"png","width":1575,"height":1266,"_type":"image-file"},"_timestamp":1.74665992800953e+09}