{"val_loss":0.028705401346087456,"val_spikes_per_t":NaN,"val_total_spikes":0,"train_total_spikes":0,"_runtime":33.06496821,"_wandb":{"runtime":33},"final_test_acc":0.9609375,"final_train_acc":1,"final_val_acc":1,"train_acc":1,"_timestamp":1.7466135059997427e+09,"train_spikes_per_t":NaN,"_step":602,"2D Loss Contour":{"size":140952,"path":"media/images/2D Loss Contour_602_c4a3df2ae3c8ecd7fcb2.png","format":"png","width":1649,"height":1176,"_type":"image-file","sha256":"c4a3df2ae3c8ecd7fcb2789a0c391f33e4c5b64756139487a1b1856eb8046156"},"val_acc":1,"train_loss":0.0008880773675628006,"3D Loss Surface":{"size":500216,"path":"media/images/3D Loss Surface_601_e9158a7433c7b7558980.png","format":"png","width":1575,"height":1266,"_type":"image-file","sha256":"e9158a7433c7b755898085a6aff2e55195a4d4dd4bc2fd7377c1dd32a5671ddd"}}