{"final_test_acc":0.8515625,"val_acc":0.875,"_wandb":{"runtime":101},"val_total_spikes":17806,"val_spikes_per_t":69.5546875,"final_val_acc":0.875,"_step":602,"2D Loss Contour":{"path":"media/images/2D Loss Contour_602_7a153cad45cc683c75d1.png","format":"png","width":1622,"height":1176,"_type":"image-file","sha256":"7a153cad45cc683c75d10d4f78ea68b83a4e5f2491ddd261fb1bd8c53e2e1dcb","size":138771},"final_train_acc":1,"train_spikes_per_t":69.2109375,"val_loss":0.4625231623649597,"_runtime":101.113328077,"train_total_spikes":17718,"train_acc":1,"train_loss":0.000871031079441309,"3D Loss Surface":{"size":380924,"path":"media/images/3D Loss Surface_601_97d9be598b91fa4359d1.png","format":"png","width":1548,"height":1266,"_type":"image-file","sha256":"97d9be598b91fa4359d1c986ea14909518082b3e24c20bdf31036427e64b6f98"},"_timestamp":1.7466621716827872e+09}