{"3D Loss Surface":{"path":"media/images/3D Loss Surface_601_a5729f1c068d954247f2.png","format":"png","width":1548,"height":1266,"_type":"image-file","sha256":"a5729f1c068d954247f2a5f41d99df4c1732a40f38826d551629461b4d1d2ae5","size":350807},"_step":602,"train_loss":0.4101756811141968,"_wandb":{"runtime":110},"2D Loss Contour":{"size":145494,"path":"media/images/2D Loss Contour_602_672a8cc1533167598e63.png","format":"png","width":1596,"height":1176,"_type":"image-file","sha256":"672a8cc1533167598e63923cc84642c0d0d96b1c846adfd5cf5d49f4ea8ed9db"},"final_train_acc":0.80859375,"final_test_acc":0.66015625,"val_spikes_per_t":79.02734375,"train_acc":0.80859375,"val_total_spikes":20231,"_runtime":110.753401866,"val_loss":0.5930460691452026,"train_total_spikes":20433,"train_spikes_per_t":79.81640625,"_timestamp":1.746652052937182e+09,"final_val_acc":0.71875,"val_acc":0.71875}