{"final_val_acc":0.98046875,"_runtime":103.337566683,"_wandb":{"runtime":103},"val_loss":0.046785399317741394,"final_train_acc":1,"train_acc":1,"train_loss":0.00023258886358235031,"train_spikes_per_t":53.69921875,"val_total_spikes":13858,"_timestamp":1.7466685159078736e+09,"2D Loss Contour":{"size":121992,"path":"media/images/2D Loss Contour_602_7cb1a2182f22ea5c6c2a.png","format":"png","width":1649,"height":1176,"_type":"image-file","sha256":"7cb1a2182f22ea5c6c2afef855313f356095d5ad6caa39d55d3c6050940ce697"},"3D Loss Surface":{"width":1575,"height":1266,"_type":"image-file","sha256":"1b5ad9268bf8beea8e1fceea58985d6ec1bfb4c9cf3b0ec02b6245c4465367a1","size":350434,"path":"media/images/3D Loss Surface_601_1b5ad9268bf8beea8e1f.png","format":"png"},"val_acc":0.98046875,"final_test_acc":0.98828125,"_step":602,"train_total_spikes":13747,"val_spikes_per_t":54.1328125}