{"3D Loss Surface":{"width":1522,"height":1266,"_type":"image-file","sha256":"23d48be064daac36ee601096b503f0044b8f6982307510f637d853f6812bbd2d","size":377778,"path":"media/images/3D Loss Surface_601_23d48be064daac36ee60.png","format":"png"},"final_train_acc":0.71875,"val_spikes_per_t":56.50390625,"_step":602,"train_loss":0.6675868034362793,"_timestamp":1.7466496675447283e+09,"2D Loss Contour":{"size":137072,"path":"media/images/2D Loss Contour_602_99b3f57c01a26fd8e3f6.png","format":"png","width":1622,"height":1176,"_type":"image-file","sha256":"99b3f57c01a26fd8e3f671fa19da3eb48ddde52d92b1ad2fbce440237a81cb1e"},"final_val_acc":0.66796875,"val_acc":0.66796875,"_wandb":{"runtime":102},"train_acc":0.71875,"_runtime":102.389488623,"train_spikes_per_t":56.7421875,"train_total_spikes":14526,"val_total_spikes":14465,"final_test_acc":0.59765625,"val_loss":0.8550116419792175}