{"final_test_acc":0.8046875,"_timestamp":1.746643102682143e+09,"val_total_spikes":7850,"2D Loss Contour":{"size":127646,"path":"media/images/2D Loss Contour_602_8bf510fdc41b502308cb.png","format":"png","width":1623,"height":1176,"_type":"image-file","sha256":"8bf510fdc41b502308cbaab8e106e1d55b31f3cd04b597c934f946c32cf4fa67"},"val_spikes_per_t":30.6640625,"val_loss":0.4259892702102661,"val_acc":0.83984375,"_runtime":172.406016455,"3D Loss Surface":{"width":1548,"height":1266,"_type":"image-file","sha256":"6ec4edeaf7cdd00e3ead500daae5216478704b1a68711f479b16f15a3b4af158","size":361972,"path":"media/images/3D Loss Surface_601_6ec4edeaf7cdd00e3ead.png","format":"png"},"final_train_acc":1,"train_total_spikes":7956,"final_val_acc":0.83984375,"train_acc":1,"train_loss":0.005382955074310303,"_step":602,"train_spikes_per_t":31.078125,"_wandb":{"runtime":172}}