{"train_loss":0.00025464067584834993,"_wandb":{"runtime":103},"train_spikes_per_t":59.75390625,"final_test_acc":0.98828125,"final_val_acc":0.98828125,"train_acc":1,"3D Loss Surface":{"width":1575,"height":1266,"_type":"image-file","sha256":"16dd4dc82811660ffec374b9bb0be02ae281a49da7c5a3c78d5140935a527831","size":334977,"path":"media/images/3D Loss Surface_601_16dd4dc82811660ffec3.png","format":"png"},"val_total_spikes":15349,"train_total_spikes":15297,"val_acc":0.98828125,"_step":602,"val_loss":0.020950455218553543,"_timestamp":1.7466625112525022e+09,"final_train_acc":1,"2D Loss Contour":{"sha256":"8e8a5789ceed7cb2c0d4004902fee0309bc2002330124680938b79b072374dd1","size":125822,"path":"media/images/2D Loss Contour_602_8e8a5789ceed7cb2c0d4.png","format":"png","width":1649,"height":1176,"_type":"image-file"},"val_spikes_per_t":59.95703125,"_runtime":103.235831334}