{"_timestamp":1.7465945487061548e+09,"final_test_acc":1,"val_acc":0.9921875,"2D Loss Contour":{"width":1649,"height":1176,"_type":"image-file","sha256":"c65c46ee0f8dbcd73998703bdb647cfd6b8fa7fbac970e566e948d26ed2c27c9","size":152981,"path":"media/images/2D Loss Contour_602_c65c46ee0f8dbcd73998.png","format":"png"},"_runtime":75.576270266,"final_val_acc":0.9921875,"train_spikes_per_t":75.328125,"train_total_spikes":19284,"_step":602,"val_total_spikes":19098,"train_loss":0.0006179579067975283,"3D Loss Surface":{"height":1266,"_type":"image-file","sha256":"35189e99d9f969f1ffb3266f0d4c1d1fdd67dbeb6a435a3009c20591ebcbb804","size":394246,"path":"media/images/3D Loss Surface_601_35189e99d9f969f1ffb3.png","format":"png","width":1575},"_wandb":{"runtime":75},"val_loss":0.01788444072008133,"train_acc":1,"final_train_acc":1,"val_spikes_per_t":74.6015625}