{"_timestamp":1.7466739047201643e+09,"val_acc":0.71484375,"train_total_spikes":5595,"val_spikes_per_t":22.74609375,"_runtime":160.456324277,"val_total_spikes":5823,"final_val_acc":0.71484375,"final_train_acc":0.9609375,"val_loss":1.1937882900238037,"train_acc":0.9609375,"2D Loss Contour":{"_type":"image-file","sha256":"34f0c0af240b4a059338ec8d099b3263e42c87b0caa80fe0dbef995f638eea4d","size":134081,"path":"media/images/2D Loss Contour_602_34f0c0af240b4a059338.png","format":"png","width":1623,"height":1176},"3D Loss Surface":{"size":333865,"path":"media/images/3D Loss Surface_601_ddd95e1774034f60889b.png","format":"png","width":1548,"height":1266,"_type":"image-file","sha256":"ddd95e1774034f60889b5cf07e70c816dcacb9ece9b8311c4bf8e08d07795416"},"_step":602,"final_test_acc":0.72265625,"_wandb":{"runtime":160},"train_spikes_per_t":21.85546875,"train_loss":0.08598554134368896}