{"final_test_acc":0.9921875,"_timestamp":1.7465611888954403e+09,"val_total_spikes":29678,"val_spikes_per_t":115.9296875,"2D Loss Contour":{"path":"media/images/2D Loss Contour_602_7fe8fc888a248fa883ee.png","format":"png","width":1649,"height":1176,"_type":"image-file","sha256":"7fe8fc888a248fa883eef2208f301a0b8548a6c2891e80d1c80af4dbf3fdc9b5","size":132487},"_runtime":113.47459112,"3D Loss Surface":{"_type":"image-file","sha256":"48482cd4bac6cf515ec5bc96c8d56ef49656d5e64115adb69404599304c40888","size":447475,"path":"media/images/3D Loss Surface_601_48482cd4bac6cf515ec5.png","format":"png","width":1575,"height":1266},"_step":602,"train_acc":1,"train_loss":0.0029429954010993242,"final_val_acc":0.984375,"final_train_acc":1,"val_acc":0.984375,"_wandb":{"runtime":113},"val_loss":0.04232696816325188,"train_spikes_per_t":116.515625,"train_total_spikes":29828}