{"final_train_acc":1,"final_val_acc":0.95703125,"3D Loss Surface":{"size":379130,"path":"media/images/3D Loss Surface_601_0e17f2cd23f29a557cf0.png","format":"png","width":1548,"height":1266,"_type":"image-file","sha256":"0e17f2cd23f29a557cf081446ebadde4e884ee3291e85141371011c345e133f9"},"train_spikes_per_t":72.6953125,"_timestamp":1.746585933395575e+09,"val_spikes_per_t":72.328125,"train_total_spikes":18610,"_runtime":75.415434324,"_wandb":{"runtime":75},"val_loss":0.08013667166233063,"2D Loss Contour":{"_type":"image-file","sha256":"296379790140a3f7b766bcc333db016f39f5dde6c3871beee20a6bbd33ef48ed","size":118739,"path":"media/images/2D Loss Contour_602_296379790140a3f7b766.png","format":"png","width":1596,"height":1176},"val_acc":0.95703125,"train_loss":0.0032425462268292904,"final_test_acc":0.97265625,"_step":602,"val_total_spikes":18516,"train_acc":1}