{"val_acc":0.98046875,"2D Loss Contour":{"path":"media/images/2D Loss Contour_602_0425882b2bb0dafeeae0.png","format":"png","width":1622,"height":1176,"_type":"image-file","sha256":"0425882b2bb0dafeeae08f0b1aceaf53949367e50dcf274f1ca7b0b57d9fe92d","size":135191},"final_test_acc":0.9921875,"3D Loss Surface":{"_type":"image-file","sha256":"48a4ed4089a9d9bd64a758e8759752153d93cf16e6eb24c14dd8b440d754d5f5","size":437763,"path":"media/images/3D Loss Surface_601_48a4ed4089a9d9bd64a7.png","format":"png","width":1575,"height":1266},"_timestamp":1.7465898212454317e+09,"val_spikes_per_t":83.5,"train_loss":0.0005924238357692957,"_wandb":{"runtime":75},"final_train_acc":1,"val_loss":0.045929424464702606,"val_total_spikes":21376,"train_acc":1,"train_total_spikes":21576,"_runtime":75.291735903,"train_spikes_per_t":84.28125,"_step":602,"final_val_acc":0.98046875}