{"train_total_spikes":22870,"final_val_acc":1,"_step":602,"val_total_spikes":22691,"3D Loss Surface":{"format":"png","width":1548,"height":1266,"_type":"image-file","sha256":"309c1f87b1871ac4649537e312557fd8a78955a7bce22a31c2f59b595bb49c24","size":452173,"path":"media/images/3D Loss Surface_601_309c1f87b1871ac46495.png"},"final_test_acc":0.9921875,"val_loss":0.020190060138702393,"2D Loss Contour":{"format":"png","width":1596,"height":1176,"_type":"image-file","sha256":"08a9fb2d3e62d602f188156240d68c3063e8921f725096db4d69a23765755b48","size":125637,"path":"media/images/2D Loss Contour_602_08a9fb2d3e62d602f188.png"},"_runtime":112.500655827,"val_acc":1,"train_spikes_per_t":89.3359375,"val_spikes_per_t":88.63671875,"final_train_acc":1,"train_loss":0.007879466749727726,"_timestamp":1.7465595995842564e+09,"_wandb":{"runtime":112},"train_acc":1}