{"train_spikes_per_t":54.16796875,"final_val_acc":0.99609375,"train_loss":0.00021275036851875484,"val_total_spikes":14043,"_step":602,"_timestamp":1.7466605476659582e+09,"final_test_acc":0.984375,"_wandb":{"runtime":102},"3D Loss Surface":{"format":"png","width":1548,"height":1266,"_type":"image-file","sha256":"a0bdb364836d5635ed86392f3b9be213c14a27cec46a0b8f0f62ff93a30253e0","size":405890,"path":"media/images/3D Loss Surface_601_a0bdb364836d5635ed86.png"},"val_loss":0.009924142621457577,"val_spikes_per_t":54.85546875,"val_acc":0.99609375,"train_acc":1,"train_total_spikes":13867,"final_train_acc":1,"_runtime":102.303214895,"2D Loss Contour":{"width":1649,"height":1176,"_type":"image-file","sha256":"c328201dd944f8fc483734bf9077cc21e1582e1d6ed143ccd5bbe132f68190cc","size":122960,"path":"media/images/2D Loss Contour_602_c328201dd944f8fc4837.png","format":"png"}}