{"val_total_spikes":0,"val_acc":0.59765625,"train_spikes_per_t":NaN,"final_test_acc":0.51953125,"val_loss":2.5051677227020264,"train_loss":2.3328142166137695,"train_acc":0.53125,"final_val_acc":0.59765625,"val_spikes_per_t":NaN,"2D Loss Contour":{"_type":"image-file","sha256":"7787a63df6623a19964619af7c1a4ab722da0cc96fce2c69dff9475e920504ff","size":114797,"path":"media/images/2D Loss Contour_602_7787a63df6623a199646.png","format":"png","width":1622,"height":1176},"3D Loss Surface":{"path":"media/images/3D Loss Surface_601_883125c329fe37f5b62b.png","format":"png","width":1575,"height":1266,"_type":"image-file","sha256":"883125c329fe37f5b62b5c08839af3728a1fdcfee7ae54c4393d48e096927309","size":401229},"_step":602,"_wandb":{"runtime":33},"final_train_acc":0.53125,"_runtime":33.183634612,"_timestamp":1.746671159454964e+09,"train_total_spikes":0}