{"val_loss":0.0701381266117096,"val_acc":0.97265625,"train_loss":0.013107451610267162,"val_spikes_per_t":86.3671875,"train_acc":1,"_runtime":112.449321989,"final_val_acc":0.97265625,"_wandb":{"runtime":112},"final_test_acc":0.96484375,"2D Loss Contour":{"_type":"image-file","sha256":"dc03c4d6e51b60f217863497844fe37b2757b49580dd3c08c1022d54ba6eacaf","size":115892,"path":"media/images/2D Loss Contour_602_dc03c4d6e51b60f21786.png","format":"png","width":1596,"height":1176},"_timestamp":1.7465598253893023e+09,"3D Loss Surface":{"size":402924,"path":"media/images/3D Loss Surface_601_0f6e838c6fb9508ba0a3.png","format":"png","width":1522,"height":1266,"_type":"image-file","sha256":"0f6e838c6fb9508ba0a3f7cfdc91400047eea12f55521f6e1de5913878f1f0c0"},"train_total_spikes":22164,"val_total_spikes":22110,"_step":602,"train_spikes_per_t":86.578125,"final_train_acc":1}