{"_runtime":160.508994346,"final_train_acc":0.55859375,"2D Loss Contour":{"width":1570,"height":1176,"_type":"image-file","sha256":"471ea410e935a5625a350db53dc8db6b816c2d0fb0ecf33c957d6dffd14cb616","size":123131,"path":"media/images/2D Loss Contour_602_471ea410e935a5625a35.png","format":"png"},"val_spikes_per_t":52.9296875,"final_val_acc":0.5546875,"_step":602,"_wandb":{"runtime":160},"3D Loss Surface":{"height":1266,"_type":"image-file","sha256":"ef3522a026cda77b23e0774e760bd1e0c30d14b3dfd5d270ff446dc637464049","size":451252,"path":"media/images/3D Loss Surface_601_ef3522a026cda77b23e0.png","format":"png","width":1522},"_timestamp":1.7466726150530758e+09,"val_loss":3.9547061920166016,"train_spikes_per_t":52.9453125,"train_total_spikes":13554,"train_loss":3.97916579246521,"val_acc":0.5546875,"final_test_acc":0.5546875,"train_acc":0.55859375,"val_total_spikes":13550}