{"train_loss":1.429957389831543,"2D Loss Contour":{"format":"png","width":1569,"height":1176,"_type":"image-file","sha256":"c91ad81ea40c2fced1748d6f5cf2e68c3ab6a300809217a0fed2eb1fce8d8472","size":185223,"path":"media/images/2D Loss Contour_602_c91ad81ea40c2fced174.png"},"val_spikes_per_t":81.828125,"train_acc":0.609375,"final_train_acc":0.609375,"_wandb":{"runtime":86},"train_total_spikes":20128,"_timestamp":1.746674989668325e+09,"_step":602,"val_acc":0.53125,"val_total_spikes":20948,"3D Loss Surface":{"height":1266,"_type":"image-file","sha256":"007b7885ab9fc4b75a67d17f05b4038ecd2d1028cae7380e39357764a077d0a6","size":426471,"path":"media/images/3D Loss Surface_601_007b7885ab9fc4b75a67.png","format":"png","width":1495},"final_test_acc":0.53515625,"final_val_acc":0.53125,"val_loss":2.2323060035705566,"_runtime":86.835927841,"train_spikes_per_t":78.625}