{"val_total_spikes":14731,"train_loss":0.0005138662527315319,"2D Loss Contour":{"height":1176,"_type":"image-file","sha256":"59ba5a14c312a6bc23a48b091b315f79c2ecdedf7612d8b8909ac2510de8c2fa","size":126802,"path":"media/images/2D Loss Contour_602_59ba5a14c312a6bc23a4.png","format":"png","width":1622},"3D Loss Surface":{"height":1266,"_type":"image-file","sha256":"7448ee891fa3a5fde0380b7574a8ddc6cd09b13b7b31295e66a66d37f1b45cc3","size":334408,"path":"media/images/3D Loss Surface_601_7448ee891fa3a5fde038.png","format":"png","width":1522},"val_acc":0.8125,"_wandb":{"runtime":101},"val_loss":0.8201497197151184,"train_spikes_per_t":57.41015625,"final_test_acc":0.83984375,"final_train_acc":1,"_timestamp":1.746661764109206e+09,"final_val_acc":0.8125,"val_spikes_per_t":57.54296875,"train_acc":1,"_step":602,"train_total_spikes":14697,"_runtime":101.234471955}