{"3D Loss Surface":{"width":1575,"height":1266,"_type":"image-file","sha256":"fa42a8945ef0e622bdf35256f8a64adde968c934a53243f18c1e9bb4169cee4e","size":521880,"path":"media/images/3D Loss Surface_601_fa42a8945ef0e622bdf3.png","format":"png"},"val_total_spikes":0,"train_acc":1,"final_val_acc":1,"train_loss":0.0009985972428694367,"val_acc":1,"val_spikes_per_t":NaN,"_wandb":{"runtime":31},"_step":602,"train_total_spikes":0,"final_train_acc":1,"final_test_acc":0.96484375,"_runtime":31.63107479,"train_spikes_per_t":NaN,"val_loss":0.03054741770029068,"_timestamp":1.746614029232086e+09,"2D Loss Contour":{"sha256":"10f7de52b5e31b619d885ab8396faaaf01bc6f35760596682dfb19c16c118b4a","size":141296,"path":"media/images/2D Loss Contour_602_10f7de52b5e31b619d88.png","format":"png","width":1649,"height":1176,"_type":"image-file"}}