{"_runtime":102.285368579,"_step":602,"train_spikes_per_t":47.08984375,"train_acc":1,"_wandb":{"runtime":102},"train_total_spikes":12055,"2D Loss Contour":{"_type":"image-file","sha256":"23743f228a80c1300503d5dddb33ca749e26d989a2456771919c7bf652c2aee1","size":147769,"path":"media/images/2D Loss Contour_602_23743f228a80c1300503.png","format":"png","width":1623,"height":1176},"final_train_acc":1,"final_test_acc":0.98828125,"val_total_spikes":12004,"val_loss":0.04967113584280014,"val_acc":0.984375,"_timestamp":1.7466544491203225e+09,"train_loss":0.00011788253323175013,"final_val_acc":0.984375,"val_spikes_per_t":46.890625,"3D Loss Surface":{"path":"media/images/3D Loss Surface_601_84947267c2ab376543bc.png","format":"png","width":1575,"height":1266,"_type":"image-file","sha256":"84947267c2ab376543bc8d23b0bf8d6676f57cb1f83d1469b94e672a2e1b9491","size":504655}}