{"final_train_acc":1,"final_test_acc":1,"_step":602,"_wandb":{"runtime":75},"train_loss":0.0005776057369075716,"val_total_spikes":18010,"_runtime":75.412095937,"3D Loss Surface":{"_type":"image-file","sha256":"109e790532c25fcad5e33ae6f2d89fad4de1d6d9db260c9ef4b8ec29fb8958a5","size":278372,"path":"media/images/3D Loss Surface_601_109e790532c25fcad5e3.png","format":"png","width":1575,"height":1266},"train_total_spikes":18246,"val_loss":0.010968676768243313,"train_acc":1,"val_spikes_per_t":70.3515625,"_timestamp":1.746589592652922e+09,"2D Loss Contour":{"format":"png","width":1649,"height":1176,"_type":"image-file","sha256":"2c09b32f8ff91c9ff54193aa2eeab5805ce3f3d35156ff11ab8120e7af4a3460","size":153926,"path":"media/images/2D Loss Contour_602_2c09b32f8ff91c9ff541.png"},"final_val_acc":0.9921875,"train_spikes_per_t":71.2734375,"val_acc":0.9921875}