{"train_acc":1,"3D Loss Surface":{"path":"media/images/3D Loss Surface_601_c2e162d75a35375dca94.png","format":"png","width":1575,"height":1266,"_type":"image-file","sha256":"c2e162d75a35375dca947c3fd7cf318db814aced3fa69c819e297d8b35cb0dd0","size":533691},"val_spikes_per_t":NaN,"val_total_spikes":0,"_wandb":{"runtime":31},"final_test_acc":0.96875,"final_train_acc":1,"_runtime":31.944900765,"train_loss":0.0011341016506776214,"final_val_acc":0.98046875,"val_acc":0.98046875,"train_total_spikes":0,"_step":602,"val_loss":0.053351689130067825,"_timestamp":1.7466128526187687e+09,"train_spikes_per_t":NaN,"2D Loss Contour":{"size":142923,"path":"media/images/2D Loss Contour_602_03a0f3e218cfd5b3f4e4.png","format":"png","width":1649,"height":1176,"_type":"image-file","sha256":"03a0f3e218cfd5b3f4e44b5c12143d2c98108d95e584ba0f3b0c6bb8fa554078"}}