{"val_acc":0.63671875,"val_spikes_per_t":NaN,"_timestamp":1.7465996660418549e+09,"val_loss":0.7669150829315186,"train_total_spikes":0,"_step":602,"_runtime":56.912304566,"2D Loss Contour":{"size":120040,"path":"media/images/2D Loss Contour_602_ab2b9469276a9ad981e6.png","format":"png","width":1596,"height":1176,"_type":"image-file","sha256":"ab2b9469276a9ad981e60041231d9fb9e138c0b4e8d0df60f8ddfee7f1fcc272"},"3D Loss Surface":{"path":"media/images/3D Loss Surface_601_2e898cbcc5954e682e70.png","format":"png","width":1522,"height":1266,"_type":"image-file","sha256":"2e898cbcc5954e682e709002a77b277efb75109bc5e23926aedfe699686887de","size":310544},"final_train_acc":0.81640625,"final_val_acc":0.63671875,"train_spikes_per_t":NaN,"_wandb":{"runtime":56},"train_acc":0.81640625,"final_test_acc":0.65234375,"val_total_spikes":0,"train_loss":0.42544466257095337}