{"2D Loss Contour":{"sha256":"3ee07ce3155c73cffcb8189741d75a0f2bf1e6d092735a5f79d72f37704c0e28","size":116862,"path":"media/images/2D Loss Contour_602_3ee07ce3155c73cffcb8.png","format":"png","width":1596,"height":1176,"_type":"image-file"},"train_total_spikes":8065,"3D Loss Surface":{"size":433652,"path":"media/images/3D Loss Surface_601_d9034d1bab823e3aa931.png","format":"png","width":1522,"height":1266,"_type":"image-file","sha256":"d9034d1bab823e3aa93190d380197490082b6d88eb7e40d3a85669aefc4998b5"},"val_total_spikes":7976,"final_val_acc":0.8203125,"final_train_acc":0.984375,"val_loss":0.7832401394844055,"train_spikes_per_t":31.50390625,"final_test_acc":0.8359375,"val_spikes_per_t":31.15625,"val_acc":0.8203125,"train_loss":0.02821861021220684,"_runtime":62.983085531,"_step":602,"_wandb":{"runtime":62},"_timestamp":1.7466686601986136e+09,"train_acc":0.984375}