{"train_total_spikes":0,"train_loss":0.3776518404483795,"2D Loss Contour":{"path":"media/images/2D Loss Contour_602_2130f7983b69eca36c8e.png","format":"png","width":1623,"height":1176,"_type":"image-file","sha256":"2130f7983b69eca36c8e23deb7e8a14560c796dbb9063b65e2603e22089b4381","size":158418},"3D Loss Surface":{"width":1575,"height":1266,"_type":"image-file","sha256":"281e46059d558149d7446b53b756570212d06b8ec802739f661984e13510b434","size":413884,"path":"media/images/3D Loss Surface_601_281e46059d558149d744.png","format":"png"},"_wandb":{"runtime":56},"val_total_spikes":0,"_runtime":56.686653214,"final_test_acc":0.61328125,"_timestamp":1.7466047022721126e+09,"val_loss":1.0083929300308228,"train_spikes_per_t":NaN,"val_acc":0.58203125,"_step":602,"final_val_acc":0.58203125,"final_train_acc":0.77734375,"train_acc":0.77734375,"val_spikes_per_t":NaN}