{"val_loss":0.022304188460111618,"train_loss":0.01205279678106308,"train_acc":1,"_step":602,"val_acc":1,"2D Loss Contour":{"format":"png","width":1622,"height":1176,"_type":"image-file","sha256":"02cbb64f87e7d6cac08b8a479e604f50d19efffd7e256f2faa5ba41eea298e9b","size":125091,"path":"media/images/2D Loss Contour_602_02cbb64f87e7d6cac08b.png"},"_wandb":{"runtime":114},"_timestamp":1.7465793643912253e+09,"train_spikes_per_t":94.1171875,"final_val_acc":1,"final_train_acc":1,"train_total_spikes":24094,"_runtime":114.882761415,"val_total_spikes":23903,"val_spikes_per_t":93.37109375,"final_test_acc":0.99609375,"3D Loss Surface":{"size":438045,"path":"media/images/3D Loss Surface_601_d96318a53a610c9a8a01.png","format":"png","width":1522,"height":1266,"_type":"image-file","sha256":"d96318a53a610c9a8a0128cb333c2509d6f9b68dfe5b597c238392e2752c8524"}}