{"_runtime":64.291826214,"_step":602,"train_loss":0.005699878092855215,"2D Loss Contour":{"path":"media/images/2D Loss Contour_602_2e79d5b9ec459148fd6b.png","format":"png","width":1622,"height":1176,"_type":"image-file","sha256":"2e79d5b9ec459148fd6bc8e03dc3a6c7e1177e417a68a56fba2b9f2578ac7b63","size":129514},"_timestamp":1.7466740528155944e+09,"val_loss":0.24964772164821625,"final_val_acc":0.90234375,"final_test_acc":0.84765625,"train_spikes_per_t":33.19921875,"3D Loss Surface":{"format":"png","width":1548,"height":1266,"_type":"image-file","sha256":"bf80efa2749e4f8b60a63a4d886930506d2bbc3c5779053e158a923ed6588f87","size":309655,"path":"media/images/3D Loss Surface_601_bf80efa2749e4f8b60a6.png"},"train_total_spikes":8499,"train_acc":1,"val_acc":0.90234375,"val_spikes_per_t":33.37109375,"_wandb":{"runtime":64},"val_total_spikes":8543,"final_train_acc":1}