{"final_test_acc":0.96484375,"3D Loss Surface":{"_type":"image-file","sha256":"6a1418cef7e7fae5180fa1927ad7cda2c381ce0407f1f4dea2409b93d19e68b0","size":525405,"path":"media/images/3D Loss Surface_601_6a1418cef7e7fae5180f.png","format":"png","width":1575,"height":1266},"train_total_spikes":0,"final_val_acc":0.98046875,"val_loss":0.05164217948913574,"final_train_acc":1,"_step":602,"val_acc":0.98046875,"train_loss":0.0011749594705179334,"train_spikes_per_t":NaN,"2D Loss Contour":{"height":1176,"_type":"image-file","sha256":"d833a8d75dc9ad67840b2bcd678be5cf72df9ea8c3bb5bebe7cc2ed96c0f8101","size":130832,"path":"media/images/2D Loss Contour_602_d833a8d75dc9ad67840b.png","format":"png","width":1649},"_runtime":31.65577074,"val_spikes_per_t":NaN,"_wandb":{"runtime":31},"_timestamp":1.7466136363590133e+09,"train_acc":1,"val_total_spikes":0}