{"_runtime":76.092285859,"final_train_acc":1,"_timestamp":1.7465868483416018e+09,"2D Loss Contour":{"format":"png","width":1622,"height":1176,"_type":"image-file","sha256":"ca0630030371ce2fc23b3b4bdc6bc2ec66eb556aa279b0a9f9d8490bdaec63ca","size":122191,"path":"media/images/2D Loss Contour_602_ca0630030371ce2fc23b.png"},"val_loss":0.1496286392211914,"val_spikes_per_t":81.796875,"final_test_acc":0.91796875,"train_spikes_per_t":81.92578125,"_wandb":{"runtime":76},"train_loss":0.008914439007639885,"val_total_spikes":20940,"final_val_acc":0.953125,"train_total_spikes":20973,"val_acc":0.953125,"_step":602,"3D Loss Surface":{"sha256":"76843b51e07d0bd4d01a3d63a8a7130ade872b7fd81fe7480a960f3fc734e576","size":423659,"path":"media/images/3D Loss Surface_601_76843b51e07d0bd4d01a.png","format":"png","width":1522,"height":1266,"_type":"image-file"},"train_acc":1}