{"_step":602,"train_total_spikes":64597,"val_total_spikes":65080,"3D Loss Surface":{"width":1548,"height":1266,"_type":"image-file","sha256":"b8a39f6421a7f14ed186f7c19487f31f177cb9120b97c1fd96e8a64fead938ea","size":439553,"path":"media/images/3D Loss Surface_601_b8a39f6421a7f14ed186.png","format":"png"},"val_loss":19.624006271362305,"2D Loss Contour":{"size":153296,"path":"media/images/2D Loss Contour_602_610c4e00890782e96da6.png","format":"png","width":1622,"height":1176,"_type":"image-file","sha256":"610c4e00890782e96da67e4e01e8282429e632800e93c25c7509aeb0b06cf15a"},"final_test_acc":0.51953125,"_wandb":{"runtime":110},"_runtime":110.328625675,"val_acc":0.4921875,"val_spikes_per_t":254.21875,"train_acc":0.48828125,"final_train_acc":0.48828125,"train_spikes_per_t":252.33203125,"_timestamp":1.746651830263724e+09,"final_val_acc":0.4921875,"train_loss":19.77784538269043}