{"3D Loss Surface":{"width":1575,"height":1266,"_type":"image-file","sha256":"055dad4678e4791be7153ba672aaa54e541e2de2e4da8e46c51d016a2d2f0562","size":485137,"path":"media/images/3D Loss Surface_601_055dad4678e4791be715.png","format":"png"},"_wandb":{"runtime":160},"val_total_spikes":9794,"_runtime":160.971353239,"final_val_acc":0.92578125,"train_loss":0.008955243043601513,"val_acc":0.92578125,"final_train_acc":1,"final_test_acc":0.9375,"_step":602,"_timestamp":1.7467001774948764e+09,"2D Loss Contour":{"size":122194,"path":"media/images/2D Loss Contour_602_564883e1692acabe07d1.png","format":"png","width":1622,"height":1176,"_type":"image-file","sha256":"564883e1692acabe07d16d35efbc1d569ac4e42ce02c91f82afde7f7889cd203"},"val_spikes_per_t":38.2578125,"train_acc":1,"train_spikes_per_t":37.22265625,"train_total_spikes":9529,"val_loss":0.155379518866539}