{"_wandb":{"runtime":32},"val_loss":0.02934364229440689,"train_spikes_per_t":NaN,"final_test_acc":0.9609375,"train_acc":1,"val_acc":1,"_step":602,"2D Loss Contour":{"path":"media/images/2D Loss Contour_602_8970b74c930e41800353.png","format":"png","width":1649,"height":1176,"_type":"image-file","sha256":"8970b74c930e41800353daac29c5a3b56ddc98c80864895368f8883c132c9287","size":132302},"_runtime":32.050232807,"final_val_acc":1,"val_spikes_per_t":NaN,"3D Loss Surface":{"_type":"image-file","sha256":"5607bb32b7cb082ef2878f5bc139fd54dcf21bef0256b1eec6ec61d3d37f5a15","size":503379,"path":"media/images/3D Loss Surface_601_5607bb32b7cb082ef287.png","format":"png","width":1575,"height":1266},"train_loss":0.0009106679353863001,"final_train_acc":1,"train_total_spikes":0,"_timestamp":1.7466086499071524e+09,"val_total_spikes":0}