{"_timestamp":1.7466604446782858e+09,"train_total_spikes":12028,"val_spikes_per_t":46.78515625,"val_acc":0.99609375,"final_val_acc":0.99609375,"final_train_acc":1,"train_loss":0.0002194569242419675,"_step":602,"_wandb":{"runtime":102},"3D Loss Surface":{"path":"media/images/3D Loss Surface_601_399e09d42367d50b43e0.png","format":"png","width":1601,"height":1266,"_type":"image-file","sha256":"399e09d42367d50b43e0903ec8b4f2264b2b6b1ffc0615849d0c33575e69eca0","size":460190},"2D Loss Contour":{"_type":"image-file","sha256":"7ab82cd1724558abe4cdb43fbdbbe2c673ac2b94d7a75ff092d38fb5894c2d66","size":131175,"path":"media/images/2D Loss Contour_602_7ab82cd1724558abe4cd.png","format":"png","width":1649,"height":1176},"val_loss":0.013511480763554573,"val_total_spikes":11977,"_runtime":102.651228132,"train_acc":1,"final_test_acc":0.984375,"train_spikes_per_t":46.984375}