{"val_spikes_per_t":88.9453125,"_wandb":{"runtime":76},"val_total_spikes":22770,"train_spikes_per_t":89.15625,"_timestamp":1.7465809030411558e+09,"final_test_acc":0.921875,"val_loss":0.1599222868680954,"final_val_acc":0.9375,"final_train_acc":1,"2D Loss Contour":{"path":"media/images/2D Loss Contour_602_82d6db935314978bdf5f.png","format":"png","width":1596,"height":1176,"_type":"image-file","sha256":"82d6db935314978bdf5fc0a23a1099273c89a3f6f651be06cc91c78ac003e2a3","size":116683},"_runtime":76.770951512,"train_total_spikes":22824,"train_loss":0.01787392422556877,"train_acc":1,"_step":602,"val_acc":0.9375,"3D Loss Surface":{"format":"png","width":1548,"height":1266,"_type":"image-file","sha256":"92ebc79102c9a54a941829a2a7d00e2699852c82a696d66b87f90ef82d264538","size":406225,"path":"media/images/3D Loss Surface_601_92ebc79102c9a54a9418.png"}}