{"_timestamp":1.7466193317898638e+09,"val_loss":13.271416664123535,"3D Loss Surface":{"path":"media/images/3D Loss Surface_601_01962dc3768e157eaae6.png","format":"png","width":1522,"height":1266,"_type":"image-file","sha256":"01962dc3768e157eaae65e9452acae7e5b54f62c4f0620492f4d1f7eb48e1aba","size":344476},"2D Loss Contour":{"sha256":"1f0fb3ae29e2ace28c00aaa45241b4b3a117d21d4b4c4aaa1ebc19b575ea2a3e","size":137636,"path":"media/images/2D Loss Contour_602_1f0fb3ae29e2ace28c00.png","format":"png","width":1596,"height":1176,"_type":"image-file"},"train_spikes_per_t":40.984375,"train_acc":0.44140625,"final_test_acc":0.47265625,"final_train_acc":0.44140625,"train_loss":14.326642036437988,"train_total_spikes":10492,"val_spikes_per_t":40.9375,"val_acc":0.48828125,"_runtime":171.574244312,"val_total_spikes":10480,"_step":602,"final_val_acc":0.48828125,"_wandb":{"runtime":171}}