{"train_total_spikes":5352,"train_loss":0.05268765613436699,"_step":602,"_runtime":163.936628576,"train_spikes_per_t":20.90625,"_timestamp":1.746692389566937e+09,"val_loss":0.381176233291626,"final_train_acc":0.99609375,"final_test_acc":0.83203125,"val_acc":0.8515625,"3D Loss Surface":{"width":1548,"height":1266,"_type":"image-file","sha256":"b344f32a218af973d3520e400b112b23fb7fabe9cde3a900eca6fe7d2ef77267","size":420586,"path":"media/images/3D Loss Surface_601_b344f32a218af973d352.png","format":"png"},"2D Loss Contour":{"size":110455,"path":"media/images/2D Loss Contour_602_4f541293ff27a9543907.png","format":"png","width":1596,"height":1176,"_type":"image-file","sha256":"4f541293ff27a954390764c4a6487169c08cecfc6833f9b8f8ff3931129f432c"},"train_acc":0.99609375,"_wandb":{"runtime":163},"val_spikes_per_t":20.54296875,"val_total_spikes":5259,"final_val_acc":0.8515625}