{"final_val_acc":0.42578125,"val_spikes_per_t":105.0625,"_wandb":{"runtime":113},"val_loss":1.6410400867462158,"train_spikes_per_t":104.859375,"train_loss":1.2785741090774536,"3D Loss Surface":{"size":428675,"path":"media/images/3D Loss Surface_601_3c283f9a2156b7c632a5.png","format":"png","width":1495,"height":1266,"_type":"image-file","sha256":"3c283f9a2156b7c632a54f7c2149324c12c0c26796d0794320d7343ebb229b9b"},"_timestamp":1.7465630101946743e+09,"2D Loss Contour":{"size":130091,"path":"media/images/2D Loss Contour_602_bb3789212b42f3494c61.png","format":"png","width":1570,"height":1176,"_type":"image-file","sha256":"bb3789212b42f3494c617446c9fb18aa4debaedc0874a4122699a3f38a0e85bc"},"val_acc":0.42578125,"_runtime":113.702736495,"train_total_spikes":26844,"_step":602,"final_test_acc":0.4921875,"val_total_spikes":26896,"train_acc":0.57421875,"final_train_acc":0.57421875}