{"2D Loss Contour":{"sha256":"181f29c1fc4e22a0f66f3e0882fb49349e62f9089b941a361eaac0e8710a200d","size":147129,"path":"media/images/2D Loss Contour_602_181f29c1fc4e22a0f66f.png","format":"png","width":1623,"height":1176,"_type":"image-file"},"final_train_acc":0.82421875,"val_spikes_per_t":31.17578125,"train_spikes_per_t":29.953125,"3D Loss Surface":{"path":"media/images/3D Loss Surface_601_85ce96dc4a0598170343.png","format":"png","width":1548,"height":1266,"_type":"image-file","sha256":"85ce96dc4a059817034352c552ca0919a59f6da4b2fa6b0c5409bc3a8c7f914d","size":470991},"train_total_spikes":7668,"val_total_spikes":7981,"_wandb":{"runtime":47},"_step":602,"train_loss":0.36975574493408203,"final_val_acc":0.66015625,"final_test_acc":0.703125,"_timestamp":1.7466698461065762e+09,"val_acc":0.66015625,"train_acc":0.82421875,"_runtime":47.427788774,"val_loss":0.7004445195198059}