{"_wandb":{"runtime":156},"val_total_spikes":4879,"val_spikes_per_t":19.05859375,"train_loss":0.3352968394756317,"_timestamp":1.7466638910861812e+09,"val_acc":0.75,"2D Loss Contour":{"format":"png","width":1596,"height":1176,"_type":"image-file","sha256":"0fc731a4ab872853eebd3495199a05ff3b41818d7c898d061b2ff2d40688e45f","size":133603,"path":"media/images/2D Loss Contour_602_0fc731a4ab872853eebd.png"},"val_loss":0.5856777429580688,"train_spikes_per_t":19.92578125,"final_test_acc":0.80859375,"train_total_spikes":5101,"train_acc":0.83984375,"final_val_acc":0.75,"_runtime":156.570390254,"3D Loss Surface":{"_type":"image-file","sha256":"6d9a358c592e02ed0f5f850ba4b0c3c80f7f19b68f0202ee4648babcecb43002","size":356677,"path":"media/images/3D Loss Surface_601_6d9a358c592e02ed0f5f.png","format":"png","width":1548,"height":1266},"final_train_acc":0.83984375,"_step":602}