{"2D Loss Contour":{"sha256":"b65c279fcc853f80d4498f919b830f9542b320a2f2d72ba00377982dac8d85e5","size":125074,"path":"media/images/2D Loss Contour_602_b65c279fcc853f80d449.png","format":"png","width":1622,"height":1176,"_type":"image-file"},"final_train_acc":0.98828125,"3D Loss Surface":{"sha256":"8e0fb763dfefae66b2ce3d80aaa415803472ea28696f3a97872255cfbda4f65e","size":422829,"path":"media/images/3D Loss Surface_601_8e0fb763dfefae66b2ce.png","format":"png","width":1548,"height":1266,"_type":"image-file"},"val_loss":0.2978707253932953,"train_loss":0.038637276738882065,"train_spikes_per_t":70.0703125,"final_test_acc":0.9296875,"val_total_spikes":17952,"train_total_spikes":17938,"val_spikes_per_t":70.125,"_timestamp":1.7466252231828926e+09,"_step":602,"train_acc":0.98828125,"val_acc":0.90234375,"_runtime":172.680326725,"_wandb":{"runtime":172},"final_val_acc":0.90234375}