{"_wandb":{"runtime":112},"train_total_spikes":30440,"_runtime":112.935475183,"_step":602,"final_train_acc":0.55078125,"final_val_acc":0.46875,"val_total_spikes":30568,"train_acc":0.55078125,"val_loss":1.728742241859436,"train_spikes_per_t":118.90625,"val_spikes_per_t":119.40625,"train_loss":1.2740037441253662,"val_acc":0.46875,"_timestamp":1.746561985057038e+09,"final_test_acc":0.48046875,"3D Loss Surface":{"size":392198,"path":"media/images/3D Loss Surface_601_4784d063f935ddd129aa.png","format":"png","width":1522,"height":1266,"_type":"image-file","sha256":"4784d063f935ddd129aa29ef6d2eb94f902736b1b664e58556dc890aadbdf398"},"2D Loss Contour":{"path":"media/images/2D Loss Contour_602_d94fe3100659b9ef2f04.png","format":"png","width":1596,"height":1176,"_type":"image-file","sha256":"d94fe3100659b9ef2f047c81657b24adc68c3ffa8f1d00f0c7c118f3c7827478","size":127751}}