{"final_train_acc":0.6171875,"val_loss":0.7278087139129639,"val_total_spikes":0,"train_loss":0.6204954981803894,"train_spikes_per_t":NaN,"train_acc":0.6171875,"_timestamp":1.7466005351655855e+09,"final_test_acc":0.5703125,"val_spikes_per_t":NaN,"3D Loss Surface":{"sha256":"6b6344152dbaab7bfe454b0c0332a51afd2f9ffbd6e3ae57e9be889b7d54da6e","size":515108,"path":"media/images/3D Loss Surface_601_6b6344152dbaab7bfe45.png","format":"png","width":1548,"height":1266,"_type":"image-file"},"val_acc":0.48046875,"_wandb":{"runtime":57},"final_val_acc":0.48046875,"train_total_spikes":0,"_runtime":57.299743853,"2D Loss Contour":{"height":1176,"_type":"image-file","sha256":"e60a0a9526cba2f13f4256c6d5099f0d0ad5229948787a10ea726efabde54a0f","size":153000,"path":"media/images/2D Loss Contour_602_e60a0a9526cba2f13f42.png","format":"png","width":1622},"_step":602}