{"val_loss":0.6113761067390442,"3D Loss Surface":{"size":419361,"path":"media/images/3D Loss Surface_601_325be85c1c2e62e0cb4e.png","format":"png","width":1522,"height":1266,"_type":"image-file","sha256":"325be85c1c2e62e0cb4e2911de518ded74f2e8a6b73d7b37f2df638014ff7fa8"},"_runtime":157.112285671,"val_acc":0.7734375,"_step":602,"2D Loss Contour":{"sha256":"be166cc81865886a54297296bd357b7346824e1991c6279779af49a22f39d0e2","size":122002,"path":"media/images/2D Loss Contour_602_be166cc81865886a5429.png","format":"png","width":1596,"height":1176,"_type":"image-file"},"val_total_spikes":9962,"final_train_acc":0.99609375,"train_loss":0.06658437103033066,"val_spikes_per_t":38.9140625,"train_total_spikes":9864,"train_spikes_per_t":38.53125,"_wandb":{"runtime":157},"_timestamp":1.7466653101549609e+09,"final_val_acc":0.7734375,"train_acc":0.99609375,"final_test_acc":0.71484375}