{"2D Loss Contour":{"format":"png","width":1622,"height":1176,"_type":"image-file","sha256":"3fabbbae775bc32b8f83354718d7bc7fe901d3bb4d55af7d48098fbca739dcb6","size":124028,"path":"media/images/2D Loss Contour_602_3fabbbae775bc32b8f83.png"},"final_test_acc":0.62109375,"train_spikes_per_t":NaN,"train_loss":0.13282112777233124,"_wandb":{"runtime":43},"_runtime":43.159989983,"_step":602,"train_total_spikes":0,"_timestamp":1.746670162414824e+09,"train_acc":0.95703125,"val_spikes_per_t":NaN,"final_train_acc":0.95703125,"3D Loss Surface":{"sha256":"de8c57186bb9a197a16299ccf40b2202c58a66cecfd010bcca3674038be03f0a","size":449314,"path":"media/images/3D Loss Surface_601_de8c57186bb9a197a162.png","format":"png","width":1522,"height":1266,"_type":"image-file"},"val_total_spikes":0,"val_acc":0.62109375,"final_val_acc":0.62109375,"val_loss":1.4007301330566406}