{"val_spikes_per_t":NaN,"_wandb":{"runtime":32},"train_spikes_per_t":NaN,"train_total_spikes":0,"final_train_acc":1,"train_acc":1,"val_loss":0.03350701183080673,"final_val_acc":0.99609375,"val_total_spikes":0,"val_acc":0.99609375,"_step":602,"train_loss":0.0009472122765146196,"_runtime":32.027426944,"final_test_acc":0.96875,"_timestamp":1.7466091431987123e+09,"2D Loss Contour":{"_type":"image-file","sha256":"1ee1a835312d60480dd12e56fbe369c4a9a91f386f468afc61845f3896a28cc9","size":161446,"path":"media/images/2D Loss Contour_602_1ee1a835312d60480dd1.png","format":"png","width":1649,"height":1176},"3D Loss Surface":{"format":"png","width":1575,"height":1266,"_type":"image-file","sha256":"c6ea599d321866dc6d936f2d14f21a4d3ed104e365cd8caab2a762e2658f2598","size":456348,"path":"media/images/3D Loss Surface_601_c6ea599d321866dc6d93.png"}}