{"_step":602,"val_spikes_per_t":9.05078125,"train_loss":0.018315069377422333,"_wandb":{"runtime":160},"2D Loss Contour":{"format":"png","width":1623,"height":1176,"_type":"image-file","sha256":"4744d3ca984bf5910b467430da105ce8bbf26dc99bab4039f5689d48fb1ca249","size":121651,"path":"media/images/2D Loss Contour_602_4744d3ca984bf5910b46.png"},"final_test_acc":0.8671875,"final_train_acc":0.99609375,"train_total_spikes":2222,"_runtime":160.446309468,"_timestamp":1.7466811791212714e+09,"train_spikes_per_t":8.6796875,"val_loss":0.43347835540771484,"val_acc":0.84375,"3D Loss Surface":{"sha256":"45118c756b5a23dacae265b0809c6588d17da30a2f5ce20ec4e2327ffb77c53d","size":339281,"path":"media/images/3D Loss Surface_601_45118c756b5a23dacae2.png","format":"png","width":1548,"height":1266,"_type":"image-file"},"val_total_spikes":2317,"final_val_acc":0.84375,"train_acc":0.99609375}