{"_step":602,"_wandb":{"runtime":56},"train_loss":0.010808748193085194,"final_test_acc":0.8203125,"2D Loss Contour":{"width":1622,"height":1176,"_type":"image-file","sha256":"4da4e505d7ecbc9e9975e65c410e3b17b7293688c5b248faa8bd8f08050f0cec","size":133784,"path":"media/images/2D Loss Contour_602_4da4e505d7ecbc9e9975.png","format":"png"},"final_train_acc":1,"val_loss":0.37448519468307495,"3D Loss Surface":{"size":400332,"path":"media/images/3D Loss Surface_601_61ec5dffad911de1bb1d.png","format":"png","width":1548,"height":1266,"_type":"image-file","sha256":"61ec5dffad911de1bb1d3e1ff2f31206aeec644ab54cc86895374b155435d5ac"},"val_acc":0.875,"train_spikes_per_t":NaN,"train_total_spikes":0,"_runtime":56.616372267,"val_spikes_per_t":NaN,"final_val_acc":0.875,"_timestamp":1.7466069020418994e+09,"val_total_spikes":0,"train_acc":1}