{"train_total_spikes":0,"val_total_spikes":0,"_runtime":58.564402726,"final_test_acc":0.59765625,"train_spikes_per_t":NaN,"final_train_acc":0.828125,"val_loss":0.8311591148376465,"_timestamp":1.7466042394593217e+09,"2D Loss Contour":{"path":"media/images/2D Loss Contour_602_f25f9fea47368d167492.png","format":"png","width":1623,"height":1176,"_type":"image-file","sha256":"f25f9fea47368d1674926af78532c2813842bf238214d0f6176067bed1759ecc","size":114958},"val_acc":0.5703125,"_wandb":{"runtime":58},"final_val_acc":0.5703125,"3D Loss Surface":{"path":"media/images/3D Loss Surface_601_d8c2301d30f92fa5c20c.png","format":"png","width":1522,"height":1266,"_type":"image-file","sha256":"d8c2301d30f92fa5c20c79d060f05a9d94b9d20e3d6a2ce086881988abe09595","size":339677},"train_loss":0.3966914117336273,"val_spikes_per_t":NaN,"train_acc":0.828125,"_step":602}