{"_wandb":{"runtime":172},"final_test_acc":0.57421875,"_runtime":172.56410101,"val_spikes_per_t":40.15625,"train_acc":0.7109375,"val_total_spikes":10280,"final_train_acc":0.7109375,"train_total_spikes":10349,"val_loss":2.2756078243255615,"3D Loss Surface":{"_type":"image-file","sha256":"06a91bae309764513437dea105814cdcd8715e061fb276b382b81630c33a68aa","size":413120,"path":"media/images/3D Loss Surface_601_06a91bae309764513437.png","format":"png","width":1548,"height":1266},"val_acc":0.5703125,"final_val_acc":0.5703125,"_step":602,"_timestamp":1.7466382442996304e+09,"2D Loss Contour":{"width":1596,"height":1176,"_type":"image-file","sha256":"ffc026d66bd533b14007e783e8b27691d4a15d5d98437b46e4d39797b85c0998","size":128620,"path":"media/images/2D Loss Contour_602_ffc026d66bd533b14007.png","format":"png"},"train_spikes_per_t":40.42578125,"train_loss":1.2968705892562866}