{"_runtime":87.578069118,"train_acc":0.94140625,"final_val_acc":0.76953125,"val_total_spikes":23827,"val_loss":0.7738053798675537,"2D Loss Contour":{"format":"png","width":1569,"height":1176,"_type":"image-file","sha256":"40d708bf7847e5e73545027cd6404dc7163e41c8fd5a435c5e69248ae2f9ad0e","size":132582,"path":"media/images/2D Loss Contour_602_40d708bf7847e5e73545.png"},"train_loss":0.1243976503610611,"final_test_acc":0.7890625,"_step":602,"_wandb":{"runtime":87},"_timestamp":1.7466759551821811e+09,"final_train_acc":0.94140625,"train_spikes_per_t":92.859375,"3D Loss Surface":{"width":1495,"height":1266,"_type":"image-file","sha256":"bdc1b902c0e876385ba4ea8927ad7d16c81a1ce8f248112e4b907cb2696ff0b3","size":457558,"path":"media/images/3D Loss Surface_601_bdc1b902c0e876385ba4.png","format":"png"},"train_total_spikes":23772,"val_acc":0.76953125,"val_spikes_per_t":93.07421875}