{"train_spikes_per_t":39.37890625,"_step":602,"val_loss":0.12302225828170776,"_wandb":{"runtime":172},"2D Loss Contour":{"path":"media/images/2D Loss Contour_602_9891ff23116d08a8675e.png","format":"png","width":1622,"height":1176,"_type":"image-file","sha256":"9891ff23116d08a8675e3f5d7abff415a649884215de0a632e27f4413f69cfdd","size":120098},"train_acc":0.98828125,"train_total_spikes":10081,"val_acc":0.94921875,"_runtime":172.757368406,"_timestamp":1.7466457083652868e+09,"3D Loss Surface":{"size":391510,"path":"media/images/3D Loss Surface_601_19fb22850e961723733b.png","format":"png","width":1548,"height":1266,"_type":"image-file","sha256":"19fb22850e961723733b2f84409f145161a8733b9896c1d970ca3127503c728e"},"final_train_acc":0.98828125,"val_total_spikes":9991,"train_loss":0.0396779328584671,"final_test_acc":0.9765625,"val_spikes_per_t":39.02734375,"final_val_acc":0.94921875}