{"_timestamp":1.7466131795727756e+09,"train_loss":0.0007375995046459138,"final_test_acc":0.96484375,"final_train_acc":1,"train_spikes_per_t":NaN,"_runtime":32.085718543,"3D Loss Surface":{"width":1601,"height":1266,"_type":"image-file","sha256":"2221c9e0947439c154ef04915f45f643c8d7039f962632b7a2d4112e6cc57b46","size":520572,"path":"media/images/3D Loss Surface_601_2221c9e0947439c154ef.png","format":"png"},"val_spikes_per_t":NaN,"val_acc":0.9765625,"2D Loss Contour":{"sha256":"4a334079c7451a0664e39b84c4bebd56a48d41afeb0f0c2279dccbdce75166cf","size":125339,"path":"media/images/2D Loss Contour_602_4a334079c7451a0664e3.png","format":"png","width":1649,"height":1176,"_type":"image-file"},"final_val_acc":0.9765625,"_wandb":{"runtime":32},"train_acc":1,"_step":602,"train_total_spikes":0,"val_loss":0.052392952144145966,"val_total_spikes":0}