{"val_total_spikes":8446,"train_total_spikes":8452,"3D Loss Surface":{"path":"media/images/3D Loss Surface_601_d5e6e336a2e01e00eade.png","format":"png","width":1548,"height":1266,"_type":"image-file","sha256":"d5e6e336a2e01e00eade56f36c8969f51577bb6d092a8f376accd3f0278f9362","size":504829},"train_spikes_per_t":33.015625,"train_acc":0.9921875,"final_train_acc":0.9921875,"final_test_acc":0.859375,"_step":602,"val_spikes_per_t":32.9921875,"val_acc":0.86328125,"train_loss":0.05060015618801117,"_runtime":172.769188194,"_wandb":{"runtime":172},"val_loss":0.42840147018432617,"final_val_acc":0.86328125,"_timestamp":1.7466425822717834e+09,"2D Loss Contour":{"path":"media/images/2D Loss Contour_602_daeaaed44e7753b82152.png","format":"png","width":1623,"height":1176,"_type":"image-file","sha256":"daeaaed44e7753b821528c45828fbfb43b05f5beb20008dedb3c1b8ffbb3a213","size":126909}}