{"_wandb":{"runtime":91},"2D Loss Contour":{"size":133898,"path":"media/images/2D Loss Contour_602_35d1f491e08ca6d4a4a9.png","format":"png","width":1596,"height":1176,"_type":"image-file","sha256":"35d1f491e08ca6d4a4a9c5986340ec9eef0416c9397a34291694573cd0eb5f9f"},"val_loss":0.6789999604225159,"val_acc":0.640625,"_step":602,"final_val_acc":0.640625,"3D Loss Surface":{"_type":"image-file","sha256":"89f6551fa5e328a49f63b8071523d7ea3d9843c6c6630cf6167707bdc87e5862","size":315736,"path":"media/images/3D Loss Surface_601_89f6551fa5e328a49f63.png","format":"png","width":1548,"height":1266},"_timestamp":1.746673157694645e+09,"_runtime":91.356310317,"val_spikes_per_t":11.55078125,"train_spikes_per_t":11.40625,"train_total_spikes":2920,"final_train_acc":0.8203125,"final_test_acc":0.64453125,"train_acc":0.8203125,"train_loss":0.44066599011421204,"val_total_spikes":2957}