{"val_spikes_per_t":NaN,"_step":602,"2D Loss Contour":{"format":"png","width":1649,"height":1176,"_type":"image-file","sha256":"1de8afaf5253fc5b01ac4272880ff955a91f896551e10c57fac52849697ecec4","size":126331,"path":"media/images/2D Loss Contour_602_1de8afaf5253fc5b01ac.png"},"final_train_acc":1,"val_loss":0.05221068859100342,"val_acc":0.9765625,"_runtime":32.210609763,"train_spikes_per_t":NaN,"final_test_acc":0.96484375,"final_val_acc":0.9765625,"_timestamp":1.7466100965231771e+09,"train_total_spikes":0,"3D Loss Surface":{"format":"png","width":1601,"height":1266,"_type":"image-file","sha256":"b0c421c7284f7b6e93d9b222db900d67d3e1765fcedcefa52cd6d68ad73be0d3","size":552520,"path":"media/images/3D Loss Surface_601_b0c421c7284f7b6e93d9.png"},"_wandb":{"runtime":32},"val_total_spikes":0,"train_acc":1,"train_loss":0.000744940887670964}