{"3D Loss Surface":{"size":462901,"path":"media/images/3D Loss Surface_601_23f1c9d7cd9097eca8c9.png","format":"png","width":1548,"height":1266,"_type":"image-file","sha256":"23f1c9d7cd9097eca8c96d83321130569c645a5b0913c68b01d74fb213e8151d"},"final_test_acc":0.921875,"_wandb":{"runtime":160},"final_train_acc":0.9921875,"_timestamp":1.7466970933945844e+09,"train_loss":0.025441842153668404,"val_total_spikes":4956,"train_spikes_per_t":19.390625,"val_acc":0.92578125,"_step":602,"train_acc":0.9921875,"val_loss":0.19581644237041473,"val_spikes_per_t":19.359375,"train_total_spikes":4964,"2D Loss Contour":{"sha256":"8926d83dc546741d2f875a756b4afd2d71e191d7acbdeab44efc0d5dd75126ab","size":121429,"path":"media/images/2D Loss Contour_602_8926d83dc546741d2f87.png","format":"png","width":1623,"height":1176,"_type":"image-file"},"final_val_acc":0.92578125,"_runtime":160.732426512}