{"train_acc":1,"train_total_spikes":0,"final_test_acc":0.9609375,"3D Loss Surface":{"sha256":"a891608b8282ee265ebda7c1c8bea0b9135697a81836daa292c896f1b94befc7","size":493062,"path":"media/images/3D Loss Surface_601_a891608b8282ee265ebd.png","format":"png","width":1575,"height":1266,"_type":"image-file"},"val_loss":0.040498748421669006,"final_val_acc":0.984375,"_runtime":31.613029022,"val_total_spikes":0,"train_loss":0.0008443178376182914,"_wandb":{"runtime":31},"train_spikes_per_t":NaN,"val_acc":0.984375,"2D Loss Contour":{"width":1649,"height":1176,"_type":"image-file","sha256":"8b84ed28e1281fb6c7ca95b5aff30bd43cda020cf1abacce25e5b04fd774ed31","size":133040,"path":"media/images/2D Loss Contour_602_8b84ed28e1281fb6c7ca.png","format":"png"},"val_spikes_per_t":NaN,"final_train_acc":1,"_step":602,"_timestamp":1.7466140614461484e+09}