{"_runtime":75.359548081,"val_total_spikes":11976,"_step":602,"_timestamp":1.7465857807349305e+09,"final_val_acc":0.9765625,"val_acc":0.9765625,"train_loss":0.36207816004753113,"train_acc":0.99609375,"_wandb":{"runtime":75},"final_test_acc":0.98828125,"train_spikes_per_t":47.30859375,"3D Loss Surface":{"path":"media/images/3D Loss Surface_601_64bf6263a7ff9b000e29.png","format":"png","width":1469,"height":1266,"_type":"image-file","sha256":"64bf6263a7ff9b000e29886eea512acc1aee747d63bf453cbbffef6186dc94ae","size":435085},"train_total_spikes":12111,"final_train_acc":0.99609375,"val_loss":0.36080917716026306,"val_spikes_per_t":46.78125,"2D Loss Contour":{"height":1176,"_type":"image-file","sha256":"4a63637cf67625153acbc27740bada1e0b52a5486bbf432b02c84fc0a22752c4","size":134963,"path":"media/images/2D Loss Contour_602_4a63637cf67625153acb.png","format":"png","width":1543}}