{"_timestamp":1.7466065557213578e+09,"train_total_spikes":0,"_runtime":56.781443902,"train_spikes_per_t":NaN,"val_total_spikes":0,"final_val_acc":0.828125,"final_test_acc":0.80078125,"train_loss":0.01983247697353363,"val_acc":0.828125,"_wandb":{"runtime":56},"val_loss":0.47212716937065125,"3D Loss Surface":{"format":"png","width":1548,"height":1266,"_type":"image-file","sha256":"004b8fd0997a0224c20206e3795e741e35b24ac243baa82f0def82336f949adc","size":505496,"path":"media/images/3D Loss Surface_601_004b8fd0997a0224c202.png"},"train_acc":1,"final_train_acc":1,"val_spikes_per_t":NaN,"2D Loss Contour":{"format":"png","width":1623,"height":1176,"_type":"image-file","sha256":"e89f587e3b97d01e4e7384986588340ae76069b561907c3187c38b87068de369","size":121935,"path":"media/images/2D Loss Contour_602_e89f587e3b97d01e4e73.png"},"_step":602}