{"_runtime":31.659250618,"final_train_acc":1,"_step":602,"val_loss":0.04325103014707565,"final_test_acc":0.96875,"_timestamp":1.7466131131813114e+09,"2D Loss Contour":{"sha256":"b196b33420ef0807d58afaf2884365139987079bcf0fd7a7d908645aded1db9a","size":146461,"path":"media/images/2D Loss Contour_602_b196b33420ef0807d58a.png","format":"png","width":1649,"height":1176,"_type":"image-file"},"val_spikes_per_t":NaN,"final_val_acc":0.984375,"_wandb":{"runtime":31},"train_spikes_per_t":NaN,"val_acc":0.984375,"val_total_spikes":0,"train_acc":1,"3D Loss Surface":{"sha256":"c97377de51c3a6f5f49b2f68598df8bfb5bd6bb58173ac438692eb29968b73fc","size":519627,"path":"media/images/3D Loss Surface_601_c97377de51c3a6f5f49b.png","format":"png","width":1575,"height":1266,"_type":"image-file"},"train_loss":0.0008543769363313913,"train_total_spikes":0}