{"2D Loss Contour":{"_type":"image-file","sha256":"980edcac8a7c53ea7340b6e66189715f4bdc5898417d53c1b2561da009bb6c65","size":108143,"path":"media/images/2D Loss Contour_602_980edcac8a7c53ea7340.png","format":"png","width":1596,"height":1176},"3D Loss Surface":{"height":1266,"_type":"image-file","sha256":"c0bd8a6d1c8e46e4a4bc391b9b4fe8d836683a9fd3ddb7ad6f81e87683d6ba11","size":442237,"path":"media/images/3D Loss Surface_601_c0bd8a6d1c8e46e4a4bc.png","format":"png","width":1522},"val_loss":0.14308439195156097,"final_train_acc":1,"_step":602,"train_total_spikes":11814,"_runtime":172.743634445,"_wandb":{"runtime":172},"train_acc":1,"val_total_spikes":11774,"val_acc":0.9453125,"final_test_acc":0.98046875,"final_val_acc":0.9453125,"train_loss":0.0038592827040702105,"train_spikes_per_t":46.1484375,"val_spikes_per_t":45.9921875,"_timestamp":1.7466392856249523e+09}