{"val_loss":0.5382784605026245,"final_test_acc":0.7734375,"train_acc":1,"_runtime":160.948463543,"2D Loss Contour":{"path":"media/images/2D Loss Contour_602_b4ea2d59e45bca04c5bf.png","format":"png","width":1622,"height":1176,"_type":"image-file","sha256":"b4ea2d59e45bca04c5bfdc3bcfdd750eed11de9be948d8e48212dce8c1334788","size":123498},"train_loss":0.0834713876247406,"3D Loss Surface":{"size":482603,"path":"media/images/3D Loss Surface_601_5d634c0421f421a5fe07.png","format":"png","width":1522,"height":1266,"_type":"image-file","sha256":"5d634c0421f421a5fe07f707258d810b90928f6e6d4f3ec6795c7a9c7e23eab5"},"_step":602,"val_acc":0.78515625,"val_spikes_per_t":24.62890625,"final_val_acc":0.78515625,"train_spikes_per_t":24.05078125,"val_total_spikes":6305,"_wandb":{"runtime":160},"_timestamp":1.7466985561385427e+09,"final_train_acc":1,"train_total_spikes":6157}