{"final_train_acc":0.6796875,"val_loss":0.9785706400871277,"2D Loss Contour":{"format":"png","width":1649,"height":1176,"_type":"image-file","sha256":"90cf0627d0009c53d0279ec6ab28058a30cb263046b1b5b41e12bb27ab50c3b5","size":144206,"path":"media/images/2D Loss Contour_602_90cf0627d0009c53d027.png"},"_step":602,"val_spikes_per_t":61.73046875,"_timestamp":1.746660543292536e+09,"_wandb":{"runtime":101},"train_acc":0.6796875,"_runtime":101.333956404,"train_loss":0.48309364914894104,"val_total_spikes":15803,"final_val_acc":0.5234375,"final_test_acc":0.5546875,"train_spikes_per_t":62.65234375,"train_total_spikes":16039,"val_acc":0.5234375,"3D Loss Surface":{"format":"png","width":1575,"height":1266,"_type":"image-file","sha256":"03e928332383b4e066ff564da561deb23c2c0d280678fc1ebd11d8c7fa82fe70","size":541605,"path":"media/images/3D Loss Surface_601_03e928332383b4e066ff.png"}}