{"train_loss":0.2857265770435333,"_timestamp":1.7466019809713767e+09,"val_loss":1.0403128862380981,"_wandb":{"runtime":57},"train_acc":0.87109375,"val_acc":0.58984375,"3D Loss Surface":{"path":"media/images/3D Loss Surface_601_d78de42d7108d572b327.png","format":"png","width":1575,"height":1266,"_type":"image-file","sha256":"d78de42d7108d572b327935a1194095bba79a1cc6434b2063622dcd27816bad9","size":445894},"final_test_acc":0.59375,"train_spikes_per_t":NaN,"_step":602,"final_train_acc":0.87109375,"train_total_spikes":0,"val_total_spikes":0,"final_val_acc":0.58984375,"val_spikes_per_t":NaN,"_runtime":57.737996647,"2D Loss Contour":{"width":1622,"height":1176,"_type":"image-file","sha256":"e8c77bcbb7a65d915629768d7438e6cc1785099ad5e1d65ee4bcbde40fc60953","size":133290,"path":"media/images/2D Loss Contour_602_e8c77bcbb7a65d915629.png","format":"png"}}