{"_wandb":{"runtime":102},"3D Loss Surface":{"width":1548,"height":1266,"_type":"image-file","sha256":"a330f194567cf6b5190b72aca6f768cbc1b2cfeb67c1fdb003b0d6693bd05a55","size":406136,"path":"media/images/3D Loss Surface_601_a330f194567cf6b5190b.png","format":"png"},"val_total_spikes":13535,"_runtime":102.541781932,"val_loss":0.03907601907849312,"train_total_spikes":13490,"_step":602,"val_spikes_per_t":52.87109375,"final_val_acc":0.9921875,"_timestamp":1.7466639573972151e+09,"train_acc":1,"train_spikes_per_t":52.6953125,"final_test_acc":0.98046875,"val_acc":0.9921875,"train_loss":0.00026368387625552714,"final_train_acc":1,"2D Loss Contour":{"path":"media/images/2D Loss Contour_602_7237fb7d308cd360669a.png","format":"png","width":1596,"height":1176,"_type":"image-file","sha256":"7237fb7d308cd360669a6a3615de5ba56dfd1c8580c13012a918d4bcd151a90a","size":109572}}