{"_timestamp":1.746628529408853e+09,"val_loss":0.1263607144355774,"final_test_acc":0.96484375,"_runtime":172.234423115,"2D Loss Contour":{"size":127786,"path":"media/images/2D Loss Contour_602_fdbcdfeb98773cc224ce.png","format":"png","width":1622,"height":1176,"_type":"image-file","sha256":"fdbcdfeb98773cc224ce4b65d3c5177d1b60b3e707aff9a3495c0383e937b7c7"},"val_spikes_per_t":19.8984375,"train_loss":0.016736837103962898,"train_total_spikes":5083,"final_train_acc":1,"_step":602,"val_acc":0.94921875,"train_acc":1,"final_val_acc":0.94921875,"3D Loss Surface":{"height":1266,"_type":"image-file","sha256":"d83d2f6356378b54acf485c74ce5a7d38f3f6c46e12ba65da483526eabac2fd3","size":373251,"path":"media/images/3D Loss Surface_601_d83d2f6356378b54acf4.png","format":"png","width":1575},"_wandb":{"runtime":172},"train_spikes_per_t":19.85546875,"val_total_spikes":5094}