{"val_acc":0.7578125,"train_acc":0.8984375,"train_total_spikes":0,"final_val_acc":0.7578125,"3D Loss Surface":{"width":1548,"height":1266,"_type":"image-file","sha256":"c12817b1a036b367a6665eb18e454b7f53f46e843c01a6017f024777f64344c5","size":397847,"path":"media/images/3D Loss Surface_601_c12817b1a036b367a666.png","format":"png"},"train_spikes_per_t":NaN,"final_test_acc":0.7734375,"_timestamp":1.7466104572503242e+09,"_step":602,"train_loss":0.29364344477653503,"val_spikes_per_t":NaN,"val_loss":0.6783793568611145,"final_train_acc":0.8984375,"val_total_spikes":0,"2D Loss Contour":{"sha256":"a437c775b8d838e2e7b915891762c95c4241ebc8747329cebdf1cec2fc3d5715","size":134952,"path":"media/images/2D Loss Contour_602_a437c775b8d838e2e7b9.png","format":"png","width":1622,"height":1176,"_type":"image-file"},"_wandb":{"runtime":31},"_runtime":31.975604151}