{"2D Loss Contour":{"path":"media/images/2D Loss Contour_602_3dbab7b829a3cca602d2.png","format":"png","width":1675,"height":1176,"_type":"image-file","sha256":"3dbab7b829a3cca602d2a0fe79f0155e5029e4743678c529e6806b15ed26a283","size":143018},"_timestamp":1.7466505965299826e+09,"final_test_acc":0.98828125,"final_train_acc":1,"final_val_acc":0.984375,"val_spikes_per_t":58.015625,"_step":602,"val_loss":0.03550435230135918,"_wandb":{"runtime":102},"train_spikes_per_t":58.42578125,"train_loss":0.00028270791517570615,"train_acc":1,"_runtime":102.648936183,"val_acc":0.984375,"val_total_spikes":14852,"train_total_spikes":14957,"3D Loss Surface":{"format":"png","width":1575,"height":1266,"_type":"image-file","sha256":"62070341f6d4f946340f2a59b8098ef5b26400f950964a28c083f006d27ac1d9","size":525122,"path":"media/images/3D Loss Surface_601_62070341f6d4f946340f.png"}}