{"final_test_acc":0.8046875,"train_spikes_per_t":NaN,"val_acc":0.80078125,"2D Loss Contour":{"size":141912,"path":"media/images/2D Loss Contour_602_48badc1861fd3bf95e18.png","format":"png","width":1622,"height":1176,"_type":"image-file","sha256":"48badc1861fd3bf95e180597037c6ef3985a76adce2991aea4adfbc52198bb2d"},"_timestamp":1.746603891235305e+09,"val_spikes_per_t":NaN,"train_total_spikes":0,"val_total_spikes":0,"final_train_acc":1,"_runtime":56.663513096,"final_val_acc":0.80078125,"3D Loss Surface":{"format":"png","width":1548,"height":1266,"_type":"image-file","sha256":"cad16af3555ffb05a15cee58776313e3ce53eb61583a39fe6a9ce152d8771832","size":492333,"path":"media/images/3D Loss Surface_601_cad16af3555ffb05a15c.png"},"train_acc":1,"val_loss":0.6840689182281494,"train_loss":0.03200420364737511,"_wandb":{"runtime":56},"_step":602}