{"_runtime":102.906359795,"val_loss":0.08050253987312317,"train_loss":0.0059835962019860744,"final_train_acc":1,"final_val_acc":0.9765625,"train_total_spikes":17893,"train_spikes_per_t":69.89453125,"_timestamp":1.7466545530261707e+09,"2D Loss Contour":{"sha256":"6dcc8715da01c087d27748ddb5f8fd661ebc91975ac469b210e46c4db7380e8d","size":140239,"path":"media/images/2D Loss Contour_602_6dcc8715da01c087d277.png","format":"png","width":1649,"height":1176,"_type":"image-file"},"3D Loss Surface":{"height":1266,"_type":"image-file","sha256":"d57b32ccc3d588a0aa5f9284b77ff1f62cc6001263cc3569009f570ebb482af5","size":530520,"path":"media/images/3D Loss Surface_601_d57b32ccc3d588a0aa5f.png","format":"png","width":1575},"val_total_spikes":17717,"val_acc":0.9765625,"_step":602,"_wandb":{"runtime":102},"val_spikes_per_t":69.20703125,"final_test_acc":0.97265625,"train_acc":1}