{"train_total_spikes":27211,"_timestamp":1.7465696434448514e+09,"final_val_acc":0.98828125,"_step":602,"final_train_acc":1,"train_acc":1,"train_loss":0.012385773472487926,"val_total_spikes":26952,"val_spikes_per_t":105.28125,"_runtime":113.68098834,"final_test_acc":0.9921875,"val_acc":0.98828125,"_wandb":{"runtime":113},"2D Loss Contour":{"height":1176,"_type":"image-file","sha256":"6dbb2022fdbf9fbce0dcc8d785b1ad85543fc363d2f79aace04a9cfec7f41996","size":138386,"path":"media/images/2D Loss Contour_602_6dbb2022fdbf9fbce0dc.png","format":"png","width":1623},"3D Loss Surface":{"size":396744,"path":"media/images/3D Loss Surface_601_0f9644cc271acc1e96e6.png","format":"png","width":1548,"height":1266,"_type":"image-file","sha256":"0f9644cc271acc1e96e63eec5cb8a0bba7869beba8f733574b8bfe2fa17e4b7b"},"train_spikes_per_t":106.29296875,"val_loss":0.04054209962487221}