{"final_train_acc":0.98828125,"_timestamp":1.746601807445383e+09,"train_spikes_per_t":NaN,"_step":602,"val_loss":0.2343548685312271,"2D Loss Contour":{"size":143739,"path":"media/images/2D Loss Contour_602_67d834d31f90eb63ecbe.png","format":"png","width":1649,"height":1176,"_type":"image-file","sha256":"67d834d31f90eb63ecbe5973780b361f8b77ecba4ec1fc932f82b6bfb9a58d55"},"train_loss":0.03783435374498367,"train_acc":0.98828125,"final_val_acc":0.921875,"_runtime":57.435839704,"train_total_spikes":0,"final_test_acc":0.91015625,"3D Loss Surface":{"format":"png","width":1548,"height":1266,"_type":"image-file","sha256":"74a970be63df28f612f36f21a1e3bac843fff48caec668afc94b2e66da7db338","size":446333,"path":"media/images/3D Loss Surface_601_74a970be63df28f612f3.png"},"val_total_spikes":0,"_wandb":{"runtime":57},"val_spikes_per_t":NaN,"val_acc":0.921875}