{"final_test_acc":0.546875,"val_loss":0.7238579392433167,"train_spikes_per_t":98,"train_total_spikes":25088,"val_total_spikes":25069,"3D Loss Surface":{"sha256":"71f1342af3524ba3da55183dc630d39098c2472a47cad533fca281ec39ade9f2","size":429982,"path":"media/images/3D Loss Surface_601_71f1342af3524ba3da55.png","format":"png","width":1522,"height":1266,"_type":"image-file"},"val_acc":0.52734375,"2D Loss Contour":{"size":108413,"path":"media/images/2D Loss Contour_602_ca55203fef40a949ad3d.png","format":"png","width":1622,"height":1176,"_type":"image-file","sha256":"ca55203fef40a949ad3d403801833ffebcbf794ae1ce55c79c4115101c4b8f57"},"val_spikes_per_t":97.92578125,"final_train_acc":0.56640625,"_step":602,"_timestamp":1.7466853901026175e+09,"final_val_acc":0.52734375,"train_loss":3.774766206741333,"train_acc":0.56640625,"_runtime":161.74866743,"_wandb":{"runtime":161}}