{"val_spikes_per_t":99.71484375,"_step":602,"train_spikes_per_t":100.015625,"_runtime":75.175692812,"final_val_acc":0.64453125,"val_total_spikes":25527,"3D Loss Surface":{"path":"media/images/3D Loss Surface_601_7985a68815990805ef39.png","format":"png","width":1522,"height":1266,"_type":"image-file","sha256":"7985a68815990805ef394d76fba3d5f8238f2652bac4cb115e550ccd6847464a","size":451439},"val_loss":0.9650216102600098,"2D Loss Contour":{"width":1596,"height":1176,"_type":"image-file","sha256":"314a299da75986919cf67c44b9cf2a3f6abc1caf7336b194c49a9c8ffea09679","size":127234,"path":"media/images/2D Loss Contour_602_314a299da75986919cf6.png","format":"png"},"final_test_acc":0.6484375,"train_loss":0.6682896614074707,"_wandb":{"runtime":75},"train_total_spikes":25604,"train_acc":0.7578125,"_timestamp":1.7465836473652754e+09,"final_train_acc":0.7578125,"val_acc":0.64453125}