{"train_spikes_per_t":NaN,"final_train_acc":0.7734375,"val_total_spikes":0,"_timestamp":1.7466076285349665e+09,"val_spikes_per_t":NaN,"val_loss":0.9503927826881409,"3D Loss Surface":{"format":"png","width":1548,"height":1266,"_type":"image-file","sha256":"19f2e5841719d3408055df13a452a86f53f6863bd9252bca0bb76a34eb74acae","size":394386,"path":"media/images/3D Loss Surface_601_19f2e5841719d3408055.png"},"train_total_spikes":0,"_wandb":{"runtime":32},"val_acc":0.68359375,"_runtime":32.280106616,"2D Loss Contour":{"path":"media/images/2D Loss Contour_602_2289832e9b6a491a072f.png","format":"png","width":1596,"height":1176,"_type":"image-file","sha256":"2289832e9b6a491a072f267631c7fa82ef4215285cee6a2b68fdead0dd2aa726","size":129259},"train_loss":0.5452219247817993,"final_test_acc":0.671875,"_step":602,"train_acc":0.7734375,"final_val_acc":0.68359375}