{"train_loss":0.00615082448348403,"2D Loss Contour":{"height":1176,"_type":"image-file","sha256":"3c662dc9c9c3f89fcbea010031bdda6cbf935c05645cbd1b07649a4e88dc9aae","size":139651,"path":"media/images/2D Loss Contour_602_3c662dc9c9c3f89fcbea.png","format":"png","width":1649},"val_total_spikes":27915,"train_spikes_per_t":110.11328125,"final_test_acc":0.99609375,"_runtime":114.403826914,"train_total_spikes":28189,"val_acc":0.98828125,"val_loss":0.04036860913038254,"_wandb":{"runtime":114},"final_train_acc":1,"_timestamp":1.7465777515788898e+09,"final_val_acc":0.98828125,"train_acc":1,"_step":602,"val_spikes_per_t":109.04296875,"3D Loss Surface":{"size":447659,"path":"media/images/3D Loss Surface_601_cdf02b95cdc7433acd1b.png","format":"png","width":1575,"height":1266,"_type":"image-file","sha256":"cdf02b95cdc7433acd1bea73d7e8edc19af337cf2597534266484038f42cd6f2"}}