{"_runtime":32.265918924,"_step":602,"val_spikes_per_t":NaN,"3D Loss Surface":{"size":489941,"path":"media/images/3D Loss Surface_601_2c4651101f5177e9003a.png","format":"png","width":1575,"height":1266,"_type":"image-file","sha256":"2c4651101f5177e9003a765da662aa987e5c611ab68df2011a793d2aaa0d59d2"},"_timestamp":1.7466119995999641e+09,"2D Loss Contour":{"width":1649,"height":1176,"_type":"image-file","sha256":"8957ca7a5f48f6e1c964f5dc8a4bb1a5cbce864ea6683175186618d6354217ed","size":141601,"path":"media/images/2D Loss Contour_602_8957ca7a5f48f6e1c964.png","format":"png"},"final_test_acc":0.9609375,"val_total_spikes":0,"_wandb":{"runtime":32},"train_total_spikes":0,"train_spikes_per_t":NaN,"train_loss":0.0009073168039321899,"val_loss":0.02942589670419693,"train_acc":1,"val_acc":1,"final_train_acc":1,"final_val_acc":1}