{"final_train_acc":1,"train_total_spikes":2611,"_step":602,"train_loss":0.015807125717401505,"3D Loss Surface":{"format":"png","width":1522,"height":1266,"_type":"image-file","sha256":"92c1c40fdfeaac1dcb52cd0afcff45c20342e515833ca5dba2e044cb759229c0","size":412905,"path":"media/images/3D Loss Surface_601_92c1c40fdfeaac1dcb52.png"},"val_total_spikes":2733,"val_loss":0.6419379711151123,"val_acc":0.828125,"val_spikes_per_t":10.67578125,"train_acc":1,"train_spikes_per_t":10.19921875,"_runtime":162.282622248,"2D Loss Contour":{"width":1622,"height":1176,"_type":"image-file","sha256":"80c48c532896d966d58cca268bacaaf475ef30f2d1096772820a33488a3efc98","size":121986,"path":"media/images/2D Loss Contour_602_80c48c532896d966d58c.png","format":"png"},"_wandb":{"runtime":162},"final_test_acc":0.8046875,"final_val_acc":0.828125,"_timestamp":1.7466865291361945e+09}