{"train_loss":0.026056332513689995,"train_acc":1,"3D Loss Surface":{"height":1266,"_type":"image-file","sha256":"b5797f8685ccbfc1e33659f197bf625613f4bee02bd98f8a74dd8790bcc22866","size":439472,"path":"media/images/3D Loss Surface_601_b5797f8685ccbfc1e336.png","format":"png","width":1522},"final_test_acc":0.83203125,"val_spikes_per_t":30.484375,"_timestamp":1.7466719714790297e+09,"val_loss":0.42512741684913635,"train_total_spikes":7913,"final_train_acc":1,"train_spikes_per_t":30.91015625,"2D Loss Contour":{"size":116354,"path":"media/images/2D Loss Contour_602_458bf60049b41f250cf1.png","format":"png","width":1596,"height":1176,"_type":"image-file","sha256":"458bf60049b41f250cf1e028c7a179a932f14222a87e840a7fc64c1c59745968"},"final_val_acc":0.86328125,"_wandb":{"runtime":160},"_step":602,"val_acc":0.86328125,"_runtime":160.459926801,"val_total_spikes":7804}