{"val_loss":0.1859312653541565,"val_spikes_per_t":17.81640625,"final_test_acc":0.93359375,"val_total_spikes":4561,"train_loss":0.015286104753613472,"final_train_acc":1,"val_acc":0.92578125,"_timestamp":1.746695959383856e+09,"train_spikes_per_t":17.42578125,"_wandb":{"runtime":161},"train_acc":1,"3D Loss Surface":{"_type":"image-file","sha256":"b28e87b64b4bc380a2d7b89ee9998180df6ee64976ff0827860cfcb31dfb5641","size":397652,"path":"media/images/3D Loss Surface_601_b28e87b64b4bc380a2d7.png","format":"png","width":1522,"height":1266},"_step":602,"2D Loss Contour":{"width":1622,"height":1176,"_type":"image-file","sha256":"e453f9b24773a1873e919e2fed2dac7baf115f249972b614a17aeb768f28917c","size":116843,"path":"media/images/2D Loss Contour_602_e453f9b24773a1873e91.png","format":"png"},"_runtime":161.124817764,"final_val_acc":0.92578125,"train_total_spikes":4461}