{"_wandb":{"runtime":57},"train_acc":0.4296875,"val_spikes_per_t":NaN,"_timestamp":1.746596998929623e+09,"final_val_acc":0.51171875,"final_test_acc":0.52734375,"train_loss":1.6019816398620605,"train_total_spikes":0,"2D Loss Contour":{"size":103720,"path":"media/images/2D Loss Contour_602_b43ab5921c51fdd58be8.png","format":"png","width":1569,"height":1176,"_type":"image-file","sha256":"b43ab5921c51fdd58be8cd4e89d34d7898f0788236d202bdfae646d23d1aedcd"},"val_acc":0.51171875,"val_loss":1.0558868646621704,"val_total_spikes":0,"final_train_acc":0.4296875,"3D Loss Surface":{"path":"media/images/3D Loss Surface_601_c36626248022619dad34.png","format":"png","width":1522,"height":1266,"_type":"image-file","sha256":"c36626248022619dad349043c3cb0868eff174b89abb8f143bc410d12de55194","size":467909},"_runtime":57.329614571,"_step":602,"train_spikes_per_t":NaN}