{"train_total_spikes":18743,"val_spikes_per_t":72.0390625,"final_train_acc":0.9921875,"train_loss":0.36521828174591064,"final_test_acc":0.9453125,"val_acc":0.98828125,"3D Loss Surface":{"path":"media/images/3D Loss Surface_601_424188d20ed5d300aa9e.png","format":"png","width":1429,"height":1266,"_type":"image-file","sha256":"424188d20ed5d300aa9ed2ea96e65a275446c630613c81cb7a5892c5fed5b7e7","size":351896},"val_total_spikes":18442,"train_spikes_per_t":73.21484375,"train_acc":0.9921875,"_wandb":{"runtime":75},"val_loss":0.3518068790435791,"2D Loss Contour":{"path":"media/images/2D Loss Contour_602_277e1756dbbe93d609db.png","format":"png","width":1551,"height":1176,"_type":"image-file","sha256":"277e1756dbbe93d609dbc4d4d5938d40fb0879c4418f154327a466c04bec5b57","size":107805},"_timestamp":1.7465921099630318e+09,"_runtime":75.334099297,"_step":602,"final_val_acc":0.98828125}