{"train_loss":0.06160905584692955,"2D Loss Contour":{"sha256":"fc49e713a19f2a0983091f3374259d5ec4c2afa6e2c5686dffddf16416fbfa1d","size":123221,"path":"media/images/2D Loss Contour_602_fc49e713a19f2a098309.png","format":"png","width":1622,"height":1176,"_type":"image-file"},"final_train_acc":0.99609375,"train_acc":0.99609375,"_runtime":173.783957763,"val_spikes_per_t":26.51171875,"val_acc":0.87109375,"val_loss":0.3634810447692871,"train_total_spikes":6881,"val_total_spikes":6787,"final_val_acc":0.87109375,"3D Loss Surface":{"path":"media/images/3D Loss Surface_601_03dd7c1f354f5e6e2fd5.png","format":"png","width":1548,"height":1266,"_type":"image-file","sha256":"03dd7c1f354f5e6e2fd5a23e33300f698cf0cbca6af7bac1b0431de51b2251e9","size":446980},"_step":602,"_wandb":{"runtime":173},"final_test_acc":0.9140625,"_timestamp":1.7466253979723322e+09,"train_spikes_per_t":26.87890625}