{"val_total_spikes":13879,"2D Loss Contour":{"width":1596,"height":1176,"_type":"image-file","sha256":"19ad31f89e427f2de6a2eacf5fda6905506e322dce3908682316f445909f5aae","size":132598,"path":"media/images/2D Loss Contour_602_19ad31f89e427f2de6a2.png","format":"png"},"train_acc":0.96484375,"_timestamp":1.7466483148939242e+09,"train_spikes_per_t":54.30078125,"val_loss":0.27574363350868225,"3D Loss Surface":{"width":1548,"height":1266,"_type":"image-file","sha256":"1d9c96d899706b3bd44973361a7db8a70ef2b8537f87cde009deaf987812ba60","size":486304,"path":"media/images/3D Loss Surface_601_1d9c96d899706b3bd449.png","format":"png"},"final_val_acc":0.890625,"val_spikes_per_t":54.21484375,"final_test_acc":0.91796875,"_runtime":173.250176982,"_wandb":{"runtime":173},"train_total_spikes":13901,"val_acc":0.890625,"final_train_acc":0.96484375,"_step":602,"train_loss":0.0690809115767479}