{"train_total_spikes":10441,"train_loss":1.365321397781372,"_timestamp":1.7467005019708476e+09,"_runtime":161.346335051,"val_spikes_per_t":41.15625,"final_test_acc":0.5859375,"train_spikes_per_t":40.78515625,"final_val_acc":0.6328125,"train_acc":0.64453125,"val_acc":0.6328125,"final_train_acc":0.64453125,"val_loss":1.7700269222259521,"_wandb":{"runtime":161},"3D Loss Surface":{"format":"png","width":1495,"height":1266,"_type":"image-file","sha256":"64b96976128b9b4827ef348ef61a5f051140a7e83b4c6e8928db33bb24b85c01","size":372984,"path":"media/images/3D Loss Surface_601_64b96976128b9b4827ef.png"},"_step":602,"2D Loss Contour":{"_type":"image-file","sha256":"00de9e5f9266d9f10217373dc4df2f44b9f2de0f2977a5e954b2a913c871809d","size":130972,"path":"media/images/2D Loss Contour_602_00de9e5f9266d9f10217.png","format":"png","width":1596,"height":1176},"val_total_spikes":10536}