{"final_train_acc":0.51953125,"3D Loss Surface":{"height":1266,"_type":"image-file","sha256":"0e8168690925fa184d3478e1cfa93c7683f773243f97a2ae526cf2ba29cb47e6","size":411495,"path":"media/images/3D Loss Surface_601_0e8168690925fa184d34.png","format":"png","width":1548},"final_test_acc":0.48046875,"_wandb":{"runtime":112},"val_loss":0.5246835350990295,"final_val_acc":0.5,"val_spikes_per_t":73.59765625,"_timestamp":1.7465623261316464e+09,"val_acc":0.5,"train_total_spikes":18608,"train_spikes_per_t":72.6875,"train_acc":0.51953125,"train_loss":0.41917574405670166,"2D Loss Contour":{"size":121754,"path":"media/images/2D Loss Contour_602_ec9e51604276058b4c5b.png","format":"png","width":1596,"height":1176,"_type":"image-file","sha256":"ec9e51604276058b4c5bd258e5385499df0cebefda9f7e989d2248d9ad8a99c4"},"_runtime":112.781429845,"val_total_spikes":18841,"_step":602}