{"final_train_acc":1,"train_loss":0.010721283964812756,"val_spikes_per_t":NaN,"train_acc":1,"_wandb":{"runtime":57},"val_total_spikes":0,"2D Loss Contour":{"path":"media/images/2D Loss Contour_602_41330c652e71894761e2.png","format":"png","width":1649,"height":1176,"_type":"image-file","sha256":"41330c652e71894761e20b6ed9a4f506a92addc064a9a0cab25f2fe0686fef86","size":150135},"_timestamp":1.746599087274495e+09,"train_spikes_per_t":NaN,"val_acc":0.82421875,"_runtime":57.506442862,"final_val_acc":0.82421875,"train_total_spikes":0,"3D Loss Surface":{"size":459905,"path":"media/images/3D Loss Surface_601_1ca54038ed0a8ca112ff.png","format":"png","width":1575,"height":1266,"_type":"image-file","sha256":"1ca54038ed0a8ca112ffcb3a351ff68fea619918e8951ae4890d1715cd95e665"},"final_test_acc":0.80859375,"_step":602,"val_loss":0.5271176099777222}