{"val_acc":0.94140625,"_wandb":{"runtime":160},"_step":602,"3D Loss Surface":{"path":"media/images/3D Loss Surface_601_2e3b035f71e60e8e5cb4.png","format":"png","width":1548,"height":1266,"_type":"image-file","sha256":"2e3b035f71e60e8e5cb42006a4c687a1b65c4902cf491b5ce07e64b4c1d404f7","size":485299},"_timestamp":1.7466979061116438e+09,"train_spikes_per_t":51.01171875,"final_train_acc":1,"train_acc":1,"final_val_acc":0.94140625,"val_loss":0.20924706757068634,"val_total_spikes":13016,"train_loss":0.009305362589657307,"train_total_spikes":13059,"2D Loss Contour":{"format":"png","width":1622,"height":1176,"_type":"image-file","sha256":"2d67be0b96332097af3b41796cb75129680574d58d3e64f9ff61bc873231000b","size":121829,"path":"media/images/2D Loss Contour_602_2d67be0b96332097af3b.png"},"val_spikes_per_t":50.84375,"final_test_acc":0.91015625,"_runtime":160.85381298}