{"3D Loss Surface":{"format":"png","width":1601,"height":1266,"_type":"image-file","sha256":"64d704cc82da75ae75ed031f5a6182146b0957ccbc9b419aa69a33b53878bd68","size":406510,"path":"media/images/3D Loss Surface_601_64d704cc82da75ae75ed.png"},"_timestamp":1.7465905869365218e+09,"val_acc":0.97265625,"_step":602,"train_total_spikes":18037,"_runtime":75.948060898,"val_loss":0.36312136054039,"final_val_acc":0.97265625,"train_spikes_per_t":70.45703125,"2D Loss Contour":{"_type":"image-file","sha256":"204bcf5a27fadfc17b896d629f34a575dc1741277b732c25954b33f40aef6e30","size":163452,"path":"media/images/2D Loss Contour_602_204bcf5a27fadfc17b89.png","format":"png","width":1676,"height":1176},"final_train_acc":0.9921875,"train_acc":0.9921875,"val_total_spikes":17719,"val_spikes_per_t":69.21484375,"_wandb":{"runtime":75},"train_loss":0.365082323551178,"final_test_acc":0.95703125}