{"val_total_spikes":14338,"train_acc":0.95703125,"train_spikes_per_t":56.37890625,"2D Loss Contour":{"sha256":"1a3a91a64d8d0fc917599f41506b1286b6feba15046a4891e6a2645812fdc52f","size":126186,"path":"media/images/2D Loss Contour_602_1a3a91a64d8d0fc91759.png","format":"png","width":1596,"height":1176,"_type":"image-file"},"train_total_spikes":14433,"final_train_acc":0.95703125,"val_loss":0.43017157912254333,"_runtime":102.575531218,"3D Loss Surface":{"path":"media/images/3D Loss Surface_601_b1158b8a4c6ca57f086d.png","format":"png","width":1522,"height":1266,"_type":"image-file","sha256":"b1158b8a4c6ca57f086d318082a033ec83fe2ef0c09ccf58c38f18339bd115aa","size":396677},"train_loss":0.15896926820278168,"final_val_acc":0.82421875,"_wandb":{"runtime":102},"final_test_acc":0.80859375,"val_spikes_per_t":56.0078125,"_timestamp":1.746652970208028e+09,"val_acc":0.82421875,"_step":602}