{"train_total_spikes":0,"_wandb":{"runtime":38},"final_test_acc":0.7734375,"2D Loss Contour":{"size":117157,"path":"media/images/2D Loss Contour_602_cbdf551fbce9fb866027.png","format":"png","width":1596,"height":1176,"_type":"image-file","sha256":"cbdf551fbce9fb86602708a35688322125c6c9f20e6274418a657013df3912c4"},"_step":602,"_timestamp":1.746480293461393e+09,"_runtime":38.586491576,"train_loss":0.28243398666381836,"val_acc":0.7578125,"final_train_acc":0.8984375,"val_total_spikes":0,"val_loss":0.6669213175773621,"train_acc":0.8984375,"final_val_acc":0.7578125,"train_spikes_per_t":NaN,"val_spikes_per_t":NaN,"3D Loss Surface":{"format":"png","width":1548,"height":1266,"_type":"image-file","sha256":"ef41f49ed8626ce1a78f77aaed660b35c0f4a3b30063acfc445c5f2eeead4502","size":378319,"path":"media/images/3D Loss Surface_601_ef41f49ed8626ce1a78f.png"}}