{"val_spikes_per_t":48.04296875,"train_total_spikes":12254,"_runtime":63.621652717,"_timestamp":1.7466734725713913e+09,"train_loss":8.588762283325195,"val_loss":8.528666496276855,"train_spikes_per_t":47.8671875,"val_total_spikes":12299,"train_acc":0.51171875,"_step":602,"val_acc":0.51171875,"_wandb":{"runtime":63},"2D Loss Contour":{"height":1176,"_type":"image-file","sha256":"934fa4c1d4167700acff0175e81468515b131c3c1c525a973ddc4b15e7e278d4","size":134389,"path":"media/images/2D Loss Contour_602_934fa4c1d4167700acff.png","format":"png","width":1596},"3D Loss Surface":{"height":1266,"_type":"image-file","sha256":"deaae36d67bae53585d17e763a7ce587b31d24b9d9ad1152fed1c70b05fb98ab","size":282304,"path":"media/images/3D Loss Surface_601_deaae36d67bae53585d1.png","format":"png","width":1495},"final_val_acc":0.51171875,"final_test_acc":0.484375,"final_train_acc":0.51171875}