{"val_loss":0.2545754909515381,"_wandb":{"runtime":160},"2D Loss Contour":{"path":"media/images/2D Loss Contour_602_33ed9442b805794af51e.png","format":"png","width":1623,"height":1176,"_type":"image-file","sha256":"33ed9442b805794af51e0fec0970fe81f61059d3bd57ca5a60193790305c9dd3","size":128983},"final_train_acc":1,"val_total_spikes":8615,"_timestamp":1.746701148938593e+09,"3D Loss Surface":{"_type":"image-file","sha256":"4e9bb72008c442274aacea1cbccf0da03efde1b97f3084c55fa4ca754757916e","size":366757,"path":"media/images/3D Loss Surface_601_4e9bb72008c442274aac.png","format":"png","width":1575,"height":1266},"train_total_spikes":8596,"final_test_acc":0.8984375,"train_acc":1,"train_spikes_per_t":33.578125,"_step":602,"val_spikes_per_t":33.65234375,"_runtime":160.762482793,"val_acc":0.9140625,"train_loss":0.004935991019010544,"final_val_acc":0.9140625}