{"train_loss":0.0008647482609376311,"final_train_acc":1,"val_total_spikes":0,"train_acc":1,"2D Loss Contour":{"width":1649,"height":1176,"_type":"image-file","sha256":"3a5695b929d8e7bfac8636b13fa81b62ac05f186cb277cf0113a519e0973a796","size":136334,"path":"media/images/2D Loss Contour_602_3a5695b929d8e7bfac86.png","format":"png"},"train_total_spikes":0,"_timestamp":1.7466126556883984e+09,"_runtime":32.255229489,"train_spikes_per_t":NaN,"3D Loss Surface":{"sha256":"2ed0ecc2a269ba2dc7ba6df5a7f81d83936144d2e914cb851f12ae05b3be5705","size":542088,"path":"media/images/3D Loss Surface_601_2ed0ecc2a269ba2dc7ba.png","format":"png","width":1575,"height":1266,"_type":"image-file"},"final_val_acc":0.98828125,"val_spikes_per_t":NaN,"val_loss":0.03793039917945862,"_step":602,"final_test_acc":0.95703125,"val_acc":0.98828125,"_wandb":{"runtime":32}}