{"val_total_spikes":0,"val_acc":0.87109375,"train_spikes_per_t":NaN,"_runtime":56.657011688,"val_loss":0.3810240924358368,"train_total_spikes":0,"val_spikes_per_t":NaN,"_timestamp":1.7466066130352325e+09,"final_test_acc":0.8203125,"3D Loss Surface":{"_type":"image-file","sha256":"190e085e4f0922fcd96ab812aea2263a537709731754b9aba645d95a3caac132","size":496577,"path":"media/images/3D Loss Surface_601_190e085e4f0922fcd96a.png","format":"png","width":1548,"height":1266},"train_acc":1,"final_val_acc":0.87109375,"2D Loss Contour":{"path":"media/images/2D Loss Contour_602_ba64f84bb608322e4eaa.png","format":"png","width":1622,"height":1176,"_type":"image-file","sha256":"ba64f84bb608322e4eaa0b5896268387e77243afeecf83a939f705d7f279e26a","size":139202},"train_loss":0.00344077474437654,"_wandb":{"runtime":56},"final_train_acc":1,"_step":602}