{"_step":602,"2D Loss Contour":{"sha256":"db3e9ee119848da366815ce159b60f6f31fb79d0f371c057c2ecea2b80773b63","size":115205,"path":"media/images/2D Loss Contour_602_db3e9ee119848da36681.png","format":"png","width":1596,"height":1176,"_type":"image-file"},"final_val_acc":0.91015625,"train_total_spikes":9882,"_timestamp":1.746690758836741e+09,"val_total_spikes":9973,"val_loss":0.20170897245407104,"train_spikes_per_t":38.6015625,"final_train_acc":0.99609375,"final_test_acc":0.93359375,"_runtime":161.712455041,"val_spikes_per_t":38.95703125,"3D Loss Surface":{"_type":"image-file","sha256":"8a22a1fb4390ce8c7bdb6f469f0843a8209847e49e1f0b60a2ce07f040b136c8","size":370967,"path":"media/images/3D Loss Surface_601_8a22a1fb4390ce8c7bdb.png","format":"png","width":1522,"height":1266},"_wandb":{"runtime":161},"val_acc":0.91015625,"train_loss":0.013178300112485886,"train_acc":0.99609375}