{"3D Loss Surface":{"_type":"image-file","sha256":"64e81cebe23bedbd0fd554e3809605f792edc3e3696ac38750c37ca2a015cc18","size":382466,"path":"media/images/3D Loss Surface_601_64e81cebe23bedbd0fd5.png","format":"png","width":1522,"height":1266},"_wandb":{"runtime":171},"train_loss":0.01248100120574236,"train_acc":1,"final_val_acc":0.8828125,"_timestamp":1.7466328703235974e+09,"val_total_spikes":7956,"train_total_spikes":8021,"_runtime":171.972896956,"val_spikes_per_t":31.078125,"final_train_acc":1,"val_loss":0.2761875092983246,"train_spikes_per_t":31.33203125,"final_test_acc":0.91796875,"2D Loss Contour":{"path":"media/images/2D Loss Contour_602_70d088a658ef49658375.png","format":"png","width":1596,"height":1176,"_type":"image-file","sha256":"70d088a658ef49658375fdb002c6bc80f9eb6681f542bf01389bcf9b663eb656","size":101337},"val_acc":0.8828125,"_step":602}