{"train_total_spikes":4501,"train_loss":0.0063655623234808445,"val_spikes_per_t":17.640625,"_step":602,"train_acc":1,"val_total_spikes":4516,"val_acc":0.9453125,"val_loss":0.1783844232559204,"final_test_acc":0.93359375,"_runtime":161.217764206,"final_val_acc":0.9453125,"train_spikes_per_t":17.58203125,"_wandb":{"runtime":161},"2D Loss Contour":{"_type":"image-file","sha256":"9793c9824b21e4bd7c146532fa5b2d1628c1bd2dca7333365b690b8c230a4a60","size":142430,"path":"media/images/2D Loss Contour_602_9793c9824b21e4bd7c14.png","format":"png","width":1649,"height":1176},"final_train_acc":1,"3D Loss Surface":{"height":1266,"_type":"image-file","sha256":"ad1d07b69da9e2f594ff37703417b18db5eade2328981a2207d035ce24612989","size":444056,"path":"media/images/3D Loss Surface_601_ad1d07b69da9e2f594ff.png","format":"png","width":1575},"_timestamp":1.7466953112922468e+09}