{"2D Loss Contour":{"path":"media/images/2D Loss Contour_602_d30687dfbc32884da678.png","format":"png","width":1623,"height":1176,"_type":"image-file","sha256":"d30687dfbc32884da67828a8ce6aa0fc4f7c2e55a3c6f002ad1e98dbd287f052","size":123977},"train_total_spikes":16329,"val_loss":0.38260617852211,"val_acc":0.9453125,"_step":602,"train_loss":0.3647058606147766,"train_spikes_per_t":63.78515625,"final_val_acc":0.9453125,"final_test_acc":0.9375,"train_acc":0.9921875,"val_total_spikes":16158,"3D Loss Surface":{"sha256":"05842faf956c4e6f0f6e229a39885030d03a1392c75b4725b2f751d7559f2f3a","size":459845,"path":"media/images/3D Loss Surface_601_05842faf956c4e6f0f6e.png","format":"png","width":1575,"height":1266,"_type":"image-file"},"_timestamp":1.7465841803103206e+09,"val_spikes_per_t":63.1171875,"_runtime":75.220781461,"_wandb":{"runtime":75},"final_train_acc":0.9921875}