{"_runtime":102.121776962,"final_test_acc":0.97265625,"val_spikes_per_t":54.8125,"_timestamp":1.746655483476353e+09,"final_train_acc":1,"train_acc":1,"2D Loss Contour":{"size":124223,"path":"media/images/2D Loss Contour_602_486ccb8197a47106b4b0.png","format":"png","width":1622,"height":1176,"_type":"image-file","sha256":"486ccb8197a47106b4b0ecee9c5278fdc6e003623cf6dbf69f27f628cfce7d45"},"train_loss":0.00024350719468202442,"_step":602,"train_spikes_per_t":55.41015625,"val_loss":0.08681298792362213,"final_val_acc":0.9765625,"val_total_spikes":14032,"3D Loss Surface":{"path":"media/images/3D Loss Surface_601_9aad1dfa063771038b36.png","format":"png","width":1548,"height":1266,"_type":"image-file","sha256":"9aad1dfa063771038b36834be882f08594e5c1ba7990189bcc443588edfff84e","size":495652},"train_total_spikes":14185,"val_acc":0.9765625,"_wandb":{"runtime":102}}