{"_step":602,"final_val_acc":0.9765625,"val_loss":0.051803749054670334,"_runtime":31.941630137,"val_total_spikes":0,"_wandb":{"runtime":31},"val_acc":0.9765625,"train_total_spikes":0,"final_test_acc":0.96484375,"_timestamp":1.7466127211030698e+09,"2D Loss Contour":{"path":"media/images/2D Loss Contour_602_7b82110ce53002308956.png","format":"png","width":1649,"height":1176,"_type":"image-file","sha256":"7b82110ce53002308956500102a80c0b38eaace0e3653ac96f0637c7669d5598","size":128127},"train_acc":1,"val_spikes_per_t":NaN,"train_spikes_per_t":NaN,"3D Loss Surface":{"format":"png","width":1601,"height":1266,"_type":"image-file","sha256":"22366b7908d30537a0e03eebfcca87cb0cbec9888bfb221aa96637e22cdbb62b","size":551545,"path":"media/images/3D Loss Surface_601_22366b7908d30537a0e0.png"},"train_loss":0.0007469918928109109,"final_train_acc":1}