{"final_train_acc":1,"_timestamp":1.7465799401369612e+09,"val_total_spikes":27259,"final_val_acc":0.98828125,"train_loss":0.0027555448468774557,"_wandb":{"runtime":114},"final_test_acc":1,"_runtime":114.591571918,"val_spikes_per_t":106.48046875,"train_acc":1,"3D Loss Surface":{"path":"media/images/3D Loss Surface_601_b19a81682a9d1c8ce274.png","format":"png","width":1548,"height":1266,"_type":"image-file","sha256":"b19a81682a9d1c8ce2749b1ef6dcc873643b64351b8b3f7ff4b75d2854e83779","size":444910},"2D Loss Contour":{"path":"media/images/2D Loss Contour_602_d26c693ad83a6330dff4.png","format":"png","width":1622,"height":1176,"_type":"image-file","sha256":"d26c693ad83a6330dff4f45d0a636d8957d1f00250ca4ffd692f9029d30d7923","size":137074},"train_spikes_per_t":106.34375,"val_acc":0.98828125,"val_loss":0.034528106451034546,"_step":602,"train_total_spikes":27224}