{"3D Loss Surface":{"path":"media/images/3D Loss Surface_601_2c1a3805ea4badbb0097.png","format":"png","width":1522,"height":1266,"_type":"image-file","sha256":"2c1a3805ea4badbb00974b46f9585b026b1808e7d215a88da70c9e84f6216838","size":430033},"train_spikes_per_t":34.02734375,"train_total_spikes":8711,"2D Loss Contour":{"width":1596,"height":1176,"_type":"image-file","sha256":"175e8a5aa588e57606f086c418f50b6aeb7dc0af5b4fe8c2543fa6394406cdff","size":106698,"path":"media/images/2D Loss Contour_602_175e8a5aa588e57606f0.png","format":"png"},"_step":602,"val_spikes_per_t":33.953125,"final_train_acc":0.99609375,"_runtime":173.174150559,"final_test_acc":0.94140625,"val_loss":0.19639235734939575,"val_total_spikes":8692,"_timestamp":1.7466420619785514e+09,"_wandb":{"runtime":173},"final_val_acc":0.921875,"train_loss":0.04598699137568474,"train_acc":0.99609375,"val_acc":0.921875}