{"3D Loss Surface":{"height":1266,"_type":"image-file","sha256":"037a4b2cad1162cd679a7fa495b18c87cfd159124228d8e82db515058e4eb095","size":489990,"path":"media/images/3D Loss Surface_601_037a4b2cad1162cd679a.png","format":"png","width":1575},"val_spikes_per_t":45.41796875,"_timestamp":1.7466567240750425e+09,"final_val_acc":0.98828125,"val_total_spikes":11627,"train_acc":1,"val_acc":0.98828125,"train_spikes_per_t":45.08984375,"_wandb":{"runtime":103},"train_loss":0.0003159965854138136,"final_train_acc":1,"val_loss":0.025220178067684174,"final_test_acc":0.98046875,"2D Loss Contour":{"sha256":"ca5c4ce1eec741d03ad2ff4bd4f1161120bf49a8fb141774e9ceec9ab4ad4b90","size":155883,"path":"media/images/2D Loss Contour_602_ca5c4ce1eec741d03ad2.png","format":"png","width":1649,"height":1176,"_type":"image-file"},"train_total_spikes":11543,"_step":602,"_runtime":103.173011859}