{"val_total_spikes":21619,"val_loss":0.22603537142276764,"train_acc":0.9375,"train_spikes_per_t":83.203125,"final_val_acc":0.9140625,"_timestamp":1.7466961215474916e+09,"train_total_spikes":21300,"2D Loss Contour":{"size":132420,"path":"media/images/2D Loss Contour_602_a8b2866241c344051b3b.png","format":"png","width":1623,"height":1176,"_type":"image-file","sha256":"a8b2866241c344051b3b2e68c55fef313711b9bc30e8551c646ab5c065dc9222"},"final_test_acc":0.94140625,"_wandb":{"runtime":161},"final_train_acc":0.9375,"train_loss":0.18498119711875916,"_runtime":161.463366051,"val_acc":0.9140625,"3D Loss Surface":{"size":408556,"path":"media/images/3D Loss Surface_601_3160c3f8beeaae81c594.png","format":"png","width":1548,"height":1266,"_type":"image-file","sha256":"3160c3f8beeaae81c5942fbb6fac8d4bb9ac443abcf41203958b82fed10cb20f"},"val_spikes_per_t":84.44921875,"_step":602}