{"final_train_acc":1,"final_val_acc":1,"val_total_spikes":16916,"val_acc":1,"final_test_acc":0.9921875,"_timestamp":1.7465866956462462e+09,"3D Loss Surface":{"sha256":"a75f17accdb5795aa8647091f0445453ee5af4df302ee44c1d4c28f3447da28a","size":418167,"path":"media/images/3D Loss Surface_601_a75f17accdb5795aa864.png","format":"png","width":1575,"height":1266,"_type":"image-file"},"val_loss":0.003302180441096425,"train_total_spikes":17067,"_wandb":{"runtime":75},"train_acc":1,"val_spikes_per_t":66.078125,"_runtime":75.552105964,"train_loss":0.00029003864619880915,"2D Loss Contour":{"size":113195,"path":"media/images/2D Loss Contour_602_852395fcf3a7a61145d8.png","format":"png","width":1622,"height":1176,"_type":"image-file","sha256":"852395fcf3a7a61145d8509ab635e8154d8f10c3086a28633aa722a1ddb35075"},"train_spikes_per_t":66.66796875,"_step":602}