{"val_spikes_per_t":31.875,"train_spikes_per_t":32.30078125,"_runtime":173.015209823,"train_loss":0.006815684027969837,"val_acc":0.9140625,"_step":602,"val_total_spikes":8160,"_wandb":{"runtime":173},"2D Loss Contour":{"height":1176,"_type":"image-file","sha256":"eadfb32149ade520dbe64769c0b1cfa73cc4f1cb50c7885ed1d3eb30868880c4","size":147773,"path":"media/images/2D Loss Contour_602_eadfb32149ade520dbe6.png","format":"png","width":1622},"_timestamp":1.7466330439172168e+09,"3D Loss Surface":{"path":"media/images/3D Loss Surface_601_9c6c34c82ec1721d152f.png","format":"png","width":1548,"height":1266,"_type":"image-file","sha256":"9c6c34c82ec1721d152f17d8d3bec8743eb442b624c85c62a6d2a282722a569d","size":476607},"val_loss":0.2162560522556305,"final_val_acc":0.9140625,"final_test_acc":0.92578125,"final_train_acc":1,"train_acc":1,"train_total_spikes":8269}