{"val_spikes_per_t":79.8203125,"train_spikes_per_t":80.07421875,"val_acc":0.99609375,"2D Loss Contour":{"height":1176,"_type":"image-file","sha256":"671571548ca524ed23aeaa0c4c056e95d71ddb1b9b776cf26a969ef978c96d4a","size":140870,"path":"media/images/2D Loss Contour_602_671571548ca524ed23ae.png","format":"png","width":1622},"_runtime":75.526625015,"_wandb":{"runtime":75},"_timestamp":1.7465902029741151e+09,"train_acc":1,"final_test_acc":0.9921875,"final_train_acc":1,"_step":602,"val_total_spikes":20434,"train_total_spikes":20499,"3D Loss Surface":{"width":1548,"height":1266,"_type":"image-file","sha256":"bfa67238995948e9b127dce8b2425d6d4357ce9dbfeb2aca05e0dcc68573c892","size":283800,"path":"media/images/3D Loss Surface_601_bfa67238995948e9b127.png","format":"png"},"train_loss":0.0004507217672653496,"final_val_acc":0.99609375,"val_loss":0.013816088438034058}