{"final_val_acc":0.97265625,"_wandb":{"runtime":172},"val_total_spikes":7842,"2D Loss Contour":{"size":123437,"path":"media/images/2D Loss Contour_602_c7554e066ee029831df9.png","format":"png","width":1596,"height":1176,"_type":"image-file","sha256":"c7554e066ee029831df934c3a1957e5ebcd39975a1375095120724b606383497"},"train_total_spikes":7900,"3D Loss Surface":{"_type":"image-file","sha256":"928bc36b9a2b5201a7affbda26c0c2c91ef25abf78280627699e450244739af2","size":421296,"path":"media/images/3D Loss Surface_601_928bc36b9a2b5201a7af.png","format":"png","width":1522,"height":1266},"val_spikes_per_t":30.6328125,"final_test_acc":0.97265625,"val_loss":0.10445947200059891,"final_train_acc":1,"_timestamp":1.7466415410441835e+09,"val_acc":0.97265625,"train_spikes_per_t":30.859375,"_runtime":172.884681835,"train_acc":1,"train_loss":0.005449295975267887,"_step":602}