{"val_acc":0.7578125,"train_spikes_per_t":NaN,"val_total_spikes":0,"_runtime":32.507926077,"val_loss":0.6727798581123352,"train_loss":0.28817349672317505,"val_spikes_per_t":NaN,"2D Loss Contour":{"_type":"image-file","sha256":"158df3050ad99b13da8190a247f40393bd72f8740f45921c7c66263a2a2df7d0","size":131657,"path":"media/images/2D Loss Contour_602_158df3050ad99b13da81.png","format":"png","width":1623,"height":1176},"_wandb":{"runtime":32},"3D Loss Surface":{"sha256":"037a8e1dd1d474db008fa65fc21572583ed454273505aff58585f20734614224","size":397031,"path":"media/images/3D Loss Surface_601_037a8e1dd1d474db008f.png","format":"png","width":1548,"height":1266,"_type":"image-file"},"final_val_acc":0.7578125,"final_test_acc":0.7734375,"train_total_spikes":0,"train_acc":0.8984375,"_step":602,"final_train_acc":0.8984375,"_timestamp":1.7466115403611114e+09}