{"val_total_spikes":10799,"_timestamp":1.7466805324502602e+09,"train_acc":0.6796875,"final_train_acc":0.6796875,"val_acc":0.63671875,"_step":602,"final_test_acc":0.56640625,"val_loss":1.833097219467163,"_runtime":161.270010369,"val_spikes_per_t":42.18359375,"2D Loss Contour":{"size":134373,"path":"media/images/2D Loss Contour_602_92b21e4efb189d920ebe.png","format":"png","width":1569,"height":1176,"_type":"image-file","sha256":"92b21e4efb189d920ebe6c495c83d96aea15ae03cbf5b4f426444836c2c7ecf0"},"_wandb":{"runtime":161},"train_loss":1.3091944456100464,"train_total_spikes":10670,"final_val_acc":0.63671875,"3D Loss Surface":{"height":1266,"_type":"image-file","sha256":"547ba995fcdcb4c463310cb553241bf3729b5bb2791b3be7f5b18c1888c9290c","size":437522,"path":"media/images/3D Loss Surface_601_547ba995fcdcb4c46331.png","format":"png","width":1522},"train_spikes_per_t":41.6796875}