{"final_train_acc":0.51953125,"train_loss":0.3505171835422516,"val_loss":0.4899446964263916,"train_total_spikes":22025,"val_spikes_per_t":86.42578125,"3D Loss Surface":{"height":1266,"_type":"image-file","sha256":"254d7a9e5e49037f1186d3a28f79b9863bcd4e10cd0816e80de55c139085c098","size":429144,"path":"media/images/3D Loss Surface_601_254d7a9e5e49037f1186.png","format":"png","width":1548},"train_spikes_per_t":86.03515625,"val_acc":0.5,"_step":602,"final_val_acc":0.5,"_timestamp":1.746567810755347e+09,"_runtime":113.685832476,"train_acc":0.51953125,"_wandb":{"runtime":113},"final_test_acc":0.48046875,"val_total_spikes":22125,"2D Loss Contour":{"width":1596,"height":1176,"_type":"image-file","sha256":"36f792a8858c1ca871e93b5bb5459a1289864b954def31ae0d647433870ca9b7","size":120367,"path":"media/images/2D Loss Contour_602_36f792a8858c1ca871e9.png","format":"png"}}