{"final_train_acc":1,"train_acc":1,"2D Loss Contour":{"width":1622,"height":1176,"_type":"image-file","sha256":"9a14bd1be4225f68bf887cd405193fc93855ed482f48e8c6de61fc71466cf4be","size":131529,"path":"media/images/2D Loss Contour_602_9a14bd1be4225f68bf88.png","format":"png"},"train_loss":0.0059230937622487545,"_runtime":172.556562434,"final_val_acc":0.92578125,"_step":602,"3D Loss Surface":{"_type":"image-file","sha256":"1c608cc6f165d3bd2bd19f12e311b2e230393f2ce4ab24d027921c49cd03a5af","size":369178,"path":"media/images/3D Loss Surface_601_1c608cc6f165d3bd2bd1.png","format":"png","width":1522,"height":1266},"_timestamp":1.7466222715853686e+09,"val_total_spikes":7661,"_wandb":{"runtime":172},"val_acc":0.92578125,"train_spikes_per_t":29.78515625,"train_total_spikes":7625,"val_spikes_per_t":29.92578125,"val_loss":0.19988645613193512,"final_test_acc":0.90234375}