{"val_acc":0.8046875,"val_loss":0.6914625763893127,"train_loss":0.004309923853725195,"_timestamp":1.74665693271999e+09,"final_test_acc":0.7109375,"3D Loss Surface":{"sha256":"d0e15c369fca1dd5267fbbb1062035f5bba74d851b123d0306f97388452d1263","size":326748,"path":"media/images/3D Loss Surface_601_d0e15c369fca1dd5267f.png","format":"png","width":1575,"height":1266,"_type":"image-file"},"2D Loss Contour":{"sha256":"4c974be8e751c66bcd6ba6471b134ecd7d8638fa88be094f57e360070037fe36","size":125329,"path":"media/images/2D Loss Contour_602_4c974be8e751c66bcd6b.png","format":"png","width":1622,"height":1176,"_type":"image-file"},"train_total_spikes":0,"final_val_acc":0.8046875,"train_acc":1,"train_spikes_per_t":NaN,"_runtime":31.599642543,"val_spikes_per_t":NaN,"val_total_spikes":0,"_step":602,"final_train_acc":1,"_wandb":{"runtime":31}}