{"train_loss":0.007558528333902359,"train_spikes_per_t":22.23828125,"val_total_spikes":5507,"val_spikes_per_t":21.51171875,"val_acc":0.953125,"_runtime":173.103095053,"final_test_acc":0.94921875,"train_acc":1,"final_val_acc":0.953125,"3D Loss Surface":{"_type":"image-file","sha256":"1c5fb29ede82578d98b6be66612f40e0fa5db0e0161fc98dffa7011f2098641d","size":401741,"path":"media/images/3D Loss Surface_601_1c5fb29ede82578d98b6.png","format":"png","width":1575,"height":1266},"_wandb":{"runtime":173},"_step":602,"train_total_spikes":5693,"final_train_acc":1,"val_loss":0.0902196541428566,"_timestamp":1.7466391120911145e+09,"2D Loss Contour":{"path":"media/images/2D Loss Contour_602_704fa8c0bab69ea11251.png","format":"png","width":1649,"height":1176,"_type":"image-file","sha256":"704fa8c0bab69ea11251f97038a2beb609d43d0668976f0905f0b531039b0005","size":126663}}