{"final_val_acc":0.984375,"_step":602,"_timestamp":1.7465648365916455e+09,"final_test_acc":0.98828125,"val_total_spikes":24476,"train_spikes_per_t":95.9609375,"train_acc":1,"val_spikes_per_t":95.609375,"3D Loss Surface":{"path":"media/images/3D Loss Surface_601_0b6c9dac541a451db9d0.png","format":"png","width":1522,"height":1266,"_type":"image-file","sha256":"0b6c9dac541a451db9d0ceeae55b677d1f591913bc487f6684e60ea0fc5d41f6","size":440354},"final_train_acc":1,"_runtime":113.301306308,"train_total_spikes":24566,"train_loss":0.011521151289343834,"val_acc":0.984375,"val_loss":0.05081493407487869,"2D Loss Contour":{"height":1176,"_type":"image-file","sha256":"38164837ec6618fe738092578e8dff661db990d646f554f4b09389c7e7aeb35f","size":121254,"path":"media/images/2D Loss Contour_602_38164837ec6618fe7380.png","format":"png","width":1596},"_wandb":{"runtime":113}}