{"val_loss":0.30102789402008057,"final_train_acc":1,"2D Loss Contour":{"format":"png","width":1596,"height":1176,"_type":"image-file","sha256":"446a6a7e440a6515e4c63ec4f1bc3cbb48205213c9185165a3d8c7a6b4eabc88","size":118569,"path":"media/images/2D Loss Contour_602_446a6a7e440a6515e4c6.png"},"final_test_acc":0.84765625,"_timestamp":1.7466936879443054e+09,"train_acc":1,"val_total_spikes":4028,"_wandb":{"runtime":160},"final_val_acc":0.890625,"train_loss":0.012088748626410961,"train_total_spikes":3954,"val_acc":0.890625,"_step":602,"train_spikes_per_t":15.4453125,"_runtime":160.759026855,"val_spikes_per_t":15.734375,"3D Loss Surface":{"width":1548,"height":1266,"_type":"image-file","sha256":"d59c96a93abdf1cefc7406e7063d04322a90023afca7281478d0c1f068a69b50","size":440497,"path":"media/images/3D Loss Surface_601_d59c96a93abdf1cefc74.png","format":"png"}}