{"val_acc":1,"3D Loss Surface":{"path":"media/images/3D Loss Surface_601_f4da28aaf3fce2b983ee.png","format":"png","width":1575,"height":1266,"_type":"image-file","sha256":"f4da28aaf3fce2b983eea30cfd6fe88230ad4e341e46f81f676d4c2de3f04a2e","size":495925},"final_test_acc":0.9609375,"train_total_spikes":0,"final_val_acc":1,"final_train_acc":1,"_wandb":{"runtime":32},"2D Loss Contour":{"width":1649,"height":1176,"_type":"image-file","sha256":"a758cfde900fb2f49583054c502313b17a8c879f2ab26208ecea774f2368b050","size":144006,"path":"media/images/2D Loss Contour_602_a758cfde900fb2f49583.png","format":"png"},"val_loss":0.03240916132926941,"train_acc":1,"_step":602,"train_spikes_per_t":NaN,"_timestamp":1.746613310132594e+09,"val_spikes_per_t":NaN,"_runtime":32.435080544,"train_loss":0.0009963834891095757,"val_total_spikes":0}