{"_timestamp":1.7466088806068614e+09,"2D Loss Contour":{"height":1176,"_type":"image-file","sha256":"23b7d6318f155519ea66bf12758386c900c44fd5a33c732fd982c7f2e6826e3d","size":135379,"path":"media/images/2D Loss Contour_602_23b7d6318f155519ea66.png","format":"png","width":1622},"val_total_spikes":0,"_runtime":32.154822417,"val_acc":0.9453125,"_step":602,"train_acc":1,"final_test_acc":0.9296875,"train_spikes_per_t":NaN,"val_loss":0.25969642400741577,"final_train_acc":1,"val_spikes_per_t":NaN,"train_total_spikes":0,"final_val_acc":0.9453125,"3D Loss Surface":{"width":1548,"height":1266,"_type":"image-file","sha256":"01febc7d6c9346302aebcfb54c16de21978168826459261f14c793e88bb0951e","size":432290,"path":"media/images/3D Loss Surface_601_01febc7d6c9346302aeb.png","format":"png"},"train_loss":0.0006645171670243144,"_wandb":{"runtime":32}}