{"val_acc":0.98046875,"train_total_spikes":12843,"final_test_acc":0.984375,"val_total_spikes":12764,"_timestamp":1.7466662354266481e+09,"train_loss":0.00018551386892795563,"train_acc":1,"val_spikes_per_t":49.859375,"2D Loss Contour":{"size":150052,"path":"media/images/2D Loss Contour_602_645fb2c4900723967217.png","format":"png","width":1622,"height":1176,"_type":"image-file","sha256":"645fb2c4900723967217f3813b000da64afbe4a10ed45eafd9819427c7102bf6"},"_wandb":{"runtime":103},"val_loss":0.0328943096101284,"_step":602,"final_train_acc":1,"_runtime":103.227197656,"train_spikes_per_t":50.16796875,"3D Loss Surface":{"_type":"image-file","sha256":"5ed7e2bdc82f23d45d3d8378145efa399a27179757cd5befbc112d01b91b730c","size":489936,"path":"media/images/3D Loss Surface_601_5ed7e2bdc82f23d45d3d.png","format":"png","width":1575,"height":1266},"final_val_acc":0.98046875}