{"train_acc":1,"final_train_acc":1,"val_loss":0.0550898052752018,"3D Loss Surface":{"width":1575,"height":1266,"_type":"image-file","sha256":"6cf6e05449b3f19f3b5b5773c3dce524ae4d0d55f43571fdc5ea4b577eb8c5e7","size":437408,"path":"media/images/3D Loss Surface_601_6cf6e05449b3f19f3b5b.png","format":"png"},"val_acc":0.9765625,"train_spikes_per_t":NaN,"_timestamp":1.7466110807802842e+09,"train_total_spikes":0,"_runtime":32.045121064,"val_total_spikes":0,"2D Loss Contour":{"height":1176,"_type":"image-file","sha256":"9cef753aff9ec536ffca11fae34e853a34d27b8a90c19e11dbbadd71241dcf72","size":125249,"path":"media/images/2D Loss Contour_602_9cef753aff9ec536ffca.png","format":"png","width":1649},"final_test_acc":0.9765625,"_step":602,"final_val_acc":0.9765625,"train_loss":0.0014111381024122238,"val_spikes_per_t":NaN,"_wandb":{"runtime":32}}