{"_wandb":{"runtime":172},"final_test_acc":0.82421875,"train_spikes_per_t":28.45703125,"_step":602,"2D Loss Contour":{"width":1622,"height":1176,"_type":"image-file","sha256":"d6926527d1ed812172a88e98e727bfbb385ddf41e711784e8645bdff6e62f30f","size":140407,"path":"media/images/2D Loss Contour_602_d6926527d1ed812172a8.png","format":"png"},"val_spikes_per_t":28.3203125,"train_acc":1,"_runtime":172.485096756,"final_val_acc":0.8828125,"_timestamp":1.7466195048813639e+09,"train_total_spikes":7285,"val_total_spikes":7250,"3D Loss Surface":{"format":"png","width":1522,"height":1266,"_type":"image-file","sha256":"2cbdf66d5901bdc0915fe3d513ebd6e18da23f64d06dee7ef2f07d7b08124d6a","size":509203,"path":"media/images/3D Loss Surface_601_2cbdf66d5901bdc0915f.png"},"train_loss":0.008531112223863602,"val_loss":0.3363652229309082,"val_acc":0.8828125,"final_train_acc":1}