{"train_spikes_per_t":55.125,"_wandb":{"runtime":102},"train_total_spikes":14112,"final_val_acc":0.9921875,"val_acc":0.9921875,"final_test_acc":0.9921875,"train_loss":0.00022629648447036743,"val_loss":0.015064908191561699,"train_acc":1,"final_train_acc":1,"_step":602,"_timestamp":1.7466675822541099e+09,"_runtime":102.816147379,"val_spikes_per_t":55.03125,"2D Loss Contour":{"size":155348,"path":"media/images/2D Loss Contour_602_275e44b021c11ec2167f.png","format":"png","width":1649,"height":1176,"_type":"image-file","sha256":"275e44b021c11ec2167fb593f9e2da004e7990fc08a01e4e3aff02d94ea2cca9"},"val_total_spikes":14088,"3D Loss Surface":{"path":"media/images/3D Loss Surface_601_496261d84ee37d568794.png","format":"png","width":1575,"height":1266,"_type":"image-file","sha256":"496261d84ee37d568794899679999350b1627d7fe66262d1d05acae16127b16c","size":441999}}