{"_runtime":102.428151226,"final_train_acc":1,"_timestamp":1.7466596182063498e+09,"val_spikes_per_t":55.78515625,"2D Loss Contour":{"_type":"image-file","sha256":"e08d317536ca84b7b5af7a855567dff25e573fd4f021756fbadcea5268191802","size":152817,"path":"media/images/2D Loss Contour_602_e08d317536ca84b7b5af.png","format":"png","width":1649,"height":1176},"3D Loss Surface":{"size":457400,"path":"media/images/3D Loss Surface_601_a6805e8867e4785028d4.png","format":"png","width":1575,"height":1266,"_type":"image-file","sha256":"a6805e8867e4785028d42dd3aa4b75dbef491fdc7b7e5d46921ffff29cfd4677"},"final_val_acc":0.99609375,"train_total_spikes":14246,"train_acc":1,"train_loss":0.00023439455253537744,"_wandb":{"runtime":102},"_step":602,"train_spikes_per_t":55.6484375,"val_total_spikes":14281,"final_test_acc":0.9921875,"val_loss":0.016283296048641205,"val_acc":0.99609375}