{"_timestamp":1.7466120653137271e+09,"val_total_spikes":0,"_wandb":{"runtime":32},"train_loss":0.0009701906819827855,"_step":602,"val_spikes_per_t":NaN,"final_val_acc":1,"final_train_acc":1,"final_test_acc":0.96484375,"2D Loss Contour":{"width":1649,"height":1176,"_type":"image-file","sha256":"03a68b3dbeedee69483b23437377b3316d95192dc65ace8c3f319911627807f9","size":135827,"path":"media/images/2D Loss Contour_602_03a68b3dbeedee69483b.png","format":"png"},"_runtime":32.066675392,"train_acc":1,"val_loss":0.029744766652584076,"train_spikes_per_t":NaN,"val_acc":1,"3D Loss Surface":{"format":"png","width":1575,"height":1266,"_type":"image-file","sha256":"9e7fd08f6a353fc3958bc663b71c7d07ccf35edf3a2884ef6e6252fb348e951d","size":538502,"path":"media/images/3D Loss Surface_601_9e7fd08f6a353fc3958b.png"},"train_total_spikes":0}