{"_timestamp":1.7466743889335563e+09,"3D Loss Surface":{"height":1266,"_type":"image-file","sha256":"6e40d020fb60c47d47653181ada1645c29b15bc682b29d787473bf2e2affcf93","size":343451,"path":"media/images/3D Loss Surface_601_6e40d020fb60c47d4765.png","format":"png","width":1548},"val_loss":0.2032521516084671,"train_total_spikes":6267,"val_acc":0.91796875,"final_train_acc":0.984375,"val_total_spikes":6222,"_step":602,"val_spikes_per_t":24.3046875,"_wandb":{"runtime":160},"final_val_acc":0.91796875,"train_acc":0.984375,"train_spikes_per_t":24.48046875,"2D Loss Contour":{"_type":"image-file","sha256":"22fb78cf87be799e9355b7a20b477ab2e4979249e17921b42ca0cac8647f66c4","size":116363,"path":"media/images/2D Loss Contour_602_22fb78cf87be799e9355.png","format":"png","width":1623,"height":1176},"train_loss":0.06158330291509628,"_runtime":160.676575926,"final_test_acc":0.9296875}