{"final_val_acc":0.9921875,"train_total_spikes":12211,"train_spikes_per_t":47.69921875,"final_test_acc":0.98046875,"val_spikes_per_t":47.734375,"train_acc":1,"_timestamp":1.7466531768958979e+09,"_wandb":{"runtime":102},"_runtime":102.536649289,"_step":602,"train_loss":0.0001720212458167225,"3D Loss Surface":{"height":1266,"_type":"image-file","sha256":"775403f0e069007e57f4524b610fd42f972e364ea9fc7adb7eee9e9b219c2fad","size":457858,"path":"media/images/3D Loss Surface_601_775403f0e069007e57f4.png","format":"png","width":1575},"val_acc":0.9921875,"final_train_acc":1,"val_total_spikes":12220,"2D Loss Contour":{"path":"media/images/2D Loss Contour_602_c16a0ebf28801966e5ee.png","format":"png","width":1622,"height":1176,"_type":"image-file","sha256":"c16a0ebf28801966e5eef99c4f9a670938b764c14b2b867cd0929a4aa720b70b","size":157751},"val_loss":0.036111488938331604}