{"val_spikes_per_t":86.2890625,"train_total_spikes":22216,"val_loss":0.030147366225719452,"train_loss":0.00039871843182481825,"final_train_acc":1,"final_val_acc":0.98046875,"val_total_spikes":22090,"val_acc":0.98046875,"_step":602,"_timestamp":1.7465915770187423e+09,"final_test_acc":0.98046875,"train_acc":1,"_wandb":{"runtime":76},"train_spikes_per_t":86.78125,"_runtime":76.898277953,"2D Loss Contour":{"height":1176,"_type":"image-file","sha256":"246f76bc531b1562165a3271ca7f01335856e0da7fef582173cd2022bbfed5d3","size":121525,"path":"media/images/2D Loss Contour_602_246f76bc531b1562165a.png","format":"png","width":1596},"3D Loss Surface":{"height":1266,"_type":"image-file","sha256":"7417fbac8f1aa65b98ede408be0e2b1891030d4229af0e8d713e6e3f25a3c520","size":391626,"path":"media/images/3D Loss Surface_601_7417fbac8f1aa65b98ed.png","format":"png","width":1548}}