{"train_loss":0.8863406181335449,"train_acc":0.76953125,"_runtime":57.341923323,"2D Loss Contour":{"size":142017,"path":"media/images/2D Loss Contour_602_c3a7c6cef494a3387aed.png","format":"png","width":1596,"height":1176,"_type":"image-file","sha256":"c3a7c6cef494a3387aede90b39574bb51a3368428f855915fe5058e37d67a159"},"val_spikes_per_t":NaN,"final_test_acc":0.5234375,"val_acc":0.56640625,"_timestamp":1.7466011129604032e+09,"_wandb":{"runtime":57},"3D Loss Surface":{"size":441200,"path":"media/images/3D Loss Surface_601_1e82fd22fb540cddaab3.png","format":"png","width":1522,"height":1266,"_type":"image-file","sha256":"1e82fd22fb540cddaab375a83d2bcae289a38867294f3cd2f506a57afb8e334b"},"train_spikes_per_t":NaN,"final_train_acc":0.76953125,"_step":602,"val_total_spikes":0,"final_val_acc":0.56640625,"train_total_spikes":0,"val_loss":2.515345573425293}