{"3D Loss Surface":{"format":"png","width":1522,"height":1266,"_type":"image-file","sha256":"db596158245292ecdbee299c9ee783d3f57725f724a9a6507de358f0200f1678","size":410575,"path":"media/images/3D Loss Surface_601_db596158245292ecdbee.png"},"_step":602,"_timestamp":1.7465842569903617e+09,"val_acc":0.6171875,"_runtime":75.905903692,"final_train_acc":0.76953125,"train_loss":0.627604603767395,"val_loss":0.9673161506652832,"train_total_spikes":25114,"final_val_acc":0.6171875,"val_spikes_per_t":97.80078125,"final_test_acc":0.671875,"train_spikes_per_t":98.1015625,"val_total_spikes":25037,"2D Loss Contour":{"height":1176,"_type":"image-file","sha256":"3caab14ac0972855566b88fd31b18f6ca2b118ff2c8495a1a8143d2f05d4ef2f","size":129360,"path":"media/images/2D Loss Contour_602_3caab14ac0972855566b.png","format":"png","width":1569},"train_acc":0.76953125,"_wandb":{"runtime":75}}