{"_wandb":{"runtime":57},"final_train_acc":1,"val_spikes_per_t":NaN,"_step":602,"val_total_spikes":0,"2D Loss Contour":{"sha256":"5527ed2b43812e1f3e53e1f178b07be02e45e18f603bae4f92b964ace6aa4e20","size":151494,"path":"media/images/2D Loss Contour_602_5527ed2b43812e1f3e53.png","format":"png","width":1649,"height":1176,"_type":"image-file"},"val_loss":0.47336822748184204,"_runtime":57.175053757,"train_loss":0.006628517061471939,"train_spikes_per_t":NaN,"_timestamp":1.7465981014613554e+09,"final_test_acc":0.875,"val_acc":0.84375,"train_total_spikes":0,"train_acc":1,"3D Loss Surface":{"height":1266,"_type":"image-file","sha256":"b0d98e8f77a856bd3c1edae956668be2f382a3cfcedcb0553b617bfeddb6dda9","size":517427,"path":"media/images/3D Loss Surface_601_b0d98e8f77a856bd3c1e.png","format":"png","width":1575},"final_val_acc":0.84375}