{"val_acc":0.9921875,"final_val_acc":0.9921875,"train_loss":0.00021342439868021756,"3D Loss Surface":{"_type":"image-file","sha256":"78c8b81cb61a4e2f6b529fbd44614fa822cb0f6d9986a53cbce30e11e4918cb4","size":470530,"path":"media/images/3D Loss Surface_601_78c8b81cb61a4e2f6b52.png","format":"png","width":1548,"height":1266},"_timestamp":1.746668827351957e+09,"val_total_spikes":16180,"2D Loss Contour":{"path":"media/images/2D Loss Contour_602_4c50db3d3e38ca506a45.png","format":"png","width":1623,"height":1176,"_type":"image-file","sha256":"4c50db3d3e38ca506a45f604c8a3fadf508d75c2eacc4bbab30db21030d7ec7c","size":125182},"_runtime":102.659921297,"_step":602,"val_spikes_per_t":63.203125,"final_train_acc":1,"val_loss":0.01542782410979271,"train_spikes_per_t":63.26171875,"final_test_acc":0.984375,"_wandb":{"runtime":102},"train_total_spikes":16195,"train_acc":1}