{"_step":602,"val_loss":0.6137351989746094,"train_spikes_per_t":NaN,"final_train_acc":1,"train_total_spikes":0,"final_test_acc":0.76171875,"val_acc":0.77734375,"val_spikes_per_t":NaN,"val_total_spikes":0,"train_loss":0.0103276576846838,"_wandb":{"runtime":57},"_runtime":57.390560507000004,"3D Loss Surface":{"height":1266,"_type":"image-file","sha256":"4d666eb05f8747b60386c4e02ec891b9f8431056c2820a53c726ab6ae4e90c7c","size":511358,"path":"media/images/3D Loss Surface_601_4d666eb05f8747b60386.png","format":"png","width":1522},"final_val_acc":0.77734375,"train_acc":1,"_timestamp":1.7466007082894044e+09,"2D Loss Contour":{"_type":"image-file","sha256":"ead6fb3c8a0f3255de9316fd3e6f5b24ecf102593865e3ed358969776280e60e","size":127516,"path":"media/images/2D Loss Contour_602_ead6fb3c8a0f3255de93.png","format":"png","width":1622,"height":1176}}