{"final_val_acc":0.80078125,"train_acc":0.8671875,"3D Loss Surface":{"format":"png","width":1548,"height":1266,"_type":"image-file","sha256":"06f0f0e162ea0ffba97082a03c1aeaaec0f7846c0fc2c419962eaf91c61d69a2","size":443105,"path":"media/images/3D Loss Surface_601_06f0f0e162ea0ffba970.png"},"_timestamp":1.7466829606346846e+09,"val_spikes_per_t":5.578125,"_wandb":{"runtime":161},"_step":602,"train_total_spikes":1502,"_runtime":161.747455638,"2D Loss Contour":{"height":1176,"_type":"image-file","sha256":"2c8c5163b3ef218c1d115c4352622a182fc193599bb594a1533b983acf1bb1e6","size":109056,"path":"media/images/2D Loss Contour_602_2c8c5163b3ef218c1d11.png","format":"png","width":1596},"val_total_spikes":1428,"final_train_acc":0.8671875,"val_acc":0.80078125,"final_test_acc":0.74609375,"train_spikes_per_t":5.8671875,"val_loss":0.5493420958518982,"train_loss":0.35481497645378113}