{"_wandb":{"runtime":102},"val_total_spikes":16163,"val_loss":0.19090721011161804,"_step":602,"val_acc":0.96875,"train_acc":0.99609375,"_runtime":102.895216702,"2D Loss Contour":{"_type":"image-file","sha256":"cfa807b03d3266a3ecc176d460d5fe0f1888994facaaf3e7c91370b8f4ae0744","size":142534,"path":"media/images/2D Loss Contour_602_cfa807b03d3266a3ecc1.png","format":"png","width":1676,"height":1176},"final_val_acc":0.96875,"final_test_acc":0.984375,"train_total_spikes":16397,"3D Loss Surface":{"path":"media/images/3D Loss Surface_601_d7facd75c11f291423c7.png","format":"png","width":1575,"height":1266,"_type":"image-file","sha256":"d7facd75c11f291423c73937fb378ebb6cd4c42a46238b5e08a7029d55d6e166","size":484521},"train_spikes_per_t":64.05078125,"final_train_acc":0.99609375,"train_loss":0.0028939982876181602,"_timestamp":1.7466542426515362e+09,"val_spikes_per_t":63.13671875}