{"_timestamp":1.7466135716470127e+09,"final_train_acc":1,"val_spikes_per_t":NaN,"_runtime":31.983468178,"val_acc":1,"final_val_acc":1,"val_loss":0.029079269617795944,"3D Loss Surface":{"_type":"image-file","sha256":"2150d7a46f184d6ca38c6478be8255b0597b5c0b142fcd2d54242fab2ab07e24","size":501310,"path":"media/images/3D Loss Surface_601_2150d7a46f184d6ca38c.png","format":"png","width":1575,"height":1266},"train_acc":1,"final_test_acc":0.9609375,"2D Loss Contour":{"path":"media/images/2D Loss Contour_602_86a86de91013b6584059.png","format":"png","width":1649,"height":1176,"_type":"image-file","sha256":"86a86de91013b658405930202ce6f3f263c40643ed5fb6fed3ff9b9fdc273054","size":136547},"val_total_spikes":0,"_step":602,"train_loss":0.0009104730561375618,"train_total_spikes":0,"train_spikes_per_t":NaN,"_wandb":{"runtime":31}}