{"3D Loss Surface":{"width":1575,"height":1266,"_type":"image-file","sha256":"d4b6f0e8366e18afbab02af967917e62abd7e907765b2350faec16ea911aa9b3","size":506550,"path":"media/images/3D Loss Surface_601_d4b6f0e8366e18afbab0.png","format":"png"},"final_val_acc":0.9765625,"train_loss":0.0029375834856182337,"val_acc":0.9765625,"_timestamp":1.7466490485757284e+09,"final_test_acc":0.984375,"val_total_spikes":11948,"val_loss":0.05798462778329849,"_runtime":104.856771353,"train_spikes_per_t":46.83984375,"final_train_acc":0.99609375,"train_total_spikes":11991,"_step":602,"_wandb":{"runtime":104},"val_spikes_per_t":46.671875,"2D Loss Contour":{"sha256":"bba1c031dfdaff828804153bc9a4e3bc88611e4c2d556605e8e5e79428cf5315","size":141285,"path":"media/images/2D Loss Contour_602_bba1c031dfdaff828804.png","format":"png","width":1623,"height":1176,"_type":"image-file"},"train_acc":0.99609375}