{"_runtime":64.249739078,"val_spikes_per_t":38.3671875,"train_loss":0.01430941466242075,"3D Loss Surface":{"width":1522,"height":1266,"_type":"image-file","sha256":"13acb6f8a10c1eef3098c65707aacb860950066431ef7295d3806465144b2560","size":428899,"path":"media/images/3D Loss Surface_601_13acb6f8a10c1eef3098.png","format":"png"},"_timestamp":1.7466743790995922e+09,"_wandb":{"runtime":64},"final_test_acc":0.84375,"_step":602,"train_total_spikes":9805,"final_train_acc":1,"val_total_spikes":9822,"train_acc":1,"final_val_acc":0.83984375,"2D Loss Contour":{"format":"png","width":1596,"height":1176,"_type":"image-file","sha256":"c6edca4771605328bdffd3f712734099fc742fb7ded3a24de60ecef21217a158","size":114207,"path":"media/images/2D Loss Contour_602_c6edca4771605328bdff.png"},"val_loss":0.4295896291732788,"train_spikes_per_t":38.30078125,"val_acc":0.83984375}