{"train_acc":0.6015625,"_step":602,"train_total_spikes":0,"3D Loss Surface":{"size":539284,"path":"media/images/3D Loss Surface_601_d9ceb2140bfa91592a3f.png","format":"png","width":1522,"height":1266,"_type":"image-file","sha256":"d9ceb2140bfa91592a3f1620a48e7ff4cc4d8bc5e9b3f430c421efd2c3654f82"},"_wandb":{"runtime":43},"val_total_spikes":0,"final_val_acc":0.484375,"2D Loss Contour":{"format":"png","width":1596,"height":1176,"_type":"image-file","sha256":"2b752b8fd353f9a557ad28bc814642f98a927f3f44376e079b2e34363e0a554b","size":123933,"path":"media/images/2D Loss Contour_602_2b752b8fd353f9a557ad.png"},"val_spikes_per_t":NaN,"val_loss":2.223520517349243,"val_acc":0.484375,"final_test_acc":0.49609375,"_runtime":43.990509216,"train_loss":1.6218143701553345,"final_train_acc":0.6015625,"_timestamp":1.7466699870191524e+09,"train_spikes_per_t":NaN}