{"val_total_spikes":19832,"2D Loss Contour":{"size":143801,"path":"media/images/2D Loss Contour_602_07ecfb466ba21b98be3b.png","format":"png","width":1623,"height":1176,"_type":"image-file","sha256":"07ecfb466ba21b98be3b445f30d45b92ac67d768812c3b9a1d690530b9f24e12"},"_timestamp":1.7465903567920642e+09,"3D Loss Surface":{"height":1266,"_type":"image-file","sha256":"252cb347a014648841171b751ee644096c182a609a0c3653a17508d663ecf965","size":385371,"path":"media/images/3D Loss Surface_601_252cb347a01464884117.png","format":"png","width":1548},"final_train_acc":1,"_wandb":{"runtime":77},"val_spikes_per_t":77.46875,"val_loss":0.011964719742536545,"val_acc":0.99609375,"_runtime":77.286495949,"train_total_spikes":20199,"final_val_acc":0.99609375,"train_loss":0.0003617422771640122,"train_acc":1,"_step":602,"train_spikes_per_t":78.90234375,"final_test_acc":0.99609375}