{"3D Loss Surface":{"height":1266,"_type":"image-file","sha256":"ecff0fe0cdea556e98d57b69434246b4b6b8c00d6e576c42a0e86d6ef8e39934","size":352327,"path":"media/images/3D Loss Surface_601_ecff0fe0cdea556e98d5.png","format":"png","width":1549},"_runtime":113.544129065,"final_test_acc":0.48046875,"train_acc":0.51953125,"train_loss":0.35548830032348633,"train_total_spikes":23525,"val_loss":0.4202260375022888,"_wandb":{"runtime":113},"2D Loss Contour":{"size":151999,"path":"media/images/2D Loss Contour_602_3d1adcb6ad18044d7599.png","format":"png","width":1649,"height":1176,"_type":"image-file","sha256":"3d1adcb6ad18044d759999c554395abd73be2c7f95069db89a6b36f81f043fef"},"val_total_spikes":23359,"_step":602,"val_spikes_per_t":91.24609375,"val_acc":0.5,"final_train_acc":0.51953125,"_timestamp":1.7465688417235935e+09,"final_val_acc":0.5,"train_spikes_per_t":91.89453125}