{"_step":602,"val_spikes_per_t":80.52734375,"train_loss":0.0007111348095349967,"train_spikes_per_t":80.76171875,"2D Loss Contour":{"size":138387,"path":"media/images/2D Loss Contour_602_cd3e9c10b2c4d96f75df.png","format":"png","width":1623,"height":1176,"_type":"image-file","sha256":"cd3e9c10b2c4d96f75df1b62c5ad4aa9b458384a5f9c0decf12806370c97ea24"},"3D Loss Surface":{"_type":"image-file","sha256":"b69dba93109f2c79d8c3741dfb4bf4c0bd0019aa4fe0506df170f26e0296949b","size":392365,"path":"media/images/3D Loss Surface_601_b69dba93109f2c79d8c3.png","format":"png","width":1548,"height":1266},"final_val_acc":0.99609375,"_timestamp":1.7465862387479365e+09,"val_loss":0.019897999241948128,"train_total_spikes":20675,"final_train_acc":1,"final_test_acc":0.98046875,"val_acc":0.99609375,"val_total_spikes":20615,"_wandb":{"runtime":75},"_runtime":75.500057279,"train_acc":1}