{"val_spikes_per_t":70.4375,"_wandb":{"runtime":75},"_runtime":75.636940868,"final_train_acc":1,"final_test_acc":0.97265625,"val_total_spikes":18032,"3D Loss Surface":{"path":"media/images/3D Loss Surface_601_b59a5bc9ef7e9d306eb7.png","format":"png","width":1548,"height":1266,"_type":"image-file","sha256":"b59a5bc9ef7e9d306eb7f1e475d74abd7ee996cfe8a66ef5b7df0fb3c3dbc883","size":361658},"final_val_acc":0.9765625,"_timestamp":1.7465880675074284e+09,"train_spikes_per_t":71.0859375,"_step":602,"train_loss":0.0015690671280026436,"2D Loss Contour":{"_type":"image-file","sha256":"baf396210adec7076f55c7c64d9d6c5adcb63150fa132e49009b91b4512fb91e","size":122026,"path":"media/images/2D Loss Contour_602_baf396210adec7076f55.png","format":"png","width":1622,"height":1176},"train_acc":1,"val_loss":0.04007583484053612,"val_acc":0.9765625,"train_total_spikes":18198}