{"final_test_acc":0.984375,"train_loss":0.015317592769861221,"2D Loss Contour":{"height":1176,"_type":"image-file","sha256":"f535095a211b7884862c3eb1b176444149963f9fa72e5497f37abc499183bbd5","size":129939,"path":"media/images/2D Loss Contour_602_f535095a211b7884862c.png","format":"png","width":1622},"final_val_acc":0.9921875,"3D Loss Surface":{"height":1266,"_type":"image-file","sha256":"e7030a2bf3862f8ad45eee0fd24f71b2b8896dfd57d24c547572324757d7a0ce","size":481352,"path":"media/images/3D Loss Surface_601_e7030a2bf3862f8ad45e.png","format":"png","width":1575},"_runtime":114.470670194,"train_total_spikes":34805,"train_acc":1,"_timestamp":1.7465707910962656e+09,"train_spikes_per_t":135.95703125,"val_total_spikes":34893,"_step":602,"val_acc":0.9921875,"final_train_acc":1,"val_loss":0.031189914792776108,"val_spikes_per_t":136.30078125,"_wandb":{"runtime":114}}