{"_step":602,"final_train_acc":1,"train_loss":0.012196560390293598,"final_test_acc":0.83984375,"val_loss":0.3779478669166565,"train_total_spikes":0,"_wandb":{"runtime":56},"3D Loss Surface":{"width":1548,"height":1266,"_type":"image-file","sha256":"40401d7da72fb14e282ebb50b0923b6d0e8a4bd319b5101a2b98482ecc61658b","size":372104,"path":"media/images/3D Loss Surface_601_40401d7da72fb14e282e.png","format":"png"},"final_val_acc":0.875,"train_spikes_per_t":NaN,"_runtime":56.798191735,"2D Loss Contour":{"format":"png","width":1623,"height":1176,"_type":"image-file","sha256":"fb9ac98710b3c9911b9ff60bcfd3a368a53da4b1ae3b06cfabe6e6bbf7076b10","size":130753,"path":"media/images/2D Loss Contour_602_fb9ac98710b3c9911b9f.png"},"_timestamp":1.74660308196519e+09,"train_acc":1,"val_acc":0.875,"val_spikes_per_t":NaN,"val_total_spikes":0}