{"_runtime":75.479826841,"train_spikes_per_t":78.3828125,"val_spikes_per_t":77.234375,"final_val_acc":0.99609375,"train_total_spikes":20066,"_wandb":{"runtime":75},"train_acc":1,"3D Loss Surface":{"_type":"image-file","sha256":"dbdf071731ba55f2d13e4cf404e72d526b8467c856731e69051282b5f1810d03","size":415845,"path":"media/images/3D Loss Surface_601_dbdf071731ba55f2d13e.png","format":"png","width":1575,"height":1266},"val_loss":0.013629835098981857,"val_acc":0.99609375,"final_test_acc":1,"val_total_spikes":19772,"final_train_acc":1,"_step":602,"_timestamp":1.74659005013265e+09,"train_loss":0.00018970994278788567,"2D Loss Contour":{"path":"media/images/2D Loss Contour_602_dd251561feaa95aaca66.png","format":"png","width":1622,"height":1176,"_type":"image-file","sha256":"dd251561feaa95aaca66f16741feb8ba34639ef95a98909927433e78f047472a","size":107260}}