{"val_total_spikes":5336,"2D Loss Contour":{"size":117481,"path":"media/images/2D Loss Contour_602_2e3465a49848dd2dd64a.png","format":"png","width":1596,"height":1176,"_type":"image-file","sha256":"2e3465a49848dd2dd64a3df122284ac643deb60a6df7c66bb39b4b387313db82"},"val_loss":0.5750048756599426,"final_val_acc":0.796875,"train_spikes_per_t":20.57421875,"_wandb":{"runtime":161},"final_test_acc":0.78515625,"val_spikes_per_t":20.84375,"_step":602,"_runtime":161.814321982,"3D Loss Surface":{"path":"media/images/3D Loss Surface_601_9c8548c4a665e5c1aa7b.png","format":"png","width":1522,"height":1266,"_type":"image-file","sha256":"9c8548c4a665e5c1aa7be5b3544b8fc9fdb7a23822ae14c5094b00f77bf9b9d2","size":405161},"final_train_acc":0.9921875,"train_loss":0.03154204040765762,"val_acc":0.796875,"_timestamp":1.7466879919039605e+09,"train_acc":0.9921875,"train_total_spikes":5267}