{"train_acc":0.8984375,"val_loss":0.6696454286575317,"2D Loss Contour":{"sha256":"cf942099c2f8476fcde0fa096a43f116500f4ea5d0a35ca326a7fccc2f9e8635","size":114485,"path":"media/images/2D Loss Contour_602_cf942099c2f8476fcde0.png","format":"png","width":1596,"height":1176,"_type":"image-file"},"3D Loss Surface":{"format":"png","width":1548,"height":1266,"_type":"image-file","sha256":"4af43e343e7a719f76a501a8db49d355fd28b98d8e3e0cdab903075bdbc2d14a","size":384373,"path":"media/images/3D Loss Surface_601_4af43e343e7a719f76a5.png"},"_timestamp":1.7466130809130583e+09,"val_acc":0.7578125,"final_test_acc":0.7734375,"val_spikes_per_t":NaN,"final_train_acc":0.8984375,"_wandb":{"runtime":31},"train_total_spikes":0,"train_loss":0.28535565733909607,"_runtime":31.585305074,"_step":602,"train_spikes_per_t":NaN,"val_total_spikes":0,"final_val_acc":0.7578125}