{"val_spikes_per_t":NaN,"final_train_acc":0.8125,"_step":602,"train_acc":0.8125,"final_val_acc":0.5859375,"final_test_acc":0.6015625,"2D Loss Contour":{"height":1176,"_type":"image-file","sha256":"17046d2d5923d82638a448244a31ca5ae8f5122c66c2c309170f71007e248ff7","size":126239,"path":"media/images/2D Loss Contour_602_17046d2d5923d82638a4.png","format":"png","width":1649},"_runtime":56.652823269,"val_total_spikes":0,"val_acc":0.5859375,"3D Loss Surface":{"_type":"image-file","sha256":"0aac3769a60e35b584f42dd5232f2c20407fa21b37a5f444b50c86502e4b9198","size":291888,"path":"media/images/3D Loss Surface_601_0aac3769a60e35b584f4.png","format":"png","width":1574,"height":1266},"val_loss":0.8274698853492737,"_wandb":{"runtime":56},"train_spikes_per_t":NaN,"train_total_spikes":0,"train_loss":0.37118765711784363,"_timestamp":1.7466016906291351e+09}