{"_timestamp":1.746673536930658e+09,"val_total_spikes":9636,"train_spikes_per_t":37.375,"train_loss":0.02246277965605259,"_wandb":{"runtime":63},"_runtime":63.783205462,"val_spikes_per_t":37.640625,"final_val_acc":0.828125,"2D Loss Contour":{"format":"png","width":1622,"height":1176,"_type":"image-file","sha256":"be781e8ff5691047055fc2cd6838cf79114607333259043b97aa9a873d461c25","size":147680,"path":"media/images/2D Loss Contour_602_be781e8ff5691047055f.png"},"final_test_acc":0.828125,"val_acc":0.828125,"val_loss":0.48654088377952576,"_step":602,"3D Loss Surface":{"format":"png","width":1548,"height":1266,"_type":"image-file","sha256":"420c58235eee45ec915a683a05ccb9fe4a17f283b73b4985dd188f815862e5ff","size":410940,"path":"media/images/3D Loss Surface_601_420c58235eee45ec915a.png"},"train_total_spikes":9568,"final_train_acc":1,"train_acc":1}