{"_runtime":102.553882751,"_wandb":{"runtime":102},"train_total_spikes":17146,"_step":602,"final_test_acc":0.98828125,"val_acc":0.98828125,"_timestamp":1.746650906162007e+09,"train_acc":1,"train_spikes_per_t":66.9765625,"train_loss":0.00025538395857438445,"final_train_acc":1,"final_val_acc":0.98828125,"3D Loss Surface":{"_type":"image-file","sha256":"58e4f46d0cb7be2eaf4bbc865d2a29992435b2aa6277b2ea5eefd2b1621c6c9c","size":557340,"path":"media/images/3D Loss Surface_601_58e4f46d0cb7be2eaf4b.png","format":"png","width":1575,"height":1266},"val_loss":0.022940298542380333,"val_total_spikes":17157,"val_spikes_per_t":67.01953125,"2D Loss Contour":{"format":"png","width":1623,"height":1176,"_type":"image-file","sha256":"c16cd8a61b113cdde8b1fcb5b5ca87a3c1577d9d012726f9636d9baaa31900da","size":133887,"path":"media/images/2D Loss Contour_602_c16cd8a61b113cdde8b1.png"}}