{"train_loss":0.0008362485677935183,"_runtime":32.70392073,"final_val_acc":0.9765625,"val_loss":0.047304667532444,"final_train_acc":1,"3D Loss Surface":{"width":1575,"height":1266,"_type":"image-file","sha256":"3c1c0286f36a60d20c73087908b37f8a9318188111c2efe9474b0b880e865acb","size":516676,"path":"media/images/3D Loss Surface_601_3c1c0286f36a60d20c73.png","format":"png"},"val_acc":0.9765625,"_wandb":{"runtime":32},"val_total_spikes":0,"_step":602,"final_test_acc":0.96484375,"train_acc":1,"train_spikes_per_t":NaN,"train_total_spikes":0,"val_spikes_per_t":NaN,"2D Loss Contour":{"height":1176,"_type":"image-file","sha256":"34242b5800f249e3e29f008667fc9cf4caa62867cb3e1fd5dadbcb1f6582a295","size":140303,"path":"media/images/2D Loss Contour_602_34242b5800f249e3e29f.png","format":"png","width":1649},"_timestamp":1.746610391800054e+09}