{"2D Loss Contour":{"sha256":"56991d4a90edfe8623c3492bb16d5a93f7429e1a52b5d456c184cd87eb774c8e","size":144035,"path":"media/images/2D Loss Contour_602_56991d4a90edfe8623c3.png","format":"png","width":1622,"height":1176,"_type":"image-file"},"_step":602,"val_total_spikes":4692,"3D Loss Surface":{"_type":"image-file","sha256":"7f9427581b4e003e931d7064e334f3e95a8c38c7cbbfe1505fa47697dad5e1f0","size":350224,"path":"media/images/3D Loss Surface_601_7f9427581b4e003e931d.png","format":"png","width":1548,"height":1266},"_runtime":161.070493719,"train_loss":0.004520186223089695,"_wandb":{"runtime":161},"train_spikes_per_t":17.46484375,"train_total_spikes":4471,"final_train_acc":1,"final_val_acc":0.90234375,"_timestamp":1.7466988808903954e+09,"val_loss":0.3154401481151581,"val_spikes_per_t":18.328125,"val_acc":0.90234375,"final_test_acc":0.90625,"train_acc":1}