{"train_total_spikes":28160,"val_spikes_per_t":109.578125,"val_loss":0.07947539538145065,"final_train_acc":0.9921875,"val_total_spikes":28052,"_timestamp":1.7465756760245779e+09,"val_acc":0.98046875,"final_val_acc":0.98046875,"2D Loss Contour":{"height":1176,"_type":"image-file","sha256":"0ba471b15fe0c0adf82b1b5b3cede325b104ad43fe5dc8f9c702cc1b20321408","size":126332,"path":"media/images/2D Loss Contour_602_0ba471b15fe0c0adf82b.png","format":"png","width":1623},"_wandb":{"runtime":115},"train_loss":0.021947404369711876,"final_test_acc":0.9765625,"_step":602,"_runtime":115.956292706,"train_acc":0.9921875,"3D Loss Surface":{"size":358313,"path":"media/images/3D Loss Surface_601_d7e4c3f4ce677c497856.png","format":"png","width":1522,"height":1266,"_type":"image-file","sha256":"d7e4c3f4ce677c497856a22d3f5d741f8e9171b8edcef32f7c640da18240d0a7"},"train_spikes_per_t":110}