{"val_acc":0.96875,"train_total_spikes":21785,"train_acc":0.99609375,"val_total_spikes":21580,"train_spikes_per_t":85.09765625,"_step":602,"final_val_acc":0.96875,"3D Loss Surface":{"width":1548,"height":1266,"_type":"image-file","sha256":"c2b41fcfc0e60b0c0f5bd2b6ab3baaed5da1bc329b3243ca6553a75122195894","size":401667,"path":"media/images/3D Loss Surface_601_c2b41fcfc0e60b0c0f5b.png","format":"png"},"_runtime":113.085652952,"_timestamp":1.74656803854718e+09,"val_spikes_per_t":84.296875,"train_loss":0.06097424402832985,"_wandb":{"runtime":113},"val_loss":0.12046283483505249,"final_test_acc":0.93359375,"2D Loss Contour":{"sha256":"a7a46c53d79fd4d79beffdb07071463379577ee3acdf83ae297c29e2ce81de5f","size":138282,"path":"media/images/2D Loss Contour_602_a7a46c53d79fd4d79bef.png","format":"png","width":1622,"height":1176,"_type":"image-file"},"final_train_acc":0.99609375}