{"final_test_acc":0.96484375,"3D Loss Surface":{"path":"media/images/3D Loss Surface_601_343ec689c1fb03056590.png","format":"png","width":1601,"height":1266,"_type":"image-file","sha256":"343ec689c1fb03056590d7379f7bdaa67282c38fb9d1fbe24bf01d0d49df3fea","size":547194},"_runtime":31.563432934,"val_loss":0.047695379704236984,"_timestamp":1.7466134722891388e+09,"train_loss":0.0007969988510012627,"val_total_spikes":0,"val_acc":0.984375,"_wandb":{"runtime":31},"final_val_acc":0.984375,"val_spikes_per_t":NaN,"train_acc":1,"train_total_spikes":0,"train_spikes_per_t":NaN,"final_train_acc":1,"_step":602,"2D Loss Contour":{"sha256":"16dc83323ca5a0450ecd71fb58ebf748a555a4347bc82dcb4a34a77496185436","size":113779,"path":"media/images/2D Loss Contour_602_16dc83323ca5a0450ecd.png","format":"png","width":1649,"height":1176,"_type":"image-file"}}