{"train_total_spikes":20756,"_runtime":75.541349712,"3D Loss Surface":{"path":"media/images/3D Loss Surface_601_7ff2dcf5e3ceacdc3452.png","format":"png","width":1548,"height":1266,"_type":"image-file","sha256":"7ff2dcf5e3ceacdc3452ac2d190abb401d8ca6e4b81ecb0cf03806d21b254569","size":328250},"final_train_acc":1,"val_loss":0.023949312046170235,"val_total_spikes":20644,"train_loss":0.0006232679588720202,"final_val_acc":0.9921875,"val_acc":0.9921875,"final_test_acc":0.984375,"_wandb":{"runtime":75},"_timestamp":1.7465942442239776e+09,"_step":602,"2D Loss Contour":{"format":"png","width":1622,"height":1176,"_type":"image-file","sha256":"9bf6661d8332810d0c06b1cd3c63427eb9774aa56ebe2a90b2e97ae8d3a76140","size":124736,"path":"media/images/2D Loss Contour_602_9bf6661d8332810d0c06.png"},"train_spikes_per_t":81.078125,"val_spikes_per_t":80.640625,"train_acc":1}