{"2D Loss Contour":{"width":1622,"height":1176,"_type":"image-file","sha256":"fee623de66ea2c353ac441f3cc4c37be16bce99925ca23931d89d9c07bb7a294","size":140974,"path":"media/images/2D Loss Contour_602_fee623de66ea2c353ac4.png","format":"png"},"_runtime":57.330333772,"3D Loss Surface":{"path":"media/images/3D Loss Surface_601_3d96eaddd7d5b709bf4a.png","format":"png","width":1548,"height":1266,"_type":"image-file","sha256":"3d96eaddd7d5b709bf4a78196ecbe518648af6922f74b709e47c7e85c31d3d51","size":443102},"train_total_spikes":0,"_timestamp":1.7466071339779675e+09,"_wandb":{"runtime":57},"val_loss":0.687097430229187,"final_test_acc":0.59375,"val_total_spikes":0,"train_loss":0.6037643551826477,"train_acc":0.67578125,"val_spikes_per_t":NaN,"val_acc":0.56640625,"train_spikes_per_t":NaN,"final_train_acc":0.67578125,"final_val_acc":0.56640625,"_step":602}