{"final_test_acc":0.98046875,"train_loss":0.00019779008289333433,"train_spikes_per_t":40.3125,"_timestamp":1.7466566202241573e+09,"3D Loss Surface":{"path":"media/images/3D Loss Surface_601_4f8b0ba343318b0280a1.png","format":"png","width":1575,"height":1266,"_type":"image-file","sha256":"4f8b0ba343318b0280a11fb07192b89c6377456b4b76a237656e8a50ea6edf36","size":513732},"val_loss":0.025916531682014465,"val_acc":0.984375,"val_spikes_per_t":40.37109375,"final_train_acc":1,"2D Loss Contour":{"_type":"image-file","sha256":"d9b0afc5d8225f309f2479b4f44d9e3a3aeaa73f8b9664b72695d238d828573b","size":121831,"path":"media/images/2D Loss Contour_602_d9b0afc5d8225f309f24.png","format":"png","width":1622,"height":1176},"train_total_spikes":10320,"_wandb":{"runtime":102},"_runtime":102.049497661,"val_total_spikes":10335,"train_acc":1,"_step":602,"final_val_acc":0.984375}