{"_wandb":{"runtime":56},"val_spikes_per_t":NaN,"_timestamp":1.7466563573683188e+09,"final_train_acc":0.734375,"_step":602,"_runtime":56.521799237,"3D Loss Surface":{"height":1266,"_type":"image-file","sha256":"501e9d83b2998d85713be0bec1cdc3c60a335aa52f05d318dd584f9f7c92199d","size":345156,"path":"media/images/3D Loss Surface_601_501e9d83b2998d85713b.png","format":"png","width":1575},"train_acc":0.734375,"val_acc":0.56640625,"final_test_acc":0.5859375,"val_loss":0.884985089302063,"train_loss":0.43047329783439636,"train_total_spikes":0,"final_val_acc":0.56640625,"2D Loss Contour":{"format":"png","width":1623,"height":1176,"_type":"image-file","sha256":"ae8a29d379c0c10afb2f4e024ec893f8983b5bea9df4b1f970615648f55fa30a","size":138749,"path":"media/images/2D Loss Contour_602_ae8a29d379c0c10afb2f.png"},"val_total_spikes":0,"train_spikes_per_t":NaN}