{"_step":602,"final_test_acc":0.78125,"val_loss":0.6514424085617065,"_wandb":{"runtime":56},"train_spikes_per_t":NaN,"val_spikes_per_t":NaN,"train_loss":0.006616976577788591,"val_total_spikes":0,"final_val_acc":0.75390625,"train_acc":1,"train_total_spikes":0,"_timestamp":1.7466033701293416e+09,"2D Loss Contour":{"height":1176,"_type":"image-file","sha256":"4840646c70380ef7a4c6632d981489bd095ef6ceaa3949ab2ce6f16f5090604c","size":132781,"path":"media/images/2D Loss Contour_602_4840646c70380ef7a4c6.png","format":"png","width":1622},"final_train_acc":1,"val_acc":0.75390625,"3D Loss Surface":{"width":1548,"height":1266,"_type":"image-file","sha256":"b4efa3ae46c4b8941141d1a5a40a9bbcbf2265181463c0db57881311c965c3be","size":350094,"path":"media/images/3D Loss Surface_601_b4efa3ae46c4b8941141.png","format":"png"},"_runtime":56.526895122}