{"_runtime":172.476433716,"3D Loss Surface":{"sha256":"6604bfbc44f80f742fabe8f44fd634612dae61a1837c8bf27c5a6d09b184d011","size":414413,"path":"media/images/3D Loss Surface_601_6604bfbc44f80f742fab.png","format":"png","width":1522,"height":1266,"_type":"image-file"},"_wandb":{"runtime":172},"final_test_acc":0.640625,"final_val_acc":0.62109375,"_step":602,"val_spikes_per_t":28.07421875,"train_loss":3.2857489585876465,"train_spikes_per_t":28.25,"final_train_acc":0.53125,"val_acc":0.62109375,"val_loss":1.167894959449768,"_timestamp":1.7466372046410575e+09,"val_total_spikes":7187,"2D Loss Contour":{"width":1596,"height":1176,"_type":"image-file","sha256":"19d5d02dcec55d2d873b37b213ed415e1fdff0e75d76b1a4c7b9401f2d275f73","size":117690,"path":"media/images/2D Loss Contour_602_19d5d02dcec55d2d873b.png","format":"png"},"train_acc":0.53125,"train_total_spikes":7232}