{"2D Loss Contour":{"width":1623,"height":1176,"_type":"image-file","sha256":"34cb19c144ace40f7d306e42c0ee1be6652a66a9c97435f2910141d1826356f4","size":133897,"path":"media/images/2D Loss Contour_602_34cb19c144ace40f7d30.png","format":"png"},"final_val_acc":0.71484375,"train_acc":1,"val_total_spikes":0,"val_acc":0.71484375,"val_spikes_per_t":NaN,"_timestamp":1.7466052245526268e+09,"final_test_acc":0.734375,"train_spikes_per_t":NaN,"train_loss":0.011709515936672688,"_step":602,"val_loss":0.7464396953582764,"final_train_acc":1,"train_total_spikes":0,"_wandb":{"runtime":57},"_runtime":57.108459761,"3D Loss Surface":{"height":1266,"_type":"image-file","sha256":"6f134931dcc07f562377047ab3c5d66dc68deb4467201af9ef17f89fff8b266e","size":511695,"path":"media/images/3D Loss Surface_601_6f134931dcc07f562377.png","format":"png","width":1548}}