{"train_total_spikes":7812,"final_train_acc":1,"val_total_spikes":7813,"3D Loss Surface":{"_type":"image-file","sha256":"863a09a2e2cf38b656c3656a1218084216fa354bd896f0da74ac2f161a4f1a1d","size":429819,"path":"media/images/3D Loss Surface_601_863a09a2e2cf38b656c3.png","format":"png","width":1575,"height":1266},"train_loss":0.004939903970807791,"train_acc":1,"final_test_acc":0.9453125,"_runtime":177.521817077,"train_spikes_per_t":30.515625,"val_loss":0.1663387417793274,"_wandb":{"runtime":177},"val_spikes_per_t":30.51953125,"val_acc":0.93359375,"2D Loss Contour":{"path":"media/images/2D Loss Contour_602_708aa5b34abe9e598221.png","format":"png","width":1622,"height":1176,"_type":"image-file","sha256":"708aa5b34abe9e598221cdb5f1bc7ebe71f954302fd625de2ab609d8078681d6","size":137490},"_step":602,"final_val_acc":0.93359375,"_timestamp":1.7466273168943663e+09}