{"_wandb":{"runtime":168},"final_train_acc":0.72265625,"train_loss":0.5151633620262146,"final_val_acc":0.61328125,"val_total_spikes":11998,"3D Loss Surface":{"sha256":"c7571aa80fccda722831164d04a2585eed628b28e2d2dd08fa411fcb14960ec7","size":481542,"path":"media/images/3D Loss Surface_601_c7571aa80fccda722831.png","format":"png","width":1575,"height":1266,"_type":"image-file"},"train_spikes_per_t":47.1640625,"train_total_spikes":12074,"2D Loss Contour":{"height":1176,"_type":"image-file","sha256":"bd0374fbd7f835e89499d042489a2f0f5ce70831899da4b744170f209058c70d","size":115883,"path":"media/images/2D Loss Contour_602_bd0374fbd7f835e89499.png","format":"png","width":1622},"_timestamp":1.7466602707466424e+09,"val_loss":0.7191872596740723,"_step":602,"train_acc":0.72265625,"val_spikes_per_t":46.8671875,"val_acc":0.61328125,"final_test_acc":0.609375,"_runtime":168.41139781}