{"final_train_acc":1,"final_test_acc":0.8828125,"3D Loss Surface":{"height":1266,"_type":"image-file","sha256":"4e1e08bc95211d13c9eb9102cd6efedc487a8a6cc64babd28a5216870a973ea1","size":419988,"path":"media/images/3D Loss Surface_601_4e1e08bc95211d13c9eb.png","format":"png","width":1522},"val_acc":0.92578125,"train_total_spikes":12505,"train_acc":1,"_runtime":171.785230921,"val_total_spikes":12442,"val_spikes_per_t":48.6015625,"final_val_acc":0.92578125,"_step":602,"2D Loss Contour":{"size":114647,"path":"media/images/2D Loss Contour_602_3fecc948fee7e8cb6987.png","format":"png","width":1596,"height":1176,"_type":"image-file","sha256":"3fecc948fee7e8cb6987b930e7ea223a31db9dd59146ad79efba78c1ce1fb8bd"},"train_spikes_per_t":48.84765625,"_timestamp":1.746616913597735e+09,"val_loss":0.21090741455554962,"_wandb":{"runtime":171},"train_loss":0.007011898793280125}