{"train_total_spikes":6618,"val_loss":0.3832283318042755,"_runtime":161.407642319,"val_spikes_per_t":25.0625,"2D Loss Contour":{"width":1622,"height":1176,"_type":"image-file","sha256":"b371dadbea1bf8cb4f62aec7791b248a70ca33e1bfdee20d75be8c8d99eebdfc","size":118253,"path":"media/images/2D Loss Contour_602_b371dadbea1bf8cb4f62.png","format":"png"},"3D Loss Surface":{"format":"png","width":1574,"height":1266,"_type":"image-file","sha256":"48d08204ec95cfc4f6f7641ae69435e242468f1229b958006bde3ea871c4b133","size":452742,"path":"media/images/3D Loss Surface_601_48d08204ec95cfc4f6f7.png"},"train_loss":0.1297919750213623,"final_val_acc":0.88671875,"val_total_spikes":6416,"train_spikes_per_t":25.8515625,"_timestamp":1.7466974190629356e+09,"_step":602,"val_acc":0.88671875,"train_acc":0.953125,"final_train_acc":0.953125,"_wandb":{"runtime":161},"final_test_acc":0.87890625}