{"2D Loss Contour":{"height":1176,"_type":"image-file","sha256":"b30461d5f59ca1cf2833caa64761c748a317a5181a3d9bdbc35e592b1afe9e90","size":136602,"path":"media/images/2D Loss Contour_602_b30461d5f59ca1cf2833.png","format":"png","width":1649},"val_acc":0.9921875,"_step":602,"val_loss":0.03557144105434418,"train_acc":1,"final_train_acc":1,"train_spikes_per_t":42.03515625,"val_spikes_per_t":42.3125,"final_test_acc":0.9765625,"val_total_spikes":10832,"3D Loss Surface":{"sha256":"60095a53bc83f2b96297a191add33047be48c58ce05467206c26dd3e1aafd6f6","size":490268,"path":"media/images/3D Loss Surface_601_60095a53bc83f2b96297.png","format":"png","width":1575,"height":1266,"_type":"image-file"},"final_val_acc":0.9921875,"_wandb":{"runtime":102},"_runtime":102.738015723,"_timestamp":1.7466593080765803e+09,"train_loss":0.0001900562347145751,"train_total_spikes":10761}