{"_timestamp":1.746676043226151e+09,"final_val_acc":0.64453125,"val_acc":0.64453125,"train_acc":0.63671875,"_runtime":87.433655784,"train_loss":0.7505138516426086,"2D Loss Contour":{"height":1176,"_type":"image-file","sha256":"00a9080bd05c590fbeb7a96e4b5f4ea559648fc0841837eb61e8500c6b9b7678","size":160549,"path":"media/images/2D Loss Contour_602_00a9080bd05c590fbeb7.png","format":"png","width":1596},"val_loss":0.8037196397781372,"val_spikes_per_t":102.93359375,"train_total_spikes":26033,"3D Loss Surface":{"path":"media/images/3D Loss Surface_601_4652fdfd6128cb91a187.png","format":"png","width":1522,"height":1266,"_type":"image-file","sha256":"4652fdfd6128cb91a18769fc0e82eb65b20696fbd858654b0b603fdc615c97e5","size":363532},"_wandb":{"runtime":87},"final_train_acc":0.63671875,"_step":602,"final_test_acc":0.59375,"val_total_spikes":26351,"train_spikes_per_t":101.69140625}