{"final_train_acc":1,"val_loss":0.3300216495990753,"_runtime":172.476632395,"_step":602,"train_loss":0.0059102121740579605,"_wandb":{"runtime":172},"train_spikes_per_t":42.9921875,"train_total_spikes":11006,"val_acc":0.86328125,"final_test_acc":0.8828125,"val_total_spikes":10816,"final_val_acc":0.86328125,"3D Loss Surface":{"sha256":"85706b0b256a48ff177a5a3d43654e5a5ff85694e67bb4e053f34a698b066f04","size":461619,"path":"media/images/3D Loss Surface_601_85706b0b256a48ff177a.png","format":"png","width":1548,"height":1266,"_type":"image-file"},"val_spikes_per_t":42.25,"2D Loss Contour":{"_type":"image-file","sha256":"9566f0cb69b003be854ba28bd91924a4b75c0f6ec9a9a0492711473d57fb284b","size":106256,"path":"media/images/2D Loss Contour_602_9566f0cb69b003be854b.png","format":"png","width":1596,"height":1176},"_timestamp":1.7466422353449538e+09,"train_acc":1}