{"2D Loss Contour":{"width":1596,"height":1176,"_type":"image-file","sha256":"eee7b9758574eacfa55d269d7e09d359c30619f675d53a8475ffe39da3e5df2c","size":108548,"path":"media/images/2D Loss Contour_602_eee7b9758574eacfa55d.png","format":"png"},"_wandb":{"runtime":113},"val_acc":0.5,"train_acc":0.51953125,"3D Loss Surface":{"width":1548,"height":1266,"_type":"image-file","sha256":"2af8e2330448c19b18012a78fb9f067fce2c5eeab3f4c90ab518c2be8292e998","size":399587,"path":"media/images/3D Loss Surface_601_2af8e2330448c19b1801.png","format":"png"},"_runtime":113.7238913,"train_total_spikes":45494,"train_loss":0.5901818871498108,"final_train_acc":0.51953125,"val_spikes_per_t":177.81640625,"val_total_spikes":45521,"val_loss":0.685592770576477,"_step":602,"train_spikes_per_t":177.7109375,"_timestamp":1.7465739516199956e+09,"final_val_acc":0.5,"final_test_acc":0.48046875}