{"train_spikes_per_t":NaN,"final_val_acc":0.609375,"val_spikes_per_t":NaN,"_wandb":{"runtime":43},"train_loss":0.4247981011867523,"train_acc":0.8046875,"val_loss":1.4511140584945679,"_timestamp":1.746670074806378e+09,"_step":602,"final_train_acc":0.8046875,"3D Loss Surface":{"size":481335,"path":"media/images/3D Loss Surface_601_603fc3bd7ff21d0695bf.png","format":"png","width":1548,"height":1266,"_type":"image-file","sha256":"603fc3bd7ff21d0695bf41f581cc0cecd2c45deb67265a07c018d482f029b894"},"val_acc":0.609375,"val_total_spikes":0,"final_test_acc":0.59765625,"train_total_spikes":0,"_runtime":43.411117221,"2D Loss Contour":{"height":1176,"_type":"image-file","sha256":"3d2443318f806e4b74f71b1a71e6fbaaefda2b644ca51897c251e4af5c1168ea","size":131161,"path":"media/images/2D Loss Contour_602_3d2443318f806e4b74f7.png","format":"png","width":1622}}