{"_timestamp":1.746674117656857e+09,"_wandb":{"runtime":64},"val_acc":0.859375,"train_acc":1,"_step":602,"_runtime":64.287649268,"final_train_acc":1,"train_total_spikes":10324,"2D Loss Contour":{"height":1176,"_type":"image-file","sha256":"4f095edaa54c2e33bf99467d8c1c6f7fe2ecf8581878bab539854d5f2f00ed6c","size":145875,"path":"media/images/2D Loss Contour_602_4f095edaa54c2e33bf99.png","format":"png","width":1649},"final_val_acc":0.859375,"val_total_spikes":10330,"3D Loss Surface":{"size":357017,"path":"media/images/3D Loss Surface_601_6a4f4f05e95113189078.png","format":"png","width":1548,"height":1266,"_type":"image-file","sha256":"6a4f4f05e95113189078f845c8bcc0a7552506debd3b9eb3c0f503334f07401d"},"train_spikes_per_t":40.328125,"final_test_acc":0.85546875,"val_spikes_per_t":40.3515625,"val_loss":0.3659667372703552,"train_loss":0.004442331846803427}