{"final_val_acc":0.96484375,"final_test_acc":0.96875,"_runtime":74.976461054,"train_spikes_per_t":84.21875,"val_total_spikes":21509,"_wandb":{"runtime":74},"val_acc":0.96484375,"train_acc":0.98828125,"_timestamp":1.746590510282367e+09,"_step":602,"3D Loss Surface":{"format":"png","width":1469,"height":1266,"_type":"image-file","sha256":"88cb9918a31377ec0357a8721cd70824d36da7728bd5e04bcf0412c0cc3db298","size":408452,"path":"media/images/3D Loss Surface_601_88cb9918a31377ec0357.png"},"val_spikes_per_t":84.01953125,"val_loss":0.3839093744754791,"train_loss":0.367920458316803,"2D Loss Contour":{"format":"png","width":1543,"height":1176,"_type":"image-file","sha256":"09b07a606cc6d007cc03f30c8121683764d812cca8888ae4f9cd457cd7e67741","size":122770,"path":"media/images/2D Loss Contour_602_09b07a606cc6d007cc03.png"},"final_train_acc":0.98828125,"train_total_spikes":21560}