{"val_acc":0.796875,"train_spikes_per_t":36.75390625,"val_loss":0.6375951170921326,"_wandb":{"runtime":172},"2D Loss Contour":{"width":1623,"height":1176,"_type":"image-file","sha256":"6dbc41bfd679f58b1c7906f99ae2afb1f3b30966a58bc6d5445748677031c403","size":146411,"path":"media/images/2D Loss Contour_602_6dbc41bfd679f58b1c79.png","format":"png"},"final_test_acc":0.796875,"final_val_acc":0.796875,"final_train_acc":1,"train_acc":1,"train_total_spikes":9409,"_step":602,"val_total_spikes":9319,"3D Loss Surface":{"_type":"image-file","sha256":"3d4d32a5bd568735114a5cccc2a9dcb7c60f9ee92b0d34ae551f0372b80531db","size":388954,"path":"media/images/3D Loss Surface_601_3d4d32a5bd568735114a.png","format":"png","width":1522,"height":1266},"_runtime":172.438025649,"train_loss":0.009411056526005268,"_timestamp":1.7466351239545267e+09,"val_spikes_per_t":36.40234375}