{"final_train_acc":0.546875,"_step":602,"val_acc":0.578125,"3D Loss Surface":{"height":1266,"_type":"image-file","sha256":"81c6f688369eec453e5187c9a9820593499f0bb58ba526276da82871bd177d3a","size":466456,"path":"media/images/3D Loss Surface_601_81c6f688369eec453e51.png","format":"png","width":1548},"val_loss":0.7426378726959229,"val_spikes_per_t":91.91015625,"_timestamp":1.7466629485089393e+09,"train_loss":0.8089620471000671,"2D Loss Contour":{"path":"media/images/2D Loss Contour_602_c099e5c23124895ac3fe.png","format":"png","width":1596,"height":1176,"_type":"image-file","sha256":"c099e5c23124895ac3fe05f42acf07dbaae4687e9337a207b6801e42acf2e078","size":167023},"train_spikes_per_t":90.45703125,"train_acc":0.546875,"final_val_acc":0.578125,"val_total_spikes":23529,"final_test_acc":0.484375,"_wandb":{"runtime":156},"train_total_spikes":23157,"_runtime":156.070959753}