{"3D Loss Surface":{"sha256":"5cac9084c604111d52d9e83d7a89b00b2ee5b1b4c650837f2b6486676c00c294","size":421929,"path":"media/images/3D Loss Surface_601_5cac9084c604111d52d9.png","format":"png","width":1575,"height":1266,"_type":"image-file"},"val_loss":0.392916738986969,"_wandb":{"runtime":75},"val_total_spikes":15369,"val_spikes_per_t":60.03515625,"final_train_acc":0.97265625,"train_acc":0.97265625,"_runtime":75.569315953,"final_val_acc":0.953125,"final_test_acc":0.9609375,"train_loss":0.369242787361145,"train_spikes_per_t":60.69140625,"_timestamp":1.746593786823066e+09,"_step":602,"2D Loss Contour":{"sha256":"4544c573ff607627d2f060619d9d528c5a54d5f7e7d401bbcb0027ae18f0e41b","size":117807,"path":"media/images/2D Loss Contour_602_4544c573ff607627d2f0.png","format":"png","width":1623,"height":1176,"_type":"image-file"},"train_total_spikes":15537,"val_acc":0.953125}