{"train_loss":0.06986213475465775,"final_train_acc":0.9765625,"_wandb":{"runtime":57},"_timestamp":1.7466073643668902e+09,"train_spikes_per_t":NaN,"2D Loss Contour":{"size":126778,"path":"media/images/2D Loss Contour_602_f2b2af97950e7ed069be.png","format":"png","width":1622,"height":1176,"_type":"image-file","sha256":"f2b2af97950e7ed069bef2ae01fffe434e50a0bf43348b43926c2e0602e7c681"},"train_total_spikes":0,"3D Loss Surface":{"width":1548,"height":1266,"_type":"image-file","sha256":"a22b8fc2e82123052233f8c19191f9eada8f8695f29a278aff9a4fee173a479e","size":446516,"path":"media/images/3D Loss Surface_601_a22b8fc2e82123052233.png","format":"png"},"val_acc":0.86328125,"final_test_acc":0.828125,"val_total_spikes":0,"final_val_acc":0.86328125,"val_loss":0.45315736532211304,"_runtime":57.564477568,"val_spikes_per_t":NaN,"_step":602,"train_acc":0.9765625}