{"train_total_spikes":9651,"val_total_spikes":9530,"train_acc":1,"_timestamp":1.7466366852601144e+09,"val_spikes_per_t":37.2265625,"train_loss":0.009678179398179054,"final_val_acc":0.87109375,"train_spikes_per_t":37.69921875,"final_test_acc":0.87109375,"_runtime":172.855537808,"_step":602,"3D Loss Surface":{"_type":"image-file","sha256":"3fe493ac81ddcff07d3edc354daca4cba6787dfa5ff2bd6d335cf7e1f77879b8","size":412954,"path":"media/images/3D Loss Surface_601_3fe493ac81ddcff07d3e.png","format":"png","width":1548,"height":1266},"final_train_acc":1,"_wandb":{"runtime":172},"val_acc":0.87109375,"2D Loss Contour":{"width":1622,"height":1176,"_type":"image-file","sha256":"c563bf44f3f93fb76de08f518b07c86b6d724b08e05a410320737fc5c8058937","size":129910,"path":"media/images/2D Loss Contour_602_c563bf44f3f93fb76de0.png","format":"png"},"val_loss":0.2968219518661499}