{"2D Loss Contour":{"path":"media/images/2D Loss Contour_602_d1be1e83c572b4a27c19.png","format":"png","width":1596,"height":1176,"_type":"image-file","sha256":"d1be1e83c572b4a27c193dc6c1a3fe9bfe9237f7fe27f5608dcd1048eca381ee","size":127649},"final_train_acc":0.984375,"val_loss":1.6392371654510498,"3D Loss Surface":{"size":438836,"path":"media/images/3D Loss Surface_601_898b1f3d863a9476bdb0.png","format":"png","width":1522,"height":1266,"_type":"image-file","sha256":"898b1f3d863a9476bdb0a67bcdb55ca4d8add9a6eea3856dadc493ec0b404a27"},"train_acc":0.984375,"train_total_spikes":20594,"final_val_acc":0.6875,"_timestamp":1.7466720489740393e+09,"train_spikes_per_t":80.4453125,"val_total_spikes":20221,"val_spikes_per_t":78.98828125,"_step":602,"final_test_acc":0.73046875,"val_acc":0.6875,"train_loss":0.07051154226064682,"_runtime":91.113535695,"_wandb":{"runtime":91}}