{"final_test_acc":0.9453125,"final_train_acc":1,"train_total_spikes":9120,"train_loss":0.009620706550776958,"val_acc":0.9296875,"train_acc":1,"_timestamp":1.746641193011022e+09,"2D Loss Contour":{"height":1176,"_type":"image-file","sha256":"2d9650fb5bb5eeb093f0eb6a84bbc3e50e5b3f5882be76f535bec399834897df","size":112190,"path":"media/images/2D Loss Contour_602_2d9650fb5bb5eeb093f0.png","format":"png","width":1622},"_runtime":172.084748186,"train_spikes_per_t":35.625,"_step":602,"final_val_acc":0.9296875,"val_spikes_per_t":35.1953125,"3D Loss Surface":{"format":"png","width":1522,"height":1266,"_type":"image-file","sha256":"459b5a8f74d833f92a949eebb4f6d90af0724b2f2036e718133c36c7452588ab","size":437151,"path":"media/images/3D Loss Surface_601_459b5a8f74d833f92a94.png"},"val_loss":0.1412806361913681,"_wandb":{"runtime":172},"val_total_spikes":9010}