{"train_acc":1,"train_loss":0.005665855016559362,"val_spikes_per_t":25.0625,"_timestamp":1.7466418881935291e+09,"train_total_spikes":6643,"_step":602,"val_loss":0.20218196511268616,"final_test_acc":0.9296875,"final_train_acc":1,"_wandb":{"runtime":172},"2D Loss Contour":{"sha256":"ebd8731673734efefb9150f6938e9c566db73f6f0734edae83455352cc083c85","size":99150,"path":"media/images/2D Loss Contour_602_ebd8731673734efefb91.png","format":"png","width":1596,"height":1176,"_type":"image-file"},"_runtime":172.730372304,"final_val_acc":0.91796875,"3D Loss Surface":{"sha256":"718f97326805e3b7d22b5bf100e7934f947a85897932149a40c9c3d237dfd9c7","size":418196,"path":"media/images/3D Loss Surface_601_718f97326805e3b7d22b.png","format":"png","width":1522,"height":1266,"_type":"image-file"},"val_acc":0.91796875,"train_spikes_per_t":25.94921875,"val_total_spikes":6416}