{"final_test_acc":0.9765625,"_wandb":{"runtime":76},"val_loss":0.01346904132515192,"2D Loss Contour":{"_type":"image-file","sha256":"7d9f8863c9c35926660b1bc88febc4532a44ba5400b52397ed85d2feb5595262","size":143276,"path":"media/images/2D Loss Contour_602_7d9f8863c9c35926660b.png","format":"png","width":1623,"height":1176},"final_train_acc":1,"train_loss":0.00043547165114432573,"train_spikes_per_t":76.37109375,"val_total_spikes":19377,"val_spikes_per_t":75.69140625,"_step":602,"_timestamp":1.7465947780323184e+09,"val_acc":0.9921875,"final_val_acc":0.9921875,"_runtime":76.432821539,"train_acc":1,"3D Loss Surface":{"_type":"image-file","sha256":"bb5ee3663ebfe60ad2a495c8f850534b5adfeda07fff3d0e71058e417bffb119","size":260239,"path":"media/images/3D Loss Surface_601_bb5ee3663ebfe60ad2a4.png","format":"png","width":1549,"height":1266},"train_total_spikes":19551}