{"train_spikes_per_t":63.71875,"train_total_spikes":16312,"_wandb":{"runtime":102},"_step":602,"final_val_acc":0.99609375,"3D Loss Surface":{"height":1266,"_type":"image-file","sha256":"7abba2a4f37be08c731c7124fa1f27d2d2ed0d8fcc358a7cb7919cd337601100","size":448330,"path":"media/images/3D Loss Surface_601_7abba2a4f37be08c731c.png","format":"png","width":1575},"2D Loss Contour":{"sha256":"0bfbf9ef96d44a9efae486d968edc36c34bc3f649a68a01b66a1b23bc0bf2fe0","size":134803,"path":"media/images/2D Loss Contour_602_0bfbf9ef96d44a9efae4.png","format":"png","width":1649,"height":1176,"_type":"image-file"},"final_test_acc":1,"train_loss":0.00018520581943448633,"val_loss":0.015440771356225014,"val_spikes_per_t":63.05859375,"_runtime":102.824469693,"val_total_spikes":16143,"val_acc":0.99609375,"train_acc":1,"final_train_acc":1,"_timestamp":1.7466626147842762e+09}