{"final_val_acc":0.84375,"_step":602,"val_total_spikes":0,"_timestamp":1.746597927281084e+09,"val_spikes_per_t":NaN,"train_acc":0.9765625,"_wandb":{"runtime":57},"final_train_acc":0.9765625,"val_loss":0.5251535177230835,"2D Loss Contour":{"path":"media/images/2D Loss Contour_602_9431197bc817c578a9d3.png","format":"png","width":1622,"height":1176,"_type":"image-file","sha256":"9431197bc817c578a9d3fa96dc8e36e9a150c3dd691934cadc7f19489fecb7bc","size":116645},"final_test_acc":0.73828125,"train_spikes_per_t":NaN,"val_acc":0.84375,"_runtime":57.338358668,"3D Loss Surface":{"_type":"image-file","sha256":"2d73974ba7e5e145bc8f2416f8d2f1b29b1695d6be2291f3d4efec0e505de851","size":489174,"path":"media/images/3D Loss Surface_601_2d73974ba7e5e145bc8f.png","format":"png","width":1548,"height":1266},"train_loss":0.09703713655471802,"train_total_spikes":0}