{"2D Loss Contour":{"sha256":"09fda61e2673ca2a3d43736b4714ffb25caef73078efd9bebe6b93988f4ab849","size":158347,"path":"media/images/2D Loss Contour_602_09fda61e2673ca2a3d43.png","format":"png","width":1570,"height":1176,"_type":"image-file"},"train_spikes_per_t":107.87109375,"train_loss":1.2783859968185425,"val_acc":0.43359375,"final_val_acc":0.43359375,"_step":602,"final_test_acc":0.49609375,"_runtime":114.953013059,"final_train_acc":0.53125,"val_spikes_per_t":107.72265625,"val_total_spikes":27577,"val_loss":1.6390408277511597,"_wandb":{"runtime":114},"train_acc":0.53125,"3D Loss Surface":{"size":427411,"path":"media/images/3D Loss Surface_601_288a3bff9782031bbd49.png","format":"png","width":1522,"height":1266,"_type":"image-file","sha256":"288a3bff9782031bbd4952d2aee223ec96cc443c01cfa35547f98b0ba808f664"},"train_total_spikes":27615,"_timestamp":1.7465728034022915e+09}