{"val_spikes_per_t":NaN,"train_total_spikes":0,"final_train_acc":0.64453125,"val_loss":0.6819041967391968,"_wandb":{"runtime":57},"_timestamp":1.7465981596481001e+09,"val_total_spikes":0,"train_spikes_per_t":NaN,"train_loss":0.6280873417854309,"final_test_acc":0.55859375,"final_val_acc":0.59375,"val_acc":0.59375,"_step":602,"2D Loss Contour":{"sha256":"5fec2a647f1e2325bbe1e6a87761bec9fbc1f56e0cd3d22f62670969579270da","size":143071,"path":"media/images/2D Loss Contour_602_5fec2a647f1e2325bbe1.png","format":"png","width":1596,"height":1176,"_type":"image-file"},"3D Loss Surface":{"format":"png","width":1548,"height":1266,"_type":"image-file","sha256":"06d37cefc8b96222a1077ccc4fcb64068f39067de4c1634e1a1d5d351b3cc5c9","size":419494,"path":"media/images/3D Loss Surface_601_06d37cefc8b96222a107.png"},"train_acc":0.64453125,"_runtime":57.573035621}