{"3D Loss Surface":{"width":1522,"height":1266,"_type":"image-file","sha256":"5174dd63bfcc5940f25b0543424cd4c63365a1e61139a783f6052e433a616552","size":354627,"path":"media/images/3D Loss Surface_601_5174dd63bfcc5940f25b.png","format":"png"},"final_train_acc":0.7734375,"val_total_spikes":15496,"train_total_spikes":15418,"val_spikes_per_t":60.53125,"final_val_acc":0.58984375,"_runtime":91.818603836,"val_loss":0.7429372072219849,"train_spikes_per_t":60.2265625,"val_acc":0.58984375,"train_loss":0.5035114288330078,"train_acc":0.7734375,"2D Loss Contour":{"_type":"image-file","sha256":"398872e648c133e891ebcac1d247497b5ec2cc73a0aa47c788042c59cf6882eb","size":132535,"path":"media/images/2D Loss Contour_602_398872e648c133e891eb.png","format":"png","width":1622,"height":1176},"_step":602,"final_test_acc":0.5859375,"_timestamp":1.746672233323504e+09,"_wandb":{"runtime":91}}