{"val_spikes_per_t":87.15234375,"train_acc":0.9765625,"_timestamp":1.7466552667101085e+09,"3D Loss Surface":{"sha256":"f53e259f1d987a5e41a692d961e06bae318560656fbec79a46f3df479d7b4baa","size":441764,"path":"media/images/3D Loss Surface_601_f53e259f1d987a5e41a6.png","format":"png","width":1548,"height":1266,"_type":"image-file"},"final_train_acc":0.9765625,"final_val_acc":0.83984375,"val_acc":0.83984375,"_wandb":{"runtime":74},"_runtime":74.91011366,"train_spikes_per_t":86.47265625,"final_test_acc":0.8359375,"train_total_spikes":22137,"val_total_spikes":22311,"2D Loss Contour":{"_type":"image-file","sha256":"9b917c3ea9b561f94b63ff10119be052571db8be0f57e5271228cc64c101af40","size":126228,"path":"media/images/2D Loss Contour_602_9b917c3ea9b561f94b63.png","format":"png","width":1622,"height":1176},"val_loss":0.681408703327179,"train_loss":0.3801111578941345,"_step":602}