{"final_val_acc":1,"val_loss":0.004612002521753311,"_timestamp":1.7465652941482036e+09,"3D Loss Surface":{"size":405657,"path":"media/images/3D Loss Surface_601_91883b22401475823b4d.png","format":"png","width":1548,"height":1266,"_type":"image-file","sha256":"91883b22401475823b4dee4c3306c2a05fcd34cd1237548ad045b511f96a76ff"},"2D Loss Contour":{"size":127921,"path":"media/images/2D Loss Contour_602_bcfa6f158ba6866ad30d.png","format":"png","width":1649,"height":1176,"_type":"image-file","sha256":"bcfa6f158ba6866ad30dc4d37db58811431de5767eded652dd4213946235281f"},"train_loss":0.002129592699930072,"val_spikes_per_t":117.26953125,"train_spikes_per_t":118.546875,"final_test_acc":1,"val_total_spikes":30021,"_runtime":113.436622246,"_wandb":{"runtime":113},"val_acc":1,"train_total_spikes":30348,"final_train_acc":1,"train_acc":1,"_step":602}