{"final_val_acc":0.98046875,"train_loss":0.3710286617279053,"train_acc":0.984375,"_wandb":{"runtime":75},"_timestamp":1.7465921857816627e+09,"val_total_spikes":16730,"3D Loss Surface":{"path":"media/images/3D Loss Surface_601_984432239745c429144f.png","format":"png","width":1575,"height":1266,"_type":"image-file","sha256":"984432239745c429144fdc79d92496cc7e5cf8506abe52475ebf78f0a0c1dce7","size":479646},"_runtime":75.218037509,"final_test_acc":0.94140625,"final_train_acc":0.984375,"_step":602,"val_loss":0.36374762654304504,"val_spikes_per_t":65.3515625,"train_spikes_per_t":65.765625,"val_acc":0.98046875,"2D Loss Contour":{"sha256":"7b5874dc40fe6514f985cb26aee3931bfbc545f2a6cc91f9dad8882d641d8824","size":149071,"path":"media/images/2D Loss Contour_602_7b5874dc40fe6514f985.png","format":"png","width":1675,"height":1176,"_type":"image-file"},"train_total_spikes":16836}