{"train_loss":0.020604198798537254,"train_spikes_per_t":NaN,"val_spikes_per_t":NaN,"final_train_acc":1,"val_acc":0.75390625,"train_total_spikes":0,"final_val_acc":0.75390625,"train_acc":1,"val_loss":0.9979352355003357,"_runtime":33.233419797,"final_test_acc":0.75390625,"3D Loss Surface":{"sha256":"f9cec2ef3b6d9fdd8bb68a51b49583536daf044fedc799f4f6fd6f5d29b52565","size":277852,"path":"media/images/3D Loss Surface_601_f9cec2ef3b6d9fdd8bb6.png","format":"png","width":1548,"height":1266,"_type":"image-file"},"val_total_spikes":0,"_timestamp":1.7466713629051952e+09,"_wandb":{"runtime":33},"2D Loss Contour":{"width":1596,"height":1176,"_type":"image-file","sha256":"fcd531e3cfd2af78a6674b774d8e1b819088b19b17ee8f34e88683a1e79133fb","size":147137,"path":"media/images/2D Loss Contour_602_fcd531e3cfd2af78a667.png","format":"png"},"_step":602}