{"_runtime":102.890237102,"val_loss":0.011862601153552532,"final_train_acc":1,"_timestamp":1.7466665462501898e+09,"final_test_acc":0.98046875,"final_val_acc":0.9921875,"train_loss":0.0010982691310346127,"val_total_spikes":15463,"_wandb":{"runtime":102},"train_spikes_per_t":60.83984375,"train_total_spikes":15575,"train_acc":1,"2D Loss Contour":{"height":1176,"_type":"image-file","sha256":"5d5c513c685193ff5405fe87d33bdaffcddbb581c002beead2fa87bd7dfd55d4","size":110334,"path":"media/images/2D Loss Contour_602_5d5c513c685193ff5405.png","format":"png","width":1623},"_step":602,"val_spikes_per_t":60.40234375,"val_acc":0.9921875,"3D Loss Surface":{"format":"png","width":1549,"height":1266,"_type":"image-file","sha256":"079d9b875604dde02138e55ffcfded75caa252fb2662e4935b20e578bd0326ea","size":406530,"path":"media/images/3D Loss Surface_601_079d9b875604dde02138.png"}}