{"val_spikes_per_t":NaN,"train_acc":1,"val_acc":0.72265625,"_runtime":33.533625631,"2D Loss Contour":{"width":1623,"height":1176,"_type":"image-file","sha256":"2b59ff70362020f6ac93831b77ab5c1d53577cd0b78fe9a957d4d970984e76b8","size":138092,"path":"media/images/2D Loss Contour_602_2b59ff70362020f6ac93.png","format":"png"},"final_val_acc":0.72265625,"3D Loss Surface":{"sha256":"6c0401b17bc33d142aee8148b53e704f9265679a2d87fe2ae6601f5427ec334d","size":333478,"path":"media/images/3D Loss Surface_601_6c0401b17bc33d142aee.png","format":"png","width":1548,"height":1266,"_type":"image-file"},"_timestamp":1.74667132889613e+09,"train_loss":0.005284593440592289,"val_total_spikes":0,"_wandb":{"runtime":33},"final_test_acc":0.73046875,"final_train_acc":1,"_step":602,"val_loss":1.311227560043335,"train_total_spikes":0,"train_spikes_per_t":NaN}