{"_timestamp":1.7466365116801045e+09,"train_spikes_per_t":27.7734375,"final_val_acc":0.98046875,"final_train_acc":1,"_runtime":172.294960453,"val_total_spikes":7127,"3D Loss Surface":{"format":"png","width":1575,"height":1266,"_type":"image-file","sha256":"87bfb5797db374e20422755d4432bc7e6ea6299d4287ceb8001c9559f9681a77","size":412633,"path":"media/images/3D Loss Surface_601_87bfb5797db374e20422.png"},"_step":602,"_wandb":{"runtime":172},"val_spikes_per_t":27.83984375,"train_loss":0.014205868355929852,"val_acc":0.98046875,"train_total_spikes":7110,"val_loss":0.053740497678518295,"train_acc":1,"final_test_acc":0.96484375,"2D Loss Contour":{"width":1649,"height":1176,"_type":"image-file","sha256":"418e9bdf2fcfeb679685c038b82f97a9f22ad8ea6e5712f53b391cbc96dc95e0","size":139207,"path":"media/images/2D Loss Contour_602_418e9bdf2fcfeb679685.png","format":"png"}}