{"train_total_spikes":23973,"val_total_spikes":23604,"final_train_acc":1,"3D Loss Surface":{"format":"png","width":1522,"height":1266,"_type":"image-file","sha256":"b0b1ca81cae7c3c1b53e3f47614ce45e4ea2c92aae7982ebcfaf01faa46b69e3","size":430443,"path":"media/images/3D Loss Surface_601_b0b1ca81cae7c3c1b53e.png"},"train_acc":1,"_timestamp":1.746570217898973e+09,"_wandb":{"runtime":113},"_step":602,"2D Loss Contour":{"path":"media/images/2D Loss Contour_602_511a408fecdbae91c022.png","format":"png","width":1596,"height":1176,"_type":"image-file","sha256":"511a408fecdbae91c0225c1339312ff3f2ea762014fbec8342fb4199552befd8","size":107902},"val_spikes_per_t":92.203125,"train_loss":0.0038004114758223295,"_runtime":113.784314445,"final_val_acc":0.98828125,"train_spikes_per_t":93.64453125,"val_acc":0.98828125,"final_test_acc":0.99609375,"val_loss":0.030419697985053062}