{"val_acc":0.5625,"final_train_acc":0.56640625,"_timestamp":1.7466543622676687e+09,"val_total_spikes":22916,"train_spikes_per_t":89.3046875,"2D Loss Contour":{"size":132515,"path":"media/images/2D Loss Contour_602_b4015b7d74cad5a2922a.png","format":"png","width":1596,"height":1176,"_type":"image-file","sha256":"b4015b7d74cad5a2922a23cdf40b289c5e38131ee5852de919dd572df84f33c6"},"val_loss":1.533078670501709,"final_val_acc":0.5625,"_wandb":{"runtime":74},"_runtime":74.680670327,"final_test_acc":0.55078125,"_step":602,"train_total_spikes":22862,"train_acc":0.56640625,"train_loss":1.3141251802444458,"val_spikes_per_t":89.515625,"3D Loss Surface":{"sha256":"e2e690278388ad9f4e0d0e8b82e5c6f36b64709952665e1f924fe22596cdf950","size":410035,"path":"media/images/3D Loss Surface_601_e2e690278388ad9f4e0d.png","format":"png","width":1522,"height":1266,"_type":"image-file"}}