{"train_total_spikes":16767,"_wandb":{"runtime":76},"_timestamp":1.7465920340221133e+09,"val_total_spikes":16526,"2D Loss Contour":{"format":"png","width":1623,"height":1176,"_type":"image-file","sha256":"cb726bffffc0d216226e0fb10d53993998b5229792fc7e34901f18342640357e","size":138087,"path":"media/images/2D Loss Contour_602_cb726bffffc0d216226e.png"},"final_test_acc":0.99609375,"val_loss":0.017527557909488678,"train_acc":1,"train_loss":0.0005866498104296625,"final_val_acc":0.98828125,"train_spikes_per_t":65.49609375,"val_spikes_per_t":64.5546875,"val_acc":0.98828125,"3D Loss Surface":{"_type":"image-file","sha256":"30e7a9861608f593dca77bf5b7434d12d2120dab434e7821a5cf2859e1abc345","size":296025,"path":"media/images/3D Loss Surface_601_30e7a9861608f593dca7.png","format":"png","width":1575,"height":1266},"final_train_acc":1,"_step":602,"_runtime":76.399302362}