{"2D Loss Contour":{"width":1622,"height":1176,"_type":"image-file","sha256":"572c3bcb4bf40b96f7b34124be3dc07ddc10b86d88c002234d18870d4f5ec3ee","size":130340,"path":"media/images/2D Loss Contour_602_572c3bcb4bf40b96f7b3.png","format":"png"},"train_spikes_per_t":93.625,"val_spikes_per_t":93.2421875,"_timestamp":1.74657170712566e+09,"final_val_acc":0.98828125,"_runtime":114.181585985,"val_loss":0.036697521805763245,"train_loss":0.009405447170138359,"3D Loss Surface":{"_type":"image-file","sha256":"f0f79ffff94910d50c8521d89e5852c2fb925bcabf0ff2e60056f0e4c95fa48b","size":488414,"path":"media/images/3D Loss Surface_601_f0f79ffff94910d50c85.png","format":"png","width":1548,"height":1266},"_wandb":{"runtime":114},"val_total_spikes":23870,"train_total_spikes":23968,"final_train_acc":1,"final_test_acc":0.984375,"val_acc":0.98828125,"train_acc":1,"_step":602}