{"3D Loss Surface":{"sha256":"5090fe4578dcc41802fc7376abb97b39a0fd39b7ef802d48f0ff9c5c9317122a","size":384390,"path":"media/images/3D Loss Surface_601_5090fe4578dcc41802fc.png","format":"png","width":1522,"height":1266,"_type":"image-file"},"val_acc":0.828125,"val_spikes_per_t":34.5546875,"final_val_acc":0.828125,"val_loss":0.453350692987442,"train_loss":0.00800202414393425,"val_total_spikes":8846,"2D Loss Contour":{"_type":"image-file","sha256":"710d8d3cf1fad3bc5a15ebb0d8b70c6228a98792c6fee9091da532726420daf2","size":114171,"path":"media/images/2D Loss Contour_602_710d8d3cf1fad3bc5a15.png","format":"png","width":1596,"height":1176},"_step":602,"final_train_acc":1,"_wandb":{"runtime":172},"train_total_spikes":8871,"_runtime":172.473249355,"train_acc":1,"_timestamp":1.7466288761583445e+09,"train_spikes_per_t":34.65234375,"final_test_acc":0.8203125}