{"_runtime":75.252465033,"final_train_acc":1,"val_total_spikes":18057,"val_loss":0.012130997143685818,"_step":602,"train_acc":1,"train_total_spikes":18171,"val_acc":0.99609375,"train_spikes_per_t":70.98046875,"_timestamp":1.7465906629643688e+09,"final_val_acc":0.99609375,"3D Loss Surface":{"path":"media/images/3D Loss Surface_601_27097ba9938711217815.png","format":"png","width":1548,"height":1266,"_type":"image-file","sha256":"27097ba99387112178158c365ec4d0f9aab4526ee27a0b2a8d9803a5da2d0da3","size":441853},"2D Loss Contour":{"format":"png","width":1622,"height":1176,"_type":"image-file","sha256":"6773d49e93444f34d9a370c3003f580fb7f7dc22f7c574cd8775af29d95a963c","size":114214,"path":"media/images/2D Loss Contour_602_6773d49e93444f34d9a3.png"},"_wandb":{"runtime":75},"final_test_acc":1,"train_loss":0.00030101873562671244,"val_spikes_per_t":70.53515625}