{"final_val_acc":0.57421875,"_wandb":{"runtime":168},"final_train_acc":0.5390625,"2D Loss Contour":{"_type":"image-file","sha256":"59286680e85311f05bf268468fd082d92bae26a9e69e1930e41f73290358e28e","size":128766,"path":"media/images/2D Loss Contour_602_59286680e85311f05bf2.png","format":"png","width":1596,"height":1176},"_runtime":168.036235796,"_timestamp":1.7466579048492668e+09,"val_acc":0.57421875,"train_loss":4.334114074707031,"3D Loss Surface":{"width":1522,"height":1266,"_type":"image-file","sha256":"80a936d5b8a263cf9d035f3e1cfde6b80f9f10afa26877e161952782ce83d7f7","size":370528,"path":"media/images/3D Loss Surface_601_80a936d5b8a263cf9d03.png","format":"png"},"train_spikes_per_t":37.89453125,"train_acc":0.5390625,"_step":602,"val_total_spikes":9774,"train_total_spikes":9701,"val_spikes_per_t":38.1796875,"val_loss":3.9975717067718506,"final_test_acc":0.5234375}