{"train_spikes_per_t":89.63671875,"_wandb":{"runtime":113},"val_acc":0.98046875,"2D Loss Contour":{"width":1622,"height":1176,"_type":"image-file","sha256":"581bb41ecd5a5e28045923992ae5f8b0b511bbea3189831c2e6013b35b0a8c71","size":133197,"path":"media/images/2D Loss Contour_602_581bb41ecd5a5e280459.png","format":"png"},"3D Loss Surface":{"height":1266,"_type":"image-file","sha256":"54657109dae0681725cfd77c9d1819faae98d5ced40bc18ad1d68abc468512ec","size":443725,"path":"media/images/3D Loss Surface_601_54657109dae0681725cf.png","format":"png","width":1548},"final_train_acc":0.99609375,"_step":602,"val_loss":0.046265363693237305,"train_total_spikes":22947,"val_total_spikes":23032,"_timestamp":1.7465675821597488e+09,"train_acc":0.99609375,"_runtime":113.839717561,"final_test_acc":0.953125,"train_loss":0.019570739939808846,"val_spikes_per_t":89.96875,"final_val_acc":0.98046875}