{"_wandb":{"runtime":113},"3D Loss Surface":{"size":426285,"path":"media/images/3D Loss Surface_601_366c669ec28bbd95338a.png","format":"png","width":1522,"height":1266,"_type":"image-file","sha256":"366c669ec28bbd95338a5ece42b3bfe067551988c9fd2d16f847632802c1e727"},"_timestamp":1.7465651799615047e+09,"train_acc":1,"val_total_spikes":25131,"train_spikes_per_t":98.625,"val_acc":0.9921875,"train_total_spikes":25248,"2D Loss Contour":{"path":"media/images/2D Loss Contour_602_92de899b5f883fc6a2ed.png","format":"png","width":1596,"height":1176,"_type":"image-file","sha256":"92de899b5f883fc6a2ed0cfacec16dff6e0c86bd7b2ec82fe8db340ea18d33d7","size":110613},"train_loss":0.0028406737837940454,"val_spikes_per_t":98.16796875,"_step":602,"final_val_acc":0.9921875,"final_test_acc":0.9921875,"val_loss":0.01907574199140072,"final_train_acc":1,"_runtime":113.643074454}