{"2D Loss Contour":{"path":"media/images/2D Loss Contour_602_97447a60f8f4a473bb1f.png","format":"png","width":1596,"height":1176,"_type":"image-file","sha256":"97447a60f8f4a473bb1ff5f97043701170fb81e5783d5310e11c35b319a9a947","size":126973},"train_loss":0.04909227788448334,"val_loss":0.05661565437912941,"_timestamp":1.7465725733452017e+09,"final_test_acc":0.95703125,"_runtime":115.126359889,"val_acc":0.98828125,"3D Loss Surface":{"size":437454,"path":"media/images/3D Loss Surface_601_c81bebda7a9a4d579914.png","format":"png","width":1522,"height":1266,"_type":"image-file","sha256":"c81bebda7a9a4d579914aa716a1bf34bde6c687c2b13e154b570c95f6fe4c62b"},"val_spikes_per_t":121.51171875,"final_val_acc":0.98828125,"_step":602,"train_acc":0.9921875,"val_total_spikes":31107,"final_train_acc":0.9921875,"train_total_spikes":31556,"_wandb":{"runtime":115},"train_spikes_per_t":123.265625}