{"train_loss":0.019855139777064323,"train_spikes_per_t":30.97265625,"val_loss":0.27338361740112305,"final_val_acc":0.89453125,"final_test_acc":0.93359375,"_step":602,"_timestamp":1.746673582432472e+09,"_runtime":160.620195129,"3D Loss Surface":{"width":1575,"height":1266,"_type":"image-file","sha256":"ba9e7b165a0f81eff8d636ef435be65e81edf2508de3e34f6a88041cc9d1683a","size":343775,"path":"media/images/3D Loss Surface_601_ba9e7b165a0f81eff8d6.png","format":"png"},"val_total_spikes":7990,"val_spikes_per_t":31.2109375,"train_total_spikes":7929,"train_acc":0.99609375,"_wandb":{"runtime":160},"2D Loss Contour":{"size":133371,"path":"media/images/2D Loss Contour_602_1d92d0630ed138a2a47f.png","format":"png","width":1649,"height":1176,"_type":"image-file","sha256":"1d92d0630ed138a2a47ffe33f3efba472faf13d5a5c3c26d3212801300033589"},"final_train_acc":0.99609375,"val_acc":0.89453125}