{"train_spikes_per_t":3.20703125,"val_acc":0.70703125,"final_val_acc":0.70703125,"final_train_acc":0.8671875,"_runtime":47.139061155,"_step":602,"val_spikes_per_t":3.76171875,"val_loss":0.8059353828430176,"final_test_acc":0.68359375,"2D Loss Contour":{"width":1623,"height":1176,"_type":"image-file","sha256":"75f734cb69605a722fd4e25055fd7aeb60385d95fc3a626afcf2db94ffefced0","size":125256,"path":"media/images/2D Loss Contour_602_75f734cb69605a722fd4.png","format":"png"},"train_loss":0.4831238389015198,"_wandb":{"runtime":47},"train_acc":0.8671875,"val_total_spikes":963,"3D Loss Surface":{"_type":"image-file","sha256":"5bea2e00c9d4e5094bb171dfc423745fbb2996d6f67fa415394642c896fbe4ae","size":495083,"path":"media/images/3D Loss Surface_601_5bea2e00c9d4e5094bb1.png","format":"png","width":1548,"height":1266},"_timestamp":1.7466692198588023e+09,"train_total_spikes":821}