{"train_loss":0.01386316493153572,"_step":602,"val_loss":0.16342031955718994,"val_acc":0.93359375,"_wandb":{"runtime":75},"_runtime":75.791129528,"final_train_acc":1,"_timestamp":1.7465813628172126e+09,"val_total_spikes":23268,"final_test_acc":0.91015625,"train_spikes_per_t":90.75,"train_acc":1,"2D Loss Contour":{"_type":"image-file","sha256":"50eaac3c761f8a5576213c128fc7427d248867563d419c0710e33f2112756802","size":117237,"path":"media/images/2D Loss Contour_602_50eaac3c761f8a557621.png","format":"png","width":1596,"height":1176},"3D Loss Surface":{"sha256":"e23816d24b22dcabbdb6ff714ea105fb006700f5e794d129fc0b643f878f3def","size":424597,"path":"media/images/3D Loss Surface_601_e23816d24b22dcabbdb6.png","format":"png","width":1522,"height":1266,"_type":"image-file"},"final_val_acc":0.93359375,"val_spikes_per_t":90.890625,"train_total_spikes":23232}