{"final_train_acc":0.51171875,"train_total_spikes":44620,"val_spikes_per_t":175.35546875,"_runtime":62.468718732,"_timestamp":1.7466680266192203e+09,"train_spikes_per_t":174.296875,"_step":602,"train_loss":18.265363693237305,"final_test_acc":0.48046875,"train_acc":0.51171875,"final_val_acc":0.5078125,"val_acc":0.5078125,"val_total_spikes":44891,"3D Loss Surface":{"path":"media/images/3D Loss Surface_601_0ef880314eecbb32e002.png","format":"png","width":1522,"height":1266,"_type":"image-file","sha256":"0ef880314eecbb32e00276608440b75821c8089e88441787f1f2b5f73317a342","size":385546},"2D Loss Contour":{"path":"media/images/2D Loss Contour_602_c6db58861f62581b9982.png","format":"png","width":1596,"height":1176,"_type":"image-file","sha256":"c6db58861f62581b99827d10eeac52342a5fe7136f17449139c06d0350d92e5b","size":128873},"val_loss":18.73554229736328,"_wandb":{"runtime":62}}