{"_timestamp":1.7466566412538557e+09,"val_loss":0.7609570026397705,"3D Loss Surface":{"size":400136,"path":"media/images/3D Loss Surface_601_09b445ed217abfcc5111.png","format":"png","width":1575,"height":1266,"_type":"image-file","sha256":"09b445ed217abfcc5111abc6d6688588f96b052b480b5cef7e66c5b514b527b0"},"_wandb":{"runtime":31},"train_acc":0.51171875,"train_spikes_per_t":NaN,"val_total_spikes":0,"2D Loss Contour":{"sha256":"2745808c25e0dc2f3aaea91c18abcb7dbd9d2cc1b3a35e230d6c44bc81bad84f","size":133063,"path":"media/images/2D Loss Contour_602_2745808c25e0dc2f3aae.png","format":"png","width":1622,"height":1176,"_type":"image-file"},"_step":602,"final_test_acc":0.48046875,"train_loss":0.6536978483200073,"_runtime":31.547547649,"final_val_acc":0.5078125,"final_train_acc":0.51171875,"val_acc":0.5078125,"val_spikes_per_t":NaN,"train_total_spikes":0}