{"final_train_acc":1,"_timestamp":1.7466686192405527e+09,"3D Loss Surface":{"size":515540,"path":"media/images/3D Loss Surface_601_177878017a1a58bfd0e1.png","format":"png","width":1575,"height":1266,"_type":"image-file","sha256":"177878017a1a58bfd0e19fd97dc42528199a7f698beaf8614e99795a4b5b1992"},"_runtime":102.682566186,"val_spikes_per_t":60.44140625,"train_acc":1,"val_loss":0.008544369600713253,"train_total_spikes":15540,"final_test_acc":1,"val_total_spikes":15473,"2D Loss Contour":{"format":"png","width":1649,"height":1176,"_type":"image-file","sha256":"bef0e6ba0f597aae7c878192d090441adb0038b872a95c56d2f26b3f50574b5c","size":137727,"path":"media/images/2D Loss Contour_602_bef0e6ba0f597aae7c87.png"},"train_spikes_per_t":60.703125,"final_val_acc":1,"_wandb":{"runtime":102},"_step":602,"val_acc":1,"train_loss":0.0005614100373350084}