{"_timestamp":1.7465683829145067e+09,"3D Loss Surface":{"height":1266,"_type":"image-file","sha256":"6e36d060b9d5fbb1d24ba82d5818b709a09077019d6fdbf5026c899a7068732e","size":404558,"path":"media/images/3D Loss Surface_601_6e36d060b9d5fbb1d24b.png","format":"png","width":1522},"_runtime":114.125211892,"train_total_spikes":23016,"val_loss":0.043510809540748596,"_wandb":{"runtime":114},"train_loss":0.009178830310702324,"train_spikes_per_t":89.90625,"_step":602,"final_test_acc":0.98828125,"2D Loss Contour":{"size":113407,"path":"media/images/2D Loss Contour_602_1f1a450aec633ceae061.png","format":"png","width":1596,"height":1176,"_type":"image-file","sha256":"1f1a450aec633ceae0614f8df283c7bc8c63ebd0838c9b07d8f5660a1585d572"},"final_train_acc":1,"val_total_spikes":22759,"val_acc":0.98828125,"final_val_acc":0.98828125,"val_spikes_per_t":88.90234375,"train_acc":1}