{"final_val_acc":0.56640625,"_timestamp":1.7466045874945374e+09,"train_acc":0.77734375,"_runtime":57.313835933,"val_spikes_per_t":NaN,"3D Loss Surface":{"sha256":"2728535a58f10abb7c80d9cf1e7542e2bb07e5af7c3b7bd4349257c8ed916b41","size":436357,"path":"media/images/3D Loss Surface_601_2728535a58f10abb7c80.png","format":"png","width":1522,"height":1266,"_type":"image-file"},"_wandb":{"runtime":57},"final_test_acc":0.52734375,"final_train_acc":0.77734375,"val_total_spikes":0,"_step":602,"val_acc":0.56640625,"train_spikes_per_t":NaN,"train_loss":0.8563792705535889,"train_total_spikes":0,"2D Loss Contour":{"_type":"image-file","sha256":"1c6373ab3ab12892f7cf50ae46892424775bf45bfa851222f4d9a96776738f4b","size":137032,"path":"media/images/2D Loss Contour_602_1c6373ab3ab12892f7cf.png","format":"png","width":1596,"height":1176},"val_loss":2.5036509037017822}