{"val_spikes_per_t":181.890625,"val_total_spikes":46564,"train_total_spikes":47168,"_runtime":113.670151225,"final_test_acc":0.96875,"val_loss":0.026487279683351517,"final_train_acc":1,"2D Loss Contour":{"_type":"image-file","sha256":"de0653329cb67f88a512d019d0afcd472ecb051690d09305d1d0d33da5e379b5","size":118592,"path":"media/images/2D Loss Contour_602_de0653329cb67f88a512.png","format":"png","width":1596,"height":1176},"train_loss":0.013189541175961494,"final_val_acc":0.99609375,"train_acc":1,"_timestamp":1.746573376598367e+09,"val_acc":0.99609375,"_wandb":{"runtime":113},"_step":602,"train_spikes_per_t":184.25,"3D Loss Surface":{"format":"png","width":1522,"height":1266,"_type":"image-file","sha256":"a7858075276cc54088202fcdf0bec9c1bc8400b93b9b72ba48c9f6214eb522b9","size":415968,"path":"media/images/3D Loss Surface_601_a7858075276cc5408820.png"}}