{"final_test_acc":0.96484375,"train_loss":0.001113594276830554,"_runtime":32.34794464,"val_loss":0.04788738861680031,"final_train_acc":1,"_timestamp":1.7466121307491794e+09,"val_total_spikes":0,"2D Loss Contour":{"size":144079,"path":"media/images/2D Loss Contour_602_3a2ca5d6de1fa2c6df64.png","format":"png","width":1649,"height":1176,"_type":"image-file","sha256":"3a2ca5d6de1fa2c6df64bad9cf64d6b3e16ca1c58d8a9c2fe92624def0ca0b2c"},"train_total_spikes":0,"val_spikes_per_t":NaN,"3D Loss Surface":{"_type":"image-file","sha256":"1ebf3e7f140df0a9856309c14aee1bfd7017c72fe96442b0638778be12d34042","size":531869,"path":"media/images/3D Loss Surface_601_1ebf3e7f140df0a98563.png","format":"png","width":1575,"height":1266},"train_spikes_per_t":NaN,"val_acc":0.98046875,"train_acc":1,"_step":602,"_wandb":{"runtime":32},"final_val_acc":0.98046875}