{"val_spikes_per_t":NaN,"val_total_spikes":0,"train_loss":0.0009929491207003593,"_step":602,"_wandb":{"runtime":32},"val_loss":0.03056037798523903,"_runtime":32.143777013,"train_spikes_per_t":NaN,"train_total_spikes":0,"2D Loss Contour":{"path":"media/images/2D Loss Contour_602_144a17f3c3160e0f8a42.png","format":"png","width":1649,"height":1176,"_type":"image-file","sha256":"144a17f3c3160e0f8a42b4fd3d292e78c0ea6aafabaa8bc2cf6e446c5d2b7b40","size":143858},"3D Loss Surface":{"format":"png","width":1575,"height":1266,"_type":"image-file","sha256":"3d1f14bef7173bc21367b5d0a86047df48eb71eee6ba1e53fc0763feecc41159","size":526471,"path":"media/images/3D Loss Surface_601_3d1f14bef7173bc21367.png"},"final_train_acc":1,"final_test_acc":0.96484375,"_timestamp":1.7466078597747386e+09,"train_acc":1,"final_val_acc":1,"val_acc":1}