{"2D Loss Contour":{"format":"png","width":1649,"height":1176,"_type":"image-file","sha256":"cc3852d39aa19abc291cff066c40a3f3172ca11b6ff8d2dbc4067e2fd8fb7b99","size":134682,"path":"media/images/2D Loss Contour_602_cc3852d39aa19abc291c.png"},"val_total_spikes":15046,"_runtime":113.220336594,"train_spikes_per_t":58.59765625,"train_acc":0.51953125,"val_loss":0.3865179419517517,"val_spikes_per_t":58.7734375,"val_acc":0.5,"3D Loss Surface":{"height":1266,"_type":"image-file","sha256":"c5c8a5b735ee5414e01392e3b2c78eb7cf19a9fd186ece13944cb1605992903c","size":414820,"path":"media/images/3D Loss Surface_601_c5c8a5b735ee5414e013.png","format":"png","width":1548},"final_train_acc":0.51953125,"_step":602,"final_val_acc":0.5,"_timestamp":1.7465627820419455e+09,"final_test_acc":0.48046875,"_wandb":{"runtime":113},"train_total_spikes":15001,"train_loss":0.3421919345855713}