{"final_train_acc":0.4296875,"final_val_acc":0.35546875,"final_test_acc":0.4140625,"_step":602,"val_spikes_per_t":124.59375,"train_total_spikes":32027,"_timestamp":1.7465582457461834e+09,"_runtime":111.523109307,"_wandb":{"runtime":111},"val_loss":3.4517343044281006,"val_acc":0.35546875,"train_spikes_per_t":125.10546875,"3D Loss Surface":{"path":"media/images/3D Loss Surface_601_f1b6e87feb8abe6788d8.png","format":"png","width":1495,"height":1266,"_type":"image-file","sha256":"f1b6e87feb8abe6788d8153e9657c6634ef1d5443e2c904cf04eabd0d7bc2efa","size":414313},"2D Loss Contour":{"width":1596,"height":1176,"_type":"image-file","sha256":"b22b6730dc0c7a9aa8fcf61678eec4c334e3c6e69b60f738161418a27e6246c2","size":156274,"path":"media/images/2D Loss Contour_602_b22b6730dc0c7a9aa8fc.png","format":"png"},"val_total_spikes":31896,"train_loss":3.1441192626953125,"train_acc":0.4296875}