{"val_spikes_per_t":38.625,"_wandb":{"runtime":173},"val_acc":0.92578125,"_timestamp":1.7466240061997538e+09,"_step":602,"final_train_acc":1,"train_total_spikes":10065,"val_total_spikes":9888,"3D Loss Surface":{"_type":"image-file","sha256":"407faff14bcf0113d5134cc0189342049b52cc252141ab72257a75fa35d5b1ad","size":459247,"path":"media/images/3D Loss Surface_601_407faff14bcf0113d513.png","format":"png","width":1522,"height":1266},"train_acc":1,"final_val_acc":0.92578125,"final_test_acc":0.9140625,"val_loss":0.17444990575313568,"train_loss":0.007236708886921406,"_runtime":173.249683007,"2D Loss Contour":{"path":"media/images/2D Loss Contour_602_7ec9ccda3dd12a5000d2.png","format":"png","width":1596,"height":1176,"_type":"image-file","sha256":"7ec9ccda3dd12a5000d298f98712d5b40972848cbbdcdd661f4d637898f89c89","size":117541},"train_spikes_per_t":39.31640625}