{"val_acc":0.9921875,"train_spikes_per_t":85.71484375,"_timestamp":1.7465914994753451e+09,"_wandb":{"runtime":75},"2D Loss Contour":{"width":1622,"height":1176,"_type":"image-file","sha256":"e320cff8ad2062be479eaef53bee0d88d85e6e5c6b4bd1c438a372b45ae37ae0","size":129010,"path":"media/images/2D Loss Contour_602_e320cff8ad2062be479e.png","format":"png"},"final_train_acc":1,"final_test_acc":0.984375,"_step":602,"train_total_spikes":21943,"_runtime":75.455800655,"val_loss":0.02156452089548111,"val_spikes_per_t":85.5,"train_acc":1,"val_total_spikes":21888,"train_loss":0.0010557997738942504,"final_val_acc":0.9921875,"3D Loss Surface":{"format":"png","width":1575,"height":1266,"_type":"image-file","sha256":"cf9c797bb619aac91919a7891d973552072e940c9589a34dc98a44f07aa31c86","size":365174,"path":"media/images/3D Loss Surface_601_cf9c797bb619aac91919.png"}}