{"3D Loss Surface":{"path":"media/images/3D Loss Surface_601_16b5f7cc2fe90e6dde2f.png","format":"png","width":1575,"height":1266,"_type":"image-file","sha256":"16b5f7cc2fe90e6dde2f473dc640df3ce064376c62ffe9da0c868e173fe510e8","size":374929},"_wandb":{"runtime":111},"_timestamp":1.74665294649963e+09,"final_test_acc":0.48046875,"train_spikes_per_t":185.3828125,"val_total_spikes":47441,"_runtime":111.270512092,"final_val_acc":0.5078125,"val_loss":0.6614064574241638,"2D Loss Contour":{"_type":"image-file","sha256":"c96547ba90cce085541599191bdf40cf8e1156313b3b3b9928a1b7bdf3a89af5","size":111438,"path":"media/images/2D Loss Contour_602_c96547ba90cce0855415.png","format":"png","width":1649,"height":1176},"final_train_acc":0.51171875,"val_acc":0.5078125,"train_loss":0.6593941450119019,"val_spikes_per_t":185.31640625,"_step":602,"train_total_spikes":47458,"train_acc":0.51171875}