{"2D Loss Contour":{"width":1622,"height":1176,"_type":"image-file","sha256":"fef467d0efc15af02841df066781f6ec821c34a5004df407390302c89b9c6ecd","size":135239,"path":"media/images/2D Loss Contour_602_fef467d0efc15af02841.png","format":"png"},"_step":602,"3D Loss Surface":{"path":"media/images/3D Loss Surface_601_bd8f82fa2c47c6daddd9.png","format":"png","width":1522,"height":1266,"_type":"image-file","sha256":"bd8f82fa2c47c6daddd90faafc49f5664573447d5bf4653256c6e72b7dcb2898","size":393455},"train_loss":0.11881782859563828,"_wandb":{"runtime":172},"val_acc":0.91796875,"val_spikes_per_t":95.77734375,"train_spikes_per_t":95.33203125,"_runtime":172.647605412,"val_total_spikes":24519,"final_test_acc":0.9140625,"final_train_acc":0.97265625,"train_acc":0.97265625,"train_total_spikes":24405,"val_loss":0.282368928194046,"final_val_acc":0.91796875,"_timestamp":1.7466318304599075e+09}