{"_step":602,"val_loss":0.048163630068302155,"_wandb":{"runtime":32},"final_train_acc":1,"val_acc":0.98046875,"train_acc":1,"train_loss":0.0011059872340410948,"train_total_spikes":0,"val_spikes_per_t":NaN,"3D Loss Surface":{"height":1266,"_type":"image-file","sha256":"a8f376d7e354a6a5f70da2b6c57444cdbe90cffdcff16a36cd43911eeb1a4e93","size":500909,"path":"media/images/3D Loss Surface_601_a8f376d7e354a6a5f70d.png","format":"png","width":1575},"val_total_spikes":0,"train_spikes_per_t":NaN,"final_test_acc":0.96484375,"_runtime":32.180317695,"final_val_acc":0.98046875,"2D Loss Contour":{"_type":"image-file","sha256":"f3eeb517fa60bc97e7cfd67eb67ddd02c9b94ac88b5213a4a873e09269961ce9","size":132097,"path":"media/images/2D Loss Contour_602_f3eeb517fa60bc97e7cf.png","format":"png","width":1623,"height":1176},"_timestamp":1.7466111792875633e+09}