{"val_total_spikes":27014,"val_loss":0.023816529661417007,"3D Loss Surface":{"width":1548,"height":1266,"_type":"image-file","sha256":"8a55e745415b03b1fb4b6361beab7100d78eb4766931078e3c0e54f3dad7b587","size":472508,"path":"media/images/3D Loss Surface_601_8a55e745415b03b1fb4b.png","format":"png"},"_timestamp":1.746569987576938e+09,"final_train_acc":1,"final_val_acc":0.98828125,"_wandb":{"runtime":114},"_runtime":114.014111524,"train_total_spikes":27396,"_step":602,"2D Loss Contour":{"width":1596,"height":1176,"_type":"image-file","sha256":"31e53efc9f91f0ec55547ecbb1e85f27e29a0e0600e5d1d7b44d3ff213861bf5","size":96742,"path":"media/images/2D Loss Contour_602_31e53efc9f91f0ec5554.png","format":"png"},"val_spikes_per_t":105.5234375,"train_acc":1,"train_loss":0.0029728529043495655,"train_spikes_per_t":107.015625,"val_acc":0.98828125,"final_test_acc":0.98828125}