{"2D Loss Contour":{"size":106184,"path":"media/images/2D Loss Contour_602_edaa1d556625904559a6.png","format":"png","width":1622,"height":1176,"_type":"image-file","sha256":"edaa1d556625904559a68a8ed896febf78091689242f2a40df2d403c04726395"},"train_spikes_per_t":3.1875,"final_train_acc":0.94921875,"_runtime":160.728934668,"_timestamp":1.7466710063785708e+09,"_step":602,"val_total_spikes":830,"3D Loss Surface":{"size":483506,"path":"media/images/3D Loss Surface_601_e3ffcfc044c69e8e27eb.png","format":"png","width":1548,"height":1266,"_type":"image-file","sha256":"e3ffcfc044c69e8e27eba5b23cef37fd1a54f1debec9caca259198e847175bf6"},"val_loss":0.5326387286186218,"val_spikes_per_t":3.2421875,"train_total_spikes":816,"val_acc":0.8515625,"_wandb":{"runtime":160},"train_acc":0.94921875,"train_loss":0.1414356678724289,"final_val_acc":0.8515625,"final_test_acc":0.8359375}