{"val_loss":0.018080202862620354,"_runtime":75.674696542,"_step":602,"final_test_acc":0.98828125,"_wandb":{"runtime":75},"val_acc":0.99609375,"val_total_spikes":17328,"train_acc":1,"2D Loss Contour":{"height":1176,"_type":"image-file","sha256":"af857ec00e0af68d27071e826bf90a4821d18d83062e07a182c697a591ded34f","size":136056,"path":"media/images/2D Loss Contour_602_af857ec00e0af68d2707.png","format":"png","width":1622},"_timestamp":1.746593710545093e+09,"final_val_acc":0.99609375,"final_train_acc":1,"train_spikes_per_t":68.51171875,"train_total_spikes":17539,"val_spikes_per_t":67.6875,"train_loss":0.0006598414038307965,"3D Loss Surface":{"_type":"image-file","sha256":"6f95e86e198cf34c7774f492fdec98ff85d46d35a4c4d8f8264cea25e35625c9","size":453032,"path":"media/images/3D Loss Surface_601_6f95e86e198cf34c7774.png","format":"png","width":1548,"height":1266}}