{"_wandb":{"runtime":161},"train_spikes_per_t":14.08203125,"_step":602,"final_train_acc":0.97265625,"3D Loss Surface":{"_type":"image-file","sha256":"6055f67c741173884ded2f7ccabda67b2792a9a542decfe39a587ccbfba6d171","size":381778,"path":"media/images/3D Loss Surface_601_6055f67c741173884ded.png","format":"png","width":1522,"height":1266},"val_loss":0.24861222505569458,"train_loss":0.08165844529867172,"2D Loss Contour":{"format":"png","width":1596,"height":1176,"_type":"image-file","sha256":"d0f77b711443f72bb8df989446c72826287f7d06943215156e9bae2c023b8417","size":133490,"path":"media/images/2D Loss Contour_602_d0f77b711443f72bb8df.png"},"_runtime":161.350127565,"val_total_spikes":3682,"val_acc":0.91015625,"val_spikes_per_t":14.3828125,"train_total_spikes":3605,"final_test_acc":0.875,"train_acc":0.97265625,"final_val_acc":0.91015625,"_timestamp":1.7466862029393911e+09}