{"val_spikes_per_t":40.375,"3D Loss Surface":{"_type":"image-file","sha256":"83eaddac0f4a7112f71d6a41e15863eec88099a98f1d7d53dec29d9156c37e2e","size":455874,"path":"media/images/3D Loss Surface_601_83eaddac0f4a7112f71d.png","format":"png","width":1548,"height":1266},"val_acc":0.92578125,"_wandb":{"runtime":172},"train_spikes_per_t":40.5390625,"final_train_acc":1,"2D Loss Contour":{"height":1176,"_type":"image-file","sha256":"d707cebb7db20a3671d4d0bb4948eec432099926284e1794fba56e31136f5d0c","size":114581,"path":"media/images/2D Loss Contour_602_d707cebb7db20a3671d4.png","format":"png","width":1596},"train_loss":0.005019123200327158,"val_total_spikes":10336,"final_test_acc":0.95703125,"train_total_spikes":10378,"_timestamp":1.7466179500627875e+09,"val_loss":0.16854405403137207,"final_val_acc":0.92578125,"_step":602,"train_acc":1,"_runtime":172.376517731}