{"final_train_acc":0.9921875,"final_val_acc":0.96875,"final_test_acc":0.93359375,"_runtime":113.274004537,"_step":602,"2D Loss Contour":{"_type":"image-file","sha256":"a7e6e3b1bbb775f095e3a13d66f9fcba0b9aa1aeb4a57a48c590f1fd4fb7121b","size":127814,"path":"media/images/2D Loss Contour_602_a7e6e3b1bbb775f095e3.png","format":"png","width":1596,"height":1176},"val_total_spikes":27763,"_wandb":{"runtime":113},"train_total_spikes":28031,"val_acc":0.96875,"3D Loss Surface":{"size":396174,"path":"media/images/3D Loss Surface_601_0c84cf9eb639afb254c6.png","format":"png","width":1522,"height":1266,"_type":"image-file","sha256":"0c84cf9eb639afb254c624968f5bf58347b939374ad0b51ecb201d08757b080b"},"train_spikes_per_t":109.49609375,"train_acc":0.9921875,"val_spikes_per_t":108.44921875,"val_loss":0.09395314007997513,"_timestamp":1.7465613030603356e+09,"train_loss":0.04310017079114914}