{"val_total_spikes":0,"train_acc":0.99609375,"2D Loss Contour":{"format":"png","width":1622,"height":1176,"_type":"image-file","sha256":"7dddba053088dd08aea2bd988fcc72cee0f7e6e683f72ff8363ea9ab09752a19","size":107576,"path":"media/images/2D Loss Contour_602_7dddba053088dd08aea2.png"},"_timestamp":1.7466713969928265e+09,"val_loss":1.5674567222595215,"train_spikes_per_t":NaN,"final_train_acc":0.99609375,"_runtime":33.281499765,"final_test_acc":0.71484375,"val_spikes_per_t":NaN,"final_val_acc":0.78125,"val_acc":0.78125,"train_loss":0.010173832066357136,"_wandb":{"runtime":33},"3D Loss Surface":{"path":"media/images/3D Loss Surface_601_f33eb8c9b410f99df360.png","format":"png","width":1548,"height":1266,"_type":"image-file","sha256":"f33eb8c9b410f99df36094dec3eee6ab8dff56bbbd6f1296b81a1bfdcc8c18c3","size":507559},"_step":602,"train_total_spikes":0}