{"_runtime":63.676509863,"final_test_acc":0.8046875,"val_acc":0.8046875,"train_loss":0.0024954811669886112,"val_spikes_per_t":13.4765625,"train_spikes_per_t":13.140625,"train_acc":1,"3D Loss Surface":{"sha256":"75dfc2eea6452aed5e4036a6361d9215ff54c058c7fd3093e427dce8258ee73a","size":488495,"path":"media/images/3D Loss Surface_601_75dfc2eea6452aed5e40.png","format":"png","width":1522,"height":1266,"_type":"image-file"},"2D Loss Contour":{"path":"media/images/2D Loss Contour_602_39eb7c50e795358aff21.png","format":"png","width":1596,"height":1176,"_type":"image-file","sha256":"39eb7c50e795358aff21153df0d38fd8a90e5ceaf981e2ad15d0604ffaf8255f","size":127016},"_wandb":{"runtime":63},"val_total_spikes":3450,"final_train_acc":1,"train_total_spikes":3364,"_step":602,"val_loss":1.056704044342041,"_timestamp":1.7466737940361974e+09,"final_val_acc":0.8046875}