{"train_acc":0.99609375,"train_spikes_per_t":18.87890625,"val_total_spikes":4950,"_runtime":161.548175152,"final_test_acc":0.8203125,"final_val_acc":0.8515625,"train_total_spikes":4833,"3D Loss Surface":{"width":1522,"height":1266,"_type":"image-file","sha256":"e9c17d8595e66cdf7ec420d56e95df273eaefea474f39e9c3fe0eb9177bcd999","size":492864,"path":"media/images/3D Loss Surface_601_e9c17d8595e66cdf7ec4.png","format":"png"},"val_loss":0.44981664419174194,"final_train_acc":0.99609375,"2D Loss Contour":{"format":"png","width":1596,"height":1176,"_type":"image-file","sha256":"2e896cd68716d6d31fb5ff3034a8b555a595db83c7a0c3c5a1ff30951389087e","size":121223,"path":"media/images/2D Loss Contour_602_2e896cd68716d6d31fb5.png"},"train_loss":0.04821766912937164,"_wandb":{"runtime":161},"_timestamp":1.7466951488794684e+09,"val_spikes_per_t":19.3359375,"_step":602,"val_acc":0.8515625}