{"_step":602,"val_total_spikes":18877,"train_total_spikes":18924,"val_loss":0.030253151431679726,"3D Loss Surface":{"sha256":"04643b8f36526adf65e2e4125e0796bfdcd8771a71e7df04f74b8011a9cd816d","size":456676,"path":"media/images/3D Loss Surface_601_04643b8f36526adf65e2.png","format":"png","width":1548,"height":1266,"_type":"image-file"},"val_spikes_per_t":73.73828125,"2D Loss Contour":{"size":114063,"path":"media/images/2D Loss Contour_602_3571e1ca5bb35675c2df.png","format":"png","width":1623,"height":1176,"_type":"image-file","sha256":"3571e1ca5bb35675c2df906e31fded6b4310866fbd33cd42821fc9a911b9f4d9"},"train_loss":0.0013093518791720271,"train_acc":1,"final_train_acc":1,"_wandb":{"runtime":75},"train_spikes_per_t":73.921875,"_runtime":75.321564787,"final_test_acc":0.984375,"val_acc":0.98828125,"_timestamp":1.7465908908287828e+09,"final_val_acc":0.98828125}