{"val_loss":0.41040927171707153,"_runtime":75.355270356,"2D Loss Contour":{"sha256":"e52a6d6dda62e76c1f839a3ee9672fe61bcf7b8ea6fa65d9896f220036b28b8a","size":123394,"path":"media/images/2D Loss Contour_602_e52a6d6dda62e76c1f83.png","format":"png","width":1649,"height":1176,"_type":"image-file"},"train_acc":0.98046875,"3D Loss Surface":{"height":1266,"_type":"image-file","sha256":"5be370ee67bc7a2777df7d3fd3b368afa27315276bb9cb3230208c838e800580","size":394365,"path":"media/images/3D Loss Surface_601_5be370ee67bc7a2777df.png","format":"png","width":1575},"final_test_acc":0.95703125,"train_total_spikes":16065,"train_spikes_per_t":62.75390625,"final_train_acc":0.98046875,"_wandb":{"runtime":75},"train_loss":0.36805909872055054,"_timestamp":1.746586771652124e+09,"_step":602,"final_val_acc":0.9375,"val_total_spikes":15874,"val_spikes_per_t":62.0078125,"val_acc":0.9375}