{"val_total_spikes":0,"final_train_acc":1,"final_test_acc":0.83203125,"_step":602,"final_val_acc":0.83203125,"_runtime":57.948711314,"val_acc":0.83203125,"val_spikes_per_t":NaN,"val_loss":0.3902013897895813,"_wandb":{"runtime":57},"train_total_spikes":0,"train_acc":1,"train_loss":0.008939659222960472,"train_spikes_per_t":NaN,"3D Loss Surface":{"size":485540,"path":"media/images/3D Loss Surface_601_ac53c97017a71b5a1bbb.png","format":"png","width":1548,"height":1266,"_type":"image-file","sha256":"ac53c97017a71b5a1bbb579e37677efb2e401d17019235f1777448d5e87fd002"},"_timestamp":1.746603949845205e+09,"2D Loss Contour":{"height":1176,"_type":"image-file","sha256":"8cf8943eb5c7e6acb1ecde3dadebc91dc5dc6c5f64c8655ef2cc8f40657435da","size":129061,"path":"media/images/2D Loss Contour_602_8cf8943eb5c7e6acb1ec.png","format":"png","width":1622}}