{"3D Loss Surface":{"height":1266,"_type":"image-file","sha256":"05482fba82acc87282141bd3c35fbbad145ac61f0a3b8d2a1b4733623eb5e894","size":394058,"path":"media/images/3D Loss Surface_601_05482fba82acc8728214.png","format":"png","width":1495},"train_loss":1.4945201873779297,"train_total_spikes":11425,"train_spikes_per_t":44.62890625,"_timestamp":1.7466966078438869e+09,"final_val_acc":0.65234375,"final_train_acc":0.66015625,"val_spikes_per_t":45.05078125,"val_acc":0.65234375,"train_acc":0.66015625,"final_test_acc":0.58203125,"val_loss":1.7708392143249512,"val_total_spikes":11533,"_runtime":162.374931716,"_step":602,"_wandb":{"runtime":162},"2D Loss Contour":{"_type":"image-file","sha256":"1a1ee145c4f99a65531b6e1def029291d1952ef71439984e29324a9b2232f1ec","size":116858,"path":"media/images/2D Loss Contour_602_1a1ee145c4f99a65531b.png","format":"png","width":1569,"height":1176}}