{"_timestamp":1.7466098987755835e+09,"train_total_spikes":0,"train_spikes_per_t":NaN,"final_val_acc":0.75,"val_acc":0.75,"val_loss":0.6862249374389648,"val_spikes_per_t":NaN,"3D Loss Surface":{"format":"png","width":1548,"height":1266,"_type":"image-file","sha256":"e7c9e369dba193dc014625106f4cb6409c743fcd45e773516c754c1994078e9b","size":406650,"path":"media/images/3D Loss Surface_601_e7c9e369dba193dc0146.png"},"final_test_acc":0.76953125,"train_acc":0.89453125,"val_total_spikes":0,"final_train_acc":0.89453125,"_runtime":32.129498203,"_step":602,"train_loss":0.301128625869751,"2D Loss Contour":{"sha256":"10ea73cbfb0c57afe628fc5661872c7d812bc7aa6ec36e7c6e3942060327526a","size":139616,"path":"media/images/2D Loss Contour_602_10ea73cbfb0c57afe628.png","format":"png","width":1622,"height":1176,"_type":"image-file"},"_wandb":{"runtime":32}}