{"final_val_acc":0.95703125,"final_train_acc":1,"val_acc":0.95703125,"3D Loss Surface":{"format":"png","width":1522,"height":1266,"_type":"image-file","sha256":"89d3d22c1d5a94d255baf8ba92af40c157328492d4fcfedb4c2e7829ef40d11a","size":400157,"path":"media/images/3D Loss Surface_601_89d3d22c1d5a94d255ba.png"},"val_loss":0.14165684580802917,"_timestamp":1.7466909237601006e+09,"_wandb":{"runtime":164},"_step":602,"train_loss":0.010397728532552719,"final_test_acc":0.953125,"train_total_spikes":9033,"2D Loss Contour":{"path":"media/images/2D Loss Contour_602_e25f6a6efbf9b05eb77d.png","format":"png","width":1570,"height":1176,"_type":"image-file","sha256":"e25f6a6efbf9b05eb77da80915ade759523104edd908bf490572903a2ed22451","size":97211},"_runtime":164.211667381,"val_spikes_per_t":35.1171875,"val_total_spikes":8990,"train_spikes_per_t":35.28515625,"train_acc":1}