{"_step":602,"2D Loss Contour":{"size":113830,"path":"media/images/2D Loss Contour_602_c27e86ad7de6923ec220.png","format":"png","width":1596,"height":1176,"_type":"image-file","sha256":"c27e86ad7de6923ec22039acf1e433d27ce581944563269136e31d537bab1f4b"},"train_loss":0.020703304558992386,"3D Loss Surface":{"width":1522,"height":1266,"_type":"image-file","sha256":"b0517f67ee9886a98016bcba97ce6a7f3f1d9dfdf7ccf71b11a3f3de4a877e6c","size":376078,"path":"media/images/3D Loss Surface_601_b0517f67ee9886a98016.png","format":"png"},"final_test_acc":0.984375,"final_train_acc":1,"train_acc":1,"train_total_spikes":25235,"_runtime":113.453421938,"_timestamp":1.7465706755417082e+09,"_wandb":{"runtime":113},"final_val_acc":0.97265625,"val_total_spikes":25096,"val_loss":0.07103150337934494,"val_acc":0.97265625,"val_spikes_per_t":98.03125,"train_spikes_per_t":98.57421875}