{"2D Loss Contour":{"width":1596,"height":1176,"_type":"image-file","sha256":"2701fd30cb22913c778d841d37efb5a4031e546c11c46238200323e3ae59326d","size":120550,"path":"media/images/2D Loss Contour_602_2701fd30cb22913c778d.png","format":"png"},"_wandb":{"runtime":160},"_timestamp":1.7466700419858885e+09,"final_val_acc":0.8125,"3D Loss Surface":{"height":1266,"_type":"image-file","sha256":"5cefa0613ab021acf48ea8a4115129d7ad3a010b2f49e04087e7a269b5297c2a","size":439932,"path":"media/images/3D Loss Surface_601_5cefa0613ab021acf48e.png","format":"png","width":1522},"train_acc":1,"val_acc":0.8125,"train_total_spikes":5992,"_runtime":160.724593099,"val_total_spikes":6106,"train_loss":0.048405103385448456,"val_loss":0.4021582305431366,"final_test_acc":0.84375,"final_train_acc":1,"train_spikes_per_t":23.40625,"_step":602,"val_spikes_per_t":23.8515625}