{"_timestamp":1.7466599327490976e+09,"_step":602,"train_loss":0.4937933683395386,"3D Loss Surface":{"size":441316,"path":"media/images/3D Loss Surface_601_d730b80daea22f004554.png","format":"png","width":1548,"height":1266,"_type":"image-file","sha256":"d730b80daea22f0045542739476b677dd759738d571aa40febaa2fa407f82dfc"},"train_spikes_per_t":38.09375,"val_loss":0.578203558921814,"train_total_spikes":9752,"2D Loss Contour":{"size":120237,"path":"media/images/2D Loss Contour_602_663bbeee9717eff04e42.png","format":"png","width":1622,"height":1176,"_type":"image-file","sha256":"663bbeee9717eff04e4203f8763b9de2aa46761f2fcfeca2ff2c04e78945f923"},"_runtime":168.908874216,"final_val_acc":0.69921875,"val_total_spikes":9781,"final_train_acc":0.73828125,"val_spikes_per_t":38.20703125,"final_test_acc":0.63671875,"train_acc":0.73828125,"_wandb":{"runtime":168},"val_acc":0.69921875}