{"final_test_acc":0.71875,"_step":602,"train_loss":0.02462685853242874,"train_spikes_per_t":38.33984375,"val_total_spikes":9922,"final_train_acc":0.99609375,"val_loss":1.0614683628082275,"_wandb":{"runtime":157},"train_total_spikes":9815,"val_acc":0.69140625,"3D Loss Surface":{"size":353708,"path":"media/images/3D Loss Surface_601_3347d7117bd5a60b641f.png","format":"png","width":1522,"height":1266,"_type":"image-file","sha256":"3347d7117bd5a60b641f63556e1d24b25a54e8e2ead2ed090c31701e21c3ba7e"},"final_val_acc":0.69140625,"2D Loss Contour":{"sha256":"86100826ff4022ac0dfe43d0352147a9628cdfd30ac1a92c981353dfb6c70396","size":115677,"path":"media/images/2D Loss Contour_602_86100826ff4022ac0dfe.png","format":"png","width":1596,"height":1176,"_type":"image-file"},"_runtime":157.158086905,"_timestamp":1.7466649945611818e+09,"val_spikes_per_t":38.7578125,"train_acc":0.99609375}