{"_wandb":{"runtime":86},"_step":602,"val_spikes_per_t":95.515625,"val_acc":0.4921875,"train_loss":0.9878267049789429,"_runtime":86.938198821,"final_val_acc":0.4921875,"_timestamp":1.746675778254682e+09,"train_acc":0.51953125,"3D Loss Surface":{"_type":"image-file","sha256":"2101c61fa485473f9cdd1f3ab5ea151796ac9ad45261fd9dcfaaa135ad99bf9f","size":335711,"path":"media/images/3D Loss Surface_601_2101c61fa485473f9cdd.png","format":"png","width":1495,"height":1266},"train_total_spikes":24259,"final_train_acc":0.51953125,"train_spikes_per_t":94.76171875,"val_total_spikes":24452,"val_loss":1.0932375192642212,"final_test_acc":0.5,"2D Loss Contour":{"height":1176,"_type":"image-file","sha256":"adda62573ea0d30931b84d7278c62f17dec5f069f6796ee8df2c3e7a76a542be","size":112819,"path":"media/images/2D Loss Contour_602_adda62573ea0d30931b8.png","format":"png","width":1569}}