{"_runtime":173.147370443,"final_train_acc":0.796875,"final_val_acc":0.7109375,"val_spikes_per_t":70.0625,"final_test_acc":0.6171875,"_step":602,"2D Loss Contour":{"height":1176,"_type":"image-file","sha256":"edb513b1e799c4123d3d40a62b661cf644425a45e7a6837cb85f99f01b80b829","size":144080,"path":"media/images/2D Loss Contour_602_edb513b1e799c4123d3d.png","format":"png","width":1596},"_timestamp":1.7466340844480925e+09,"train_loss":0.41461238265037537,"train_acc":0.796875,"train_total_spikes":17608,"train_spikes_per_t":68.78125,"3D Loss Surface":{"format":"png","width":1522,"height":1266,"_type":"image-file","sha256":"c8281b77a74ae4f97d3e183d6409eca054f91c872366149a8bacdbd5212c1cf6","size":403281,"path":"media/images/3D Loss Surface_601_c8281b77a74ae4f97d3e.png"},"val_loss":0.6301178932189941,"_wandb":{"runtime":173},"val_acc":0.7109375,"val_total_spikes":17936}