{"train_loss":0.00018964025366585702,"train_total_spikes":13805,"final_test_acc":0.984375,"_timestamp":1.746662717656736e+09,"val_spikes_per_t":53.5859375,"2D Loss Contour":{"size":152995,"path":"media/images/2D Loss Contour_602_caaef25610b92e819fbf.png","format":"png","width":1649,"height":1176,"_type":"image-file","sha256":"caaef25610b92e819fbff718d378148255aa65b723461f33e21a2741a54b714b"},"val_loss":0.015058125369250774,"3D Loss Surface":{"path":"media/images/3D Loss Surface_601_5f4cd3b5167a3155c58a.png","format":"png","width":1575,"height":1266,"_type":"image-file","sha256":"5f4cd3b5167a3155c58a457149545730d9507c29923f0a20e596c052242ad743","size":551223},"final_train_acc":1,"val_acc":0.99609375,"final_val_acc":0.99609375,"_runtime":102.218865128,"train_spikes_per_t":53.92578125,"_wandb":{"runtime":102},"val_total_spikes":13718,"train_acc":1,"_step":602}