{"final_train_acc":1,"3D Loss Surface":{"format":"png","width":1575,"height":1266,"_type":"image-file","sha256":"a48d129fc621d2cbf4829a7a690e9de4ee20a705e3f0812c425d4c06540fbc63","size":416476,"path":"media/images/3D Loss Surface_601_a48d129fc621d2cbf482.png"},"_wandb":{"runtime":162},"train_total_spikes":3678,"val_acc":0.9453125,"train_spikes_per_t":14.3671875,"_runtime":162.382389928,"final_val_acc":0.9453125,"train_loss":0.006512231193482876,"_timestamp":1.7466972564537e+09,"train_acc":1,"_step":602,"2D Loss Contour":{"sha256":"10795db16475e0125b88254c4731d1c52163edcc4af4d1515b3e2987e54465cd","size":111118,"path":"media/images/2D Loss Contour_602_10795db16475e0125b88.png","format":"png","width":1622,"height":1176,"_type":"image-file"},"val_spikes_per_t":14.265625,"final_test_acc":0.9375,"val_loss":0.16262763738632202,"val_total_spikes":3652}