{"_timestamp":1.7466545881800048e+09,"val_spikes_per_t":84.28515625,"2D Loss Contour":{"path":"media/images/2D Loss Contour_602_d77d5527ecebcdadf53d.png","format":"png","width":1623,"height":1176,"_type":"image-file","sha256":"d77d5527ecebcdadf53d69c7462a1e2ddd2058fa62d6b49379d8246d434ef707","size":120041},"val_total_spikes":21577,"3D Loss Surface":{"format":"png","width":1548,"height":1266,"_type":"image-file","sha256":"7c1fcc4581f8ef3e961d8900c2ef150a83a8051f1ec5c6adac6d1a5bb3748435","size":433973,"path":"media/images/3D Loss Surface_601_7c1fcc4581f8ef3e961d.png"},"train_spikes_per_t":84.04296875,"train_total_spikes":21515,"val_loss":0.7258847951889038,"final_train_acc":0.92578125,"_step":602,"val_acc":0.734375,"train_loss":0.4009838104248047,"train_acc":0.92578125,"_wandb":{"runtime":74},"final_test_acc":0.73828125,"_runtime":74.600542312,"final_val_acc":0.734375}