{"final_val_acc":0.98828125,"train_total_spikes":0,"train_loss":0.0008644197368994355,"_wandb":{"runtime":32},"2D Loss Contour":{"size":136910,"path":"media/images/2D Loss Contour_602_d228766447bf43851045.png","format":"png","width":1649,"height":1176,"_type":"image-file","sha256":"d228766447bf438510458b241bb712215d8c22008695434b7fecd5852f0ce19b"},"val_total_spikes":0,"val_acc":0.98828125,"_runtime":32.163420404,"final_test_acc":0.95703125,"final_train_acc":1,"train_spikes_per_t":NaN,"_timestamp":1.7466080241668878e+09,"3D Loss Surface":{"size":538974,"path":"media/images/3D Loss Surface_601_b90ef5f9c8435d93f059.png","format":"png","width":1575,"height":1266,"_type":"image-file","sha256":"b90ef5f9c8435d93f059773ebffcd04cb3e69ab49576944c2527a7e28d072c6a"},"_step":602,"val_loss":0.03787092864513397,"val_spikes_per_t":NaN,"train_acc":1}