{"train_spikes_per_t":44.484375,"2D Loss Contour":{"width":1622,"height":1176,"_type":"image-file","sha256":"9da601b6148b72039998897d114be2c9b0409a7b5fd4c31583a8b1782ae982ed","size":105412,"path":"media/images/2D Loss Contour_602_9da601b6148b72039998.png","format":"png"},"train_loss":0.17453555762767792,"_wandb":{"runtime":173},"_step":602,"val_total_spikes":11468,"final_train_acc":0.9296875,"train_acc":0.9296875,"val_spikes_per_t":44.796875,"val_loss":0.5924947261810303,"val_acc":0.73828125,"final_val_acc":0.73828125,"_runtime":173.407655659,"_timestamp":1.746626440675315e+09,"train_total_spikes":11388,"3D Loss Surface":{"size":403538,"path":"media/images/3D Loss Surface_601_3310e531824c54d2fcf4.png","format":"png","width":1548,"height":1266,"_type":"image-file","sha256":"3310e531824c54d2fcf4b38efd71149d2740810b8c94293777eb169f0ed657a3"},"final_test_acc":0.78515625}