{"val_acc":1,"train_total_spikes":0,"2D Loss Contour":{"sha256":"3af53189b7ff9fab67d15d16abcf56d40e2863f7a01bc7711dd2ec174a09cf00","size":144505,"path":"media/images/2D Loss Contour_602_3af53189b7ff9fab67d1.png","format":"png","width":1649,"height":1176,"_type":"image-file"},"_runtime":32.017833554,"train_acc":1,"val_spikes_per_t":NaN,"train_spikes_per_t":NaN,"_step":602,"_wandb":{"runtime":32},"val_loss":0.028787851333618164,"final_test_acc":0.9609375,"val_total_spikes":0,"final_val_acc":1,"final_train_acc":1,"3D Loss Surface":{"size":507264,"path":"media/images/3D Loss Surface_601_c3364f1e9df652f52b7d.png","format":"png","width":1575,"height":1266,"_type":"image-file","sha256":"c3364f1e9df652f52b7dcb183569cd3649ddf87ccb0c9a42289d92b1cb22644e"},"_timestamp":1.746610293272924e+09,"train_loss":0.000886926893144846}