{"val_spikes_per_t":54.96484375,"train_total_spikes":14116,"train_acc":1,"3D Loss Surface":{"format":"png","width":1575,"height":1266,"_type":"image-file","sha256":"ef328b2d4d1efb190bf0c1c7b7d43f0ccc5a953ebe7d6cf1fd316e6bc4362fa1","size":394645,"path":"media/images/3D Loss Surface_601_ef328b2d4d1efb190bf0.png"},"train_spikes_per_t":55.140625,"_runtime":102.476382599,"final_train_acc":1,"final_test_acc":0.98828125,"val_acc":0.98046875,"val_loss":0.0357607938349247,"_timestamp":1.7466532801742754e+09,"_step":602,"2D Loss Contour":{"width":1649,"height":1176,"_type":"image-file","sha256":"121300aeb9804d0b732be5701a9de5df4ad788ac15ab4bcc6703b78869995780","size":130839,"path":"media/images/2D Loss Contour_602_121300aeb9804d0b732b.png","format":"png"},"final_val_acc":0.98046875,"train_loss":0.0001995332568185404,"_wandb":{"runtime":102},"val_total_spikes":14071}