{"_wandb":{"runtime":32},"val_loss":0.03343474864959717,"final_test_acc":0.96875,"_timestamp":1.7466129508347592e+09,"3D Loss Surface":{"height":1266,"_type":"image-file","sha256":"9811a6a66337957cb6ad41697871bcd9ff138f040ed1dc5ff81508f6b21b53c7","size":507305,"path":"media/images/3D Loss Surface_601_9811a6a66337957cb6ad.png","format":"png","width":1575},"train_total_spikes":0,"val_acc":0.99609375,"train_loss":0.0009297991055063903,"final_train_acc":1,"final_val_acc":0.99609375,"val_spikes_per_t":NaN,"val_total_spikes":0,"2D Loss Contour":{"_type":"image-file","sha256":"3a5ce73c05c83859b03856d238e69f5b281a4674d0e217b746cb21ee6f51f4c7","size":139253,"path":"media/images/2D Loss Contour_602_3a5ce73c05c83859b038.png","format":"png","width":1649,"height":1176},"_step":602,"_runtime":32.390039293,"train_acc":1,"train_spikes_per_t":NaN}