{"final_val_acc":0.984375,"2D Loss Contour":{"height":1176,"_type":"image-file","sha256":"88b8b0432c9143a511f5a5eeeea1bc85b3fa6f26274454eb9ea3953564412be0","size":133722,"path":"media/images/2D Loss Contour_602_88b8b0432c9143a511f5.png","format":"png","width":1649},"val_spikes_per_t":58.62109375,"final_train_acc":1,"train_acc":1,"3D Loss Surface":{"height":1266,"_type":"image-file","sha256":"a9ee6bd7369eb3a9f451b818a52635eac4e76f344389ca6984ed075b3aff7f7d","size":297117,"path":"media/images/3D Loss Surface_601_a9ee6bd7369eb3a9f451.png","format":"png","width":1575},"val_total_spikes":15007,"_timestamp":1.7465846374349484e+09,"train_loss":0.0007465566741302609,"val_loss":0.041296232491731644,"_wandb":{"runtime":75},"val_acc":0.984375,"train_total_spikes":15325,"train_spikes_per_t":59.86328125,"_runtime":75.562325242,"final_test_acc":0.9921875,"_step":602}