{"_wandb":{"runtime":172},"train_acc":1,"train_loss":0.009451660327613354,"_step":602,"val_loss":0.2271222323179245,"final_train_acc":1,"2D Loss Contour":{"height":1176,"_type":"image-file","sha256":"437e2d365f295c340992ce16b7c6a9205daeb8c995af7ab5e8cfcca5e7808c8c","size":129190,"path":"media/images/2D Loss Contour_602_437e2d365f295c340992.png","format":"png","width":1622},"final_val_acc":0.921875,"_timestamp":1.74663096458126e+09,"val_spikes_per_t":26.84375,"train_total_spikes":6880,"_runtime":172.531076804,"final_test_acc":0.90625,"3D Loss Surface":{"width":1548,"height":1266,"_type":"image-file","sha256":"08585020955923d3e8b1c81c4ebe052c093f4f4f9d78ad2355c2bce5ab269573","size":463857,"path":"media/images/3D Loss Surface_601_08585020955923d3e8b1.png","format":"png"},"train_spikes_per_t":26.875,"val_total_spikes":6872,"val_acc":0.921875}