{"val_total_spikes":21155,"train_spikes_per_t":83.36328125,"val_acc":0.9765625,"train_loss":0.011723746545612812,"2D Loss Contour":{"width":1622,"height":1176,"_type":"image-file","sha256":"5bfd3c5b96c9fb8ffc929d6e0093cd50acc1c506c4b2b7a704ef227f1b4140e1","size":138376,"path":"media/images/2D Loss Contour_602_5bfd3c5b96c9fb8ffc92.png","format":"png"},"final_test_acc":0.98046875,"3D Loss Surface":{"size":429698,"path":"media/images/3D Loss Surface_601_16eab3924ea106184201.png","format":"png","width":1548,"height":1266,"_type":"image-file","sha256":"16eab3924ea10618420170ca4b7fb4d52340a11840b0e801feff14d5df6e2a98"},"val_loss":0.059614796191453934,"_runtime":113.2011273,"_step":602,"final_train_acc":1,"val_spikes_per_t":82.63671875,"final_val_acc":0.9765625,"_wandb":{"runtime":113},"_timestamp":1.7465624403160846e+09,"train_acc":1,"train_total_spikes":21341}