{"train_loss":0.00793286133557558,"train_spikes_per_t":15.8125,"_timestamp":1.7466716496451142e+09,"2D Loss Contour":{"sha256":"e8dbf2883a347759e756827d0abf725a88e6ede2b31208482b0db2594a951b0b","size":128923,"path":"media/images/2D Loss Contour_602_e8dbf2883a347759e756.png","format":"png","width":1622,"height":1176,"_type":"image-file"},"_step":602,"train_total_spikes":4048,"final_test_acc":0.91796875,"val_spikes_per_t":15.578125,"val_loss":0.3084850609302521,"_wandb":{"runtime":160},"_runtime":160.093408123,"3D Loss Surface":{"_type":"image-file","sha256":"941c41e514d5653d9a74cb69c7a2e44a920a8c17917659a38174302a87cf2ffa","size":403153,"path":"media/images/3D Loss Surface_601_941c41e514d5653d9a74.png","format":"png","width":1548,"height":1266},"val_total_spikes":3988,"val_acc":0.89453125,"train_acc":1,"final_train_acc":1,"final_val_acc":0.89453125}