{"_step":602,"_timestamp":1.7466086829569535e+09,"_wandb":{"runtime":32},"final_train_acc":1,"train_loss":0.0009831172646954656,"val_acc":0.99609375,"val_total_spikes":0,"train_spikes_per_t":NaN,"2D Loss Contour":{"width":1649,"height":1176,"_type":"image-file","sha256":"f404c2cff8c03baada47889ab56702460f3a671e1c1d0afec28956d82cb541ac","size":148464,"path":"media/images/2D Loss Contour_602_f404c2cff8c03baada47.png","format":"png"},"_runtime":32.428571518,"final_test_acc":0.9609375,"val_spikes_per_t":NaN,"val_loss":0.03598696365952492,"final_val_acc":0.99609375,"train_total_spikes":0,"3D Loss Surface":{"sha256":"f4543c170fa01b1541635891355890dc6189d19492002172c33a6da962df22c4","size":478341,"path":"media/images/3D Loss Surface_601_f4543c170fa01b154163.png","format":"png","width":1575,"height":1266,"_type":"image-file"},"train_acc":1}