{"train_loss":0.010433848947286606,"train_spikes_per_t":167.69140625,"_runtime":116.371899708,"val_spikes_per_t":166.52734375,"train_total_spikes":42929,"val_loss":0.05298439413309097,"_wandb":{"runtime":116},"_timestamp":1.7465765999035854e+09,"train_acc":1,"val_total_spikes":42631,"final_val_acc":0.984375,"_step":602,"final_test_acc":0.9765625,"final_train_acc":1,"2D Loss Contour":{"path":"media/images/2D Loss Contour_602_b82ffaf9ce332c21b53e.png","format":"png","width":1622,"height":1176,"_type":"image-file","sha256":"b82ffaf9ce332c21b53eb54a9767da7a34f50b4496e916e66682edb7e358e81c","size":134710},"3D Loss Surface":{"path":"media/images/3D Loss Surface_601_9f7eda8a6a73a45686e3.png","format":"png","width":1522,"height":1266,"_type":"image-file","sha256":"9f7eda8a6a73a45686e37f6533bc8edf64d1cd75ad141998ae2a2681101a67ae","size":415503},"val_acc":0.984375}