{"val_total_spikes":0,"_runtime":33.407372221,"final_val_acc":0.71484375,"train_acc":1,"train_spikes_per_t":NaN,"val_loss":1.0803378820419312,"_timestamp":1.7466711934204595e+09,"val_spikes_per_t":NaN,"final_test_acc":0.75,"2D Loss Contour":{"height":1176,"_type":"image-file","sha256":"4405f0517788e199c8e1f3173c906913219a7925a1ca145dee332f8e0f787c2b","size":140626,"path":"media/images/2D Loss Contour_602_4405f0517788e199c8e1.png","format":"png","width":1622},"val_acc":0.71484375,"final_train_acc":1,"3D Loss Surface":{"height":1266,"_type":"image-file","sha256":"555816e6542083ad84f53eafab8a18b0fd027c0d3bef84b25a34752ddc5d5ee6","size":341257,"path":"media/images/3D Loss Surface_601_555816e6542083ad84f5.png","format":"png","width":1575},"train_loss":0.010071027092635632,"_step":602,"_wandb":{"runtime":33},"train_total_spikes":0}