{"_runtime":57.300482314999996,"3D Loss Surface":{"size":536602,"path":"media/images/3D Loss Surface_601_d328a9e07cf28836b8c5.png","format":"png","width":1548,"height":1266,"_type":"image-file","sha256":"d328a9e07cf28836b8c5198ded4cec2ae7db4442071f2f220ac50b40b6fb8fee"},"_step":602,"final_val_acc":0.8671875,"train_loss":0.003939366899430752,"final_test_acc":0.89453125,"train_total_spikes":0,"val_loss":0.42619654536247253,"_timestamp":1.7466061507459881e+09,"val_acc":0.8671875,"val_spikes_per_t":NaN,"train_acc":1,"_wandb":{"runtime":57},"val_total_spikes":0,"train_spikes_per_t":NaN,"2D Loss Contour":{"format":"png","width":1623,"height":1176,"_type":"image-file","sha256":"9f6c415cc1e3d723982a4721ddcf379d6b0c52d586f8cfda5ad32404fadbca95","size":139168,"path":"media/images/2D Loss Contour_602_9f6c415cc1e3d723982a.png"},"final_train_acc":1}