{"val_spikes_per_t":NaN,"_step":602,"_timestamp":1.746605397996285e+09,"train_spikes_per_t":NaN,"val_total_spikes":0,"final_test_acc":0.8671875,"_runtime":57.797411673,"val_acc":0.84765625,"final_train_acc":1,"val_loss":0.35848525166511536,"_wandb":{"runtime":57},"3D Loss Surface":{"width":1548,"height":1266,"_type":"image-file","sha256":"003151b039efc95a1c5b785c48dc3f4c136f4a9f71318fc79fafb1b8859fd21c","size":527435,"path":"media/images/3D Loss Surface_601_003151b039efc95a1c5b.png","format":"png"},"train_total_spikes":0,"final_val_acc":0.84765625,"train_loss":0.0045842332765460014,"train_acc":1,"2D Loss Contour":{"path":"media/images/2D Loss Contour_602_6993c36e8bff9b20421a.png","format":"png","width":1622,"height":1176,"_type":"image-file","sha256":"6993c36e8bff9b20421a37b15371bb61defa5bd8782cb75e164387487102f145","size":115443}}