{"val_acc":0.98828125,"train_spikes_per_t":74.37890625,"final_train_acc":1,"val_total_spikes":18653,"_wandb":{"runtime":75},"val_spikes_per_t":72.86328125,"3D Loss Surface":{"path":"media/images/3D Loss Surface_601_5f7a3e753ecdaa137f93.png","format":"png","width":1575,"height":1266,"_type":"image-file","sha256":"5f7a3e753ecdaa137f930697e7d8d6c22c05dd05f3385cdbc0cd8192fd918777","size":423802},"train_loss":0.0006964767817407846,"final_test_acc":0.9765625,"2D Loss Contour":{"_type":"image-file","sha256":"1e9ed4a9026617c50ac65c7f71b0bc785767ca64eb1095af190eddf4613527aa","size":136736,"path":"media/images/2D Loss Contour_602_1e9ed4a9026617c50ac6.png","format":"png","width":1623,"height":1176},"_step":602,"train_acc":1,"final_val_acc":0.98828125,"_timestamp":1.7465876859919395e+09,"train_total_spikes":19041,"val_loss":0.041706133633852005,"_runtime":75.262130402}