{"train_total_spikes":0,"train_loss":0.002304396592080593,"train_spikes_per_t":NaN,"val_loss":0.061886269599199295,"_timestamp":1.7466082542942307e+09,"train_acc":1,"final_val_acc":0.97265625,"2D Loss Contour":{"_type":"image-file","sha256":"462db74cdff313568a88152b635a0f009c1c4e648fdcb23b8cc9179bd92192b1","size":153255,"path":"media/images/2D Loss Contour_602_462db74cdff313568a88.png","format":"png","width":1649,"height":1176},"final_train_acc":1,"final_test_acc":0.96875,"3D Loss Surface":{"height":1266,"_type":"image-file","sha256":"477cf3da13f7cb1b6143ec8a541273177b8a7dce1ae8ca69a4425690c4e0a4c3","size":554912,"path":"media/images/3D Loss Surface_601_477cf3da13f7cb1b6143.png","format":"png","width":1601},"val_acc":0.97265625,"_runtime":32.42837777,"_wandb":{"runtime":32},"val_total_spikes":0,"val_spikes_per_t":NaN,"_step":602}