{"_timestamp":1.7466585801884353e+09,"_step":602,"final_val_acc":0.7265625,"2D Loss Contour":{"path":"media/images/2D Loss Contour_602_b6e0d9d6316b4cd97f4e.png","format":"png","width":1622,"height":1176,"_type":"image-file","sha256":"b6e0d9d6316b4cd97f4e61b022a932e99e7db685f87d9442b9916288b2a8556e","size":140159},"val_spikes_per_t":39.21484375,"final_test_acc":0.75,"val_loss":0.8311969637870789,"final_train_acc":0.99609375,"train_spikes_per_t":39.0078125,"train_acc":0.99609375,"3D Loss Surface":{"size":421134,"path":"media/images/3D Loss Surface_601_0346f9b4f9389ccfda96.png","format":"png","width":1548,"height":1266,"_type":"image-file","sha256":"0346f9b4f9389ccfda96a2c876ec6f8abf59417a3a2ea1074a365463c69b92ab"},"_wandb":{"runtime":168},"train_total_spikes":9986,"val_acc":0.7265625,"_runtime":168.264737953,"val_total_spikes":10039,"train_loss":0.05156993865966797}