{"_runtime":102.999876423,"2D Loss Contour":{"sha256":"0d970f9d1d00c7df0d12ca1a42978d142c21fe5ca496111f9f6e376ade643976","size":139504,"path":"media/images/2D Loss Contour_602_0d970f9d1d00c7df0d12.png","format":"png","width":1649,"height":1176,"_type":"image-file"},"train_acc":1,"final_train_acc":1,"val_total_spikes":10391,"_timestamp":1.7466670639706962e+09,"val_loss":0.027798080816864967,"_step":602,"_wandb":{"runtime":103},"train_spikes_per_t":40.93359375,"val_spikes_per_t":40.58984375,"train_loss":0.00032049810397438705,"3D Loss Surface":{"size":531452,"path":"media/images/3D Loss Surface_601_d5eb9745ad03d300b827.png","format":"png","width":1575,"height":1266,"_type":"image-file","sha256":"d5eb9745ad03d300b827e91b5174b95fe51428ca4c66636a5678693ae0320642"},"train_total_spikes":10479,"final_test_acc":0.98828125,"final_val_acc":0.98828125,"val_acc":0.98828125}