{"train_spikes_per_t":NaN,"3D Loss Surface":{"width":1575,"height":1266,"_type":"image-file","sha256":"c831a7fc4abbb30b5d43c01533cdec685840a3a9ded37bde84ef426daede3647","size":550808,"path":"media/images/3D Loss Surface_601_c831a7fc4abbb30b5d43.png","format":"png"},"train_loss":0.0008485200232826173,"_runtime":32.264006921000004,"val_loss":0.03884240984916687,"final_val_acc":0.984375,"final_train_acc":1,"_wandb":{"runtime":32},"train_total_spikes":0,"final_test_acc":0.9609375,"_timestamp":1.7466120324794922e+09,"2D Loss Contour":{"path":"media/images/2D Loss Contour_602_fe682246582303536a6d.png","format":"png","width":1649,"height":1176,"_type":"image-file","sha256":"fe682246582303536a6d8464c4c3f9643e94112fc1f5c20a5e8c72d6b920b70b","size":146825},"val_total_spikes":0,"val_acc":0.984375,"train_acc":1,"_step":602,"val_spikes_per_t":NaN}