{"_step":602,"final_train_acc":1,"train_loss":0.00832288060337305,"train_spikes_per_t":60.27734375,"val_loss":1.5480724573135376,"train_total_spikes":15431,"val_total_spikes":15529,"final_val_acc":0.74609375,"_timestamp":1.746672325326512e+09,"train_acc":1,"_runtime":91.294303513,"final_test_acc":0.71875,"2D Loss Contour":{"height":1176,"_type":"image-file","sha256":"a258635575a064917750d00187f6b4c5e573f36c0a4838d9ec639cb7cb64ef64","size":114030,"path":"media/images/2D Loss Contour_602_a258635575a064917750.png","format":"png","width":1569},"3D Loss Surface":{"path":"media/images/3D Loss Surface_601_95df2620b299c32f7116.png","format":"png","width":1495,"height":1266,"_type":"image-file","sha256":"95df2620b299c32f711629f7b9e36f62417a0d1270b8af9191a960d75537ec74","size":310598},"val_spikes_per_t":60.66015625,"_wandb":{"runtime":91},"val_acc":0.74609375}