{"val_spikes_per_t":56.1015625,"final_val_acc":0.81640625,"_wandb":{"runtime":102},"_timestamp":1.7466538999294157e+09,"val_acc":0.81640625,"val_total_spikes":14362,"_step":602,"final_test_acc":0.8046875,"_runtime":102.75329791,"final_train_acc":0.96484375,"train_total_spikes":14397,"train_acc":0.96484375,"train_loss":0.1480989009141922,"val_loss":0.42639294266700745,"2D Loss Contour":{"format":"png","width":1622,"height":1176,"_type":"image-file","sha256":"fd7e31b548529db2394801db2e15dfd2c67c69a446218c3b63c5a58221200a96","size":135291,"path":"media/images/2D Loss Contour_602_fd7e31b548529db23948.png"},"train_spikes_per_t":56.23828125,"3D Loss Surface":{"width":1522,"height":1266,"_type":"image-file","sha256":"69f5b45cd5b48205349db174f4141334c2437e623a79dde6fc699bc318c78aa0","size":423683,"path":"media/images/3D Loss Surface_601_69f5b45cd5b48205349d.png","format":"png"}}