{"_wandb":{"runtime":57},"val_acc":0.8515625,"train_acc":1,"val_loss":0.48850205540657043,"_step":602,"_timestamp":1.7465973474931688e+09,"final_test_acc":0.8046875,"3D Loss Surface":{"size":544347,"path":"media/images/3D Loss Surface_601_de9a5b82a0a5254b3c48.png","format":"png","width":1548,"height":1266,"_type":"image-file","sha256":"de9a5b82a0a5254b3c48d95a6322011270e2369891b32aa4e356f873c18a738a"},"val_spikes_per_t":NaN,"final_val_acc":0.8515625,"_runtime":57.289469818,"2D Loss Contour":{"_type":"image-file","sha256":"03f950ef37f7bbb8d3ca592c50ae03e86c322aa9d4184f5d38bcdb9d67145322","size":143834,"path":"media/images/2D Loss Contour_602_03f950ef37f7bbb8d3ca.png","format":"png","width":1622,"height":1176},"train_total_spikes":0,"val_total_spikes":0,"train_loss":0.010084243491292,"final_train_acc":1,"train_spikes_per_t":NaN}