{"val_spikes_per_t":13.171875,"_timestamp":1.7466990423683352e+09,"val_total_spikes":3372,"val_loss":0.25129562616348267,"final_val_acc":0.890625,"val_acc":0.890625,"train_spikes_per_t":12.9921875,"train_total_spikes":3326,"_step":602,"final_train_acc":1,"train_loss":0.0033766520209610462,"_runtime":160.832340744,"train_acc":1,"final_test_acc":0.8984375,"_wandb":{"runtime":160},"2D Loss Contour":{"format":"png","width":1596,"height":1176,"_type":"image-file","sha256":"6bc857886ddee3b743d5b7d177d2300bbe5e4ee3e34c15c7591ef10eb24cffb1","size":103530,"path":"media/images/2D Loss Contour_602_6bc857886ddee3b743d5.png"},"3D Loss Surface":{"format":"png","width":1522,"height":1266,"_type":"image-file","sha256":"ce88aaf364098fdb289cae885d9ea11cdf838a3b837b9c4fa9db1d2194a9b17e","size":400352,"path":"media/images/3D Loss Surface_601_ce88aaf364098fdb289c.png"}}