{"final_val_acc":0.92578125,"final_test_acc":0.8984375,"train_acc":1,"val_acc":0.92578125,"_timestamp":1.7467006632673442e+09,"train_loss":0.01207495667040348,"train_total_spikes":5880,"val_spikes_per_t":22.81640625,"val_loss":0.23590832948684692,"3D Loss Surface":{"format":"png","width":1522,"height":1266,"_type":"image-file","sha256":"8faf4a488c05761fff15dd5152e6715a61411f8f72a96d996bcd5c95c93957ca","size":416447,"path":"media/images/3D Loss Surface_601_8faf4a488c05761fff15.png"},"_runtime":160.640971627,"2D Loss Contour":{"height":1176,"_type":"image-file","sha256":"45e5ea09fc778089f651e2d18fc5b5e4260126f52572e677518e49b3704cd4d7","size":120574,"path":"media/images/2D Loss Contour_602_45e5ea09fc778089f651.png","format":"png","width":1596},"train_spikes_per_t":22.96875,"_step":602,"_wandb":{"runtime":160},"final_train_acc":1,"val_total_spikes":5841}