{"val_total_spikes":41579,"_timestamp":1.746560506983309e+09,"train_total_spikes":41578,"val_loss":0.6931474804878235,"train_acc":0.51953125,"val_acc":0.5,"3D Loss Surface":{"height":1266,"_type":"image-file","sha256":"3f9fe86b2ca5dbf0320521526f91b283e944cd771a1003ab02a77d1b44326798","size":403736,"path":"media/images/3D Loss Surface_601_3f9fe86b2ca5dbf03205.png","format":"png","width":1495},"final_val_acc":0.5,"val_spikes_per_t":162.41796875,"_wandb":{"runtime":113},"2D Loss Contour":{"sha256":"814b41197ee72eef155687b5fdd67f73e35a372dfec6e572e02b6c806a15cf74","size":105813,"path":"media/images/2D Loss Contour_602_814b41197ee72eef1556.png","format":"png","width":1570,"height":1176,"_type":"image-file"},"final_train_acc":0.51953125,"_runtime":113.219027823,"train_spikes_per_t":162.4140625,"_step":602,"train_loss":0.6931474804878235,"final_test_acc":0.48046875}