{"val_loss":9.842816352844238,"final_test_acc":0.48046875,"3D Loss Surface":{"width":1522,"height":1266,"_type":"image-file","sha256":"81158a2385737734588091e72f5a2afc4d37a3e937699bb1ddc662d8b3a9fd78","size":304161,"path":"media/images/3D Loss Surface_601_81158a23857377345880.png","format":"png"},"_timestamp":1.746673923241787e+09,"_wandb":{"runtime":64},"final_val_acc":0.51171875,"val_acc":0.51171875,"final_train_acc":0.51171875,"_step":602,"val_total_spikes":12380,"2D Loss Contour":{"size":119843,"path":"media/images/2D Loss Contour_602_0c8b95c904992bc3ca62.png","format":"png","width":1596,"height":1176,"_type":"image-file","sha256":"0c8b95c904992bc3ca624ce556ca4061f95309f43fbae753de6688f3e21def2d"},"train_acc":0.51171875,"_runtime":64.327493871,"train_loss":9.898599624633789,"train_spikes_per_t":48.1484375,"val_spikes_per_t":48.359375,"train_total_spikes":12326}