{"final_train_acc":1,"train_spikes_per_t":95.51171875,"2D Loss Contour":{"_type":"image-file","sha256":"b7748cb5146b54723d303a1e8bbc2f6496b8a6626c293d31dfeb5a472c1ae210","size":132351,"path":"media/images/2D Loss Contour_602_b7748cb5146b54723d30.png","format":"png","width":1649,"height":1176},"train_total_spikes":24451,"train_acc":1,"_step":602,"3D Loss Surface":{"width":1548,"height":1266,"_type":"image-file","sha256":"8e2a7450ef14742f6f56d8be1188eddc99d3d7418e296d5639c61bfcb60a0e23","size":464033,"path":"media/images/3D Loss Surface_601_8e2a7450ef14742f6f56.png","format":"png"},"_timestamp":1.7465804006077552e+09,"val_total_spikes":24524,"val_loss":0.008713618852198124,"_runtime":114.719145941,"final_val_acc":1,"val_acc":1,"final_test_acc":1,"train_loss":0.0034450404345989227,"val_spikes_per_t":95.796875,"_wandb":{"runtime":114}}