{"_step":602,"val_total_spikes":0,"final_train_acc":1,"_wandb":{"runtime":31},"train_acc":1,"val_spikes_per_t":NaN,"val_acc":0.98828125,"_runtime":31.901940917,"train_spikes_per_t":NaN,"final_val_acc":0.98828125,"3D Loss Surface":{"_type":"image-file","sha256":"d3ffe2c4813f1ff254a4418103223eca9799a567ddf2d16df6780f96b16363e7","size":555167,"path":"media/images/3D Loss Surface_601_d3ffe2c4813f1ff254a4.png","format":"png","width":1575,"height":1266},"train_loss":0.000868813949637115,"val_loss":0.036198996007442474,"final_test_acc":0.95703125,"2D Loss Contour":{"sha256":"eb24cd0bcbc80d2986350168ce1e681c4ccd944efd3319cb0547c4a45f99e525","size":148104,"path":"media/images/2D Loss Contour_602_eb24cd0bcbc80d298635.png","format":"png","width":1649,"height":1176,"_type":"image-file"},"_timestamp":1.7466133752053826e+09,"train_total_spikes":0}