{"_wandb":{"runtime":32},"train_spikes_per_t":NaN,"final_val_acc":0.98046875,"2D Loss Contour":{"sha256":"2b350e56d9b494b56e2d23a2930324c323553233adc486d5d23debd942fbaa62","size":147030,"path":"media/images/2D Loss Contour_602_2b350e56d9b494b56e2d.png","format":"png","width":1623,"height":1176,"_type":"image-file"},"_step":602,"train_total_spikes":0,"final_train_acc":1,"val_loss":0.05288783088326454,"_timestamp":1.7466080570494375e+09,"train_loss":0.000531333964318037,"3D Loss Surface":{"width":1575,"height":1266,"_type":"image-file","sha256":"8a50ac2363ac8af8cef0d303934f5a514212627d3e875dca1b645b1284bc8e64","size":508813,"path":"media/images/3D Loss Surface_601_8a50ac2363ac8af8cef0.png","format":"png"},"_runtime":32.227660002,"train_acc":1,"val_total_spikes":0,"final_test_acc":0.9609375,"val_spikes_per_t":NaN,"val_acc":0.98046875}