{"_runtime":75.672350477,"2D Loss Contour":{"height":1176,"_type":"image-file","sha256":"a1177a41be51f6b4b742fa12e5ce44760d2f1e9f39fe0939a0a6ab36a977c6c2","size":118201,"path":"media/images/2D Loss Contour_602_a1177a41be51f6b4b742.png","format":"png","width":1596},"3D Loss Surface":{"height":1266,"_type":"image-file","sha256":"73a2843a8548d5bc438c9a9bd97692ee1816f023f2215b8b2e6d6dfa30ba1c43","size":496744,"path":"media/images/3D Loss Surface_601_73a2843a8548d5bc438c.png","format":"png","width":1548},"_timestamp":1.7465812863921332e+09,"val_acc":0.6015625,"train_loss":0.9525588154792786,"train_acc":0.6640625,"train_total_spikes":25460,"final_val_acc":0.6015625,"_step":602,"final_train_acc":0.6640625,"train_spikes_per_t":99.453125,"val_spikes_per_t":98.9375,"_wandb":{"runtime":75},"final_test_acc":0.58984375,"val_loss":1.1639149188995361,"val_total_spikes":25328}