{"3D Loss Surface":{"height":1266,"_type":"image-file","sha256":"78e176f8813d825683567526f9edb2318a766aa579afbd6e91646e91fcbd2f1b","size":326458,"path":"media/images/3D Loss Surface_601_78e176f8813d82568356.png","format":"png","width":1575},"train_total_spikes":9387,"val_total_spikes":9394,"train_spikes_per_t":36.66796875,"train_acc":1,"final_test_acc":0.95703125,"final_val_acc":0.94921875,"val_acc":0.94921875,"final_train_acc":1,"_timestamp":1.7466184682516878e+09,"2D Loss Contour":{"format":"png","width":1649,"height":1176,"_type":"image-file","sha256":"201069d8f2c3c576c890fa28d0b0e327216c6d014c302bab95a6a853ce638480","size":127539,"path":"media/images/2D Loss Contour_602_201069d8f2c3c576c890.png"},"_runtime":172.311220451,"val_loss":0.1547197848558426,"train_loss":0.0038891828153282404,"val_spikes_per_t":36.6953125,"_wandb":{"runtime":172},"_step":602}