{"final_test_acc":0.52734375,"final_train_acc":0.57421875,"final_val_acc":0.578125,"val_total_spikes":27662,"_wandb":{"runtime":112},"2D Loss Contour":{"height":1176,"_type":"image-file","sha256":"214c83c30c814d245734e02618bc0811fd5ec1fa837cbbbcea29f1191161dea1","size":150814,"path":"media/images/2D Loss Contour_602_214c83c30c814d245734.png","format":"png","width":1596},"_step":602,"_runtime":112.004611128,"train_acc":0.57421875,"3D Loss Surface":{"height":1266,"_type":"image-file","sha256":"42098b6b89f87350999424a834fd092402c09671dd672c69dc75c509f5eb368d","size":414538,"path":"media/images/3D Loss Surface_601_42098b6b89f873509994.png","format":"png","width":1522},"_timestamp":1.7466536460193458e+09,"train_spikes_per_t":108.8984375,"val_loss":2.2528083324432373,"val_spikes_per_t":108.0546875,"train_total_spikes":27878,"train_loss":2.22906231880188,"val_acc":0.578125}