{"_runtime":161.365680669,"_step":602,"train_loss":0.3918035924434662,"_timestamp":1.7466769719147975e+09,"val_acc":0.7421875,"val_spikes_per_t":34.99609375,"_wandb":{"runtime":161},"2D Loss Contour":{"path":"media/images/2D Loss Contour_602_3f13783f7a10ccfe239c.png","format":"png","width":1622,"height":1176,"_type":"image-file","sha256":"3f13783f7a10ccfe239c14da8a929027d9f90fd7dc338d8beae2044e5073bf77","size":123693},"3D Loss Surface":{"width":1548,"height":1266,"_type":"image-file","sha256":"ca7220e0646e5b0c5adee8c892c2bfeddd714aa3ea1748af2744d47c7717e25f","size":443154,"path":"media/images/3D Loss Surface_601_ca7220e0646e5b0c5ade.png","format":"png"},"val_loss":0.6829216480255127,"train_spikes_per_t":34.23828125,"val_total_spikes":8959,"final_val_acc":0.7421875,"final_test_acc":0.79296875,"train_acc":0.86328125,"train_total_spikes":8765,"final_train_acc":0.86328125}