{"val_acc":0.86328125,"3D Loss Surface":{"path":"media/images/3D Loss Surface_601_bf64b95810c34d8ac0d4.png","format":"png","width":1522,"height":1266,"_type":"image-file","sha256":"bf64b95810c34d8ac0d4f04712bca77dea9326579b8b27582d42dcd0adf0bc5f","size":343998},"final_val_acc":0.86328125,"_wandb":{"runtime":64},"train_loss":0.004312356002628803,"train_acc":1,"val_total_spikes":8845,"final_test_acc":0.828125,"val_loss":0.4055081605911255,"_timestamp":1.746674182729161e+09,"2D Loss Contour":{"height":1176,"_type":"image-file","sha256":"2acf6caadb3eb41aca30347d8923b42bea7d1102055f93a43776489b4d5117be","size":126516,"path":"media/images/2D Loss Contour_602_2acf6caadb3eb41aca30.png","format":"png","width":1622},"val_spikes_per_t":34.55078125,"train_spikes_per_t":34.109375,"train_total_spikes":8732,"_runtime":64.266411459,"_step":602,"final_train_acc":1}