{"2D Loss Contour":{"_type":"image-file","sha256":"61cc7b42f7a0684f449e3567ea9cf904df48907106a552d4d41b2d82c80d98b3","size":118629,"path":"media/images/2D Loss Contour_602_61cc7b42f7a0684f449e.png","format":"png","width":1649,"height":1176},"val_spikes_per_t":64.95703125,"final_train_acc":0.99609375,"train_loss":0.0029062293469905853,"final_test_acc":0.98046875,"val_total_spikes":16629,"train_spikes_per_t":65.046875,"_timestamp":1.7466502870964243e+09,"_runtime":102.578447906,"3D Loss Surface":{"height":1266,"_type":"image-file","sha256":"fa0f8a524ab1dce8b7c58b9eae455a6a3ac8d8a6a0c919f77e9f5e5db232cb2e","size":469345,"path":"media/images/3D Loss Surface_601_fa0f8a524ab1dce8b7c5.png","format":"png","width":1575},"final_val_acc":0.99609375,"val_acc":0.99609375,"_wandb":{"runtime":102},"train_acc":0.99609375,"val_loss":0.016015522181987762,"_step":602,"train_total_spikes":16652}