{"val_loss":0.9637804627418518,"3D Loss Surface":{"height":1266,"_type":"image-file","sha256":"b403f79bc2d710e775d63f9e1c7c36a9fe8b363159368c3d4ae72f3be2d9959a","size":329716,"path":"media/images/3D Loss Surface_601_b403f79bc2d710e775d6.png","format":"png","width":1548},"2D Loss Contour":{"height":1176,"_type":"image-file","sha256":"46de0835ed68610825ccfa7f774777066dedf0839371423eb0264bc016503f48","size":121798,"path":"media/images/2D Loss Contour_602_46de0835ed68610825cc.png","format":"png","width":1622},"val_total_spikes":0,"train_acc":0.8984375,"final_test_acc":0.59765625,"_timestamp":1.7466003032222323e+09,"train_loss":0.2772057056427002,"final_train_acc":0.8984375,"_runtime":57.997127253,"_step":602,"val_acc":0.58984375,"val_spikes_per_t":NaN,"_wandb":{"runtime":57},"final_val_acc":0.58984375,"train_spikes_per_t":NaN,"train_total_spikes":0}