{"_step":602,"val_loss":1.1627395153045654,"3D Loss Surface":{"sha256":"08422729639a89373c2b4e031a4072de5d30253027729b75da6ab09bc047957a","size":438974,"path":"media/images/3D Loss Surface_601_08422729639a89373c2b.png","format":"png","width":1495,"height":1266,"_type":"image-file"},"2D Loss Contour":{"_type":"image-file","sha256":"f506151fe1ac0c39c82fb620962dce103765796680cc160f7f5e05515a3cc7c9","size":136642,"path":"media/images/2D Loss Contour_602_f506151fe1ac0c39c82f.png","format":"png","width":1596,"height":1176},"_wandb":{"runtime":90},"final_test_acc":0.72265625,"_runtime":90.826177314,"val_acc":0.68359375,"final_train_acc":0.828125,"train_total_spikes":17622,"train_spikes_per_t":68.8359375,"val_spikes_per_t":67.734375,"final_val_acc":0.68359375,"_timestamp":1.7466716819966643e+09,"train_acc":0.828125,"val_total_spikes":17340,"train_loss":0.6628714203834534}