{"2D Loss Contour":{"width":1623,"height":1176,"_type":"image-file","sha256":"01e010bc894d212580e7058e328ffa316f8ee90578fa8d96281d2b60c3a5c759","size":140384,"path":"media/images/2D Loss Contour_602_01e010bc894d212580e7.png","format":"png"},"val_acc":0.98046875,"train_spikes_per_t":51.7578125,"final_test_acc":0.98828125,"_wandb":{"runtime":103},"final_train_acc":1,"val_loss":0.032592687755823135,"_runtime":103.152959498,"_step":602,"train_total_spikes":13250,"train_loss":0.0002767667465377599,"_timestamp":1.746665303574153e+09,"final_val_acc":0.98046875,"3D Loss Surface":{"width":1575,"height":1266,"_type":"image-file","sha256":"13463c9761b09eaf8908f253ead837c9e721fd7247c22fe418a07469efca687c","size":443788,"path":"media/images/3D Loss Surface_601_13463c9761b09eaf8908.png","format":"png"},"val_spikes_per_t":52.0703125,"val_total_spikes":13330,"train_acc":1}