{"train_loss":0.00022077708854340017,"val_loss":0.010842765681445599,"final_train_acc":1,"val_acc":0.98828125,"train_total_spikes":17447,"val_total_spikes":17350,"train_spikes_per_t":68.15234375,"final_test_acc":0.99609375,"3D Loss Surface":{"width":1575,"height":1266,"_type":"image-file","sha256":"2ccd92f97475a6203432d85f1025f6078594da240efc60613f18323ef95b1d8b","size":301561,"path":"media/images/3D Loss Surface_601_2ccd92f97475a6203432.png","format":"png"},"final_val_acc":0.98828125,"_runtime":76.037967574,"train_acc":1,"2D Loss Contour":{"format":"png","width":1622,"height":1176,"_type":"image-file","sha256":"b6a17a6132ec89d038aafbc152659523fd08fbccf9a8af62146eb120e30007a7","size":145094,"path":"media/images/2D Loss Contour_602_b6a17a6132ec89d038aa.png"},"_wandb":{"runtime":76},"_step":602,"val_spikes_per_t":67.7734375,"_timestamp":1.7465925666434312e+09}