{"_step":602,"3D Loss Surface":{"format":"png","width":1548,"height":1266,"_type":"image-file","sha256":"3541affb001431b788f822466c748aad149c08028ecaca57fbab441ae83bf05e","size":492622,"path":"media/images/3D Loss Surface_601_3541affb001431b788f8.png"},"val_total_spikes":0,"_wandb":{"runtime":58},"train_acc":0.87109375,"val_loss":0.67302405834198,"2D Loss Contour":{"format":"png","width":1622,"height":1176,"_type":"image-file","sha256":"5394e7c4f40773b5db0de1052fc1a35e6479ff1cb06c2051959481b2e9ef29c3","size":136689,"path":"media/images/2D Loss Contour_602_5394e7c4f40773b5db0d.png"},"_runtime":58.196075162,"train_spikes_per_t":NaN,"val_spikes_per_t":NaN,"train_loss":0.3491930067539215,"final_train_acc":0.87109375,"train_total_spikes":0,"final_test_acc":0.6640625,"val_acc":0.671875,"final_val_acc":0.671875,"_timestamp":1.7466015181607838e+09}