{"final_val_acc":0.9140625,"train_spikes_per_t":36.3984375,"final_train_acc":1,"train_loss":0.017664754763245583,"val_spikes_per_t":35.75,"val_loss":0.3296501636505127,"val_acc":0.9140625,"final_test_acc":0.9375,"3D Loss Surface":{"sha256":"f8e11b498cb91e0003b19adc99681adcf05123fcd5e244a7037709081d9deb9c","size":393097,"path":"media/images/3D Loss Surface_601_f8e11b498cb91e0003b1.png","format":"png","width":1575,"height":1266,"_type":"image-file"},"val_total_spikes":9152,"train_acc":1,"train_total_spikes":9318,"2D Loss Contour":{"size":125427,"path":"media/images/2D Loss Contour_602_c13a67fb55847ddccbaf.png","format":"png","width":1622,"height":1176,"_type":"image-file","sha256":"c13a67fb55847ddccbafc30a39579e7490b8a7667c4d6aea4db89910f79878fc"},"_wandb":{"runtime":161},"_timestamp":1.746701312198417e+09,"_step":602,"_runtime":161.84923976}