{"train_total_spikes":27390,"final_test_acc":0.96875,"train_acc":0.99609375,"final_train_acc":0.99609375,"_wandb":{"runtime":113},"_step":602,"_runtime":113.579176788,"3D Loss Surface":{"size":408144,"path":"media/images/3D Loss Surface_601_87a99d6dd624430b2458.png","format":"png","width":1548,"height":1266,"_type":"image-file","sha256":"87a99d6dd624430b245830238bdf91e2df5f532bcbb8573e5afe376cb9713b3d"},"final_val_acc":0.96484375,"2D Loss Contour":{"path":"media/images/2D Loss Contour_602_10b654fce69d11153081.png","format":"png","width":1596,"height":1176,"_type":"image-file","sha256":"10b654fce69d11153081718519db90265da438079fa7391a2cdd349676863d00","size":130082},"val_loss":0.0904427245259285,"val_spikes_per_t":106.86328125,"val_acc":0.96484375,"_timestamp":1.7465712492421606e+09,"train_spikes_per_t":106.9921875,"val_total_spikes":27357,"train_loss":0.022386303171515465}