{"val_total_spikes":15193,"_runtime":102.827310156,"_timestamp":1.7466498742479858e+09,"train_loss":0.0006531617254950106,"final_train_acc":1,"2D Loss Contour":{"path":"media/images/2D Loss Contour_602_23c80a197f868dfda9e0.png","format":"png","width":1622,"height":1176,"_type":"image-file","sha256":"23c80a197f868dfda9e0c1c923f78863eae85ba99b402f3726c70bce2f5caf00","size":120876},"3D Loss Surface":{"height":1266,"_type":"image-file","sha256":"6776797a9eac09ea0c88ce9b1aa7e83f39dbdec733c4227cc67aad4c6d417c2f","size":466569,"path":"media/images/3D Loss Surface_601_6776797a9eac09ea0c88.png","format":"png","width":1548},"val_acc":0.953125,"_wandb":{"runtime":102},"train_spikes_per_t":59.2890625,"final_val_acc":0.953125,"final_test_acc":0.9609375,"_step":602,"val_spikes_per_t":59.34765625,"train_total_spikes":15178,"val_loss":0.11209344118833542,"train_acc":1}