{"final_test_acc":0.5,"train_loss":1.0805326700210571,"final_train_acc":0.75390625,"3D Loss Surface":{"height":1266,"_type":"image-file","sha256":"3b3b3e4249c403b9437e59eeeda32e8553eec9f1f53ddf46063eab47ff91e9e0","size":464702,"path":"media/images/3D Loss Surface_601_3b3b3e4249c403b9437e.png","format":"png","width":1522},"_step":602,"final_val_acc":0.55078125,"train_acc":0.75390625,"train_total_spikes":0,"val_acc":0.55078125,"val_total_spikes":0,"val_loss":2.656531572341919,"_wandb":{"runtime":57},"val_spikes_per_t":NaN,"_timestamp":1.7465976377176194e+09,"train_spikes_per_t":NaN,"_runtime":57.474857096,"2D Loss Contour":{"width":1569,"height":1176,"_type":"image-file","sha256":"9733d21e1177f936da647a86348a7d6bad08e6915493a6c1a507f44b077ceef1","size":128124,"path":"media/images/2D Loss Contour_602_9733d21e1177f936da64.png","format":"png"}}