{"final_test_acc":0.99609375,"val_loss":0.007985580712556839,"_runtime":76.429059894,"3D Loss Surface":{"width":1575,"height":1266,"_type":"image-file","sha256":"ca05dbeefb9bec0b60adc13fd20efebca0597d2095f7db09cd54f01ce069b648","size":305341,"path":"media/images/3D Loss Surface_601_ca05dbeefb9bec0b60ad.png","format":"png"},"_step":602,"val_spikes_per_t":66.453125,"train_spikes_per_t":67.76953125,"final_train_acc":1,"train_acc":1,"final_val_acc":1,"_timestamp":1.7465930999921045e+09,"_wandb":{"runtime":76},"train_loss":0.0008572104852646589,"val_acc":1,"train_total_spikes":17349,"2D Loss Contour":{"path":"media/images/2D Loss Contour_602_0de236e39f292d222f08.png","format":"png","width":1649,"height":1176,"_type":"image-file","sha256":"0de236e39f292d222f0860e77e2b255b2ba48ee413e27f4baa3f84b6d44e111b","size":157620},"val_total_spikes":17012}