{"train_total_spikes":16023,"final_val_acc":0.98828125,"final_test_acc":0.98828125,"_wandb":{"runtime":102},"train_acc":1,"train_loss":0.00021916253899689764,"2D Loss Contour":{"width":1623,"height":1176,"_type":"image-file","sha256":"10c673baadf00cad43403d4345ff3b9b2a6f635d37b31464a40cd2ae4ef4d8c9","size":125802,"path":"media/images/2D Loss Contour_602_10c673baadf00cad4340.png","format":"png"},"3D Loss Surface":{"_type":"image-file","sha256":"a3ba99e999d87216e1c367e860f0570cd4934d042215fe50d949bc0c3514a263","size":406001,"path":"media/images/3D Loss Surface_601_a3ba99e999d87216e1c3.png","format":"png","width":1548,"height":1266},"_timestamp":1.7466630278707047e+09,"_step":602,"val_spikes_per_t":62.37109375,"_runtime":102.921244522,"val_loss":0.04738449305295944,"train_spikes_per_t":62.58984375,"val_total_spikes":15967,"val_acc":0.98828125,"final_train_acc":1}