{"2D Loss Contour":{"size":111564,"path":"media/images/2D Loss Contour_602_04ff4e9b25722941be02.png","format":"png","width":1596,"height":1176,"_type":"image-file","sha256":"04ff4e9b25722941be02210578359529aeb75f44038f401ff8b5ab050845abd9"},"train_total_spikes":20650,"val_loss":0.02728545106947422,"_step":602,"train_loss":0.009448690339922905,"_timestamp":1.7465660959717724e+09,"final_val_acc":0.9921875,"_runtime":113.859843446,"train_spikes_per_t":80.6640625,"val_acc":0.9921875,"3D Loss Surface":{"width":1522,"height":1266,"_type":"image-file","sha256":"a76d046deeef3e53c035f6810eced40ee0364ea0048f0a74e5e8ac1088d12483","size":393786,"path":"media/images/3D Loss Surface_601_a76d046deeef3e53c035.png","format":"png"},"final_train_acc":1,"train_acc":1,"final_test_acc":0.9765625,"_wandb":{"runtime":113},"val_total_spikes":20636,"val_spikes_per_t":80.609375}