{"_step":602,"val_acc":0.890625,"final_val_acc":0.890625,"2D Loss Contour":{"sha256":"5a3e15b59219ffdf6713fbd38d7955e4c484c1b7b932258dd33e0c09c51cdbe5","size":124250,"path":"media/images/2D Loss Contour_602_5a3e15b59219ffdf6713.png","format":"png","width":1622,"height":1176,"_type":"image-file"},"train_acc":1,"final_test_acc":0.89453125,"train_total_spikes":10401,"train_spikes_per_t":40.62890625,"_timestamp":1.7466394598713443e+09,"3D Loss Surface":{"sha256":"94d1c777c34dc532a7e2b8f7199bbb783f9b440d5553f36eb64ef43f260deeb7","size":395174,"path":"media/images/3D Loss Surface_601_94d1c777c34dc532a7e2.png","format":"png","width":1522,"height":1266,"_type":"image-file"},"_runtime":173.557651004,"_wandb":{"runtime":173},"train_loss":0.01032043993473053,"val_loss":0.28849169611930847,"val_spikes_per_t":40.07421875,"val_total_spikes":10259,"final_train_acc":1}