{"val_spikes_per_t":NaN,"train_loss":0.0044228252954781055,"val_total_spikes":0,"train_spikes_per_t":NaN,"train_total_spikes":0,"train_acc":1,"_timestamp":1.7466048770213645e+09,"_runtime":57.553943303,"_wandb":{"runtime":57},"_step":602,"2D Loss Contour":{"path":"media/images/2D Loss Contour_602_c258ed99e9c961642e46.png","format":"png","width":1622,"height":1176,"_type":"image-file","sha256":"c258ed99e9c961642e46cd43dc97c00cf4ec90ac887a93afd0b401beb7893bff","size":144996},"final_train_acc":1,"final_test_acc":0.859375,"val_loss":0.5788291096687317,"3D Loss Surface":{"sha256":"ce1dec21c92cb4b924b25d5cbf6925db37ab9718963180e752ae4ae143dea7b3","size":266127,"path":"media/images/3D Loss Surface_601_ce1dec21c92cb4b924b2.png","format":"png","width":1548,"height":1266,"_type":"image-file"},"val_acc":0.82421875,"final_val_acc":0.82421875}