{"_runtime":171.931041847,"val_loss":0.4202682077884674,"3D Loss Surface":{"_type":"image-file","sha256":"76d82ab432eec1fba09c5c4b30eb34cd830bd1a99892c84ab371021d183f5710","size":444037,"path":"media/images/3D Loss Surface_601_76d82ab432eec1fba09c.png","format":"png","width":1548,"height":1266},"val_total_spikes":9108,"_timestamp":1.7466182952511432e+09,"2D Loss Contour":{"format":"png","width":1622,"height":1176,"_type":"image-file","sha256":"e64aa3ab1400589716a29993033bdc2f4dbc5a36bc265c530cb1238bc83b373f","size":137012,"path":"media/images/2D Loss Contour_602_e64aa3ab1400589716a2.png"},"train_acc":1,"_wandb":{"runtime":171},"train_total_spikes":9140,"final_test_acc":0.765625,"final_train_acc":1,"val_spikes_per_t":35.578125,"val_acc":0.8515625,"train_spikes_per_t":35.703125,"train_loss":0.007694000843912363,"_step":602,"final_val_acc":0.8515625}