{"val_acc":0.859375,"val_spikes_per_t":33.63671875,"val_loss":0.4345209300518036,"final_test_acc":0.8515625,"final_train_acc":1,"_timestamp":1.7466269624877608e+09,"_step":602,"_wandb":{"runtime":173},"train_total_spikes":8668,"train_spikes_per_t":33.859375,"_runtime":173.127657813,"val_total_spikes":8611,"2D Loss Contour":{"height":1176,"_type":"image-file","sha256":"57acd4c44fe398fa60d74d6b6a9e3a2a9899881da75759d69a45188d1efb6781","size":131031,"path":"media/images/2D Loss Contour_602_57acd4c44fe398fa60d7.png","format":"png","width":1596},"final_val_acc":0.859375,"train_loss":0.007652569096535444,"3D Loss Surface":{"format":"png","width":1549,"height":1266,"_type":"image-file","sha256":"d1cffe05130ba264181ddb2919b1e738f2af328fbb4d321e4c4345c73ea18069","size":372377,"path":"media/images/3D Loss Surface_601_d1cffe05130ba264181d.png"},"train_acc":1}