{"final_test_acc":0.74609375,"train_spikes_per_t":5.01953125,"_step":602,"2D Loss Contour":{"format":"png","width":1622,"height":1176,"_type":"image-file","sha256":"cf395a94da199e6971d29ef080e7e1ce212fa339eb3655501ff620287d4804c2","size":116140,"path":"media/images/2D Loss Contour_602_cf395a94da199e6971d2.png"},"_timestamp":1.7466696534878387e+09,"val_acc":0.7734375,"train_total_spikes":1285,"train_acc":0.90625,"3D Loss Surface":{"height":1266,"_type":"image-file","sha256":"3e701aeac507468cea596332ace408f70ef9e9b11672ced13edd3b6dfa135420","size":395024,"path":"media/images/3D Loss Surface_601_3e701aeac507468cea59.png","format":"png","width":1522},"val_loss":0.6738815307617188,"train_loss":0.20475061237812042,"val_spikes_per_t":5.53515625,"_runtime":47.501724155,"final_train_acc":0.90625,"val_total_spikes":1417,"_wandb":{"runtime":47},"final_val_acc":0.7734375}