{"train_loss":18.53383445739746,"final_val_acc":0.5078125,"train_total_spikes":19996,"val_spikes_per_t":79.2109375,"final_train_acc":0.51171875,"train_spikes_per_t":78.109375,"val_loss":18.067636489868164,"val_total_spikes":20278,"_step":602,"train_acc":0.51171875,"final_test_acc":0.48046875,"_runtime":47.408777386,"_wandb":{"runtime":47},"2D Loss Contour":{"path":"media/images/2D Loss Contour_602_70a18ae2b4cc36ddbf34.png","format":"png","width":1596,"height":1176,"_type":"image-file","sha256":"70a18ae2b4cc36ddbf34c99d4f8c84336305bf52d1c9a4286ec7b57f72f5f491","size":132387},"val_acc":0.5078125,"3D Loss Surface":{"format":"png","width":1522,"height":1266,"_type":"image-file","sha256":"b94a852c9c3cd525b2b16b04b3a3d8ffe6f19c4df5837b5cddefaddcc58410bb","size":308343,"path":"media/images/3D Loss Surface_601_b94a852c9c3cd525b2b1.png"},"_timestamp":1.7466691240328763e+09}