{"final_test_acc":0.5234375,"_step":602,"2D Loss Contour":{"size":110795,"path":"media/images/2D Loss Contour_602_a3f6c77e303e2548c519.png","format":"png","width":1596,"height":1176,"_type":"image-file","sha256":"a3f6c77e303e2548c5190a6ac37d946520fcffb52e18254c88876bf26e38ef09"},"_wandb":{"runtime":87},"train_acc":0.62109375,"3D Loss Surface":{"width":1522,"height":1266,"_type":"image-file","sha256":"1e48d4f46ed6c3ac4bf237a17db044d8ba3226004b22fa8885022c0f2a2f770f","size":499226,"path":"media/images/3D Loss Surface_601_1e48d4f46ed6c3ac4bf2.png","format":"png"},"val_total_spikes":37102,"_runtime":87.253759018,"train_loss":0.7301314473152161,"val_acc":0.53125,"train_spikes_per_t":147.8671875,"val_spikes_per_t":144.9296875,"final_train_acc":0.62109375,"val_loss":1.3216391801834106,"train_total_spikes":37854,"_timestamp":1.7466758670849757e+09,"final_val_acc":0.53125}