{"_wandb":{"runtime":113},"val_total_spikes":38195,"train_acc":0.9609375,"val_loss":0.3822658061981201,"train_loss":0.37169474363327026,"2D Loss Contour":{"width":1596,"height":1176,"_type":"image-file","sha256":"5f49c466d8d69b37f6b0918331830f524f68a04d5977df7d1c39e1e660221868","size":113936,"path":"media/images/2D Loss Contour_602_5f49c466d8d69b37f6b0.png","format":"png"},"final_train_acc":0.9609375,"val_acc":0.93359375,"_step":602,"train_total_spikes":37186,"train_spikes_per_t":145.2578125,"val_spikes_per_t":149.19921875,"3D Loss Surface":{"size":453646,"path":"media/images/3D Loss Surface_601_b57ed54f777806c1bd46.png","format":"png","width":1548,"height":1266,"_type":"image-file","sha256":"b57ed54f777806c1bd46c97b7466100912adf5bd8f3ca9e4cdc7557a7c26d2b6"},"final_val_acc":0.93359375,"_runtime":113.89273025,"_timestamp":1.746566781844615e+09,"final_test_acc":0.9453125}