{"train_loss":0.07583187520503998,"val_spikes_per_t":91.5625,"_step":602,"3D Loss Surface":{"sha256":"75978b9b5357f803696a71ee93178d886873c91c9984c988874834dc19089dad","size":510190,"path":"media/images/3D Loss Surface_601_75978b9b5357f803696a.png","format":"png","width":1522,"height":1266,"_type":"image-file"},"val_acc":0.81640625,"final_train_acc":0.98046875,"val_total_spikes":23440,"train_acc":0.98046875,"2D Loss Contour":{"_type":"image-file","sha256":"4ee68851c54116498d83f998a51afd98ec61e034e56dc4876506bcd55f582751","size":134337,"path":"media/images/2D Loss Contour_602_4ee68851c54116498d83.png","format":"png","width":1596,"height":1176},"final_test_acc":0.8046875,"train_total_spikes":23325,"final_val_acc":0.81640625,"train_spikes_per_t":91.11328125,"_wandb":{"runtime":74},"_timestamp":1.746653835710968e+09,"_runtime":74.967484352,"val_loss":0.5610498785972595}