{"_runtime":56.800670191,"val_spikes_per_t":NaN,"_step":602,"final_val_acc":0.82421875,"val_acc":0.82421875,"val_total_spikes":0,"train_spikes_per_t":NaN,"val_loss":0.4915856122970581,"train_loss":0.013696993701159954,"2D Loss Contour":{"_type":"image-file","sha256":"94b71a007da5592f6f7d0affd1cf5b7dd39f0155d181c4d768d3252d94e4ce4c","size":157838,"path":"media/images/2D Loss Contour_602_94b71a007da5592f6f7d.png","format":"png","width":1623,"height":1176},"3D Loss Surface":{"width":1548,"height":1266,"_type":"image-file","sha256":"9d65ca3f30705965e33465a5f59962b39a296ffd74a63fffa1cde6db910b6fec","size":504438,"path":"media/images/3D Loss Surface_601_9d65ca3f30705965e334.png","format":"png"},"final_train_acc":1,"_wandb":{"runtime":56},"train_acc":1,"_timestamp":1.7466000706445446e+09,"final_test_acc":0.79296875,"train_total_spikes":0}