{"2D Loss Contour":{"format":"png","width":1569,"height":1176,"_type":"image-file","sha256":"d7e6352a17dac131488ffe95a99051a090c256b2aeab6303388cdd38d5b10cbd","size":107108,"path":"media/images/2D Loss Contour_602_d7e6352a17dac131488f.png"},"_wandb":{"runtime":113},"final_test_acc":0.98828125,"train_total_spikes":33498,"final_val_acc":0.9765625,"final_train_acc":1,"val_acc":0.9765625,"val_total_spikes":33750,"val_loss":0.07467925548553467,"train_spikes_per_t":130.8515625,"val_spikes_per_t":131.8359375,"3D Loss Surface":{"_type":"image-file","sha256":"ad9802767b5136b0beb6d53e2a3c4e2df69903c2a0260c0ae9f64e84a0e1fa87","size":371025,"path":"media/images/3D Loss Surface_601_ad9802767b5136b0beb6.png","format":"png","width":1522,"height":1266},"train_loss":0.026368815451860428,"_step":602,"train_acc":1,"_timestamp":1.7465690709961886e+09,"_runtime":113.715170776}