{"val_spikes_per_t":33.39453125,"final_test_acc":0.8203125,"val_loss":0.47824805974960327,"train_total_spikes":8512,"_runtime":171.746410521,"_step":602,"train_acc":0.99609375,"val_acc":0.82421875,"_timestamp":1.7466167412032163e+09,"val_total_spikes":8549,"2D Loss Contour":{"_type":"image-file","sha256":"94089e2bb528fb2217675ab2cf89ef51e9238fd23ba7bfcc88b3ff422488a261","size":127384,"path":"media/images/2D Loss Contour_602_94089e2bb528fb221767.png","format":"png","width":1596,"height":1176},"final_train_acc":0.99609375,"3D Loss Surface":{"sha256":"5d6631934a628fff78801f588e2fd93c9ea8d1abea97ff189e1d2b793b948a31","size":374458,"path":"media/images/3D Loss Surface_601_5d6631934a628fff7880.png","format":"png","width":1548,"height":1266,"_type":"image-file"},"_wandb":{"runtime":171},"train_loss":0.03241252154111862,"train_spikes_per_t":33.25,"final_val_acc":0.82421875}