{"train_spikes_per_t":NaN,"val_loss":0.7337563633918762,"final_test_acc":0.796875,"2D Loss Contour":{"path":"media/images/2D Loss Contour_602_2903421dcfeb66b270d7.png","format":"png","width":1622,"height":1176,"_type":"image-file","sha256":"2903421dcfeb66b270d719cf602e5d026f98e79af16eeeb0d1fd43b900f45373","size":144826},"_timestamp":1.7466009972664564e+09,"val_total_spikes":0,"final_train_acc":1,"_runtime":56.9266951,"_step":602,"_wandb":{"runtime":56},"train_loss":0.008659890852868557,"train_total_spikes":0,"train_acc":1,"final_val_acc":0.79296875,"val_spikes_per_t":NaN,"val_acc":0.79296875,"3D Loss Surface":{"width":1548,"height":1266,"_type":"image-file","sha256":"463b4deacaece118bc08a18e4f336ba830d53f87349c9910f739e08b3af1ca9f","size":444511,"path":"media/images/3D Loss Surface_601_463b4deacaece118bc08.png","format":"png"}}