{"val_acc":0.7734375,"final_val_acc":0.7734375,"_timestamp":1.746599028853353e+09,"train_acc":1,"final_train_acc":1,"val_loss":0.5974375009536743,"train_total_spikes":0,"train_spikes_per_t":NaN,"_runtime":56.949543687,"_wandb":{"runtime":56},"train_loss":0.005372500978410244,"2D Loss Contour":{"size":128840,"path":"media/images/2D Loss Contour_602_c9e6203a4d27e8861c31.png","format":"png","width":1596,"height":1176,"_type":"image-file","sha256":"c9e6203a4d27e8861c31f111f941030e6445e30ac753a0b20504489245f7222a"},"_step":602,"val_total_spikes":0,"final_test_acc":0.7421875,"val_spikes_per_t":NaN,"3D Loss Surface":{"size":367414,"path":"media/images/3D Loss Surface_601_a92f2a4cb42a910ba851.png","format":"png","width":1548,"height":1266,"_type":"image-file","sha256":"a92f2a4cb42a910ba851b10764ff6d563d22d6f6ebd502e7a56649bdb0c9d73a"}}