{"train_loss":0.00812449399381876,"val_spikes_per_t":39.25,"val_total_spikes":10048,"2D Loss Contour":{"_type":"image-file","sha256":"a5b5ad7b6cb2e8b35f8b6de765bee12d1ae1698071ac0b121b34b04c3fdb9c87","size":125207,"path":"media/images/2D Loss Contour_602_a5b5ad7b6cb2e8b35f8b.png","format":"png","width":1623,"height":1176},"_timestamp":1.7466198503280244e+09,"train_acc":1,"final_test_acc":0.8828125,"final_val_acc":0.890625,"val_acc":0.890625,"3D Loss Surface":{"path":"media/images/3D Loss Surface_601_12975d90ebeac811671e.png","format":"png","width":1548,"height":1266,"_type":"image-file","sha256":"12975d90ebeac811671ea2da06700b150438fa9dbab61e28b51165c59804e0f9","size":461773},"_step":602,"_runtime":172.012533168,"train_spikes_per_t":40.24609375,"train_total_spikes":10303,"_wandb":{"runtime":172},"val_loss":0.276346355676651,"final_train_acc":1}