{"_timestamp":1.7466540354625514e+09,"train_acc":1,"2D Loss Contour":{"sha256":"ece5dfcbfa8430a26077ce9590ec05637367c073c9aef286630dfe7bb72fccd2","size":120412,"path":"media/images/2D Loss Contour_602_ece5dfcbfa8430a26077.png","format":"png","width":1623,"height":1176,"_type":"image-file"},"train_total_spikes":14843,"final_test_acc":0.98828125,"val_spikes_per_t":57.8046875,"val_loss":0.036000028252601624,"3D Loss Surface":{"width":1548,"height":1266,"_type":"image-file","sha256":"84ef11ce089a0580975c96076e82ad568ff91964e1d91f3fd3ecf913cabcd26f","size":430761,"path":"media/images/3D Loss Surface_601_84ef11ce089a0580975c.png","format":"png"},"_step":602,"val_total_spikes":14798,"train_loss":0.0002558035193942487,"train_spikes_per_t":57.98046875,"final_train_acc":1,"_runtime":102.870782616,"val_acc":0.984375,"final_val_acc":0.984375,"_wandb":{"runtime":102}}