{"val_spikes_per_t":63.8984375,"val_acc":0.65234375,"_timestamp":1.7466214061279168e+09,"final_val_acc":0.65234375,"train_loss":0.36019980907440186,"_wandb":{"runtime":171},"val_loss":0.9088220596313477,"train_total_spikes":16484,"val_total_spikes":16358,"2D Loss Contour":{"height":1176,"_type":"image-file","sha256":"f19ca64d27a425f39486780e261c542f5745b7044325bb2952fe789d23c84c05","size":128024,"path":"media/images/2D Loss Contour_602_f19ca64d27a425f39486.png","format":"png","width":1649},"final_test_acc":0.68359375,"3D Loss Surface":{"_type":"image-file","sha256":"cb019a89b471d6382316811c6ce38fd6c8b6f05e7afe6080953116906775d79f","size":276138,"path":"media/images/3D Loss Surface_601_cb019a89b471d6382316.png","format":"png","width":1575,"height":1266},"train_spikes_per_t":64.390625,"final_train_acc":0.828125,"_step":602,"_runtime":171.622524222,"train_acc":0.828125}