{"final_val_acc":0.84765625,"_wandb":{"runtime":160},"val_loss":0.44496655464172363,"3D Loss Surface":{"size":457835,"path":"media/images/3D Loss Surface_601_ddd1bcdee244465996ab.png","format":"png","width":1522,"height":1266,"_type":"image-file","sha256":"ddd1bcdee244465996abb2d1c0dc3ef3576d4cf77d6314deb8d7c792b4a91820"},"2D Loss Contour":{"height":1176,"_type":"image-file","sha256":"4c994fd411c9dd37604e71f0556ee2deb7a19c86448697dcd61aece144aa6eb9","size":114966,"path":"media/images/2D Loss Contour_602_4c994fd411c9dd37604e.png","format":"png","width":1596},"train_spikes_per_t":19.078125,"train_acc":1,"val_spikes_per_t":18.953125,"_runtime":160.505280118,"val_total_spikes":4852,"_step":602,"final_test_acc":0.828125,"train_loss":0.04135434329509735,"train_total_spikes":4884,"_timestamp":1.7466789113939664e+09,"val_acc":0.84765625,"final_train_acc":1}