{"final_test_acc":0.96875,"val_loss":0.027640827000141144,"val_spikes_per_t":69.81640625,"_wandb":{"runtime":75},"_step":602,"train_spikes_per_t":70.671875,"train_total_spikes":18092,"train_loss":0.0009679421782493591,"val_acc":0.9921875,"val_total_spikes":17873,"final_val_acc":0.9921875,"train_acc":1,"3D Loss Surface":{"width":1548,"height":1266,"_type":"image-file","sha256":"947090b6e8ff7b853a429230aab289a539a26505a7342f677333b06ce3064cdb","size":456041,"path":"media/images/3D Loss Surface_601_947090b6e8ff7b853a42.png","format":"png"},"2D Loss Contour":{"width":1623,"height":1176,"_type":"image-file","sha256":"199cb5e1f0653dd036e90ca9a3e1c2cda4e17673c9dd75e01993e3ba25d64970","size":118698,"path":"media/images/2D Loss Contour_602_199cb5e1f0653dd036e9.png","format":"png"},"_timestamp":1.746592718541116e+09,"final_train_acc":1,"_runtime":75.28343925}