{"3D Loss Surface":{"size":382508,"path":"media/images/3D Loss Surface_601_66fe1d58cf8fbf25623f.png","format":"png","width":1522,"height":1266,"_type":"image-file","sha256":"66fe1d58cf8fbf25623fd4cefbe5997e2abe2e4d8bc5fcbfd8f35ac37c7a140f"},"final_test_acc":0.76171875,"final_train_acc":0.88671875,"final_val_acc":0.76953125,"val_acc":0.76953125,"val_spikes_per_t":93.85546875,"train_total_spikes":24059,"train_loss":0.3280094563961029,"train_acc":0.88671875,"_wandb":{"runtime":111},"_step":602,"val_loss":0.5344305634498596,"val_total_spikes":24027,"train_spikes_per_t":93.98046875,"_timestamp":1.7466523880392284e+09,"2D Loss Contour":{"sha256":"c013790e8a0a802397e6ed9f05dd308778d6d294cfe68a960004d61387313122","size":133139,"path":"media/images/2D Loss Contour_602_c013790e8a0a802397e6.png","format":"png","width":1569,"height":1176,"_type":"image-file"},"_runtime":111.209807251}