{"train_total_spikes":22633,"final_val_acc":0.609375,"_runtime":167.944427128,"val_total_spikes":22715,"2D Loss Contour":{"sha256":"dbb2455a8e8bebc754820b0b3c22a8ca8fc62c8733082299f33576b174f57c48","size":109496,"path":"media/images/2D Loss Contour_602_dbb2455a8e8bebc75482.png","format":"png","width":1596,"height":1176,"_type":"image-file"},"_wandb":{"runtime":167},"val_acc":0.609375,"val_loss":0.7668024897575378,"train_loss":0.5657767653465271,"final_train_acc":0.69921875,"_timestamp":1.7466587489040046e+09,"final_test_acc":0.59375,"train_acc":0.69921875,"train_spikes_per_t":88.41015625,"_step":602,"3D Loss Surface":{"size":412950,"path":"media/images/3D Loss Surface_601_f54126f5e153a24751d0.png","format":"png","width":1548,"height":1266,"_type":"image-file","sha256":"f54126f5e153a24751d05969d1554dce4f517e1f5d6e486b4092440e6c4017d0"},"val_spikes_per_t":88.73046875}