{"val_acc":0.984375,"train_acc":1,"_wandb":{"runtime":31},"val_total_spikes":0,"final_val_acc":0.984375,"val_loss":0.03898252919316292,"_step":602,"3D Loss Surface":{"_type":"image-file","sha256":"0e23d9e0e12a1d24b97f34fc2a19590f3ec4fab5a45b3b4a6ec7d405f77661f9","size":528379,"path":"media/images/3D Loss Surface_601_0e23d9e0e12a1d24b97f.png","format":"png","width":1601,"height":1266},"train_total_spikes":0,"final_train_acc":1,"train_loss":0.000857761362567544,"val_spikes_per_t":NaN,"final_test_acc":0.96484375,"_timestamp":1.746613832766185e+09,"2D Loss Contour":{"width":1649,"height":1176,"_type":"image-file","sha256":"c839ff20a117f73bf5c30cf5102f32621472edbf84fa0e376af3cbf75080d552","size":137618,"path":"media/images/2D Loss Contour_602_c839ff20a117f73bf5c3.png","format":"png"},"train_spikes_per_t":NaN,"_runtime":31.699717138}