{"3D Loss Surface":{"_type":"image-file","sha256":"a4afee7d6503ceadb4521322728c60ba0ff4a390724a0a38f6c499e7558b5360","size":505523,"path":"media/images/3D Loss Surface_601_a4afee7d6503ceadb452.png","format":"png","width":1575,"height":1266},"train_acc":1,"_timestamp":1.7466104900798237e+09,"train_total_spikes":0,"val_acc":1,"val_loss":0.028018925338983536,"train_loss":0.0008801734074950218,"val_spikes_per_t":NaN,"final_train_acc":1,"train_spikes_per_t":NaN,"final_val_acc":1,"2D Loss Contour":{"width":1649,"height":1176,"_type":"image-file","sha256":"77b6664aab36dde3d82552a5e7d0d8c706ea8ec3c58fc3f1abacdf87ec650d19","size":132955,"path":"media/images/2D Loss Contour_602_77b6664aab36dde3d825.png","format":"png"},"_wandb":{"runtime":32},"_runtime":32.244511791,"_step":602,"val_total_spikes":0,"final_test_acc":0.9609375}