{"_wandb":{"runtime":171},"_runtime":171.877534835,"final_train_acc":1,"3D Loss Surface":{"size":368795,"path":"media/images/3D Loss Surface_601_4df78518d9b9c6484120.png","format":"png","width":1549,"height":1266,"_type":"image-file","sha256":"4df78518d9b9c64841202f2810545c1a0b9777813eaf85bac7460505862ceef3"},"train_acc":1,"val_spikes_per_t":41.11328125,"val_acc":0.93359375,"train_loss":0.02413364127278328,"final_val_acc":0.93359375,"final_test_acc":0.95703125,"train_total_spikes":10638,"val_loss":0.27436527609825134,"train_spikes_per_t":41.5546875,"2D Loss Contour":{"format":"png","width":1623,"height":1176,"_type":"image-file","sha256":"838505bbf70b011fdf5b0b61ab211426c50954da243eecf462b36efa275a048e","size":145819,"path":"media/images/2D Loss Contour_602_838505bbf70b011fdf5b.png"},"_timestamp":1.7466181225546536e+09,"val_total_spikes":10525,"_step":602}