{"train_loss":0.0037589564453810453,"_step":602,"3D Loss Surface":{"height":1266,"_type":"image-file","sha256":"99b1c54225ebbaf2eabd5ae3a5ea1c2ca803b1d9cb44bdff15e679dfbeac331c","size":370235,"path":"media/images/3D Loss Surface_601_99b1c54225ebbaf2eabd.png","format":"png","width":1575},"val_acc":1,"val_loss":0.010448431596159935,"final_val_acc":1,"final_train_acc":1,"train_spikes_per_t":84.45703125,"val_total_spikes":21663,"train_acc":1,"final_test_acc":0.99609375,"val_spikes_per_t":84.62109375,"_runtime":114.516983654,"2D Loss Contour":{"format":"png","width":1623,"height":1176,"_type":"image-file","sha256":"eac09cab30cc7f531958ca78726bbacc5e7693d29d37d468a37d9e0335b221cb","size":144024,"path":"media/images/2D Loss Contour_602_eac09cab30cc7f531958.png"},"_timestamp":1.7465745253869002e+09,"_wandb":{"runtime":114},"train_total_spikes":21621}