{"val_spikes_per_t":20.890625,"_wandb":{"runtime":162},"val_loss":0.1740218549966812,"val_acc":0.921875,"train_total_spikes":5155,"final_test_acc":0.91015625,"_runtime":162.094956203,"val_total_spikes":5348,"2D Loss Contour":{"width":1622,"height":1176,"_type":"image-file","sha256":"b20b95d0c573f02a447d9e8668edd5feb8c827d0286fc5666d7b5fd3f82b41c4","size":109414,"path":"media/images/2D Loss Contour_602_b20b95d0c573f02a447d.png","format":"png"},"_timestamp":1.7466870173320413e+09,"train_spikes_per_t":20.13671875,"train_acc":1,"3D Loss Surface":{"size":500221,"path":"media/images/3D Loss Surface_601_1802ab4f3df45a95525b.png","format":"png","width":1548,"height":1266,"_type":"image-file","sha256":"1802ab4f3df45a95525b834c3ebc5d387123c150136d36be05a8da3c90c22220"},"final_train_acc":1,"_step":602,"train_loss":0.005999920889735222,"final_val_acc":0.921875}