{"train_spikes_per_t":55.5234375,"train_acc":1,"_timestamp":1.7466528669370036e+09,"_step":602,"train_total_spikes":14214,"_runtime":102.8220058,"train_loss":0.0003920899471268058,"val_loss":0.053316060453653336,"final_test_acc":0.96875,"final_val_acc":0.97265625,"val_spikes_per_t":55.5,"_wandb":{"runtime":102},"3D Loss Surface":{"path":"media/images/3D Loss Surface_601_7dc6124609dc31a6ba4a.png","format":"png","width":1548,"height":1266,"_type":"image-file","sha256":"7dc6124609dc31a6ba4ad0624b8b78f986f46043dc31d71a3568f400dd98ded4","size":422505},"2D Loss Contour":{"sha256":"b34e371b2854ea92d04fcdd84c19835ebc51272010a54a5d7f1877616f4c00df","size":123534,"path":"media/images/2D Loss Contour_602_b34e371b2854ea92d04f.png","format":"png","width":1649,"height":1176,"_type":"image-file"},"final_train_acc":1,"val_acc":0.97265625,"val_total_spikes":14208}