{"_step":602,"train_total_spikes":16666,"val_loss":0.006864540278911591,"train_spikes_per_t":65.1015625,"_runtime":102.253847491,"2D Loss Contour":{"height":1176,"_type":"image-file","sha256":"f66ef7462f56f3969a783d71020cdc024e58c4e6953b699a53fcbac4e82feef9","size":138751,"path":"media/images/2D Loss Contour_602_f66ef7462f56f3969a78.png","format":"png","width":1649},"final_val_acc":1,"3D Loss Surface":{"width":1575,"height":1266,"_type":"image-file","sha256":"1f973d0639f701dcb684bb4a02f68fea2da12555cf766c25a7c8ad4f661503c3","size":484193,"path":"media/images/3D Loss Surface_601_1f973d0639f701dcb684.png","format":"png"},"val_spikes_per_t":64.828125,"train_acc":1,"val_total_spikes":16596,"train_loss":0.00024779143859632313,"val_acc":1,"final_test_acc":0.99609375,"_timestamp":1.7466629242903194e+09,"_wandb":{"runtime":102},"final_train_acc":1}