{"val_total_spikes":17166,"_wandb":{"runtime":161},"2D Loss Contour":{"_type":"image-file","sha256":"5f0b56062e4933506eb712f4c9031e16fde752b2c46c049572862708d2311c51","size":120638,"path":"media/images/2D Loss Contour_602_5f0b56062e4933506eb7.png","format":"png","width":1570,"height":1176},"train_total_spikes":16914,"train_loss":0.2614610195159912,"_runtime":161.261511268,"final_val_acc":0.8671875,"val_loss":0.3854469060897827,"val_spikes_per_t":67.0546875,"train_spikes_per_t":66.0703125,"3D Loss Surface":{"format":"png","width":1522,"height":1266,"_type":"image-file","sha256":"1853e4967aab4a8d011220375d4179a112d42525c7c9ddf467f870fadd0e4720","size":485853,"path":"media/images/3D Loss Surface_601_1853e4967aab4a8d0112.png"},"_step":602,"val_acc":0.8671875,"final_test_acc":0.87890625,"_timestamp":1.7466940127099726e+09,"train_acc":0.8828125,"final_train_acc":0.8828125}