{"_runtime":57.3100578,"_step":602,"2D Loss Contour":{"width":1649,"height":1176,"_type":"image-file","sha256":"10bac44479dfc6bb68477acdbb8d1c8150157dc35a93cc7359b4c9f15c90da7f","size":130156,"path":"media/images/2D Loss Contour_602_10bac44479dfc6bb6847.png","format":"png"},"train_spikes_per_t":NaN,"val_spikes_per_t":NaN,"train_acc":0.61328125,"_timestamp":1.7465972313481293e+09,"val_acc":0.5625,"val_loss":0.7100366950035095,"3D Loss Surface":{"_type":"image-file","sha256":"b78c165d46c8bf3a704fa115040cb38db6a5680fbf4985ad0ef38a29b6ece80c","size":338479,"path":"media/images/3D Loss Surface_601_b78c165d46c8bf3a704f.png","format":"png","width":1548,"height":1266},"final_test_acc":0.546875,"train_total_spikes":0,"val_total_spikes":0,"train_loss":0.6154499650001526,"final_val_acc":0.5625,"_wandb":{"runtime":57},"final_train_acc":0.61328125}