{"final_test_acc":0.609375,"_timestamp":1.7466704686763625e+09,"val_spikes_per_t":NaN,"train_total_spikes":0,"_wandb":{"runtime":42},"val_loss":1.0804972648620605,"3D Loss Surface":{"size":557488,"path":"media/images/3D Loss Surface_601_e450831664f84c6b73dd.png","format":"png","width":1548,"height":1266,"_type":"image-file","sha256":"e450831664f84c6b73dd15f61ed3a99264afd87d2865ab99e1a229222ec0bb9a"},"train_spikes_per_t":NaN,"_step":602,"val_total_spikes":0,"val_acc":0.56640625,"train_loss":0.5184518098831177,"_runtime":42.679039426,"final_train_acc":0.75390625,"final_val_acc":0.56640625,"2D Loss Contour":{"width":1596,"height":1176,"_type":"image-file","sha256":"52fcd6c05bba43333a6fdc6465729aa053e24e7db61767a15f7d6dfd97e0e4a2","size":128606,"path":"media/images/2D Loss Contour_602_52fcd6c05bba43333a6f.png","format":"png"},"train_acc":0.75390625}