{"_wandb":{"runtime":102},"val_loss":0.10017186403274536,"train_spikes_per_t":58.08984375,"val_total_spikes":14950,"2D Loss Contour":{"_type":"image-file","sha256":"d86727363f982dddbca3854b493a6783a6cd1ed98472de7ce005d6bcd1b5a770","size":136573,"path":"media/images/2D Loss Contour_602_d86727363f982dddbca3.png","format":"png","width":1622,"height":1176},"val_spikes_per_t":58.3984375,"train_loss":0.00033973416429944336,"train_acc":1,"_timestamp":1.7466611676327376e+09,"train_total_spikes":14871,"val_acc":0.9765625,"_step":602,"3D Loss Surface":{"sha256":"6f793d6022a2790ba351ef794c5f05719ea92573fb4ffc0dc62af6ddb5e761ae","size":460340,"path":"media/images/3D Loss Surface_601_6f793d6022a2790ba351.png","format":"png","width":1601,"height":1266,"_type":"image-file"},"final_test_acc":0.98046875,"final_train_acc":1,"final_val_acc":0.9765625,"_runtime":102.664480865}