{"val_loss":0.484809935092926,"3D Loss Surface":{"format":"png","width":1548,"height":1266,"_type":"image-file","sha256":"865ea7fb228cb8093d17995fd20133e91f6e8c0c202c5f2588e67c1521767447","size":410708,"path":"media/images/3D Loss Surface_601_865ea7fb228cb8093d17.png"},"_step":602,"train_loss":0.04487193748354912,"val_total_spikes":5712,"final_val_acc":0.80859375,"_wandb":{"runtime":160},"final_test_acc":0.8203125,"_timestamp":1.746675357393918e+09,"final_train_acc":1,"_runtime":160.116634772,"val_acc":0.80859375,"train_total_spikes":5570,"val_spikes_per_t":22.3125,"train_acc":1,"2D Loss Contour":{"height":1176,"_type":"image-file","sha256":"2a85c5dfe286440dbc81949c902aea2e64b1f0ef37138bbe6d9c93b3746ff958","size":114058,"path":"media/images/2D Loss Contour_602_2a85c5dfe286440dbc81.png","format":"png","width":1596},"train_spikes_per_t":21.7578125}