{"train_total_spikes":44922,"final_test_acc":0.48046875,"train_loss":19.115060806274414,"2D Loss Contour":{"format":"png","width":1596,"height":1176,"_type":"image-file","sha256":"c84ce82fdbb6716976422ae531b355a904bea88dac133cce80c93d7620368d85","size":134777,"path":"media/images/2D Loss Contour_602_c84ce82fdbb671697642.png"},"final_train_acc":0.51171875,"train_acc":0.51171875,"val_total_spikes":45203,"_runtime":62.175988575,"3D Loss Surface":{"_type":"image-file","sha256":"765f343439ac7c1519d702ade46dea203b71c0563e7dd3f686bf22d658f402c7","size":345682,"path":"media/images/3D Loss Surface_601_765f343439ac7c1519d7.png","format":"png","width":1522,"height":1266},"_step":602,"val_loss":19.583324432373047,"val_acc":0.5078125,"val_spikes_per_t":176.57421875,"final_val_acc":0.5078125,"_wandb":{"runtime":62},"_timestamp":1.7466679636018412e+09,"train_spikes_per_t":175.4765625}