{"_timestamp":1.746606844713767e+09,"final_test_acc":0.765625,"val_loss":0.7187961339950562,"_wandb":{"runtime":56},"_step":602,"val_total_spikes":0,"val_acc":0.7890625,"train_loss":0.006505345925688744,"final_val_acc":0.7890625,"train_acc":1,"val_spikes_per_t":NaN,"final_train_acc":1,"train_total_spikes":0,"train_spikes_per_t":NaN,"2D Loss Contour":{"_type":"image-file","sha256":"2adb79f005ae4bbcbc326a30cb8c9cc5edcf99e95a59da3f4af9100edb3ddb13","size":133024,"path":"media/images/2D Loss Contour_602_2adb79f005ae4bbcbc32.png","format":"png","width":1596,"height":1176},"_runtime":56.969993493,"3D Loss Surface":{"size":505081,"path":"media/images/3D Loss Surface_601_613c6fa5eafd2e7326b7.png","format":"png","width":1522,"height":1266,"_type":"image-file","sha256":"613c6fa5eafd2e7326b783212bfec5b965e29f71ca293b3598fb26e4db7db625"}}