{"_wandb":{"runtime":75},"final_val_acc":0.96875,"_runtime":75.564468551,"train_acc":1,"val_spikes_per_t":81.6015625,"train_loss":0.0013512512668967247,"_step":602,"final_train_acc":1,"3D Loss Surface":{"format":"png","width":1548,"height":1266,"_type":"image-file","sha256":"a5332414330b2867bde2638881efc5b64d8a522895a99f40c0aea0e145aeaaf8","size":460801,"path":"media/images/3D Loss Surface_601_a5332414330b2867bde2.png"},"train_total_spikes":20974,"2D Loss Contour":{"path":"media/images/2D Loss Contour_602_35175d142a03d9095a13.png","format":"png","width":1649,"height":1176,"_type":"image-file","sha256":"35175d142a03d9095a13f568e73b28e09c680bc3168f37f084f11f1f40c2ac94","size":126466},"train_spikes_per_t":81.9296875,"_timestamp":1.7465934814822865e+09,"final_test_acc":0.9453125,"val_loss":0.07111981511116028,"val_total_spikes":20890,"val_acc":0.96875}