{"val_acc":0.87890625,"final_test_acc":0.88671875,"final_train_acc":0.9609375,"val_total_spikes":31287,"val_spikes_per_t":122.21484375,"_timestamp":1.7466849041822085e+09,"_step":602,"2D Loss Contour":{"_type":"image-file","sha256":"ad3a9195f48e4f1dbc21aba897444598385ad640a3ddc2d5cd44b3b35d46cb29","size":127653,"path":"media/images/2D Loss Contour_602_ad3a9195f48e4f1dbc21.png","format":"png","width":1622,"height":1176},"train_total_spikes":31816,"_wandb":{"runtime":161},"train_acc":0.9609375,"train_loss":0.08955825120210648,"_runtime":161.114452006,"train_spikes_per_t":124.28125,"final_val_acc":0.87890625,"val_loss":0.366700679063797,"3D Loss Surface":{"size":374231,"path":"media/images/3D Loss Surface_601_79ce63b47d1b058a6708.png","format":"png","width":1522,"height":1266,"_type":"image-file","sha256":"79ce63b47d1b058a67088b6d90b4b0c60db86687f39766cd10b52795f9b01939"}}