{"3D Loss Surface":{"_type":"image-file","sha256":"3167b67733d71b5da9bbb1539ea6ee6fc855cb44340c086f1e1e7fbbf8ab39f3","size":414689,"path":"media/images/3D Loss Surface_601_3167b67733d71b5da9bb.png","format":"png","width":1575,"height":1266},"train_loss":0.004079876001924276,"val_loss":0.03444918245077133,"final_val_acc":0.98828125,"final_test_acc":0.984375,"val_total_spikes":30540,"val_spikes_per_t":119.296875,"train_total_spikes":30422,"_runtime":114.092926049,"train_spikes_per_t":118.8359375,"val_acc":0.98828125,"train_acc":1,"_timestamp":1.7465747549595795e+09,"_step":602,"_wandb":{"runtime":114},"final_train_acc":1,"2D Loss Contour":{"_type":"image-file","sha256":"5fefa0c158bbfd9d9552035cc1e787788107012ec3a4979939b25128a36889cc","size":117672,"path":"media/images/2D Loss Contour_602_5fefa0c158bbfd9d9552.png","format":"png","width":1623,"height":1176}}