{"val_loss":0.022655855864286423,"_wandb":{"runtime":102},"_timestamp":1.7466575504796731e+09,"_step":602,"val_acc":0.9921875,"final_train_acc":1,"val_spikes_per_t":51.25390625,"train_loss":0.00026440536021254957,"3D Loss Surface":{"size":396900,"path":"media/images/3D Loss Surface_601_7c4a684ac8208a7564ee.png","format":"png","width":1575,"height":1266,"_type":"image-file","sha256":"7c4a684ac8208a7564eec4bb4e250370349687cc1e17393b1571554cf1010143"},"train_acc":1,"val_total_spikes":13121,"train_total_spikes":13078,"final_test_acc":0.9765625,"2D Loss Contour":{"sha256":"fa967f5c13918cf6bb0b2dd754014e57793eee9da09defb2b67fdb62dd2896bd","size":151687,"path":"media/images/2D Loss Contour_602_fa967f5c13918cf6bb0b.png","format":"png","width":1649,"height":1176,"_type":"image-file"},"_runtime":102.86974836,"train_spikes_per_t":51.0859375,"final_val_acc":0.9921875}