{"val_acc":0.99609375,"val_spikes_per_t":NaN,"_wandb":{"runtime":32},"_step":602,"_runtime":32.628505624,"3D Loss Surface":{"path":"media/images/3D Loss Surface_601_aa9f66b11b943eed6b48.png","format":"png","width":1601,"height":1266,"_type":"image-file","sha256":"aa9f66b11b943eed6b48e35ddd0de9cd35a377a98c90d6d5495cbc40b79ee805","size":561142},"train_loss":0.000848456984385848,"train_spikes_per_t":NaN,"train_acc":1,"val_total_spikes":0,"final_test_acc":0.96875,"train_total_spikes":0,"2D Loss Contour":{"height":1176,"_type":"image-file","sha256":"298a9d5a78a9edae5133f453ea601f40756424ff8b85b85491bc0307e149fb25","size":134220,"path":"media/images/2D Loss Contour_602_298a9d5a78a9edae5133.png","format":"png","width":1649},"final_val_acc":0.99609375,"_timestamp":1.7466106213380628e+09,"val_loss":0.030790111050009727,"final_train_acc":1}