{"val_total_spikes":62191,"3D Loss Surface":{"size":446704,"path":"media/images/3D Loss Surface_601_d03ecf75f207edecfd29.png","format":"png","width":1548,"height":1266,"_type":"image-file","sha256":"d03ecf75f207edecfd295f7eb710cf80a9ca99171068bf9ab3563e2015fd7dbc"},"2D Loss Contour":{"width":1622,"height":1176,"_type":"image-file","sha256":"700a5dd171462e64d589f1b9857e1cd2dc5f178d3727d4eb8b117d15fdd346ef","size":133790,"path":"media/images/2D Loss Contour_602_700a5dd171462e64d589.png","format":"png"},"_wandb":{"runtime":110},"final_train_acc":0.48828125,"train_acc":0.48828125,"train_loss":18.508745193481445,"val_acc":0.4921875,"final_val_acc":0.4921875,"val_loss":18.34022331237793,"_timestamp":1.7466522760355866e+09,"_runtime":110.95766983,"final_test_acc":0.51953125,"train_spikes_per_t":241.44921875,"val_spikes_per_t":242.93359375,"_step":602,"train_total_spikes":61811}