{"train_spikes_per_t":50.59765625,"train_acc":0.51953125,"val_spikes_per_t":50.21484375,"final_val_acc":0.5,"_wandb":{"runtime":113},"2D Loss Contour":{"path":"media/images/2D Loss Contour_602_719cb0054ab83a3e62d5.png","format":"png","width":1649,"height":1176,"_type":"image-file","sha256":"719cb0054ab83a3e62d52c7f35104b76981422b576a93d878e0356d53484d605","size":124163},"train_loss":0.36309927701950073,"_step":602,"final_train_acc":0.51953125,"_timestamp":1.746570905567643e+09,"_runtime":113.722832509,"train_total_spikes":12953,"3D Loss Surface":{"size":353427,"path":"media/images/3D Loss Surface_601_d4a1be3edfd408279e6d.png","format":"png","width":1575,"height":1266,"_type":"image-file","sha256":"d4a1be3edfd408279e6d5bb81d469e7a1bf0b1a4f189d238edb297f370a7317e"},"val_loss":0.42798033356666565,"val_total_spikes":12855,"val_acc":0.5,"final_test_acc":0.48046875}