{"train_total_spikes":10755,"train_acc":0.6875,"final_train_acc":0.6875,"val_acc":0.54296875,"_runtime":172.271465361,"final_val_acc":0.54296875,"_timestamp":1.746618813952519e+09,"val_total_spikes":10714,"train_spikes_per_t":42.01171875,"3D Loss Surface":{"size":354463,"path":"media/images/3D Loss Surface_601_a61be87a5e48eb7a2d1b.png","format":"png","width":1522,"height":1266,"_type":"image-file","sha256":"a61be87a5e48eb7a2d1bbaba480a2d3f7ae8346ceee2231bcd2167a1f72c61bf"},"2D Loss Contour":{"width":1596,"height":1176,"_type":"image-file","sha256":"587dcf7f4107a3df05a12aabdce70d724724cbe62a67486cee0b74ad857025fd","size":138974,"path":"media/images/2D Loss Contour_602_587dcf7f4107a3df05a1.png","format":"png"},"final_test_acc":0.55859375,"val_spikes_per_t":41.8515625,"val_loss":2.4744722843170166,"_wandb":{"runtime":172},"train_loss":1.4271876811981201,"_step":602}