{"train_acc":0.71875,"2D Loss Contour":{"size":141775,"path":"media/images/2D Loss Contour_602_6e8275519ec352ceaf3a.png","format":"png","width":1623,"height":1176,"_type":"image-file","sha256":"6e8275519ec352ceaf3ae709e3783ce7c05f3b28fa2430d4f9a1af38f6185c6b"},"3D Loss Surface":{"path":"media/images/3D Loss Surface_601_1a2d73e3d8940bff329a.png","format":"png","width":1575,"height":1266,"_type":"image-file","sha256":"1a2d73e3d8940bff329a4864af1b737edb4d839c61fb98ee912e4fb09c2cb7c5","size":512874},"_step":602,"final_train_acc":0.71875,"val_spikes_per_t":NaN,"_wandb":{"runtime":57},"_timestamp":1.7466027348224025e+09,"val_loss":0.6258629560470581,"val_total_spikes":0,"val_acc":0.703125,"train_total_spikes":0,"_runtime":57.510906338,"final_val_acc":0.703125,"train_spikes_per_t":NaN,"final_test_acc":0.59765625,"train_loss":0.6905089020729065}