{"train_loss":0.0009928398067131639,"final_train_acc":1,"val_total_spikes":0,"train_total_spikes":0,"2D Loss Contour":{"path":"media/images/2D Loss Contour_602_91b33847266bf4a84c80.png","format":"png","width":1649,"height":1176,"_type":"image-file","sha256":"91b33847266bf4a84c8074418782250208f8f6a1ec16019a2e4e19c45b2484b9","size":140656},"final_val_acc":1,"final_test_acc":0.96484375,"val_spikes_per_t":NaN,"_runtime":32.069458548,"train_acc":1,"_step":602,"3D Loss Surface":{"width":1575,"height":1266,"_type":"image-file","sha256":"110bbf737c115c8e741fdcba814d5753f14f38e592e8d1af1aa99a8c2bb24f72","size":522942,"path":"media/images/3D Loss Surface_601_110bbf737c115c8e741f.png","format":"png"},"train_spikes_per_t":NaN,"_timestamp":1.7466114747601805e+09,"val_acc":1,"_wandb":{"runtime":32},"val_loss":0.030569542199373245}