{"final_test_acc":0.98046875,"_step":602,"train_acc":1,"_runtime":102.67575911,"val_loss":0.016801878809928894,"val_spikes_per_t":42.9921875,"2D Loss Contour":{"height":1176,"_type":"image-file","sha256":"8535c52336cca3093ed9543b9fdcf57b9bd9e5940793056ebbadb68e7d8306a3","size":145631,"path":"media/images/2D Loss Contour_602_8535c52336cca3093ed9.png","format":"png","width":1649},"train_loss":0.0001816327712731436,"3D Loss Surface":{"_type":"image-file","sha256":"4be218ad0b101335e7b3d3abed61aed84b390cc54408a187fb0341ca21db38a9","size":450081,"path":"media/images/3D Loss Surface_601_4be218ad0b101335e7b3.png","format":"png","width":1548,"height":1266},"_wandb":{"runtime":102},"val_acc":0.9921875,"final_train_acc":1,"train_spikes_per_t":43.06640625,"train_total_spikes":11025,"final_val_acc":0.9921875,"_timestamp":1.7466508030281112e+09,"val_total_spikes":11006}