{"train_spikes_per_t":21.328125,"val_spikes_per_t":20.8828125,"_wandb":{"runtime":172},"_runtime":172.966557139,"val_acc":0.95703125,"3D Loss Surface":{"format":"png","width":1548,"height":1266,"_type":"image-file","sha256":"728da8bb46fcef80e90e076b7333b9272d41e47b1a6e7323ed3eb0ecb58f1803","size":375555,"path":"media/images/3D Loss Surface_601_728da8bb46fcef80e90e.png"},"_step":602,"final_train_acc":1,"train_acc":1,"val_total_spikes":5346,"train_loss":0.024153565987944603,"_timestamp":1.746627663848799e+09,"train_total_spikes":5460,"val_loss":0.12310567498207092,"2D Loss Contour":{"sha256":"e2cdd8db5e88f300d22fb6a61ba5ed194022c7aaec60c50cbb431cb4edb0439a","size":129722,"path":"media/images/2D Loss Contour_602_e2cdd8db5e88f300d22f.png","format":"png","width":1622,"height":1176,"_type":"image-file"},"final_val_acc":0.95703125,"final_test_acc":0.93359375}