{"_step":602,"final_test_acc":0.94921875,"3D Loss Surface":{"path":"media/images/3D Loss Surface_601_3203a70fe6ba8087c8bc.png","format":"png","width":1548,"height":1266,"_type":"image-file","sha256":"3203a70fe6ba8087c8bc79d23e1125eef82800b1eb64e28578779f3a82bfc8b0","size":406897},"_timestamp":1.7466797223388963e+09,"train_total_spikes":8866,"final_val_acc":0.9609375,"_wandb":{"runtime":161},"val_acc":0.9609375,"_runtime":161.481425567,"val_spikes_per_t":34.2109375,"val_total_spikes":8758,"2D Loss Contour":{"_type":"image-file","sha256":"4e27515b1d16cce467053ece62863fb53ee0f1ec277b51ee4eb0f18562a8f098","size":117002,"path":"media/images/2D Loss Contour_602_4e27515b1d16cce46705.png","format":"png","width":1622,"height":1176},"train_loss":0.003730083117261529,"train_acc":1,"final_train_acc":1,"train_spikes_per_t":34.6328125,"val_loss":0.12724919617176056}