{"val_loss":0.2907150685787201,"final_val_acc":0.8984375,"train_acc":1,"_runtime":174.343490639,"2D Loss Contour":{"size":103594,"path":"media/images/2D Loss Contour_602_8f2e5de262303d2d1ee0.png","format":"png","width":1596,"height":1176,"_type":"image-file","sha256":"8f2e5de262303d2d1ee0ade8258787601f907f09497bf046fb5fe1efc2f8dfa2"},"final_train_acc":1,"train_total_spikes":7329,"val_spikes_per_t":28.890625,"_step":602,"val_total_spikes":7396,"_wandb":{"runtime":174},"train_spikes_per_t":28.62890625,"val_acc":0.8984375,"final_test_acc":0.90234375,"train_loss":0.018952518701553345,"3D Loss Surface":{"height":1266,"_type":"image-file","sha256":"a265c3191c0c8caf2b7ab8eccb528f541b2ee40d01c767a5204551c1c1f7b42d","size":455474,"path":"media/images/3D Loss Surface_601_a265c3191c0c8caf2b7a.png","format":"png","width":1548},"_timestamp":1.74662922491327e+09}