{"train_loss":0.0002243881899630651,"val_loss":0.047645263373851776,"2D Loss Contour":{"_type":"image-file","sha256":"d5f3f4b0d7e637406cf18e818d2b9bbcd936a732ad544f04b36842faab8483ad","size":149529,"path":"media/images/2D Loss Contour_602_d5f3f4b0d7e637406cf1.png","format":"png","width":1649,"height":1176},"train_spikes_per_t":56.37109375,"_runtime":102.634112051,"3D Loss Surface":{"height":1266,"_type":"image-file","sha256":"00fd879eda0f6f80f063605295ea784408bd3f69e7ef848be70ec06c11314a99","size":454396,"path":"media/images/3D Loss Surface_601_00fd879eda0f6f80f063.png","format":"png","width":1575},"val_spikes_per_t":56.59765625,"_timestamp":1.7466607545543077e+09,"_step":602,"final_test_acc":0.97265625,"final_val_acc":0.98046875,"final_train_acc":1,"_wandb":{"runtime":102},"val_acc":0.98046875,"train_total_spikes":14431,"val_total_spikes":14489,"train_acc":1}