{"train_acc":1,"val_spikes_per_t":NaN,"final_train_acc":1,"_runtime":32.223922922,"train_spikes_per_t":NaN,"final_test_acc":0.95703125,"val_acc":0.98828125,"3D Loss Surface":{"width":1575,"height":1266,"_type":"image-file","sha256":"e51edc89856f701b5b867f16e297239f2f5972c6391a9c14a1097e3b549a0980","size":518386,"path":"media/images/3D Loss Surface_601_e51edc89856f701b5b86.png","format":"png"},"2D Loss Contour":{"width":1649,"height":1176,"_type":"image-file","sha256":"863209552336de84fd0f56bc8d14672f5fc2abeafcc22d8fc474e379ffb6a625","size":134550,"path":"media/images/2D Loss Contour_602_863209552336de84fd0f.png","format":"png"},"_wandb":{"runtime":32},"_step":602,"val_total_spikes":0,"final_val_acc":0.98828125,"train_total_spikes":0,"val_loss":0.037418074905872345,"train_loss":0.0008646342903375626,"_timestamp":1.7466135390396717e+09}