{
  "model_name": "SNN",
  "recurrent_setting": false,
  "optimizer": "SGD",
  "l1_upper": 1,
  "v1_upper": 6,
  "l2_upper": 0,
  "v2_upper": 1,
  "learning_rate": 0.02706737839410119,
  "momentum": 0.9405295789893385,
  "l2": 0.002176991501402757,
  "best_val_acc": 0.5703125,
  "data_config": {
    "nb_inputs": 100,
    "nb_hidden": 4,
    "nb_outputs": 2,
    "time_step": 0.001,
    "epochs": 300,
    "nb_steps": 200,
    "tau_mem": 0.01,
    "tau_syn": 0.005
  }
}