{"val_acc":0.93359375,"val_spikes_per_t":24.9765625,"val_total_spikes":6394,"train_spikes_per_t":25.32421875,"train_loss":0.01614007167518139,"final_test_acc":0.90234375,"_timestamp":1.7466969317576714e+09,"_step":602,"final_val_acc":0.93359375,"val_loss":0.1696321964263916,"_runtime":160.986174289,"train_acc":1,"2D Loss Contour":{"width":1596,"height":1176,"_type":"image-file","sha256":"9811f1eb911ea329a2ace59276ed00ae4652844b0e6c108f1bdbee4c810675dc","size":125621,"path":"media/images/2D Loss Contour_602_9811f1eb911ea329a2ac.png","format":"png"},"3D Loss Surface":{"sha256":"075af3e8af72b769e79ce9559212222c64affdb141973b4069b53ca91d6b0691","size":451765,"path":"media/images/3D Loss Surface_601_075af3e8af72b769e79c.png","format":"png","width":1522,"height":1266,"_type":"image-file"},"_wandb":{"runtime":160},"final_train_acc":1,"train_total_spikes":6483}