{"_runtime":57.229182151,"_timestamp":1.7465983912769682e+09,"train_loss":0.9224388003349304,"train_total_spikes":0,"3D Loss Surface":{"width":1522,"height":1266,"_type":"image-file","sha256":"31e7c5f2e8e461e7b479ac55e86e29531533980cee7048508d64d06d20334fc1","size":355493,"path":"media/images/3D Loss Surface_601_31e7c5f2e8e461e7b479.png","format":"png"},"final_test_acc":0.51953125,"val_total_spikes":0,"2D Loss Contour":{"width":1596,"height":1176,"_type":"image-file","sha256":"a1e22193b182369c2a3d6e47d993d66933a044f087ffac282d2adf43b73771b5","size":128605,"path":"media/images/2D Loss Contour_602_a1e22193b182369c2a3d.png","format":"png"},"final_train_acc":0.76953125,"train_acc":0.76953125,"_wandb":{"runtime":57},"train_spikes_per_t":NaN,"final_val_acc":0.55859375,"val_loss":2.5449674129486084,"val_spikes_per_t":NaN,"val_acc":0.55859375,"_step":602}