{"final_val_acc":0.5,"_runtime":111.864558254,"final_train_acc":0.51953125,"_timestamp":1.7465588088472672e+09,"_step":602,"train_acc":0.51953125,"train_loss":0.5838609337806702,"final_test_acc":0.48046875,"train_total_spikes":37351,"val_acc":0.5,"val_loss":0.6280391812324524,"_wandb":{"runtime":111},"3D Loss Surface":{"width":1575,"height":1266,"_type":"image-file","sha256":"2f61c2b875cceddcf437782b9c6a0fbfb413ccb24e8e41bd6190ad1e36bbd67c","size":415846,"path":"media/images/3D Loss Surface_601_2f61c2b875cceddcf437.png","format":"png"},"train_spikes_per_t":145.90234375,"2D Loss Contour":{"sha256":"3325b111805ca65850e10c18df089cdf0fb4933da539058e5f482b7415787ce4","size":152516,"path":"media/images/2D Loss Contour_602_3325b111805ca65850e1.png","format":"png","width":1649,"height":1176,"_type":"image-file"},"val_total_spikes":37501,"val_spikes_per_t":146.48828125}