{"val_loss":0.030493509024381638,"_wandb":{"runtime":114},"train_acc":1,"_step":602,"2D Loss Contour":{"size":141972,"path":"media/images/2D Loss Contour_602_f02a3c254bbb5c1764f5.png","format":"png","width":1622,"height":1176,"_type":"image-file","sha256":"f02a3c254bbb5c1764f59aa25bca6e72d9d5f53785bfa5e1a71ba6fbbd2c822c"},"_timestamp":1.7465762521378639e+09,"3D Loss Surface":{"sha256":"1495c241213277758573d29054e6f23924431dac3d5ed25fc81dbfff85085c6e","size":385583,"path":"media/images/3D Loss Surface_601_1495c241213277758573.png","format":"png","width":1548,"height":1266,"_type":"image-file"},"train_total_spikes":29187,"final_train_acc":1,"val_total_spikes":29104,"_runtime":114.271008592,"train_loss":0.004408036824315786,"final_test_acc":0.9921875,"val_spikes_per_t":113.6875,"final_val_acc":0.98828125,"train_spikes_per_t":114.01171875,"val_acc":0.98828125}