{"val_total_spikes":14948,"final_train_acc":1,"_step":602,"train_acc":1,"val_spikes_per_t":58.390625,"_timestamp":1.7466500805316482e+09,"train_spikes_per_t":58.38671875,"3D Loss Surface":{"height":1266,"_type":"image-file","sha256":"0af79024335767442b81d18d2fc7a4447b3af055eac009ebeb7714378dc56b23","size":548769,"path":"media/images/3D Loss Surface_601_0af79024335767442b81.png","format":"png","width":1575},"train_loss":0.00019063640502281487,"2D Loss Contour":{"format":"png","width":1649,"height":1176,"_type":"image-file","sha256":"0aaa6cfb0b41146f21f65a72743bfefc78a3262836144b57f7a97174f9440721","size":141772,"path":"media/images/2D Loss Contour_602_0aaa6cfb0b41146f21f6.png"},"final_test_acc":0.984375,"_runtime":102.493346256,"val_loss":0.020421961322426796,"_wandb":{"runtime":102},"train_total_spikes":14947,"final_val_acc":0.99609375,"val_acc":0.99609375}