{"val_acc":1,"train_spikes_per_t":54.8984375,"_step":602,"val_spikes_per_t":54.94921875,"train_loss":0.0003097059961874038,"2D Loss Contour":{"_type":"image-file","sha256":"a89a250d10b6557689ff3d4aa5e994dc73eea88a4c0e50ff82539a5331a259c1","size":142948,"path":"media/images/2D Loss Contour_602_a89a250d10b6557689ff.png","format":"png","width":1649,"height":1176},"final_train_acc":1,"_timestamp":1.7466649925272944e+09,"final_test_acc":0.9921875,"val_loss":0.011342744342982769,"3D Loss Surface":{"height":1266,"_type":"image-file","sha256":"1a8dcfe14bb3d61cd4e9b83e7d844d9cc5f8f668b5d0b31ab7de8bba94fb9e08","size":521935,"path":"media/images/3D Loss Surface_601_1a8dcfe14bb3d61cd4e9.png","format":"png","width":1574},"train_acc":1,"final_val_acc":1,"_runtime":102.100482091,"_wandb":{"runtime":102},"train_total_spikes":14054,"val_total_spikes":14067}