{"final_val_acc":0.81640625,"_runtime":160.589614556,"val_spikes_per_t":18.1171875,"val_acc":0.81640625,"2D Loss Contour":{"height":1176,"_type":"image-file","sha256":"ce8b40dc1ef2e6af88106762dd50f0171088ea76c7f7946a66fe170bffe608f9","size":112132,"path":"media/images/2D Loss Contour_602_ce8b40dc1ef2e6af8810.png","format":"png","width":1570},"_timestamp":1.7466760030442164e+09,"final_train_acc":0.984375,"train_spikes_per_t":17.5,"val_total_spikes":4638,"train_total_spikes":4480,"val_loss":0.5237165689468384,"train_acc":0.984375,"_step":602,"final_test_acc":0.82421875,"train_loss":0.07888168841600418,"_wandb":{"runtime":160},"3D Loss Surface":{"_type":"image-file","sha256":"1e1fbbd9caa8167f8e771b412b04e870fa26a32a0c5e10839a382e1087aa343c","size":350559,"path":"media/images/3D Loss Surface_601_1e1fbbd9caa8167f8e77.png","format":"png","width":1522,"height":1266}}