{"_timestamp":1.746679560270342e+09,"_step":602,"train_acc":0.99609375,"val_loss":0.5093762278556824,"train_total_spikes":4700,"_runtime":163.115619771,"train_spikes_per_t":18.359375,"train_loss":0.033334482461214066,"final_val_acc":0.796875,"final_test_acc":0.81640625,"_wandb":{"runtime":163},"val_spikes_per_t":18.1015625,"val_total_spikes":4634,"3D Loss Surface":{"size":408177,"path":"media/images/3D Loss Surface_601_1792c93188d9b2888194.png","format":"png","width":1548,"height":1266,"_type":"image-file","sha256":"1792c93188d9b2888194b8019083797a1c6972391f8ca9e3e677759840193a7c"},"2D Loss Contour":{"width":1623,"height":1176,"_type":"image-file","sha256":"cca68c8500d05a1ad7c877cfdc9d1f9bcb6b67c136735dd19f3070be13935b97","size":143053,"path":"media/images/2D Loss Contour_602_cca68c8500d05a1ad7c8.png","format":"png"},"val_acc":0.796875,"final_train_acc":0.99609375}