{"final_test_acc":0.49609375,"val_spikes_per_t":62.4453125,"_step":602,"train_total_spikes":16715,"final_val_acc":0.5,"val_loss":3.33918833732605,"3D Loss Surface":{"_type":"image-file","sha256":"fb694985ded4f1b18f75924e45f9da2a6bcc2b0d6ad90cfded9fccb08ca10bab","size":378213,"path":"media/images/3D Loss Surface_601_fb694985ded4f1b18f75.png","format":"png","width":1495,"height":1266},"_runtime":86.577470735,"val_acc":0.5,"_timestamp":1.7466748150696611e+09,"2D Loss Contour":{"format":"png","width":1570,"height":1176,"_type":"image-file","sha256":"d13f247419b00b20f8173c0c5715178a9b27e07ea446b772cfd688bc56d39853","size":159663,"path":"media/images/2D Loss Contour_602_d13f247419b00b20f817.png"},"train_spikes_per_t":65.29296875,"train_acc":0.54296875,"val_total_spikes":15986,"train_loss":2.8253021240234375,"_wandb":{"runtime":86},"final_train_acc":0.54296875}