{"train_total_spikes":0,"val_spikes_per_t":NaN,"val_total_spikes":0,"val_loss":0.5787966847419739,"val_acc":0.80859375,"_runtime":56.921413003,"train_spikes_per_t":NaN,"_timestamp":1.7466020963893938e+09,"final_train_acc":1,"3D Loss Surface":{"width":1548,"height":1266,"_type":"image-file","sha256":"2ae2dae5a3a06d1077e968926ac14e3bbc1648f873a5c7140a9a277c4616afd9","size":541574,"path":"media/images/3D Loss Surface_601_2ae2dae5a3a06d1077e9.png","format":"png"},"train_acc":1,"_wandb":{"runtime":56},"_step":602,"2D Loss Contour":{"width":1622,"height":1176,"_type":"image-file","sha256":"e73bd3b17dffd3b87348b7bbf1425f6b21361fed582fb22abf14be0a26a29dc6","size":136789,"path":"media/images/2D Loss Contour_602_e73bd3b17dffd3b87348.png","format":"png"},"final_test_acc":0.80859375,"final_val_acc":0.80859375,"train_loss":0.008903589099645615}