{"final_val_acc":0.78515625,"train_acc":1,"final_train_acc":1,"2D Loss Contour":{"height":1176,"_type":"image-file","sha256":"dc13685876ef8d062045ac45a601781b727c3cbcc83532bb52dacd81116699a2","size":119938,"path":"media/images/2D Loss Contour_602_dc13685876ef8d062045.png","format":"png","width":1596},"_step":602,"final_test_acc":0.74609375,"val_total_spikes":897,"train_loss":0.0258523840457201,"val_acc":0.78515625,"_runtime":156.234944422,"train_total_spikes":962,"3D Loss Surface":{"size":459700,"path":"media/images/3D Loss Surface_601_05dd95eff718ef5b0162.png","format":"png","width":1522,"height":1266,"_type":"image-file","sha256":"05dd95eff718ef5b0162bbbd9b8956977f8305a514a5691717eddc2fc7450670"},"train_spikes_per_t":3.7578125,"_timestamp":1.7466634193138425e+09,"_wandb":{"runtime":156},"val_loss":0.7481538653373718,"val_spikes_per_t":3.50390625}