{"_step":602,"val_loss":0.024884164333343506,"val_spikes_per_t":70.91015625,"3D Loss Surface":{"size":263640,"path":"media/images/3D Loss Surface_601_5ba1c706f291117b5d22.png","format":"png","width":1575,"height":1266,"_type":"image-file","sha256":"5ba1c706f291117b5d225eb77077706c9be4649dd3de8818c9996f0faa155166"},"train_spikes_per_t":71.24609375,"val_acc":0.9921875,"train_loss":0.00017770918202586472,"final_train_acc":1,"_timestamp":1.7465879153506134e+09,"_wandb":{"runtime":75},"val_total_spikes":18153,"_runtime":75.98929011,"final_val_acc":0.9921875,"final_test_acc":0.99609375,"train_acc":1,"2D Loss Contour":{"_type":"image-file","sha256":"57a64a0b455a6870775fcfaabdc0f43bd914be1a263f1375b3c2575d728d630c","size":137234,"path":"media/images/2D Loss Contour_602_57a64a0b455a6870775f.png","format":"png","width":1649,"height":1176},"train_total_spikes":18239}