{"final_val_acc":0.94140625,"final_train_acc":1,"3D Loss Surface":{"height":1266,"_type":"image-file","sha256":"64458c3e68c4df3fabc02ffe45d78bcd17d9c1a582584d2722abd6250c8d0868","size":457062,"path":"media/images/3D Loss Surface_601_64458c3e68c4df3fabc0.png","format":"png","width":1548},"train_total_spikes":11030,"val_loss":0.1669231355190277,"train_loss":0.012486062943935394,"train_spikes_per_t":43.0859375,"val_spikes_per_t":42.328125,"_step":602,"val_acc":0.94140625,"val_total_spikes":10836,"_runtime":172.273191822,"train_acc":1,"final_test_acc":0.90625,"2D Loss Contour":{"_type":"image-file","sha256":"a8ea5597e9c16b3028ecd2814bb4341c1b4c80050ff654d3dd74d02642c6117e","size":124856,"path":"media/images/2D Loss Contour_602_a8ea5597e9c16b3028ec.png","format":"png","width":1622,"height":1176},"_wandb":{"runtime":172},"_timestamp":1.7466436232369068e+09}