{"_wandb":{"runtime":56},"_timestamp":1.7466554405310304e+09,"train_loss":10.762410163879395,"final_train_acc":0.46875,"_step":602,"val_total_spikes":0,"final_test_acc":0.50390625,"2D Loss Contour":{"width":1622,"height":1176,"_type":"image-file","sha256":"14c1752197d84b4ca42fcdc95a3d2ab406914dfc1375daba6439af0dc433b64a","size":108975,"path":"media/images/2D Loss Contour_602_14c1752197d84b4ca42f.png","format":"png"},"final_val_acc":0.46875,"val_acc":0.46875,"3D Loss Surface":{"width":1548,"height":1266,"_type":"image-file","sha256":"0184fe6d1db06476592235015c9ad78c2ac4dda4193fece1fed8bf23194510cf","size":381916,"path":"media/images/3D Loss Surface_601_0184fe6d1db064765922.png","format":"png"},"val_spikes_per_t":NaN,"val_loss":11.439804077148438,"train_total_spikes":0,"train_acc":0.46875,"train_spikes_per_t":NaN,"_runtime":56.521800332}