{"val_loss":6.2202982902526855,"final_train_acc":0.47265625,"_wandb":{"runtime":56},"val_acc":0.4765625,"final_val_acc":0.4765625,"train_acc":0.47265625,"train_loss":5.960494041442871,"val_spikes_per_t":NaN,"2D Loss Contour":{"width":1596,"height":1176,"_type":"image-file","sha256":"652751b4152b1837f0bbd85593df2d378c789934d27d1bfc847eca50d572c4a1","size":126106,"path":"media/images/2D Loss Contour_602_652751b4152b1837f0bb.png","format":"png"},"3D Loss Surface":{"sha256":"8234af4c7ad4f658b86cf09732738c26f48460189ad73507e5fa7f1afc0fcc98","size":275403,"path":"media/images/3D Loss Surface_601_8234af4c7ad4f658b86c.png","format":"png","width":1522,"height":1266,"_type":"image-file"},"train_total_spikes":0,"val_total_spikes":0,"final_test_acc":0.48828125,"_timestamp":1.7466557269524734e+09,"_runtime":56.41050163,"_step":602,"train_spikes_per_t":NaN}