{"final_test_acc":0.9921875,"val_total_spikes":18161,"val_loss":0.014799521304666996,"_step":602,"final_train_acc":1,"_runtime":75.364993423,"3D Loss Surface":{"_type":"image-file","sha256":"fea3f9c9fa3210dea5df578788341c8d059fdda5495f472dee4af6d41a0d02bc","size":464996,"path":"media/images/3D Loss Surface_601_fea3f9c9fa3210dea5df.png","format":"png","width":1548,"height":1266},"final_val_acc":0.9921875,"_timestamp":1.7465850181921406e+09,"train_acc":1,"val_spikes_per_t":70.94140625,"train_total_spikes":18294,"_wandb":{"runtime":75},"val_acc":0.9921875,"2D Loss Contour":{"format":"png","width":1596,"height":1176,"_type":"image-file","sha256":"35cad9f82c4ec192f59d920b1e5980b5a4792671b56a0c99446ec20a2bc09add","size":106709,"path":"media/images/2D Loss Contour_602_35cad9f82c4ec192f59d.png"},"train_loss":0.0010892456630244851,"train_spikes_per_t":71.4609375}