{"train_total_spikes":32526,"_wandb":{"runtime":112},"val_total_spikes":32641,"val_loss":0.04227907955646515,"final_train_acc":1,"_step":602,"train_loss":0.0121464179828763,"_timestamp":1.746559486404885e+09,"val_acc":0.98828125,"train_acc":1,"3D Loss Surface":{"size":440265,"path":"media/images/3D Loss Surface_601_7c11c116f888e1de99fb.png","format":"png","width":1548,"height":1266,"_type":"image-file","sha256":"7c11c116f888e1de99fbb9b081b140bbfb4305354dfcacf3c5d46b5baad5be89"},"train_spikes_per_t":127.0546875,"final_test_acc":0.98828125,"final_val_acc":0.98828125,"val_spikes_per_t":127.50390625,"_runtime":112.739128744,"2D Loss Contour":{"width":1596,"height":1176,"_type":"image-file","sha256":"dda4ba604e2d8512d9d0604e42bb5ab5deecb727b184793fa291ceaf1e44a69c","size":134052,"path":"media/images/2D Loss Contour_602_dda4ba604e2d8512d9d0.png","format":"png"}}