{"3D Loss Surface":{"width":1495,"height":1266,"_type":"image-file","sha256":"99502365ea0860f81ed3d1db8cbb7e606446f064e56d827f7afc27a4014ae27f","size":405221,"path":"media/images/3D Loss Surface_601_99502365ea0860f81ed3.png","format":"png"},"train_acc":0.55078125,"val_acc":0.54296875,"2D Loss Contour":{"_type":"image-file","sha256":"5bbcfda0f8d2aa4d2087aca5d30b66b09ccd2acf20dfd5d17bbaba5955cdde04","size":133971,"path":"media/images/2D Loss Contour_602_5bbcfda0f8d2aa4d2087.png","format":"png","width":1543,"height":1176},"_wandb":{"runtime":160},"_timestamp":1.746671327873205e+09,"_step":602,"train_total_spikes":15418,"_runtime":160.104707644,"final_test_acc":0.50390625,"final_val_acc":0.54296875,"final_train_acc":0.55078125,"val_spikes_per_t":60.55078125,"train_spikes_per_t":60.2265625,"val_total_spikes":15501,"val_loss":5.683432102203369,"train_loss":6.483870506286621}