{"val_loss":0.7346330285072327,"train_acc":1,"_step":602,"_runtime":57.178182652,"final_train_acc":1,"train_spikes_per_t":NaN,"train_loss":0.020010193809866905,"final_val_acc":0.765625,"_timestamp":1.7465978114688199e+09,"3D Loss Surface":{"path":"media/images/3D Loss Surface_601_b583549de6f442594942.png","format":"png","width":1548,"height":1266,"_type":"image-file","sha256":"b583549de6f44259494252e758575c0837648dd90cc4dac660840c3e8cc807fd","size":353462},"2D Loss Contour":{"format":"png","width":1622,"height":1176,"_type":"image-file","sha256":"489bf8802aa5b5f69014a92f87228e415f1e797da5f603c8d91db0e2a94a2d49","size":137026,"path":"media/images/2D Loss Contour_602_489bf8802aa5b5f69014.png"},"final_test_acc":0.7265625,"train_total_spikes":0,"val_spikes_per_t":NaN,"val_total_spikes":0,"val_acc":0.765625,"_wandb":{"runtime":57}}