{"train_spikes_per_t":74.32421875,"_step":602,"val_loss":0.030495546758174896,"final_train_acc":1,"val_total_spikes":19032,"_runtime":114.133221621,"_wandb":{"runtime":114},"2D Loss Contour":{"_type":"image-file","sha256":"490067d0ca7b29431c31ad71d4f21238b031caa3efe06228243d5ace03de6e89","size":132082,"path":"media/images/2D Loss Contour_602_490067d0ca7b29431c31.png","format":"png","width":1622,"height":1176},"_timestamp":1.7465744102686498e+09,"train_acc":1,"val_spikes_per_t":74.34375,"final_val_acc":0.9921875,"final_test_acc":0.98828125,"3D Loss Surface":{"_type":"image-file","sha256":"3c96ab0c1b24ab48bae0d6922c027809e216d2341ecef0f98ce3ce85ed1238b1","size":364091,"path":"media/images/3D Loss Surface_601_3c96ab0c1b24ab48bae0.png","format":"png","width":1548,"height":1266},"val_acc":0.9921875,"train_loss":0.007091867737472057,"train_total_spikes":19027}