{"2D Loss Contour":{"_type":"image-file","sha256":"eb473265f1ebc59d8aab1f43fdde33747582a6e9c4a34676f017f7260fa626b1","size":140253,"path":"media/images/2D Loss Contour_602_eb473265f1ebc59d8aab.png","format":"png","width":1649,"height":1176},"val_spikes_per_t":NaN,"train_total_spikes":0,"_runtime":32.958291189,"train_loss":0.000753007538150996,"val_acc":0.984375,"final_val_acc":0.984375,"_step":602,"val_total_spikes":0,"_timestamp":1.746613146840135e+09,"train_acc":1,"train_spikes_per_t":NaN,"final_test_acc":0.9609375,"val_loss":0.04319349676370621,"final_train_acc":1,"3D Loss Surface":{"width":1575,"height":1266,"_type":"image-file","sha256":"21d1da218dfb15b177b5bc60bf1adb8114db80c8ee77cf4579855510873883a5","size":530497,"path":"media/images/3D Loss Surface_601_21d1da218dfb15b177b5.png","format":"png"},"_wandb":{"runtime":32}}