{"val_acc":0.5,"val_spikes_per_t":80.28125,"final_test_acc":0.48046875,"val_loss":0.44306954741477966,"final_train_acc":0.51953125,"val_total_spikes":20552,"3D Loss Surface":{"size":393796,"path":"media/images/3D Loss Surface_601_22ccf77eaaff38d77d65.png","format":"png","width":1522,"height":1266,"_type":"image-file","sha256":"22ccf77eaaff38d77d6598ac3b9117a5d9d2798facfa5633bab371c1442e8b49"},"_timestamp":1.746567124640589e+09,"train_acc":0.51953125,"_runtime":113.927473015,"_step":602,"train_spikes_per_t":80.64453125,"2D Loss Contour":{"width":1596,"height":1176,"_type":"image-file","sha256":"f55b7eff7978c605bacad15fc5c6a4a80b25534eed4a14d879498bcfc4612791","size":104634,"path":"media/images/2D Loss Contour_602_f55b7eff7978c605baca.png","format":"png"},"train_total_spikes":20645,"_wandb":{"runtime":113},"train_loss":0.3487946689128876,"final_val_acc":0.5}