{"_step":602,"_timestamp":1.746651732020973e+09,"_wandb":{"runtime":103},"train_acc":1,"val_total_spikes":10319,"val_spikes_per_t":40.30859375,"final_val_acc":0.98046875,"final_test_acc":0.96875,"3D Loss Surface":{"format":"png","width":1575,"height":1266,"_type":"image-file","sha256":"acc32c3fd778a34218cafa3c4c36e9bdc4d06b3ca461cbc9fc2214651a496f28","size":527029,"path":"media/images/3D Loss Surface_601_acc32c3fd778a34218ca.png"},"train_loss":7.457592437276617e-05,"train_total_spikes":10623,"_runtime":103.045084149,"val_loss":0.0738857090473175,"final_train_acc":1,"val_acc":0.98046875,"train_spikes_per_t":41.49609375,"2D Loss Contour":{"format":"png","width":1649,"height":1176,"_type":"image-file","sha256":"c81e1eb6d03d133cd51b6f782dd5c4c6ce854db3158f11dcf22006d1a73d14bf","size":163100,"path":"media/images/2D Loss Contour_602_c81e1eb6d03d133cd51b.png"}}