{"train_acc":1,"2D Loss Contour":{"path":"media/images/2D Loss Contour_602_1527bda8a04c0409a9fc.png","format":"png","width":1675,"height":1176,"_type":"image-file","sha256":"1527bda8a04c0409a9fcd265747501681e6802a8f3db0e577c1feb171146f8ae","size":143403},"val_spikes_per_t":67.08984375,"_step":602,"val_total_spikes":17175,"_wandb":{"runtime":102},"_timestamp":1.7466597215591767e+09,"val_acc":0.99609375,"3D Loss Surface":{"format":"png","width":1574,"height":1266,"_type":"image-file","sha256":"688526f9e69984cb20fee50046c55235b54bdfe3649b431478ff9a5013d00e64","size":357969,"path":"media/images/3D Loss Surface_601_688526f9e69984cb20fe.png"},"train_total_spikes":17259,"train_spikes_per_t":67.41796875,"val_loss":0.013870516791939735,"final_val_acc":0.99609375,"_runtime":102.682840385,"final_train_acc":1,"train_loss":0.0005340849747881293,"final_test_acc":0.984375}