{"final_train_acc":1,"val_loss":0.019402235746383667,"val_spikes_per_t":65.3828125,"val_acc":0.99609375,"final_test_acc":0.9921875,"3D Loss Surface":{"sha256":"d2510d5cd89695c09903b80835a5e1159198c6099bc42b7dad4492319c601687","size":458686,"path":"media/images/3D Loss Surface_601_d2510d5cd89695c09903.png","format":"png","width":1575,"height":1266,"_type":"image-file"},"train_spikes_per_t":65.359375,"_runtime":102.61221429,"val_total_spikes":16738,"_timestamp":1.7466681011157582e+09,"final_val_acc":0.99609375,"train_acc":1,"_step":602,"train_total_spikes":16732,"2D Loss Contour":{"sha256":"4c23d66487f1bf31c449501d9381a7057fc99ae65e38106f72028905ab5e1fb2","size":144437,"path":"media/images/2D Loss Contour_602_4c23d66487f1bf31c449.png","format":"png","width":1649,"height":1176,"_type":"image-file"},"_wandb":{"runtime":102},"train_loss":0.00044436645112000406}