{"_runtime":114.172278452,"2D Loss Contour":{"sha256":"da17d9005e0deaabb1af98bd235faa47eb87141887ca1d54c3d858b94dd0d6f1","size":131767,"path":"media/images/2D Loss Contour_602_da17d9005e0deaabb1af.png","format":"png","width":1622,"height":1176,"_type":"image-file"},"_step":602,"final_val_acc":0.99609375,"3D Loss Surface":{"height":1266,"_type":"image-file","sha256":"31089b75393cc1e06c0469616934f5587e2098d83164099d643abc79aa806ccb","size":454754,"path":"media/images/3D Loss Surface_601_31089b75393cc1e06c04.png","format":"png","width":1548},"train_total_spikes":31441,"val_total_spikes":31312,"val_spikes_per_t":122.3125,"final_test_acc":0.99609375,"train_loss":0.006417120806872845,"_timestamp":1.7465749848747766e+09,"_wandb":{"runtime":114},"val_acc":0.99609375,"train_acc":1,"final_train_acc":1,"val_loss":0.015016005374491215,"train_spikes_per_t":122.81640625}