{"val_acc":0.99609375,"train_acc":1,"_wandb":{"runtime":31},"train_spikes_per_t":NaN,"val_loss":0.034176457673311234,"_runtime":31.837686054,"train_total_spikes":0,"_timestamp":1.7466093400779407e+09,"val_total_spikes":0,"final_train_acc":1,"2D Loss Contour":{"_type":"image-file","sha256":"fc06bbbd7d1ccc544ca9877a55118b55b450b5800a766b1d8fc4804d6c3b0398","size":163657,"path":"media/images/2D Loss Contour_602_fc06bbbd7d1ccc544ca9.png","format":"png","width":1649,"height":1176},"final_test_acc":0.96875,"train_loss":0.0009491181699559093,"final_val_acc":0.99609375,"3D Loss Surface":{"size":459723,"path":"media/images/3D Loss Surface_601_bb46bf2769cdc62886aa.png","format":"png","width":1575,"height":1266,"_type":"image-file","sha256":"bb46bf2769cdc62886aa22c2aca36fffc5f637377679e1da8b54f540aecf578f"},"val_spikes_per_t":NaN,"_step":602}