{"_runtime":56.771430839,"_step":602,"train_total_spikes":0,"final_val_acc":0.8046875,"3D Loss Surface":{"height":1266,"_type":"image-file","sha256":"963a798fdf1bdf93452452488060852bc62d47ccfd9ebb5038f35c3830449eff","size":333858,"path":"media/images/3D Loss Surface_601_963a798fdf1bdf934524.png","format":"png","width":1522},"train_spikes_per_t":NaN,"train_acc":1,"final_test_acc":0.81640625,"2D Loss Contour":{"height":1176,"_type":"image-file","sha256":"aa7999d62790f543718e0521f7f643cd64ab8226fa34ef06571d963c4db211db","size":108268,"path":"media/images/2D Loss Contour_602_aa7999d62790f543718e.png","format":"png","width":1596},"final_train_acc":1,"val_spikes_per_t":NaN,"val_total_spikes":0,"val_loss":0.6201285719871521,"train_loss":0.012030960991978645,"_wandb":{"runtime":56},"val_acc":0.8046875,"_timestamp":1.7466005925808275e+09}