{"val_spikes_per_t":82.9296875,"_wandb":{"runtime":113},"val_loss":0.029945148155093193,"val_acc":0.98828125,"final_test_acc":0.98046875,"_timestamp":1.746564951275107e+09,"train_total_spikes":21182,"train_loss":0.0058796885423362255,"val_total_spikes":21230,"final_train_acc":1,"final_val_acc":0.98828125,"2D Loss Contour":{"size":108378,"path":"media/images/2D Loss Contour_602_24ee0a45cadf129b83ef.png","format":"png","width":1596,"height":1176,"_type":"image-file","sha256":"24ee0a45cadf129b83efb82b9a7c6b0ccb2882c04d48ddc66ce27c389a570b81"},"3D Loss Surface":{"format":"png","width":1522,"height":1266,"_type":"image-file","sha256":"bb0e311d6f1cf95c36bbc4b6f389befc9b0b1004f4c636b45f66664edb3d955d","size":393952,"path":"media/images/3D Loss Surface_601_bb0e311d6f1cf95c36bb.png"},"_step":602,"_runtime":113.765188307,"train_spikes_per_t":82.7421875,"train_acc":1}