{"train_total_spikes":5962,"val_acc":0.8984375,"val_loss":0.24018016457557678,"train_acc":0.99609375,"train_loss":0.012918705120682716,"_wandb":{"runtime":160},"train_spikes_per_t":23.2890625,"_step":602,"2D Loss Contour":{"path":"media/images/2D Loss Contour_602_1f59b8a25ed6c61f1635.png","format":"png","width":1623,"height":1176,"_type":"image-file","sha256":"1f59b8a25ed6c61f1635b5a25556636cac53d8233572a5c9a3b6159a236ae564","size":117702},"_timestamp":1.746676809700906e+09,"final_test_acc":0.921875,"final_train_acc":0.99609375,"val_spikes_per_t":22.99609375,"3D Loss Surface":{"size":455976,"path":"media/images/3D Loss Surface_601_543cc4ed690ef3784822.png","format":"png","width":1548,"height":1266,"_type":"image-file","sha256":"543cc4ed690ef378482216a6e9859e980b905d845f7067bdd2a458fe75a1bf7c"},"_runtime":160.948336623,"val_total_spikes":5887,"final_val_acc":0.8984375}