{"_wandb":{"runtime":113},"val_acc":0.99609375,"val_total_spikes":41865,"_runtime":113.680062747,"3D Loss Surface":{"height":1266,"_type":"image-file","sha256":"04bd8e81bc8053c0532546a0f296f0ce977be57fbb56149cac20ef76da2e6416","size":394539,"path":"media/images/3D Loss Surface_601_04bd8e81bc8053c05325.png","format":"png","width":1548},"final_test_acc":1,"2D Loss Contour":{"sha256":"ec4993445d49c789f3c573bba178c1757dafab525620623a1bd9930c7a71a865","size":129548,"path":"media/images/2D Loss Contour_602_ec4993445d49c789f3c5.png","format":"png","width":1596,"height":1176,"_type":"image-file"},"final_val_acc":0.99609375,"train_total_spikes":41762,"val_loss":0.014191906899213791,"train_loss":0.003988994285464287,"_step":602,"_timestamp":1.7465806296684928e+09,"val_spikes_per_t":163.53515625,"train_acc":1,"train_spikes_per_t":163.1328125,"final_train_acc":1}