{"3D Loss Surface":{"_type":"image-file","sha256":"463a8cd1ad22780da281a150f057d06d718c00c3d3c2c48e9f1759bc460fa285","size":448516,"path":"media/images/3D Loss Surface_601_463a8cd1ad22780da281.png","format":"png","width":1522,"height":1266},"2D Loss Contour":{"size":135537,"path":"media/images/2D Loss Contour_602_6e07981ba6ade7a0c672.png","format":"png","width":1596,"height":1176,"_type":"image-file","sha256":"6e07981ba6ade7a0c672b12c2555b9a02de210b868999fe2fc15810c2b76fcf5"},"val_loss":0.9286634922027588,"train_loss":0.6223957538604736,"final_train_acc":0.76171875,"train_total_spikes":25316,"val_acc":0.640625,"_timestamp":1.7465911945332875e+09,"_runtime":75.005662149,"train_spikes_per_t":98.890625,"_wandb":{"runtime":75},"val_spikes_per_t":98.70703125,"train_acc":0.76171875,"val_total_spikes":25269,"_step":602,"final_val_acc":0.640625,"final_test_acc":0.65234375}