{"final_val_acc":0.54296875,"val_spikes_per_t":NaN,"final_test_acc":0.5,"final_train_acc":0.66796875,"_wandb":{"runtime":43},"val_total_spikes":0,"3D Loss Surface":{"sha256":"9d2cddda64d1982c6f5836454341b79a9aedbaf97e9fc5fdd635b474af074d93","size":499805,"path":"media/images/3D Loss Surface_601_9d2cddda64d1982c6f58.png","format":"png","width":1522,"height":1266,"_type":"image-file"},"_runtime":43.639333768,"2D Loss Contour":{"format":"png","width":1569,"height":1176,"_type":"image-file","sha256":"81b2ab17968fdfd1af4dd65f120bcd6b8ecdc276eeeedae02d1e4d0803933eea","size":126668,"path":"media/images/2D Loss Contour_602_81b2ab17968fdfd1af4d.png"},"_step":602,"train_spikes_per_t":NaN,"train_acc":0.66796875,"val_loss":2.016585350036621,"_timestamp":1.74667020659015e+09,"train_total_spikes":0,"val_acc":0.54296875,"train_loss":1.130893588066101}