{"3D Loss Surface":{"format":"png","width":1575,"height":1266,"_type":"image-file","sha256":"adfe927f51dea99723b9859bdcff80f059ce72bdad813f51c26530991b54ab4b","size":517396,"path":"media/images/3D Loss Surface_601_adfe927f51dea99723b9.png"},"_step":602,"train_total_spikes":17267,"val_loss":0.04078805074095726,"train_acc":1,"train_spikes_per_t":67.44921875,"val_total_spikes":17335,"val_spikes_per_t":67.71484375,"val_acc":0.984375,"_wandb":{"runtime":102},"final_train_acc":1,"train_loss":0.00036441933480091393,"_runtime":102.139536639,"final_test_acc":0.98046875,"_timestamp":1.7466504930094974e+09,"2D Loss Contour":{"path":"media/images/2D Loss Contour_602_21dd10495453d061dae4.png","format":"png","width":1623,"height":1176,"_type":"image-file","sha256":"21dd10495453d061dae46368a43f10e5372be1b9a9aafd2721150077be24cb50","size":142525},"final_val_acc":0.984375}