{"train_spikes_per_t":NaN,"2D Loss Contour":{"width":1649,"height":1176,"_type":"image-file","sha256":"ff1e63627f77951de156082e2e0bcd6dc14d79480c24172469e30a48d0d9bfd9","size":144289,"path":"media/images/2D Loss Contour_602_ff1e63627f77951de156.png","format":"png"},"train_total_spikes":0,"val_acc":0.97265625,"_timestamp":1.74660940600939e+09,"_runtime":32.086842696,"val_spikes_per_t":NaN,"_wandb":{"runtime":32},"_step":602,"final_test_acc":0.97265625,"final_val_acc":0.97265625,"val_loss":0.05709215998649597,"final_train_acc":1,"train_acc":1,"val_total_spikes":0,"3D Loss Surface":{"path":"media/images/3D Loss Surface_601_be97969928dbf14c059f.png","format":"png","width":1601,"height":1266,"_type":"image-file","sha256":"be97969928dbf14c059f9699b5866837cbae25b03363467012946aa124c254ac","size":489887},"train_loss":0.0019952035509049892}