{"train_spikes_per_t":NaN,"val_loss":0.699108362197876,"_wandb":{"runtime":42},"val_spikes_per_t":NaN,"final_train_acc":0.50390625,"_step":602,"train_total_spikes":0,"train_acc":0.50390625,"final_test_acc":0.4921875,"_timestamp":1.7466705557724197e+09,"3D Loss Surface":{"size":469344,"path":"media/images/3D Loss Surface_601_24d215974803016d486c.png","format":"png","width":1522,"height":1266,"_type":"image-file","sha256":"24d215974803016d486c7496e519a151e9245e71721d927f203df784c03ba2a0"},"_runtime":42.884404704,"train_loss":0.6937746405601501,"val_acc":0.48046875,"2D Loss Contour":{"path":"media/images/2D Loss Contour_602_f3f547f6464f8157f54d.png","format":"png","width":1622,"height":1176,"_type":"image-file","sha256":"f3f547f6464f8157f54dc5330d12782fe92cdb347055c1eefdee8973d37eadb3","size":172149},"val_total_spikes":0,"final_val_acc":0.48046875}