{"_runtime":32.207812454,"val_loss":0.7596868276596069,"train_total_spikes":0,"train_acc":0.87109375,"final_val_acc":0.71875,"val_total_spikes":0,"train_spikes_per_t":NaN,"val_acc":0.71875,"_timestamp":1.7466089134585886e+09,"final_train_acc":0.87109375,"_wandb":{"runtime":32},"val_spikes_per_t":NaN,"3D Loss Surface":{"height":1266,"_type":"image-file","sha256":"d0b3d2470ce3381edff1e5a0b8a6ebdcf4692e96b3a6446a6e3407f5d258c895","size":412374,"path":"media/images/3D Loss Surface_601_d0b3d2470ce3381edff1.png","format":"png","width":1548},"_step":602,"2D Loss Contour":{"width":1622,"height":1176,"_type":"image-file","sha256":"f54ec29cfa057068910087de446c01bf68766d0871243b16e222be6f8e12484b","size":144265,"path":"media/images/2D Loss Contour_602_f54ec29cfa0570689100.png","format":"png"},"train_loss":0.333327054977417,"final_test_acc":0.734375}