{"_timestamp":1.7466517194175506e+09,"2D Loss Contour":{"height":1176,"_type":"image-file","sha256":"8d4f4be2996f85bb1e36a9ef069142b99a350c63502a9ea2e6bfd8ef1190d558","size":144526,"path":"media/images/2D Loss Contour_602_8d4f4be2996f85bb1e36.png","format":"png","width":1596},"final_val_acc":0.76953125,"val_loss":0.4995906352996826,"train_loss":0.17984284460544586,"final_test_acc":0.8046875,"_step":602,"_runtime":109.790984943,"val_spikes_per_t":81.02734375,"3D Loss Surface":{"_type":"image-file","sha256":"0a7edbb25366d325c1aa31982dd232908ade82fe06c387d07d81d5a93ad3e829","size":391462,"path":"media/images/3D Loss Surface_601_0a7edbb25366d325c1aa.png","format":"png","width":1522,"height":1266},"final_train_acc":0.93359375,"val_acc":0.76953125,"train_acc":0.93359375,"val_total_spikes":20743,"_wandb":{"runtime":109},"train_spikes_per_t":80.1171875,"train_total_spikes":20510}