{"final_val_acc":0.9296875,"final_train_acc":0.99609375,"train_loss":0.012078097090125084,"val_loss":0.21462677419185638,"val_acc":0.9296875,"_runtime":161.666490066,"_wandb":{"runtime":161},"train_spikes_per_t":39.89453125,"val_total_spikes":10247,"_step":602,"2D Loss Contour":{"height":1176,"_type":"image-file","sha256":"b594157dc4d17c094db363389eb1a6e7c7abb57fe90f6c6c64a29e2002ce9c93","size":128018,"path":"media/images/2D Loss Contour_602_b594157dc4d17c094db3.png","format":"png","width":1649},"final_test_acc":0.9375,"train_acc":0.99609375,"train_total_spikes":10213,"3D Loss Surface":{"size":446552,"path":"media/images/3D Loss Surface_601_94e817ac8fb2bfdcf342.png","format":"png","width":1575,"height":1266,"_type":"image-file","sha256":"94e817ac8fb2bfdcf3423f6e7cd0d0d26a9017638bc0eaeb2e3ece86b47f81d1"},"val_spikes_per_t":40.02734375,"_timestamp":1.746683122924959e+09}