{"_timestamp":1.7466413674480364e+09,"val_total_spikes":5791,"train_total_spikes":5766,"final_train_acc":1,"val_acc":0.96875,"final_val_acc":0.96875,"final_test_acc":0.96875,"_runtime":173.677366735,"val_spikes_per_t":22.62109375,"_step":602,"3D Loss Surface":{"_type":"image-file","sha256":"4f62023c7e5adef95d8e65d90700c23460347ee52a9099e693834189291fd322","size":446339,"path":"media/images/3D Loss Surface_601_4f62023c7e5adef95d8e.png","format":"png","width":1548,"height":1266},"2D Loss Contour":{"height":1176,"_type":"image-file","sha256":"cb9e363ff48b1f0c63fb5cc0e1b425376330688f39c96e40938d8934ba373a34","size":122697,"path":"media/images/2D Loss Contour_602_cb9e363ff48b1f0c63fb.png","format":"png","width":1596},"train_acc":1,"train_loss":0.0069831558503210545,"val_loss":0.0809546485543251,"_wandb":{"runtime":173},"train_spikes_per_t":22.5234375}