{"val_total_spikes":28587,"train_acc":1,"2D Loss Contour":{"format":"png","width":1622,"height":1176,"_type":"image-file","sha256":"b9b5bb463bc50105ea47469410b66a6740281c495a64b045898f5a063ccaf628","size":122694,"path":"media/images/2D Loss Contour_602_b9b5bb463bc50105ea47.png"},"final_train_acc":1,"val_loss":0.054372888058423996,"_step":602,"_wandb":{"runtime":113},"train_total_spikes":28677,"_runtime":113.56941946,"train_spikes_per_t":112.01953125,"_timestamp":1.7465719981500363e+09,"train_loss":0.016360687091946602,"final_test_acc":0.9765625,"3D Loss Surface":{"height":1266,"_type":"image-file","sha256":"44762c1dcf5e4d2f7b831c025adae1afd6b69db666f5befeb39cd4398d8b468f","size":464842,"path":"media/images/3D Loss Surface_601_44762c1dcf5e4d2f7b83.png","format":"png","width":1548},"final_val_acc":0.9921875,"val_spikes_per_t":111.66796875,"val_acc":0.9921875}