{"val_total_spikes":13951,"_timestamp":1.7466565175189004e+09,"train_acc":1,"3D Loss Surface":{"height":1266,"_type":"image-file","sha256":"8e8d849d6145e23600ed54d0f0a5f4c33f3028e3b67ffb3ad557c43b61d3b592","size":472509,"path":"media/images/3D Loss Surface_601_8e8d849d6145e23600ed.png","format":"png","width":1575},"final_train_acc":1,"_step":602,"final_test_acc":0.98828125,"_wandb":{"runtime":102},"val_acc":0.984375,"_runtime":102.802906427,"train_spikes_per_t":54.140625,"final_val_acc":0.984375,"train_loss":0.0002158872812287882,"2D Loss Contour":{"_type":"image-file","sha256":"779ce818e0a0d2f0392c27a4c2707adc2ebb525b46f48306c50aa69d25e17a36","size":144101,"path":"media/images/2D Loss Contour_602_779ce818e0a0d2f0392c.png","format":"png","width":1649,"height":1176},"val_spikes_per_t":54.49609375,"val_loss":0.025091100484132767,"train_total_spikes":13860}