{"train_loss":0.00030542456079274416,"3D Loss Surface":{"path":"media/images/3D Loss Surface_601_7ded0395acef361f24ab.png","format":"png","width":1575,"height":1266,"_type":"image-file","sha256":"7ded0395acef361f24ab3867b69519eefe8170a88197fc83c77afe15a6ad2eb5","size":504011},"val_spikes_per_t":64.7578125,"train_spikes_per_t":64.8515625,"_wandb":{"runtime":102},"val_total_spikes":16578,"val_acc":0.9453125,"train_total_spikes":16602,"2D Loss Contour":{"size":117865,"path":"media/images/2D Loss Contour_602_6aedbe29c618511d066a.png","format":"png","width":1623,"height":1176,"_type":"image-file","sha256":"6aedbe29c618511d066a1acf9c806c415f1e2ca218d6a8733f26817d86acbf1c"},"_step":602,"_runtime":102.728940992,"_timestamp":1.7466576538925846e+09,"final_train_acc":1,"final_val_acc":0.9453125,"train_acc":1,"final_test_acc":0.9609375,"val_loss":0.1271037459373474}