{"train_loss":0.0006051864475011826,"val_spikes_per_t":83.34765625,"val_acc":0.99609375,"val_total_spikes":21337,"_runtime":75.312333592,"train_acc":1,"_step":602,"final_val_acc":0.99609375,"_timestamp":1.7465949300358603e+09,"val_loss":0.01381942443549633,"final_test_acc":0.98828125,"_wandb":{"runtime":75},"train_spikes_per_t":84.60546875,"2D Loss Contour":{"path":"media/images/2D Loss Contour_602_5ac8684b0238898dcaac.png","format":"png","width":1623,"height":1176,"_type":"image-file","sha256":"5ac8684b0238898dcaacd076234c1249603f93efbb702833414f398fb664df2d","size":139595},"final_train_acc":1,"3D Loss Surface":{"width":1548,"height":1266,"_type":"image-file","sha256":"3977298f2fe4fe6f5c74ce0eb65e06b5aacb2790a15493bb644169837a879739","size":282154,"path":"media/images/3D Loss Surface_601_3977298f2fe4fe6f5c74.png","format":"png"},"train_total_spikes":21659}