{"train_loss":0.6282536387443542,"3D Loss Surface":{"size":397399,"path":"media/images/3D Loss Surface_601_9544437918402bfa9795.png","format":"png","width":1522,"height":1266,"_type":"image-file","sha256":"9544437918402bfa9795cd0365a8a4e64000402e3a72e9422e560755b836209f"},"2D Loss Contour":{"sha256":"b2a94db4817bb9e3c8a9d83203150cbb9f1872afc08bb0541995ad7de5972c66","size":137267,"path":"media/images/2D Loss Contour_602_b2a94db4817bb9e3c8a9.png","format":"png","width":1596,"height":1176,"_type":"image-file"},"final_val_acc":0.671875,"val_acc":0.671875,"train_total_spikes":25330,"train_acc":0.76171875,"val_spikes_per_t":98.52734375,"val_loss":0.9264729022979736,"_wandb":{"runtime":75},"_timestamp":1.7465845612810097e+09,"final_test_acc":0.6796875,"_runtime":75.230470323,"final_train_acc":0.76171875,"train_spikes_per_t":98.9453125,"_step":602,"val_total_spikes":25223}