{"train_loss":2.5078930854797363,"_wandb":{"runtime":167},"train_spikes_per_t":37.5,"final_val_acc":0.59765625,"train_acc":0.63671875,"final_test_acc":0.51171875,"val_loss":2.6726059913635254,"_step":602,"3D Loss Surface":{"width":1522,"height":1266,"_type":"image-file","sha256":"060700a56ba114aece2935b467c5205993ab1b0354851cb48a80d0cec5100109","size":405787,"path":"media/images/3D Loss Surface_601_060700a56ba114aece29.png","format":"png"},"val_spikes_per_t":37.70703125,"val_acc":0.59765625,"train_total_spikes":9600,"val_total_spikes":9653,"_runtime":167.974368971,"2D Loss Contour":{"width":1596,"height":1176,"_type":"image-file","sha256":"6e0e776f53dffe0645a6cf2e949ab463021dcd8a3c55c34f29ce8af08d881018","size":126165,"path":"media/images/2D Loss Contour_602_6e0e776f53dffe0645a6.png","format":"png"},"_timestamp":1.7466575671208017e+09,"final_train_acc":0.63671875}