{"val_acc":0.9921875,"_step":602,"final_test_acc":0.984375,"final_train_acc":1,"train_acc":1,"train_loss":0.00016631711332593113,"_wandb":{"runtime":102},"train_spikes_per_t":38.625,"train_total_spikes":9888,"3D Loss Surface":{"path":"media/images/3D Loss Surface_601_96bf117b93a61771ef0e.png","format":"png","width":1575,"height":1266,"_type":"image-file","sha256":"96bf117b93a61771ef0ec71dc7545942a27481347a10c2990e79611ee40c6157","size":520138},"val_loss":0.024569084867835045,"val_total_spikes":10034,"_timestamp":1.7466617867026055e+09,"_runtime":102.301320891,"2D Loss Contour":{"path":"media/images/2D Loss Contour_602_3ebfd995002f7fe98961.png","format":"png","width":1649,"height":1176,"_type":"image-file","sha256":"3ebfd995002f7fe989610d93829223417e9011690c1373654673b95454a9a00c","size":139314},"val_spikes_per_t":39.1953125,"final_val_acc":0.9921875}