{"_wandb":{"runtime":102},"_step":602,"final_val_acc":0.99609375,"3D Loss Surface":{"size":335143,"path":"media/images/3D Loss Surface_601_c5ff1817a24fa5b82a19.png","format":"png","width":1575,"height":1266,"_type":"image-file","sha256":"c5ff1817a24fa5b82a193ca377112c0f3b284631effc30b1ba9831d002486dca"},"val_acc":0.99609375,"final_test_acc":0.9921875,"_runtime":102.958550494,"train_acc":1,"val_total_spikes":11972,"train_spikes_per_t":46.26953125,"_timestamp":1.746661683766442e+09,"val_spikes_per_t":46.765625,"train_loss":0.0002294740261277184,"2D Loss Contour":{"format":"png","width":1649,"height":1176,"_type":"image-file","sha256":"2de0f9493c20a6edb2b675abdd2ce3675b88d773319b83c5e6bd248555db4a94","size":138627,"path":"media/images/2D Loss Contour_602_2de0f9493c20a6edb2b6.png"},"val_loss":0.018603485077619553,"final_train_acc":1,"train_total_spikes":11845}