{"train_acc":0.9296875,"2D Loss Contour":{"height":1176,"_type":"image-file","sha256":"b765c298240c3fc13b830fd387a3f39b345ca854fa53640902b5d0c345f2299d","size":133255,"path":"media/images/2D Loss Contour_602_b765c298240c3fc13b83.png","format":"png","width":1622},"3D Loss Surface":{"_type":"image-file","sha256":"becc356ef24d954ff292add467a3c24d776098c5165da48ee895c2dc61d29a36","size":482945,"path":"media/images/3D Loss Surface_601_becc356ef24d954ff292.png","format":"png","width":1548,"height":1266},"val_spikes_per_t":65.59375,"train_total_spikes":16942,"val_acc":0.79296875,"train_spikes_per_t":66.1796875,"_step":602,"train_loss":0.15599630773067474,"final_train_acc":0.9296875,"_timestamp":1.7466306174495869e+09,"_wandb":{"runtime":173},"_runtime":173.43321959,"final_test_acc":0.8125,"val_total_spikes":16792,"val_loss":0.5278746485710144,"final_val_acc":0.79296875}