{"2D Loss Contour":{"format":"png","width":1596,"height":1176,"_type":"image-file","sha256":"f8d5b4b5e0327eff7ba459c3849dc143be6e8bf62832af37b7963e62f2667596","size":108464,"path":"media/images/2D Loss Contour_602_f8d5b4b5e0327eff7ba4.png"},"_runtime":31.643328508,"_step":602,"val_loss":1.116519570350647,"val_total_spikes":0,"final_test_acc":0.5625,"train_spikes_per_t":NaN,"_timestamp":1.7466566089125938e+09,"train_total_spikes":0,"_wandb":{"runtime":31},"final_val_acc":0.5703125,"train_acc":0.7578125,"3D Loss Surface":{"height":1266,"_type":"image-file","sha256":"1b603e8e52d4d74c5e1e7685ab24cb4469557b61b57f30e7eb94fdfb2f39d602","size":297607,"path":"media/images/3D Loss Surface_601_1b603e8e52d4d74c5e1e.png","format":"png","width":1548},"val_acc":0.5703125,"train_loss":0.5900115370750427,"val_spikes_per_t":NaN,"final_train_acc":0.7578125}