{"train_spikes_per_t":NaN,"_wandb":{"runtime":57},"final_train_acc":1,"final_test_acc":0.82421875,"val_loss":0.7370516061782837,"val_spikes_per_t":NaN,"3D Loss Surface":{"path":"media/images/3D Loss Surface_601_bc474cf2979c4a9a9759.png","format":"png","width":1548,"height":1266,"_type":"image-file","sha256":"bc474cf2979c4a9a975933d8427f7b47f560b2bd1f3defb4f1fe01eafb52eca5","size":459130},"val_total_spikes":0,"_timestamp":1.7466064981713474e+09,"final_val_acc":0.7734375,"2D Loss Contour":{"height":1176,"_type":"image-file","sha256":"5b89348fa7a4315659602eb4b1e4521e4c86dec47f1c0147dd0c488c105c6193","size":126194,"path":"media/images/2D Loss Contour_602_5b89348fa7a431565960.png","format":"png","width":1622},"train_acc":1,"_step":602,"val_acc":0.7734375,"_runtime":57.158686534,"train_total_spikes":0,"train_loss":0.006951975170522928}