{"_step":602,"val_loss":0.2424759566783905,"final_test_acc":0.921875,"_runtime":172.827329598,"_timestamp":1.7466448396987216e+09,"final_val_acc":0.90625,"_wandb":{"runtime":172},"2D Loss Contour":{"format":"png","width":1622,"height":1176,"_type":"image-file","sha256":"1d192996ebc29a934d86d48249b96b23947585bbe1f45acb195249d330d0a558","size":128388,"path":"media/images/2D Loss Contour_602_1d192996ebc29a934d86.png"},"3D Loss Surface":{"height":1266,"_type":"image-file","sha256":"acf787226a3447f69937e5f20f3c7dd03dbcddf28ff17fe96e628204789d3a03","size":413035,"path":"media/images/3D Loss Surface_601_acf787226a3447f69937.png","format":"png","width":1522},"train_total_spikes":10556,"val_spikes_per_t":40.6953125,"train_spikes_per_t":41.234375,"train_loss":0.007422116119414568,"train_acc":1,"val_acc":0.90625,"val_total_spikes":10418,"final_train_acc":1}