{"val_acc":0.66015625,"3D Loss Surface":{"path":"media/images/3D Loss Surface_601_883ee6efb048fcbb9934.png","format":"png","width":1575,"height":1266,"_type":"image-file","sha256":"883ee6efb048fcbb993406f3ce35c27324611be8be7cf0cf0d45e6187a6fe3b2","size":366878},"_timestamp":1.74669936682301e+09,"final_train_acc":0.78515625,"train_acc":0.78515625,"val_loss":0.7004514336585999,"_wandb":{"runtime":161},"val_total_spikes":2218,"2D Loss Contour":{"format":"png","width":1623,"height":1176,"_type":"image-file","sha256":"84215a1385d2d66a345d6dca1242d3eef00988a3343cc0f0245c822f66e02a6d","size":131121,"path":"media/images/2D Loss Contour_602_84215a1385d2d66a345d.png"},"train_spikes_per_t":8.765625,"_step":602,"final_test_acc":0.6484375,"train_loss":0.45639118552207947,"val_spikes_per_t":8.6640625,"_runtime":161.010148567,"final_val_acc":0.66015625,"train_total_spikes":2244}