{"final_test_acc":0.78125,"2D Loss Contour":{"format":"png","width":1623,"height":1176,"_type":"image-file","sha256":"5e7f7c0b753d5af39e602a30fe7451f496b844dfb16e617cfc0e1d2c47f4e7a5","size":109935,"path":"media/images/2D Loss Contour_602_5e7f7c0b753d5af39e60.png"},"_timestamp":1.7466722930422244e+09,"final_val_acc":0.8046875,"train_spikes_per_t":12.03125,"train_loss":0.03929295018315315,"train_acc":0.99609375,"val_acc":0.8046875,"3D Loss Surface":{"path":"media/images/3D Loss Surface_601_13d98535cebc61a83bb0.png","format":"png","width":1548,"height":1266,"_type":"image-file","sha256":"13d98535cebc61a83bb075076dbe7ec50eb1f6540589fe2b85c971aec254546d","size":463235},"train_total_spikes":3080,"_runtime":159.973720737,"_wandb":{"runtime":159},"val_loss":0.4584776759147644,"final_train_acc":0.99609375,"val_total_spikes":3072,"_step":602,"val_spikes_per_t":12}