{"train_spikes_per_t":46.40625,"3D Loss Surface":{"sha256":"e355d3e6453e3e21bfc499e50036082513afc71e8e986937d0b58891e06ae213","size":431542,"path":"media/images/3D Loss Surface_601_e355d3e6453e3e21bfc4.png","format":"png","width":1575,"height":1266,"_type":"image-file"},"train_total_spikes":11880,"final_val_acc":0.921875,"_wandb":{"runtime":172},"final_train_acc":0.96875,"train_acc":0.96875,"_timestamp":1.7466323501327958e+09,"val_spikes_per_t":46.17578125,"2D Loss Contour":{"height":1176,"_type":"image-file","sha256":"141b384826842e1a3d6bae17250d857cae284549534b905a68d6b73f204b3649","size":117628,"path":"media/images/2D Loss Contour_602_141b384826842e1a3d6b.png","format":"png","width":1622},"val_total_spikes":11821,"_runtime":172.280221592,"_step":602,"train_loss":0.08482110500335693,"val_loss":0.16162331402301788,"val_acc":0.921875,"final_test_acc":0.9140625}