{"_runtime":102.870659599,"2D Loss Contour":{"format":"png","width":1596,"height":1176,"_type":"image-file","sha256":"3c224d91f74ca09218609477dd5555487d23229a008d41d1609815c3277cc359","size":147948,"path":"media/images/2D Loss Contour_602_3c224d91f74ca0921860.png"},"3D Loss Surface":{"_type":"image-file","sha256":"fcecb642e2c145040576cfb23ab48281f983d51947da04bda417b553804fc21c","size":449923,"path":"media/images/3D Loss Surface_601_fcecb642e2c145040576.png","format":"png","width":1522,"height":1266},"val_loss":1.0829267501831055,"val_total_spikes":14390,"final_val_acc":0.59375,"_step":602,"val_acc":0.59375,"val_spikes_per_t":56.2109375,"_timestamp":1.746649564481837e+09,"_wandb":{"runtime":102},"final_test_acc":0.52734375,"train_spikes_per_t":56.4453125,"train_loss":1.0242443084716797,"train_acc":0.5859375,"final_train_acc":0.5859375,"train_total_spikes":14450}