{"val_acc":0.9765625,"_timestamp":1.7466108180474315e+09,"_step":602,"train_total_spikes":0,"3D Loss Surface":{"format":"png","width":1575,"height":1266,"_type":"image-file","sha256":"1794ace41af1a87137bdfbe17f6ff7aafa34ab2942fe18fe64327f1f3899fef4","size":481022,"path":"media/images/3D Loss Surface_601_1794ace41af1a87137bd.png"},"final_train_acc":1,"train_loss":0.0016194358468055725,"val_loss":0.05688275769352913,"final_test_acc":0.96875,"train_acc":1,"_runtime":31.99712187,"val_spikes_per_t":NaN,"2D Loss Contour":{"sha256":"7e90dec0ddf15f3493c6d7aa75269a915e4c1c3ae6efe0c32eab74224060b581","size":133049,"path":"media/images/2D Loss Contour_602_7e90dec0ddf15f3493c6.png","format":"png","width":1623,"height":1176,"_type":"image-file"},"val_total_spikes":0,"train_spikes_per_t":NaN,"final_val_acc":0.9765625,"_wandb":{"runtime":31}}