{"_wandb":{"runtime":113},"2D Loss Contour":{"format":"png","width":1649,"height":1176,"_type":"image-file","sha256":"f852eb87aba8e6d4d065da5e0e66da300a4671ddc173b1152dbb174bb764ac30","size":144180,"path":"media/images/2D Loss Contour_602_f852eb87aba8e6d4d065.png"},"val_acc":0.9921875,"train_acc":1,"train_total_spikes":28342,"final_train_acc":1,"train_loss":0.0053619579412043095,"final_test_acc":0.99609375,"_step":602,"_runtime":113.393773695,"val_spikes_per_t":110.6484375,"_timestamp":1.7465659814845407e+09,"train_spikes_per_t":110.7109375,"val_total_spikes":28326,"final_val_acc":0.9921875,"3D Loss Surface":{"sha256":"fca4f64f49a7aaa8b0d7c794781edf1cc16f9d569dcbe576a2f3fbb83351c442","size":480918,"path":"media/images/3D Loss Surface_601_fca4f64f49a7aaa8b0d7.png","format":"png","width":1548,"height":1266,"_type":"image-file"},"val_loss":0.03108244761824608}