{"final_val_acc":0.5546875,"2D Loss Contour":{"path":"media/images/2D Loss Contour_602_89720503d1b7e038de88.png","format":"png","width":1596,"height":1176,"_type":"image-file","sha256":"89720503d1b7e038de88ae08c400b1f335158bc9c9fd56d3a4e17391ab5ca1e8","size":122658},"train_loss":0.5023717284202576,"_step":602,"final_train_acc":0.75,"train_acc":0.75,"_timestamp":1.7466051668500717e+09,"train_spikes_per_t":NaN,"final_test_acc":0.625,"train_total_spikes":0,"_wandb":{"runtime":57},"val_spikes_per_t":NaN,"val_acc":0.5546875,"val_total_spikes":0,"_runtime":57.319531794,"val_loss":0.7787718176841736,"3D Loss Surface":{"height":1266,"_type":"image-file","sha256":"48f5d71f4ac4d377f790033873de78804b743318712d7dc7c966c092fcbb8c7f","size":430182,"path":"media/images/3D Loss Surface_601_48f5d71f4ac4d377f790.png","format":"png","width":1522}}