{"_wandb":{"runtime":56},"val_spikes_per_t":NaN,"train_total_spikes":0,"_runtime":56.677754709,"3D Loss Surface":{"width":1548,"height":1266,"_type":"image-file","sha256":"22f57ae0b6e3c6b0ab0ef5e637521088603507f0e6f9199938edc1af818c94ec","size":350479,"path":"media/images/3D Loss Surface_601_22f57ae0b6e3c6b0ab0e.png","format":"png"},"train_loss":0.006182832643389702,"train_spikes_per_t":NaN,"final_test_acc":0.81640625,"val_acc":0.84765625,"val_total_spikes":0,"val_loss":0.4434191584587097,"_step":602,"final_val_acc":0.84765625,"2D Loss Contour":{"format":"png","width":1622,"height":1176,"_type":"image-file","sha256":"a9e057e098bd6801d0b4ab3eab43d8764e89e38cebe2ed231e763ced1e7469ca","size":126363,"path":"media/images/2D Loss Contour_602_a9e057e098bd6801d0b4.png"},"_timestamp":1.7466014592943175e+09,"final_train_acc":1,"train_acc":1}