{"_wandb":{"runtime":31},"train_total_spikes":0,"train_spikes_per_t":NaN,"val_loss":0.033842913806438446,"_step":602,"final_val_acc":0.99609375,"val_total_spikes":0,"train_acc":1,"val_acc":0.99609375,"val_spikes_per_t":NaN,"train_loss":0.0009587713284417987,"2D Loss Contour":{"_type":"image-file","sha256":"e8d565c47927f2b2ac83e44a941b54639c9d4c15c0201a91cc1e19ca8fe7c2f5","size":156209,"path":"media/images/2D Loss Contour_602_e8d565c47927f2b2ac83.png","format":"png","width":1649,"height":1176},"3D Loss Surface":{"_type":"image-file","sha256":"e18dea61e603afc7bc09d6233ff1d43bef7cba45b90d1a8cf638b19740b2adf4","size":451574,"path":"media/images/3D Loss Surface_601_e18dea61e603afc7bc09.png","format":"png","width":1575,"height":1266},"_timestamp":1.7466136041039646e+09,"final_test_acc":0.96875,"final_train_acc":1,"_runtime":31.87011841}