{"val_loss":0.02801932953298092,"_step":602,"_runtime":74.976053778,"train_loss":0.0007354450062848628,"train_total_spikes":18616,"2D Loss Contour":{"format":"png","width":1622,"height":1176,"_type":"image-file","sha256":"41891355783f5a6d004fa43ba4c45c4ee7366061a2a95d6dd55fd6a76af2d8b1","size":136189,"path":"media/images/2D Loss Contour_602_41891355783f5a6d004f.png"},"_wandb":{"runtime":74},"val_spikes_per_t":71.80078125,"val_total_spikes":18381,"final_test_acc":0.9765625,"3D Loss Surface":{"_type":"image-file","sha256":"760796042fb18dc20804af493514b0edabb6d34904d75e7b9cb3299afb9ba500","size":350938,"path":"media/images/3D Loss Surface_601_760796042fb18dc20804.png","format":"png","width":1548,"height":1266},"train_acc":1,"_timestamp":1.7465919569988894e+09,"train_spikes_per_t":72.71875,"final_train_acc":1,"val_acc":0.98828125,"final_val_acc":0.98828125}