{"train_spikes_per_t":NaN,"val_total_spikes":0,"val_spikes_per_t":NaN,"val_loss":0.04899418726563454,"final_test_acc":0.95703125,"_wandb":{"runtime":32},"final_train_acc":1,"train_total_spikes":0,"2D Loss Contour":{"size":138641,"path":"media/images/2D Loss Contour_602_d006ed2f319464aeda08.png","format":"png","width":1649,"height":1176,"_type":"image-file","sha256":"d006ed2f319464aeda08246c74e024b77c0192f3756a1180b1ecde6377fa7d3b"},"val_acc":0.98046875,"3D Loss Surface":{"sha256":"f4c47b967ccb219c09cd9fbca6e6ce51b204b66558d2b0ba943123f6539090bb","size":514247,"path":"media/images/3D Loss Surface_601_f4c47b967ccb219c09cd.png","format":"png","width":1575,"height":1266,"_type":"image-file"},"train_acc":1,"_runtime":32.844035451,"_step":602,"train_loss":0.0008512798813171685,"_timestamp":1.7466124590947752e+09,"final_val_acc":0.98046875}