{"train_loss":0.0008871016325429082,"_wandb":{"runtime":31},"_timestamp":1.7466109492837708e+09,"val_spikes_per_t":NaN,"_step":602,"2D Loss Contour":{"_type":"image-file","sha256":"80629a1456bb51d645a8dd851831be780eef5fb23dfa3c9a9425cfa8715e7096","size":138366,"path":"media/images/2D Loss Contour_602_80629a1456bb51d645a8.png","format":"png","width":1649,"height":1176},"train_acc":1,"3D Loss Surface":{"format":"png","width":1575,"height":1266,"_type":"image-file","sha256":"970483bbe35a2ec3e8b6b9febb7bdd3cfac1ab973246f47e13a94393e417125f","size":502285,"path":"media/images/3D Loss Surface_601_970483bbe35a2ec3e8b6.png"},"train_total_spikes":0,"val_total_spikes":0,"val_acc":1,"val_loss":0.028573350980877876,"final_train_acc":1,"final_val_acc":1,"_runtime":31.993899571,"final_test_acc":0.9609375,"train_spikes_per_t":NaN}