{"val_acc":0.95703125,"val_loss":0.09620706737041473,"final_val_acc":0.95703125,"train_spikes_per_t":15.76953125,"_wandb":{"runtime":161},"_timestamp":1.746688479049231e+09,"_runtime":161.411782266,"train_total_spikes":4037,"final_train_acc":1,"val_total_spikes":3970,"train_loss":0.006859058979898691,"_step":602,"val_spikes_per_t":15.5078125,"final_test_acc":0.953125,"train_acc":1,"2D Loss Contour":{"height":1176,"_type":"image-file","sha256":"c1ec941bfb9a538f2288cf84d9d16ca99270d179d0d27c6dadd4d4336ecc7a12","size":105714,"path":"media/images/2D Loss Contour_602_c1ec941bfb9a538f2288.png","format":"png","width":1622},"3D Loss Surface":{"path":"media/images/3D Loss Surface_601_c65f2a44f58d0a54eb68.png","format":"png","width":1548,"height":1266,"_type":"image-file","sha256":"c65f2a44f58d0a54eb68e3d59edd121cb03bf2a220f57b8b61baee524cf4915d","size":414746}}