{"final_val_acc":0.515625,"val_spikes_per_t":155.859375,"final_test_acc":0.55078125,"_timestamp":1.7466680901789906e+09,"val_acc":0.515625,"train_spikes_per_t":154.1328125,"final_train_acc":0.55078125,"val_total_spikes":39900,"val_loss":1.582147240638733,"train_total_spikes":39458,"_wandb":{"runtime":62},"2D Loss Contour":{"width":1596,"height":1176,"_type":"image-file","sha256":"1766391697d3d2daaaced9c7f1cf04aafed4b677d84e1b745af65e8a9170561a","size":128091,"path":"media/images/2D Loss Contour_602_1766391697d3d2daaace.png","format":"png"},"3D Loss Surface":{"_type":"image-file","sha256":"edd47feccd3548cfa0d37d384e9e2e5d323ce4558a66c9e7ddb182389c191292","size":398725,"path":"media/images/3D Loss Surface_601_edd47feccd3548cfa0d3.png","format":"png","width":1522,"height":1266},"train_acc":0.55078125,"train_loss":1.3366713523864746,"_runtime":62.979025722,"_step":602}