{"train_spikes_per_t":18.8984375,"train_loss":0.015644531697034836,"final_train_acc":1,"final_val_acc":0.921875,"_step":602,"val_total_spikes":4815,"_timestamp":1.7466933642938857e+09,"val_loss":0.16285011172294617,"val_acc":0.921875,"_runtime":161.207884155,"3D Loss Surface":{"size":439964,"path":"media/images/3D Loss Surface_601_ab95ce1344e72cbdbf52.png","format":"png","width":1522,"height":1266,"_type":"image-file","sha256":"ab95ce1344e72cbdbf52644e3744db994c7088fdb9f467240c093e2b07bde85d"},"val_spikes_per_t":18.80859375,"train_acc":1,"train_total_spikes":4838,"_wandb":{"runtime":161},"2D Loss Contour":{"height":1176,"_type":"image-file","sha256":"260c83c0ce18bcc3eb437e76368211a8c40771e56a0abae2a68fb4592e824ce6","size":108656,"path":"media/images/2D Loss Contour_602_260c83c0ce18bcc3eb43.png","format":"png","width":1596},"final_test_acc":0.90234375}