{"2D Loss Contour":{"_type":"image-file","sha256":"34c023a42a098ee168b686711041eea4bc49fe28742739f61fc9fb95c3be1bf2","size":122709,"path":"media/images/2D Loss Contour_602_34c023a42a098ee168b6.png","format":"png","width":1569,"height":1176},"train_spikes_per_t":42.859375,"_step":602,"train_acc":0.625,"train_loss":1.4535062313079834,"val_loss":1.8313981294631958,"_wandb":{"runtime":160},"val_spikes_per_t":43.07421875,"final_train_acc":0.625,"train_total_spikes":10972,"_runtime":160.823767117,"3D Loss Surface":{"format":"png","width":1495,"height":1266,"_type":"image-file","sha256":"dc71aa29d42365da72264c44f993181da4d9c80d936a7c6c88d9b9419eed0d41","size":435196,"path":"media/images/3D Loss Surface_601_dc71aa29d42365da7226.png"},"val_acc":0.65234375,"final_test_acc":0.5859375,"val_total_spikes":11027,"final_val_acc":0.65234375,"_timestamp":1.7466787501748257e+09}