{"val_spikes_per_t":NaN,"_timestamp":1.7465992612216737e+09,"final_test_acc":0.78515625,"val_total_spikes":0,"final_val_acc":0.7734375,"final_train_acc":1,"2D Loss Contour":{"height":1176,"_type":"image-file","sha256":"50b6ea907558892bb0d83aadeda496dbddbf8d3b8e9f70a0419e45491e980e45","size":143780,"path":"media/images/2D Loss Contour_602_50b6ea907558892bb0d8.png","format":"png","width":1622},"_step":602,"val_loss":0.642838180065155,"train_loss":0.007425838150084019,"train_total_spikes":0,"_wandb":{"runtime":57},"val_acc":0.7734375,"3D Loss Surface":{"sha256":"04eef96062a5844d8ae304a5eeba06afea3d4af8ce29f44a8f0e3c04d3220a24","size":474956,"path":"media/images/3D Loss Surface_601_04eef96062a5844d8ae3.png","format":"png","width":1548,"height":1266,"_type":"image-file"},"train_spikes_per_t":NaN,"train_acc":1,"_runtime":57.435855402}