{"3D Loss Surface":{"format":"png","width":1575,"height":1266,"_type":"image-file","sha256":"6c3944cec29e19a349fdf58efd12ce46be6474e9877cfc078878a488b5547f06","size":406355,"path":"media/images/3D Loss Surface_601_6c3944cec29e19a349fd.png"},"2D Loss Contour":{"width":1649,"height":1176,"_type":"image-file","sha256":"9ebb92afaa0b396d19bfe5c391aa34b0895b9bad6eb4eedd881b66207959b028","size":136504,"path":"media/images/2D Loss Contour_602_9ebb92afaa0b396d19bf.png","format":"png"},"_timestamp":1.746665406653073e+09,"val_acc":0.984375,"final_train_acc":1,"_step":602,"val_total_spikes":15719,"train_loss":0.0002706991508603096,"_runtime":102.460004116,"_wandb":{"runtime":102},"final_val_acc":0.984375,"final_test_acc":0.98828125,"train_spikes_per_t":60.9921875,"val_spikes_per_t":61.40234375,"train_total_spikes":15614,"train_acc":1,"val_loss":0.06414181739091873}