{"train_loss":0.0002755754685495049,"_timestamp":1.7466557939667697e+09,"val_total_spikes":15097,"2D Loss Contour":{"path":"media/images/2D Loss Contour_602_f2715718533d9bb98e08.png","format":"png","width":1649,"height":1176,"_type":"image-file","sha256":"f2715718533d9bb98e0826ef9c802a0cadf91812373e51471f0982e8bd12ff77","size":143404},"final_val_acc":0.984375,"3D Loss Surface":{"size":355161,"path":"media/images/3D Loss Surface_601_64f21cc6b51b987288b7.png","format":"png","width":1575,"height":1266,"_type":"image-file","sha256":"64f21cc6b51b987288b7958512e6482c9315b028581c28ba635324220bb570bf"},"train_spikes_per_t":58.796875,"train_acc":1,"train_total_spikes":15052,"_wandb":{"runtime":102},"val_loss":0.041402895003557205,"final_train_acc":1,"_step":602,"val_acc":0.984375,"_runtime":102.582754024,"val_spikes_per_t":58.97265625,"final_test_acc":0.9765625}