{"train_spikes_per_t":54.44140625,"_timestamp":1.7466656135696132e+09,"_wandb":{"runtime":102},"2D Loss Contour":{"format":"png","width":1649,"height":1176,"_type":"image-file","sha256":"1f61e3ea2ec307dbe1bfe42f8bb41810a6ea0b9cdf6da768ac9e338a27bc9fc5","size":129945,"path":"media/images/2D Loss Contour_602_1f61e3ea2ec307dbe1bf.png"},"val_loss":0.03903753310441971,"_step":602,"_runtime":102.38586657,"final_test_acc":0.984375,"train_loss":0.00023959843383636326,"val_total_spikes":13907,"val_acc":0.98046875,"train_acc":1,"3D Loss Surface":{"sha256":"ab62179c0fc2c187be008e1d1c43ca0029810328bf5cd4ee5a3d74a616e1b425","size":497908,"path":"media/images/3D Loss Surface_601_ab62179c0fc2c187be00.png","format":"png","width":1575,"height":1266,"_type":"image-file"},"train_total_spikes":13937,"final_train_acc":1,"final_val_acc":0.98046875,"val_spikes_per_t":54.32421875}