{"final_train_acc":0.75390625,"3D Loss Surface":{"_type":"image-file","sha256":"059ed2437fde66e14bbe9259c2c9a979c2f83b673d576dc293d56ccf2f4aacb7","size":411967,"path":"media/images/3D Loss Surface_601_059ed2437fde66e14bbe.png","format":"png","width":1548,"height":1266},"val_acc":0.6171875,"_timestamp":1.7466025025972793e+09,"train_spikes_per_t":NaN,"train_acc":0.75390625,"val_total_spikes":0,"final_test_acc":0.60546875,"2D Loss Contour":{"width":1596,"height":1176,"_type":"image-file","sha256":"19d406b5b76c9644c56099901ea67b5879616ad11fb181a8bbae85a7a8610cc7","size":145922,"path":"media/images/2D Loss Contour_602_19d406b5b76c9644c560.png","format":"png"},"val_loss":0.6902669668197632,"_step":602,"train_loss":0.5209188461303711,"_wandb":{"runtime":57},"val_spikes_per_t":NaN,"train_total_spikes":0,"_runtime":57.561250595,"final_val_acc":0.6171875}