{"_wandb":{"runtime":31},"val_total_spikes":0,"train_total_spikes":0,"train_spikes_per_t":NaN,"_runtime":31.486602535,"2D Loss Contour":{"height":1176,"_type":"image-file","sha256":"1f63892c95ef63d1c633e59fa5cf57391bd33785467fd107d4846a2a2fa5262b","size":137082,"path":"media/images/2D Loss Contour_602_1f63892c95ef63d1c633.png","format":"png","width":1649},"val_acc":0.53515625,"train_acc":0.54296875,"val_spikes_per_t":NaN,"train_loss":0.6676596403121948,"3D Loss Surface":{"sha256":"f6a2e9e1dcd32af5b707d37a918aa2684558dd0c3aba69441b44de343a3c43e7","size":514381,"path":"media/images/3D Loss Surface_601_f6a2e9e1dcd32af5b707.png","format":"png","width":1574,"height":1266,"_type":"image-file"},"final_train_acc":0.54296875,"_step":602,"final_test_acc":0.5078125,"_timestamp":1.7466565443290224e+09,"final_val_acc":0.53515625,"val_loss":0.7295778393745422}