{"final_test_acc":0.98046875,"val_total_spikes":20213,"3D Loss Surface":{"format":"png","width":1548,"height":1266,"_type":"image-file","sha256":"b40786f0eba98fe951c67cc3222bae3e7d638f05921bb59ebf0c0c6a00216860","size":394277,"path":"media/images/3D Loss Surface_601_b40786f0eba98fe951c6.png"},"train_loss":0.0002585985348559916,"val_spikes_per_t":78.95703125,"2D Loss Contour":{"width":1649,"height":1176,"_type":"image-file","sha256":"f033b5d246a9fbc00f041260e0084a6cad328c457619eb7a9811558903281f4c","size":143039,"path":"media/images/2D Loss Contour_602_f033b5d246a9fbc00f04.png","format":"png"},"_timestamp":1.746583952456554e+09,"_runtime":75.552465146,"train_spikes_per_t":80.87109375,"train_total_spikes":20703,"val_acc":0.9921875,"final_train_acc":1,"final_val_acc":0.9921875,"_wandb":{"runtime":75},"train_acc":1,"_step":602,"val_loss":0.016686731949448586}