{"_wandb":{"runtime":115},"_runtime":115.902520629,"val_loss":11.184741020202637,"val_acc":0.5078125,"train_spikes_per_t":62.9609375,"train_acc":0.51171875,"train_total_spikes":16118,"final_train_acc":0.51171875,"_step":602,"val_spikes_per_t":63.28515625,"train_loss":10.617290496826172,"val_total_spikes":16201,"final_val_acc":0.5078125,"3D Loss Surface":{"_type":"image-file","sha256":"fa30b46f8b8685070441865ca18f7cc93c2ca2fa2ac16a003d04cddac658b1ac","size":367477,"path":"media/images/3D Loss Surface_601_fa30b46f8b8685070441.png","format":"png","width":1522,"height":1266},"2D Loss Contour":{"path":"media/images/2D Loss Contour_602_68cb88b87c468c8e973b.png","format":"png","width":1622,"height":1176,"_type":"image-file","sha256":"68cb88b87c468c8e973b862061cf1c5c5a0841b669c6d7bd295944c8c7c86f4e","size":123468},"final_test_acc":0.48046875,"_timestamp":1.7466516088227985e+09}