{"train_total_spikes":13700,"_step":602,"val_acc":0.9921875,"_wandb":{"runtime":102},"train_spikes_per_t":53.515625,"final_train_acc":1,"val_total_spikes":13755,"val_loss":0.018385043367743492,"train_acc":1,"3D Loss Surface":{"format":"png","width":1575,"height":1266,"_type":"image-file","sha256":"7750b5e287434e4ca83cecce2ba967079b056811c6bb23e435780bd83937dc9b","size":514684,"path":"media/images/3D Loss Surface_601_7750b5e287434e4ca83c.png"},"_runtime":102.413403283,"train_loss":0.00024799566017463803,"final_test_acc":0.98828125,"2D Loss Contour":{"sha256":"a1378ee3e2d89a8610760eabd3b73422529f4b8bec90861a8b00514ffad4ed89","size":137798,"path":"media/images/2D Loss Contour_602_a1378ee3e2d89a861076.png","format":"png","width":1622,"height":1176,"_type":"image-file"},"_timestamp":1.7466622004266884e+09,"val_spikes_per_t":53.73046875,"final_val_acc":0.9921875}