{"train_acc":1,"_timestamp":1.7466008234305859e+09,"final_val_acc":0.8515625,"_step":602,"train_total_spikes":0,"val_spikes_per_t":NaN,"val_loss":0.4378974735736847,"_wandb":{"runtime":56},"val_total_spikes":0,"_runtime":56.829156195,"final_test_acc":0.8671875,"2D Loss Contour":{"format":"png","width":1596,"height":1176,"_type":"image-file","sha256":"518a1db7feba4f7a74c0e6337b89317da66db2e56ad1be6cb93897e8e04323db","size":137944,"path":"media/images/2D Loss Contour_602_518a1db7feba4f7a74c0.png"},"final_train_acc":1,"train_loss":0.006664511747658253,"3D Loss Surface":{"size":443148,"path":"media/images/3D Loss Surface_601_dc4ef689a477d57a4c82.png","format":"png","width":1549,"height":1266,"_type":"image-file","sha256":"dc4ef689a477d57a4c8203f046b11fc43c8b35a707192cc08b1075208a1a2223"},"val_acc":0.8515625,"train_spikes_per_t":NaN}