{"train_spikes_per_t":106.70703125,"val_acc":0.9921875,"train_total_spikes":27317,"final_train_acc":1,"2D Loss Contour":{"width":1596,"height":1176,"_type":"image-file","sha256":"b91b61fa066b45617f9a5de406094898040f54b902ba4cce666bf378a6328c51","size":107827,"path":"media/images/2D Loss Contour_602_b91b61fa066b45617f9a.png","format":"png"},"_step":602,"_wandb":{"runtime":113},"val_loss":0.022353874519467354,"train_loss":0.008317358791828156,"_runtime":113.509956505,"train_acc":1,"_timestamp":1.7465723422050579e+09,"final_val_acc":0.9921875,"val_spikes_per_t":106.12109375,"final_test_acc":0.99609375,"val_total_spikes":27167,"3D Loss Surface":{"format":"png","width":1522,"height":1266,"_type":"image-file","sha256":"4f1abc448d716267614271e69554faab5ab704215b19c935978c7ddccd6fcd23","size":381214,"path":"media/images/3D Loss Surface_601_4f1abc448d7162676142.png"}}