{"val_acc":0.9921875,"val_spikes_per_t":77.55859375,"final_train_acc":1,"2D Loss Contour":{"height":1176,"_type":"image-file","sha256":"aa4f5b4a59f2bc25e0fdda6ee5374cce4f173e24f123fe233fe242b407746463","size":129878,"path":"media/images/2D Loss Contour_602_aa4f5b4a59f2bc25e0fd.png","format":"png","width":1649},"train_loss":0.0004928192356601357,"train_spikes_per_t":78.15625,"3D Loss Surface":{"width":1575,"height":1266,"_type":"image-file","sha256":"1d856d18b00d2d2e139a5cdf5025b0f4e9cdbc9e6b29d9ec8ed598cbdfa9dc0c","size":403202,"path":"media/images/3D Loss Surface_601_1d856d18b00d2d2e139a.png","format":"png"},"_step":602,"val_total_spikes":19855,"final_test_acc":0.9921875,"_timestamp":1.746594395726797e+09,"_runtime":74.984811487,"_wandb":{"runtime":74},"train_acc":1,"val_loss":0.011942910961806774,"train_total_spikes":20008,"final_val_acc":0.9921875}