{"train_spikes_per_t":60.90625,"_runtime":102.276319438,"val_total_spikes":15465,"_step":602,"3D Loss Surface":{"height":1266,"_type":"image-file","sha256":"dbe92c6892357eba1367713549960fa30beae143b96e4f490382830addcccdfb","size":474443,"path":"media/images/3D Loss Surface_601_dbe92c6892357eba1367.png","format":"png","width":1575},"val_acc":0.9921875,"train_loss":0.00022478231403511018,"final_test_acc":0.98046875,"val_loss":0.01865711435675621,"val_spikes_per_t":60.41015625,"final_train_acc":1,"final_val_acc":0.9921875,"2D Loss Contour":{"path":"media/images/2D Loss Contour_602_05af2a3b260b5c317dbf.png","format":"png","width":1649,"height":1176,"_type":"image-file","sha256":"05af2a3b260b5c317dbf56f7cf08e5c12d04743775848296dfbe191d99258caa","size":155097},"_wandb":{"runtime":102},"_timestamp":1.7466608574390354e+09,"train_acc":1,"train_total_spikes":15592}