{"train_spikes_per_t":9.359375,"train_loss":0.01481502316892147,"_runtime":62.379263663,"final_train_acc":0.9921875,"3D Loss Surface":{"sha256":"bbeda020a30e0a7530849802712bd718e3bd4d05caf8de225589912537ed508b","size":481760,"path":"media/images/3D Loss Surface_601_bbeda020a30e0a753084.png","format":"png","width":1548,"height":1266,"_type":"image-file"},"val_total_spikes":2340,"val_spikes_per_t":9.140625,"val_loss":1.0262954235076904,"val_acc":0.8359375,"train_total_spikes":2396,"_wandb":{"runtime":62},"final_val_acc":0.8359375,"_step":602,"final_test_acc":0.82421875,"2D Loss Contour":{"path":"media/images/2D Loss Contour_602_3edc01c65395746ce2a4.png","format":"png","width":1596,"height":1176,"_type":"image-file","sha256":"3edc01c65395746ce2a4d10e622e2d7825d3dd04baa64f99eee941c460be07f8","size":99788},"_timestamp":1.7466682798874764e+09,"train_acc":0.9921875}