{"train_loss":0.017359690740704536,"val_acc":0.94140625,"train_spikes_per_t":40.3828125,"final_test_acc":0.9609375,"final_train_acc":0.99609375,"_step":602,"val_spikes_per_t":39.69140625,"3D Loss Surface":{"_type":"image-file","sha256":"cae134a4b2c230dfdc5e58b7d673137ffb819e4010d1325d0f9d510611848dd4","size":409115,"path":"media/images/3D Loss Surface_601_cae134a4b2c230dfdc5e.png","format":"png","width":1548,"height":1266},"2D Loss Contour":{"path":"media/images/2D Loss Contour_602_d65933459f09baba2096.png","format":"png","width":1622,"height":1176,"_type":"image-file","sha256":"d65933459f09baba2096898efe40abf237071363e864889fbbf0593bd44af279","size":144243},"train_total_spikes":10338,"final_val_acc":0.94140625,"_runtime":172.893505544,"train_acc":0.99609375,"_timestamp":1.746628703011176e+09,"val_total_spikes":10161,"val_loss":0.1201380044221878,"_wandb":{"runtime":172}}