{"_wandb":{"runtime":74},"_timestamp":1.7466540616736403e+09,"val_loss":1.461734652519226,"train_total_spikes":22785,"final_train_acc":0.58203125,"_step":602,"val_total_spikes":22836,"train_loss":1.2016441822052002,"train_acc":0.58203125,"2D Loss Contour":{"size":146501,"path":"media/images/2D Loss Contour_602_4a02598366b6f16a8e68.png","format":"png","width":1596,"height":1176,"_type":"image-file","sha256":"4a02598366b6f16a8e686e0bf46004cbca7cae98800725a27bda31ae8d2d7163"},"final_val_acc":0.54296875,"3D Loss Surface":{"height":1266,"_type":"image-file","sha256":"51598420d40e33c2ed410a89e41edd0874a31abedd4a115bb062a7b6f23155c5","size":441210,"path":"media/images/3D Loss Surface_601_51598420d40e33c2ed41.png","format":"png","width":1522},"val_acc":0.54296875,"val_spikes_per_t":89.203125,"train_spikes_per_t":89.00390625,"final_test_acc":0.5390625,"_runtime":74.547506975}