{"train_loss":0.6931474804878235,"val_spikes_per_t":13.12890625,"3D Loss Surface":{"path":"media/images/3D Loss Surface_601_3f9fe86b2ca5dbf03205.png","format":"png","width":1495,"height":1266,"_type":"image-file","sha256":"3f9fe86b2ca5dbf0320521526f91b283e944cd771a1003ab02a77d1b44326798","size":403736},"final_train_acc":0.51953125,"train_acc":0.51953125,"train_spikes_per_t":13.52734375,"final_test_acc":0.48046875,"_timestamp":1.7465830372612927e+09,"val_total_spikes":3361,"final_val_acc":0.5,"_wandb":{"runtime":75},"train_total_spikes":3463,"_step":602,"val_acc":0.5,"val_loss":0.6931474804878235,"2D Loss Contour":{"height":1176,"_type":"image-file","sha256":"814b41197ee72eef155687b5fdd67f73e35a372dfec6e572e02b6c806a15cf74","size":105813,"path":"media/images/2D Loss Contour_602_814b41197ee72eef1556.png","format":"png","width":1570},"_runtime":75.271788084}