{"_step":602,"3D Loss Surface":{"path":"media/images/3D Loss Surface_601_9ceb8b535bc511d9f132.png","format":"png","width":1601,"height":1266,"_type":"image-file","sha256":"9ceb8b535bc511d9f13292e40c462dbc0d5bd8bb20eeecc7908d8bf2d172f757","size":482819},"val_total_spikes":15910,"val_acc":0.984375,"_wandb":{"runtime":102},"final_test_acc":0.98046875,"train_spikes_per_t":62.59375,"train_acc":0.99609375,"val_loss":0.03812365606427193,"final_train_acc":0.99609375,"_runtime":102.85224552,"train_loss":0.0028639633674174547,"_timestamp":1.746658998226798e+09,"final_val_acc":0.984375,"2D Loss Contour":{"_type":"image-file","sha256":"0b687abafd5efe4bdc5e48a9f75b872828701631077da8f1b432434192ba442b","size":139563,"path":"media/images/2D Loss Contour_602_0b687abafd5efe4bdc5e.png","format":"png","width":1649,"height":1176},"val_spikes_per_t":62.1484375,"train_total_spikes":16024}