{"_wandb":{"runtime":172},"train_acc":1,"final_test_acc":0.953125,"_step":602,"3D Loss Surface":{"height":1266,"_type":"image-file","sha256":"89f8ecc9eeb2f43edd2a285c65c6f75c592887845064ce739813df9c594ce707","size":473479,"path":"media/images/3D Loss Surface_601_89f8ecc9eeb2f43edd2a.png","format":"png","width":1548},"val_total_spikes":7683,"final_train_acc":1,"train_spikes_per_t":30.29296875,"2D Loss Contour":{"width":1623,"height":1176,"_type":"image-file","sha256":"6c3a7d810692348ed10da2c7ad5581cb9d6da6aaab642d9cb80da551d9daa798","size":115578,"path":"media/images/2D Loss Contour_602_6c3a7d810692348ed10d.png","format":"png"},"train_total_spikes":7755,"final_val_acc":0.96484375,"val_spikes_per_t":30.01171875,"train_loss":0.011906014755368233,"val_loss":0.10114853829145432,"_runtime":172.909085593,"val_acc":0.96484375,"_timestamp":1.7466247012374663e+09}