{"val_acc":0.48828125,"train_total_spikes":66072,"final_test_acc":0.46484375,"val_total_spikes":66298,"_step":602,"2D Loss Contour":{"path":"media/images/2D Loss Contour_602_829f88651d31519e3eaf.png","format":"png","width":1596,"height":1176,"_type":"image-file","sha256":"829f88651d31519e3eafad12f549dda8cec1abcdda53addecd6ce9edd06c70fa","size":120230},"train_acc":0.46875,"_timestamp":1.7464739004112368e+09,"3D Loss Surface":{"width":1495,"height":1266,"_type":"image-file","sha256":"7e48e5d0906238161847fd84b7f55e693995214def59dc3b4f96224fa0ad4b93","size":401990,"path":"media/images/3D Loss Surface_601_7e48e5d0906238161847.png","format":"png"},"val_spikes_per_t":258.9765625,"val_loss":0.7961907386779785,"final_val_acc":0.48828125,"train_loss":0.7952173948287964,"_wandb":{"runtime":77},"final_train_acc":0.46875,"_runtime":77.800372324,"train_spikes_per_t":258.09375}