{"train_spikes_per_t":53.22265625,"_step":602,"train_loss":0.3619568645954132,"3D Loss Surface":{"height":1266,"_type":"image-file","sha256":"0a73661ac91210f4b664103e1d9ed9596f607961a832c07e2b36fc1ab0eca6e4","size":400081,"path":"media/images/3D Loss Surface_601_0a73661ac91210f4b664.png","format":"png","width":1429},"_wandb":{"runtime":75},"2D Loss Contour":{"width":1649,"height":1176,"_type":"image-file","sha256":"d4e5b64fba10bbedaf2624497d6194a374e557573ef27b386166dd777c82c48e","size":140691,"path":"media/images/2D Loss Contour_602_d4e5b64fba10bbedaf26.png","format":"png"},"final_test_acc":0.953125,"val_acc":0.9609375,"val_loss":0.36386990547180176,"val_total_spikes":13235,"train_acc":0.98046875,"_runtime":75.498553389,"val_spikes_per_t":51.69921875,"_timestamp":1.7465911189449925e+09,"final_train_acc":0.98046875,"train_total_spikes":13625,"final_val_acc":0.9609375}