{"_step":602,"val_loss":0.5802441239356995,"train_acc":1,"2D Loss Contour":{"sha256":"c5678c2b3006b686d429a16b11ff4ca998599bd2cc4f36da32767ed1e3b0f564","size":112199,"path":"media/images/2D Loss Contour_602_c5678c2b3006b686d429.png","format":"png","width":1596,"height":1176,"_type":"image-file"},"val_total_spikes":4700,"final_test_acc":0.81640625,"val_spikes_per_t":18.359375,"_timestamp":1.7466946620123298e+09,"3D Loss Surface":{"height":1266,"_type":"image-file","sha256":"01f6c6429d9fa2575f2c1726ef98ba9fbee00ea1a96eb3bcbcbcfccc149ef534","size":410611,"path":"media/images/3D Loss Surface_601_01f6c6429d9fa2575f2c.png","format":"png","width":1522},"train_total_spikes":4833,"_wandb":{"runtime":160},"train_loss":0.025006625801324844,"train_spikes_per_t":18.87890625,"final_train_acc":1,"final_val_acc":0.8203125,"_runtime":160.984961989,"val_acc":0.8203125}