{"2D Loss Contour":{"size":122687,"path":"media/images/2D Loss Contour_602_334f82aeb59c5c29fb16.png","format":"png","width":1623,"height":1176,"_type":"image-file","sha256":"334f82aeb59c5c29fb16f78d80923a0d82c6376cf21e8327dac1050471d73508"},"_wandb":{"runtime":75},"val_total_spikes":20642,"train_spikes_per_t":80.7734375,"final_train_acc":1,"train_loss":0.00503118708729744,"val_spikes_per_t":80.6328125,"train_total_spikes":20678,"val_loss":0.13029171526432037,"val_acc":0.9609375,"_runtime":75.791698463,"final_test_acc":0.96484375,"3D Loss Surface":{"sha256":"4f74f4d3c9cd5c5b85265f4b2cc01db6ec1f47132c3a61f449588151546d2e63","size":469938,"path":"media/images/3D Loss Surface_601_4f74f4d3c9cd5c5b8526.png","format":"png","width":1575,"height":1266,"_type":"image-file"},"final_val_acc":0.9609375,"train_acc":1,"_timestamp":1.746582277225767e+09,"_step":602}