{"3D Loss Surface":{"sha256":"fae2004441b379ebc6fd1e820e3fbf9f86d7ee230284a5570dd8af7d790f8e66","size":380873,"path":"media/images/3D Loss Surface_601_fae2004441b379ebc6fd.png","format":"png","width":1522,"height":1266,"_type":"image-file"},"train_spikes_per_t":133.1953125,"val_spikes_per_t":132.67578125,"2D Loss Contour":{"size":118877,"path":"media/images/2D Loss Contour_602_354ac8724f5c64c82424.png","format":"png","width":1622,"height":1176,"_type":"image-file","sha256":"354ac8724f5c64c824245920f669c2f1c26fe121e020a714af467fdeae0c2d72"},"train_total_spikes":34098,"final_test_acc":0.48046875,"val_total_spikes":33965,"_runtime":112.017534878,"train_loss":0.44434934854507446,"_wandb":{"runtime":112},"final_train_acc":0.51953125,"_step":602,"val_loss":0.5593823790550232,"final_val_acc":0.5,"train_acc":0.51953125,"_timestamp":1.7465590342853985e+09,"val_acc":0.5}