{"train_total_spikes":12520,"val_acc":0.98046875,"final_train_acc":1,"_step":602,"val_loss":0.038258589804172516,"_runtime":102.399148032,"_timestamp":1.7466633375070858e+09,"val_total_spikes":12311,"final_val_acc":0.98046875,"_wandb":{"runtime":102},"final_test_acc":0.984375,"train_acc":1,"val_spikes_per_t":48.08984375,"3D Loss Surface":{"width":1575,"height":1266,"_type":"image-file","sha256":"ad5eb4ad40262fc658e16306a2d089a12636229c58fdc48fbfc93e98b2661977","size":526594,"path":"media/images/3D Loss Surface_601_ad5eb4ad40262fc658e1.png","format":"png"},"train_loss":0.00020810915157198906,"train_spikes_per_t":48.90625,"2D Loss Contour":{"path":"media/images/2D Loss Contour_602_6b1e1f6525fd21c2af97.png","format":"png","width":1649,"height":1176,"_type":"image-file","sha256":"6b1e1f6525fd21c2af977a7cc1bf090d9d16e501fd1f57ec9ae35f979cc4c69b","size":125674}}