{"3D Loss Surface":{"size":480629,"path":"media/images/3D Loss Surface_601_89e17fddf31f5a919d53.png","format":"png","width":1548,"height":1266,"_type":"image-file","sha256":"89e17fddf31f5a919d534f73403eedf3c5dee16ac2c8283b1df5e4215f56b225"},"_timestamp":1.7466049923381274e+09,"_runtime":56.926242396,"final_val_acc":0.61328125,"train_loss":0.45468875765800476,"val_spikes_per_t":NaN,"val_total_spikes":0,"train_acc":0.80078125,"train_spikes_per_t":NaN,"2D Loss Contour":{"format":"png","width":1622,"height":1176,"_type":"image-file","sha256":"801a5dafb8cd6eb7145ced30d8aa14d0ad17caa35f47359393f154470c1f0e0a","size":138118,"path":"media/images/2D Loss Contour_602_801a5dafb8cd6eb7145c.png"},"train_total_spikes":0,"_step":602,"val_acc":0.61328125,"_wandb":{"runtime":56},"val_loss":0.7327401041984558,"final_train_acc":0.80078125,"final_test_acc":0.5625}