{"train_spikes_per_t":89.94140625,"val_loss":0.6203566789627075,"val_spikes_per_t":89.97265625,"_timestamp":1.7466245273122783e+09,"val_acc":0.76171875,"_runtime":172.366540441,"final_train_acc":0.92578125,"3D Loss Surface":{"height":1266,"_type":"image-file","sha256":"c7dcceb426a16ea931dcf16d37bd300232bd36c83ad1014c281f8472afabf80d","size":407418,"path":"media/images/3D Loss Surface_601_c7dcceb426a16ea931dc.png","format":"png","width":1548},"2D Loss Contour":{"height":1176,"_type":"image-file","sha256":"0f5e09fe3eb34741daab57cfea8ec4c6870a6e0f50a5b0892591976ec847a489","size":142589,"path":"media/images/2D Loss Contour_602_0f5e09fe3eb34741daab.png","format":"png","width":1622},"train_acc":0.92578125,"final_test_acc":0.72265625,"train_total_spikes":23025,"_wandb":{"runtime":172},"_step":602,"final_val_acc":0.76171875,"train_loss":0.20864085853099823,"val_total_spikes":23033}