{"val_loss":4.611939907073975,"train_loss":4.710050582885742,"train_spikes_per_t":41.7890625,"train_total_spikes":10698,"train_acc":0.53515625,"2D Loss Contour":{"format":"png","width":1569,"height":1176,"_type":"image-file","sha256":"91f6c45e44b0674e85ae3eb7bdd20c6d1be88bc3c4223f162ea86eaae08d2238","size":125384,"path":"media/images/2D Loss Contour_602_91f6c45e44b0674e85ae.png"},"val_spikes_per_t":41.625,"val_total_spikes":10656,"final_val_acc":0.5390625,"_timestamp":1.7466157077307768e+09,"final_train_acc":0.53515625,"_wandb":{"runtime":171},"final_test_acc":0.4609375,"val_acc":0.5390625,"3D Loss Surface":{"width":1522,"height":1266,"_type":"image-file","sha256":"c545b6d9e38a8c9f458f218d8e1eac901a0f051f156ddbf24a5b78a7d96f41f4","size":398907,"path":"media/images/3D Loss Surface_601_c545b6d9e38a8c9f458f.png","format":"png"},"_runtime":171.277874214,"_step":602}