{"val_acc":0.98828125,"val_total_spikes":18594,"train_acc":1,"_timestamp":1.7465855523928685e+09,"_runtime":75.510978975,"final_test_acc":0.984375,"_step":602,"val_loss":0.03249132260680199,"2D Loss Contour":{"width":1623,"height":1176,"_type":"image-file","sha256":"e412d6c8317e50576e44f0c3353dcb1153d2b6168290203d3ad703c9596ce448","size":135435,"path":"media/images/2D Loss Contour_602_e412d6c8317e50576e44.png","format":"png"},"_wandb":{"runtime":75},"train_total_spikes":18692,"final_val_acc":0.98828125,"val_spikes_per_t":72.6328125,"final_train_acc":1,"train_spikes_per_t":73.015625,"train_loss":0.00035762181505560875,"3D Loss Surface":{"sha256":"78b9f7fd2109b516a4e87b6b4d46f63450c9fd00329a44387591f2b7a7d19c33","size":325046,"path":"media/images/3D Loss Surface_601_78b9f7fd2109b516a4e8.png","format":"png","width":1548,"height":1266,"_type":"image-file"}}