{"train_loss":0.00411539152264595,"3D Loss Surface":{"_type":"image-file","sha256":"f9da29cb7e9ae21e444da86643ad57610d806d7cf9275eade5466386e0a646fa","size":390649,"path":"media/images/3D Loss Surface_601_f9da29cb7e9ae21e444d.png","format":"png","width":1548,"height":1266},"train_total_spikes":5035,"val_loss":0.1695789247751236,"val_total_spikes":5032,"train_acc":1,"val_acc":0.9296875,"_wandb":{"runtime":160},"_timestamp":1.7466764869313416e+09,"_runtime":160.497478308,"final_val_acc":0.9296875,"final_test_acc":0.93359375,"2D Loss Contour":{"size":103898,"path":"media/images/2D Loss Contour_602_c7a41d013b2dde2f67eb.png","format":"png","width":1596,"height":1176,"_type":"image-file","sha256":"c7a41d013b2dde2f67eb2b1b150084f9b4f68d73ce05ec66b4f51a17d7676f84"},"_step":602,"final_train_acc":1,"val_spikes_per_t":19.65625,"train_spikes_per_t":19.66796875}