{"3D Loss Surface":{"sha256":"5c2463f8c37c646f3a8ba3464dad5ca9f46bcbee233cae148f21bcde9a5d30ba","size":504390,"path":"media/images/3D Loss Surface_601_5c2463f8c37c646f3a8b.png","format":"png","width":1575,"height":1266,"_type":"image-file"},"_timestamp":1.746608550914779e+09,"val_total_spikes":0,"train_spikes_per_t":NaN,"val_acc":0.98046875,"final_train_acc":1,"train_total_spikes":0,"final_val_acc":0.98046875,"final_test_acc":0.96875,"val_spikes_per_t":NaN,"train_loss":0.0007619605166837573,"train_acc":1,"2D Loss Contour":{"height":1176,"_type":"image-file","sha256":"8e0019870316e2842d99748d7ba4b719ddaa1202369bd43f4f160221c269b425","size":141000,"path":"media/images/2D Loss Contour_602_8e0019870316e2842d99.png","format":"png","width":1622},"_runtime":32.262747518,"_step":602,"val_loss":0.04536104574799538,"_wandb":{"runtime":32}}