{"final_test_acc":0.89453125,"train_spikes_per_t":NaN,"_step":602,"final_val_acc":0.8984375,"val_spikes_per_t":NaN,"val_loss":0.3072078824043274,"train_total_spikes":0,"2D Loss Contour":{"sha256":"1e3fd7e6084eac013e3d645c6d431f2187e2e2dc4b771404813e61ded7abe73c","size":143002,"path":"media/images/2D Loss Contour_602_1e3fd7e6084eac013e3d.png","format":"png","width":1623,"height":1176,"_type":"image-file"},"_runtime":56.799505299,"3D Loss Surface":{"format":"png","width":1548,"height":1266,"_type":"image-file","sha256":"2c4197cc9730307b6cf93b9e50057af7c063b947d45d911dc6611532d3a61813","size":287757,"path":"media/images/3D Loss Surface_601_2c4197cc9730307b6cf9.png"},"val_acc":0.8984375,"val_total_spikes":0,"final_train_acc":1,"train_loss":0.003868527477607131,"train_acc":1,"_wandb":{"runtime":56},"_timestamp":1.7466044703262577e+09}