{"final_train_acc":0.6328125,"train_acc":0.6328125,"_wandb":{"runtime":125},"train_loss":0.7912379503250122,"val_acc":0.53125,"3D Loss Surface":{"path":"media/images/3D Loss Surface_601_04ca70f4fa6c2114ba41.png","format":"png","width":1522,"height":1266,"_type":"image-file","sha256":"04ca70f4fa6c2114ba41df823a596b54bedca066a997f6f3d72378d0a8d5f1ed","size":439534},"val_total_spikes":13787,"_step":602,"final_val_acc":0.53125,"train_total_spikes":13886,"_runtime":125.614426328,"final_test_acc":0.6015625,"2D Loss Contour":{"path":"media/images/2D Loss Contour_602_8ae7b91ff381abaca603.png","format":"png","width":1569,"height":1176,"_type":"image-file","sha256":"8ae7b91ff381abaca6033245410c46968fa76595f63c7b58536742e954b3b9f4","size":135721},"_timestamp":1.746470713714301e+09,"train_spikes_per_t":54.2421875,"val_loss":0.9417581558227539,"val_spikes_per_t":53.85546875}