{"train_acc":0.51953125,"_runtime":131.409421909,"2D Loss Contour":{"_type":"image-file","sha256":"ad0892ed2b3c17f699e25824c70de51256e4de1e1fd3283b4b0ea8ae9d455c51","size":124324,"path":"media/images/2D Loss Contour_602_ad0892ed2b3c17f699e2.png","format":"png","width":1569,"height":1176},"final_test_acc":0.48046875,"_step":602,"val_acc":0.5,"val_spikes_per_t":56.3359375,"val_total_spikes":14422,"final_train_acc":0.51953125,"train_spikes_per_t":57.6328125,"_timestamp":1.7464828060693765e+09,"train_loss":7.356733798980713,"val_loss":7.523794174194336,"final_val_acc":0.5,"3D Loss Surface":{"height":1266,"_type":"image-file","sha256":"74cb5cbf10a0ebaad3e49bfb0b5ce5d4fabaa4fff87ae4906184ad9f8d713294","size":424091,"path":"media/images/3D Loss Surface_601_74cb5cbf10a0ebaad3e4.png","format":"png","width":1495},"_wandb":{"runtime":131},"train_total_spikes":14754}