{"val_total_spikes":17652,"train_acc":1,"train_total_spikes":17650,"_wandb":{"runtime":104},"_timestamp":1.7466676872873628e+09,"val_spikes_per_t":68.953125,"2D Loss Contour":{"height":1176,"_type":"image-file","sha256":"62c22761e6a138d4b9dd2ccbaafc4672f70c07ce4214aa3d47b9887f926ced3f","size":145716,"path":"media/images/2D Loss Contour_602_62c22761e6a138d4b9dd.png","format":"png","width":1649},"final_train_acc":1,"3D Loss Surface":{"height":1266,"_type":"image-file","sha256":"e3627e60cf0c84c241dc739cc251c587581cd3de11242026497e4bbb6fd68ad3","size":520498,"path":"media/images/3D Loss Surface_601_e3627e60cf0c84c241dc.png","format":"png","width":1575},"train_loss":0.00019822438480332494,"final_test_acc":0.9921875,"_runtime":104.31298895,"val_loss":0.015128069557249546,"final_val_acc":0.9921875,"val_acc":0.9921875,"_step":602,"train_spikes_per_t":68.9453125}