{"final_test_acc":0.99609375,"2D Loss Contour":{"size":135538,"path":"media/images/2D Loss Contour_602_13cca774b0d2b929bfbb.png","format":"png","width":1649,"height":1176,"_type":"image-file","sha256":"13cca774b0d2b929bfbb2d7b84ad839c63741e7b81a35749d7325d6a7a946d52"},"_runtime":75.394701744,"train_spikes_per_t":79.93359375,"final_train_acc":1,"val_total_spikes":20275,"train_total_spikes":20463,"val_acc":0.99609375,"train_loss":0.0005098583060316741,"_step":602,"_wandb":{"runtime":75},"3D Loss Surface":{"sha256":"bf93e91ac97e1a38bf2fe283a486819ea6368e23bb8f5a19597cd41e19aa258c","size":458119,"path":"media/images/3D Loss Surface_601_bf93e91ac97e1a38bf2f.png","format":"png","width":1548,"height":1266,"_type":"image-file"},"train_acc":1,"val_spikes_per_t":79.19921875,"_timestamp":1.746595539885343e+09,"val_loss":0.013798210769891739,"final_val_acc":0.99609375}