{"3D Loss Surface":{"_type":"image-file","sha256":"11479ae716233127b23ac609cd42e5c90f74660e5b4bbe1d14e8b74e607ef440","size":378451,"path":"media/images/3D Loss Surface_601_11479ae716233127b23a.png","format":"png","width":1495,"height":1266},"train_spikes_per_t":9.22265625,"2D Loss Contour":{"path":"media/images/2D Loss Contour_602_4c387cda206513ed34a5.png","format":"png","width":1570,"height":1176,"_type":"image-file","sha256":"4c387cda206513ed34a56684e2c96a6eb443df75cf11ebad9d3833d4f6fd4b68","size":114068},"val_total_spikes":3408,"train_loss":3.8936238288879395,"val_acc":0.52734375,"_step":602,"train_total_spikes":2361,"_runtime":161.657292423,"final_val_acc":0.52734375,"_wandb":{"runtime":161},"_timestamp":1.7466935265831583e+09,"val_spikes_per_t":13.3125,"val_loss":3.928318738937378,"final_train_acc":0.5,"final_test_acc":0.52734375,"train_acc":0.5}