{"val_loss":0.012023665010929108,"final_test_acc":0.99609375,"3D Loss Surface":{"sha256":"079396a8c8f701075b5b075f7336f020e65492cd3cd3165b4c254f5adb203146","size":391020,"path":"media/images/3D Loss Surface_601_079396a8c8f701075b5b.png","format":"png","width":1548,"height":1266,"_type":"image-file"},"val_acc":0.99609375,"val_total_spikes":21031,"_wandb":{"runtime":75},"_timestamp":1.7465888288735898e+09,"train_total_spikes":21147,"train_spikes_per_t":82.60546875,"train_loss":0.0003956942236982286,"final_train_acc":1,"2D Loss Contour":{"width":1622,"height":1176,"_type":"image-file","sha256":"5e99ecb852c7fabf28ccefb849ff23fd201a622581d737cde804e07595b06ee4","size":110956,"path":"media/images/2D Loss Contour_602_5e99ecb852c7fabf28cc.png","format":"png"},"_step":602,"val_spikes_per_t":82.15234375,"final_val_acc":0.99609375,"train_acc":1,"_runtime":75.204897491}