{"2D Loss Contour":{"format":"png","width":1649,"height":1176,"_type":"image-file","sha256":"4e2c6964eee275c03866e5de9f9449b8e3bf6af1e981da9e4d14719a82362a40","size":121636,"path":"media/images/2D Loss Contour_602_4e2c6964eee275c03866.png"},"_step":602,"train_acc":1,"train_loss":0.00019333908858243376,"_runtime":103.251099861,"train_total_spikes":13069,"_wandb":{"runtime":103},"val_acc":1,"final_val_acc":1,"3D Loss Surface":{"format":"png","width":1575,"height":1266,"_type":"image-file","sha256":"6fd6ec0873d9e99df2a5d7bd7389493dce338684504e6363fe70d424a4995903","size":495843,"path":"media/images/3D Loss Surface_601_6fd6ec0873d9e99df2a5.png"},"_timestamp":1.746665510621147e+09,"val_spikes_per_t":50.99609375,"final_train_acc":1,"val_total_spikes":13055,"val_loss":0.010800219140946865,"train_spikes_per_t":51.05078125,"final_test_acc":0.98828125}