{"_step":602,"final_train_acc":0.51953125,"final_test_acc":0.48046875,"2D Loss Contour":{"height":1176,"_type":"image-file","sha256":"814b41197ee72eef155687b5fdd67f73e35a372dfec6e572e02b6c806a15cf74","size":105813,"path":"media/images/2D Loss Contour_602_814b41197ee72eef1556.png","format":"png","width":1570},"3D Loss Surface":{"path":"media/images/3D Loss Surface_601_3f9fe86b2ca5dbf03205.png","format":"png","width":1495,"height":1266,"_type":"image-file","sha256":"3f9fe86b2ca5dbf0320521526f91b283e944cd771a1003ab02a77d1b44326798","size":403736},"_wandb":{"runtime":114},"train_spikes_per_t":96.1328125,"_runtime":114.312933432,"train_total_spikes":24610,"train_acc":0.51953125,"val_loss":0.6931474804878235,"val_acc":0.5,"final_val_acc":0.5,"train_loss":0.6931474804878235,"val_total_spikes":25231,"val_spikes_per_t":98.55859375,"_timestamp":1.7465704469669502e+09}