{"val_spikes_per_t":26.57421875,"train_total_spikes":6860,"_timestamp":1.746627138663332e+09,"_runtime":175.521406096,"_step":602,"val_total_spikes":6803,"train_acc":1,"final_train_acc":1,"val_loss":0.24925597012043,"_wandb":{"runtime":175},"3D Loss Surface":{"width":1548,"height":1266,"_type":"image-file","sha256":"25a58336cc7c1f355aa0305ccdd83e526ce074aef1b9d2e4f6d7ea71a89a78eb","size":483509,"path":"media/images/3D Loss Surface_601_25a58336cc7c1f355aa0.png","format":"png"},"final_val_acc":0.90234375,"train_loss":0.0042243702337145805,"val_acc":0.90234375,"final_test_acc":0.91015625,"train_spikes_per_t":26.796875,"2D Loss Contour":{"format":"png","width":1596,"height":1176,"_type":"image-file","sha256":"a2fe9f64da4b1ba0ed95770f8ce8214d810692a08a8917c3050afb398ae70059","size":125795,"path":"media/images/2D Loss Contour_602_a2fe9f64da4b1ba0ed95.png"}}