{"final_test_acc":0.98046875,"_step":602,"_wandb":{"runtime":114},"val_loss":0.031205326318740845,"train_spikes_per_t":104.26171875,"final_val_acc":0.9921875,"train_total_spikes":26691,"_timestamp":1.746576714602129e+09,"val_total_spikes":26541,"val_acc":0.9921875,"val_spikes_per_t":103.67578125,"3D Loss Surface":{"sha256":"8aee6b3b57795648c84fb3e991d31e4cbdf9778d7b86f9c1e1324e4c129ffe5a","size":386617,"path":"media/images/3D Loss Surface_601_8aee6b3b57795648c84f.png","format":"png","width":1522,"height":1266,"_type":"image-file"},"train_acc":1,"train_loss":0.008701006881892681,"final_train_acc":1,"_runtime":114.05377123,"2D Loss Contour":{"path":"media/images/2D Loss Contour_602_4cb63a02ba2bc153a17c.png","format":"png","width":1596,"height":1176,"_type":"image-file","sha256":"4cb63a02ba2bc153a17c186c208f0981adf6bb4fd714be320c6fbd640433a1da","size":109550}}