{"train_total_spikes":0,"val_total_spikes":0,"val_spikes_per_t":NaN,"train_acc":1,"train_spikes_per_t":NaN,"final_test_acc":0.95703125,"_timestamp":1.7466076626633406e+09,"_runtime":33.547236718,"final_val_acc":0.96484375,"val_loss":0.08759994059801102,"_step":602,"_wandb":{"runtime":33},"3D Loss Surface":{"_type":"image-file","sha256":"84604eae0cd13dae0136da5f0a55f65b423603ea8387314d13d1583410033e0d","size":392623,"path":"media/images/3D Loss Surface_601_84604eae0cd13dae0136.png","format":"png","width":1575,"height":1266},"val_acc":0.96484375,"train_loss":0.004199404735118151,"2D Loss Contour":{"size":142677,"path":"media/images/2D Loss Contour_602_bf971e12cc863dc062c4.png","format":"png","width":1649,"height":1176,"_type":"image-file","sha256":"bf971e12cc863dc062c4293bf0af9143ecace6a039528c2a79ae1cf8e83f4248"},"final_train_acc":1}