{"_wandb":{"runtime":31},"train_spikes_per_t":NaN,"_step":602,"final_val_acc":0.54296875,"train_acc":0.56640625,"train_total_spikes":0,"final_train_acc":0.56640625,"_timestamp":1.746656479959783e+09,"val_acc":0.54296875,"train_loss":0.653042733669281,"3D Loss Surface":{"height":1266,"_type":"image-file","sha256":"1eab505bda5cb371a44d6147ca6a567ffcf82deaacf1e63e707a652c559ecf67","size":486897,"path":"media/images/3D Loss Surface_601_1eab505bda5cb371a44d.png","format":"png","width":1575},"val_total_spikes":0,"final_test_acc":0.51953125,"_runtime":31.503208615,"val_loss":0.8167238831520081,"val_spikes_per_t":NaN,"2D Loss Contour":{"format":"png","width":1649,"height":1176,"_type":"image-file","sha256":"a3df9c5ae56d798137ac8848312102d4fbc5db3e7a84e83a12d9ec0f4d8af53d","size":128791,"path":"media/images/2D Loss Contour_602_a3df9c5ae56d798137ac.png"}}