{"final_train_acc":1,"_runtime":102.767893896,"val_acc":1,"train_loss":0.0002184382756240666,"val_loss":0.008887696079909801,"val_spikes_per_t":55.80859375,"3D Loss Surface":{"sha256":"0975985da101dd975603eceed434ca745c3f3b04708f8dd0005b69ed1ed5801f","size":526166,"path":"media/images/3D Loss Surface_601_0975985da101dd975603.png","format":"png","width":1601,"height":1266,"_type":"image-file"},"final_val_acc":1,"_step":602,"train_spikes_per_t":55.57421875,"val_total_spikes":14287,"train_acc":1,"train_total_spikes":14227,"2D Loss Contour":{"size":147864,"path":"media/images/2D Loss Contour_602_3ab9d52218b9d3fd132a.png","format":"png","width":1649,"height":1176,"_type":"image-file","sha256":"3ab9d52218b9d3fd132aeabb5a6503d2d560f0606652b2abc9e6fcc23c708fc1"},"final_test_acc":0.9921875,"_wandb":{"runtime":102},"_timestamp":1.7466573439813545e+09}