{"_step":602,"train_spikes_per_t":38.1328125,"train_acc":1,"_timestamp":1.7466280094853618e+09,"val_spikes_per_t":37.51953125,"train_loss":0.006254933308809996,"_runtime":171.788201897,"final_val_acc":0.9609375,"3D Loss Surface":{"format":"png","width":1548,"height":1266,"_type":"image-file","sha256":"c1968eea90b43d26311ee6454a5d6865f77a654b883c6187c702186db39f2d5b","size":443397,"path":"media/images/3D Loss Surface_601_c1968eea90b43d26311e.png"},"val_acc":0.9609375,"final_train_acc":1,"val_loss":0.09108458459377289,"2D Loss Contour":{"path":"media/images/2D Loss Contour_602_57391610f265e9dcfad2.png","format":"png","width":1622,"height":1176,"_type":"image-file","sha256":"57391610f265e9dcfad2d1d4fd9ddf5e8de06cb530cfafdad3188d99da3136ba","size":132183},"_wandb":{"runtime":171},"train_total_spikes":9762,"final_test_acc":0.94140625,"val_total_spikes":9605}