{"val_spikes_per_t":NaN,"final_train_acc":1,"train_spikes_per_t":NaN,"final_test_acc":0.96875,"final_val_acc":0.98828125,"_timestamp":1.7466137024040902e+09,"_step":602,"val_total_spikes":0,"2D Loss Contour":{"_type":"image-file","sha256":"c0e3f7023d7af426aaed116f00b90b89c204ee516799aaf45322b757cfa775fd","size":127694,"path":"media/images/2D Loss Contour_602_c0e3f7023d7af426aaed.png","format":"png","width":1649,"height":1176},"3D Loss Surface":{"path":"media/images/3D Loss Surface_601_69aba125f1724834a73a.png","format":"png","width":1601,"height":1266,"_type":"image-file","sha256":"69aba125f1724834a73aa225fb3e9c473e954a700543d7f3cecd7c493d417b9d","size":568336},"_wandb":{"runtime":32},"val_acc":0.98828125,"train_acc":1,"train_total_spikes":0,"train_loss":0.0008550554048269987,"val_loss":0.04005065932869911,"_runtime":32.190014009}