{"final_val_acc":0.81640625,"_step":602,"val_loss":0.6596188545227051,"val_acc":0.81640625,"final_test_acc":0.83203125,"train_acc":1,"2D Loss Contour":{"height":1176,"_type":"image-file","sha256":"f1d2ddc9cc134bb672c9ca4bf7b05b776a544f24d3dbebf77ef992a878a912cd","size":129645,"path":"media/images/2D Loss Contour_602_f1d2ddc9cc134bb672c9.png","format":"png","width":1596},"val_total_spikes":9459,"train_loss":0.0020184696186333895,"_wandb":{"runtime":173},"train_total_spikes":9537,"_runtime":173.424521339,"val_spikes_per_t":36.94921875,"final_train_acc":1,"3D Loss Surface":{"sha256":"7397b5a39a397a5da7d4670fb00485c2042c86ee6a3fe7971511a684105991cb","size":364276,"path":"media/images/3D Loss Surface_601_7397b5a39a397a5da7d4.png","format":"png","width":1522,"height":1266,"_type":"image-file"},"train_spikes_per_t":37.25390625,"_timestamp":1.7466250497846203e+09}