{"val_loss":0.5084090828895569,"val_spikes_per_t":71.5859375,"_step":602,"train_acc":0.8671875,"3D Loss Surface":{"height":1266,"_type":"image-file","sha256":"8859601bd3618ced230894ae73029db4b6b9fbec703959a3ba1772d4a7e4c086","size":383816,"path":"media/images/3D Loss Surface_601_8859601bd3618ced2308.png","format":"png","width":1522},"final_train_acc":0.8671875,"2D Loss Contour":{"sha256":"f5fade7a34fd63a3e0f31467c0c9fc6b7d1f35632aa80769a0fef1b1dde01457","size":110895,"path":"media/images/2D Loss Contour_602_f5fade7a34fd63a3e0f3.png","format":"png","width":1596,"height":1176,"_type":"image-file"},"train_total_spikes":18020,"_wandb":{"runtime":171},"train_spikes_per_t":70.390625,"val_total_spikes":18326,"train_loss":0.3374355137348175,"_runtime":171.292475677,"final_test_acc":0.7265625,"_timestamp":1.7466155355617268e+09,"final_val_acc":0.80859375,"val_acc":0.80859375}