{"_runtime":155.968612478,"2D Loss Contour":{"format":"png","width":1596,"height":1176,"_type":"image-file","sha256":"21cb3e30744b82dc645f0411db136c61e68c71d7d844d678eaecc1d70dd47daa","size":130295,"path":"media/images/2D Loss Contour_602_21cb3e30744b82dc645f.png"},"final_test_acc":0.5078125,"val_loss":14.23227310180664,"final_train_acc":0.5234375,"train_total_spikes":16010,"final_val_acc":0.5,"train_spikes_per_t":62.5390625,"val_acc":0.5,"_timestamp":1.746662791866383e+09,"train_loss":13.591766357421875,"val_total_spikes":16055,"val_spikes_per_t":62.71484375,"_step":602,"3D Loss Surface":{"format":"png","width":1522,"height":1266,"_type":"image-file","sha256":"da1be0f0153de266b700b92f834845973c9abb985334a6260690d510b34bc0ab","size":354284,"path":"media/images/3D Loss Surface_601_da1be0f0153de266b700.png"},"train_acc":0.5234375,"_wandb":{"runtime":155}}