{"2D Loss Contour":{"path":"media/images/2D Loss Contour_602_2ee17f39c8d9fb22705b.png","format":"png","width":1596,"height":1176,"_type":"image-file","sha256":"2ee17f39c8d9fb22705b84455937d8fe5253a687935137ba38072ca0984f3cfa","size":111678},"_runtime":113.160239644,"_wandb":{"runtime":113},"_timestamp":1.7465636939125733e+09,"final_train_acc":1,"train_total_spikes":28587,"val_spikes_per_t":112.6171875,"val_total_spikes":28830,"train_spikes_per_t":111.66796875,"final_test_acc":0.99609375,"val_loss":0.029750747606158257,"train_loss":0.010703891515731812,"_step":602,"train_acc":1,"val_acc":0.9921875,"final_val_acc":0.9921875,"3D Loss Surface":{"format":"png","width":1522,"height":1266,"_type":"image-file","sha256":"783cd5915e6d7e75661b9d260be4fb59db2c4f3a26702fd7e7991a5e73c64235","size":452510,"path":"media/images/3D Loss Surface_601_783cd5915e6d7e75661b.png"}}