{"final_val_acc":0.87109375,"train_spikes_per_t":34.62890625,"val_loss":0.35717907547950745,"_step":602,"3D Loss Surface":{"width":1522,"height":1266,"_type":"image-file","sha256":"4877ab695c578a78e0f96c13b6e7b0d8f5bbec81006f78b89a3a6e28a3e7edc4","size":399985,"path":"media/images/3D Loss Surface_601_4877ab695c578a78e0f9.png","format":"png"},"final_train_acc":1,"_runtime":172.391145663,"train_total_spikes":8865,"_timestamp":1.7466189869416883e+09,"2D Loss Contour":{"size":120300,"path":"media/images/2D Loss Contour_602_3f7b2c0b5465039514c7.png","format":"png","width":1596,"height":1176,"_type":"image-file","sha256":"3f7b2c0b5465039514c757f9cd4a24457830c82788ade4a850d70fd210321cbf"},"train_loss":0.0242367684841156,"val_total_spikes":8784,"final_test_acc":0.890625,"train_acc":1,"_wandb":{"runtime":172},"val_spikes_per_t":34.3125,"val_acc":0.87109375}