{"val_total_spikes":22364,"val_acc":0.85546875,"_wandb":{"runtime":101},"3D Loss Surface":{"format":"png","width":1548,"height":1266,"_type":"image-file","sha256":"e4845ccba698c4182ee543a6513e7c39e118d9018a846caa3700c8ff94df628e","size":360650,"path":"media/images/3D Loss Surface_601_e4845ccba698c4182ee5.png"},"train_acc":1,"_timestamp":1.74666145816249e+09,"train_total_spikes":22264,"train_spikes_per_t":86.96875,"train_loss":0.0003439570136833936,"_runtime":101.108265662,"val_loss":0.5552951097488403,"final_test_acc":0.875,"final_train_acc":1,"2D Loss Contour":{"width":1596,"height":1176,"_type":"image-file","sha256":"54a726a26f6e5a19fc91f6219de0b256058b72bc36072977bc5bbad789e4d6b7","size":112216,"path":"media/images/2D Loss Contour_602_54a726a26f6e5a19fc91.png","format":"png"},"_step":602,"val_spikes_per_t":87.359375,"final_val_acc":0.85546875}