{"final_train_acc":1,"train_loss":0.00021742767421528697,"train_acc":1,"final_val_acc":0.9765625,"final_test_acc":0.98046875,"val_total_spikes":11532,"train_total_spikes":11608,"_step":602,"2D Loss Contour":{"format":"png","width":1649,"height":1176,"_type":"image-file","sha256":"c11433da1234b19ddf03019c2c6e82d8bf616a05604a7a31688fc0b2eda1f2d0","size":148865,"path":"media/images/2D Loss Contour_602_c11433da1234b19ddf03.png"},"_timestamp":1.746663441253581e+09,"val_acc":0.9765625,"val_loss":0.05407136678695679,"val_spikes_per_t":45.046875,"_runtime":103.09298711,"3D Loss Surface":{"_type":"image-file","sha256":"19580c9a4e23e7556086b3fb125c47652baf18d036277d9c9178385b06d04fc6","size":382580,"path":"media/images/3D Loss Surface_601_19580c9a4e23e7556086.png","format":"png","width":1575,"height":1266},"train_spikes_per_t":45.34375,"_wandb":{"runtime":103}}