{"final_test_acc":0.671875,"_runtime":75.034234963,"final_val_acc":0.66015625,"_wandb":{"runtime":75},"train_acc":0.7578125,"val_spikes_per_t":99.640625,"2D Loss Contour":{"format":"png","width":1596,"height":1176,"_type":"image-file","sha256":"6621938fba3570fa34e45bee46a17686480fb38a246722f9e114808bcc8aebb6","size":153480,"path":"media/images/2D Loss Contour_602_6621938fba3570fa34e4.png"},"_step":602,"val_acc":0.66015625,"final_train_acc":0.7578125,"3D Loss Surface":{"_type":"image-file","sha256":"1d10f78a0484935b9e96cbe085f1ab784357ea853b855a0709006bfd3b606dae","size":383226,"path":"media/images/3D Loss Surface_601_1d10f78a0484935b9e96.png","format":"png","width":1522,"height":1266},"val_total_spikes":25508,"train_total_spikes":25599,"_timestamp":1.7465882192735364e+09,"val_loss":0.959352970123291,"train_loss":0.6674832105636597,"train_spikes_per_t":99.99609375}