{"_timestamp":1.7465934053233886e+09,"_runtime":75.481705288,"train_loss":0.0007619616226293147,"val_spikes_per_t":75.68359375,"val_total_spikes":19375,"3D Loss Surface":{"height":1266,"_type":"image-file","sha256":"a28073060e51dd92add1e7857f4e34d0f85128cf84d69c1d0069a2ca379fd464","size":349448,"path":"media/images/3D Loss Surface_601_a28073060e51dd92add1.png","format":"png","width":1548},"_wandb":{"runtime":75},"final_val_acc":0.98046875,"train_spikes_per_t":76.23046875,"_step":602,"final_test_acc":0.984375,"val_loss":0.05036001279950142,"final_train_acc":1,"2D Loss Contour":{"sha256":"45ca1e89a4438cf044ccd2b29c8ed6932fe34c2be77b6f931d3b60b348b3972f","size":134897,"path":"media/images/2D Loss Contour_602_45ca1e89a4438cf044cc.png","format":"png","width":1622,"height":1176,"_type":"image-file"},"val_acc":0.98046875,"train_total_spikes":19515,"train_acc":1}