{"val_acc":0.97265625,"train_acc":1,"val_loss":0.06877037137746811,"final_val_acc":0.97265625,"2D Loss Contour":{"_type":"image-file","sha256":"e66a57ca4c3b7093879835d579bcabb43fdc1729607028fa4fe587b61fbfb70f","size":137589,"path":"media/images/2D Loss Contour_602_e66a57ca4c3b70938798.png","format":"png","width":1622,"height":1176},"final_train_acc":1,"train_loss":0.0003697143401950598,"train_total_spikes":14993,"_timestamp":1.7466530737674348e+09,"3D Loss Surface":{"sha256":"32bf09eab30275a73f360747be3bf29266036181ff89a8f6153781414bd2ec9c","size":466229,"path":"media/images/3D Loss Surface_601_32bf09eab30275a73f36.png","format":"png","width":1548,"height":1266,"_type":"image-file"},"_runtime":102.980778224,"_wandb":{"runtime":102},"val_spikes_per_t":58.6484375,"train_spikes_per_t":58.56640625,"val_total_spikes":15014,"_step":602,"final_test_acc":0.96875}