{"train_total_spikes":22514,"_runtime":112.990152606,"2D Loss Contour":{"path":"media/images/2D Loss Contour_602_92d69b2bbd5374fb9600.png","format":"png","width":1622,"height":1176,"_type":"image-file","sha256":"92d69b2bbd5374fb9600ee3f877ec582e99f42895e2acfac403b9a7c9e35dd92","size":153506},"_step":602,"train_loss":0.12238377332687378,"val_total_spikes":22690,"val_loss":0.20201238989830017,"val_spikes_per_t":88.6328125,"val_acc":0.921875,"_timestamp":1.7465643796047926e+09,"train_spikes_per_t":87.9453125,"train_acc":0.96484375,"final_train_acc":0.96484375,"3D Loss Surface":{"height":1266,"_type":"image-file","sha256":"e9cc2de3ac09de58a5822a183c1638e29d69ea18e9a954e5eb664077dd9cc6f0","size":440807,"path":"media/images/3D Loss Surface_601_e9cc2de3ac09de58a582.png","format":"png","width":1522},"final_val_acc":0.921875,"final_test_acc":0.87109375,"_wandb":{"runtime":112}}