{"final_test_acc":0.77734375,"2D Loss Contour":{"width":1649,"height":1176,"_type":"image-file","sha256":"e72ccf4ce959e9c077a407b4ce4f3a8d14adb144a3f3ca1518d5ae8656098497","size":128034,"path":"media/images/2D Loss Contour_602_e72ccf4ce959e9c077a4.png","format":"png"},"_wandb":{"runtime":57},"3D Loss Surface":{"format":"png","width":1548,"height":1266,"_type":"image-file","sha256":"d06692bcd51c75f5d15dc12d0784f77b0f7e6d78bf039b359ddd3f16cd81332d","size":445510,"path":"media/images/3D Loss Surface_601_d06692bcd51c75f5d15d.png"},"val_loss":0.6944041848182678,"val_spikes_per_t":NaN,"train_loss":0.006257440894842148,"train_acc":1,"final_val_acc":0.796875,"final_train_acc":1,"_runtime":57.879999885,"_timestamp":1.7466045294982495e+09,"val_acc":0.796875,"train_total_spikes":0,"val_total_spikes":0,"_step":602,"train_spikes_per_t":NaN}