{"train_spikes_per_t":51.6484375,"val_acc":0.98828125,"_timestamp":1.7466514228975854e+09,"2D Loss Contour":{"format":"png","width":1649,"height":1176,"_type":"image-file","sha256":"8e52c2620a0cc6804a37321aedf670381fe2cd5fd4e9828fffd2dcfb315f5608","size":137495,"path":"media/images/2D Loss Contour_602_8e52c2620a0cc6804a37.png"},"val_total_spikes":13270,"final_test_acc":0.9921875,"train_acc":1,"3D Loss Surface":{"width":1601,"height":1266,"_type":"image-file","sha256":"3f62c9fe58986aec9025e88b72fa71b34b95be5ad9f3e551f31be8774171cd15","size":554840,"path":"media/images/3D Loss Surface_601_3f62c9fe58986aec9025.png","format":"png"},"_runtime":102.390310462,"val_spikes_per_t":51.8359375,"val_loss":0.06254975497722626,"train_total_spikes":13222,"final_train_acc":1,"train_loss":0.0004403184575494379,"_step":602,"final_val_acc":0.98828125,"_wandb":{"runtime":102}}