{"3D Loss Surface":{"width":1522,"height":1266,"_type":"image-file","sha256":"4b525aabb56ce30a16c519a6d04acce87f161969388e202208d9e6f756c3150f","size":456244,"path":"media/images/3D Loss Surface_601_4b525aabb56ce30a16c5.png","format":"png"},"final_test_acc":0.91796875,"_wandb":{"runtime":171},"train_acc":1,"_timestamp":1.746645012231366e+09,"train_spikes_per_t":69.2734375,"final_val_acc":0.89453125,"val_total_spikes":17626,"final_train_acc":1,"_step":602,"val_loss":0.3171039819717407,"val_spikes_per_t":68.8515625,"train_loss":0.010155727155506611,"val_acc":0.89453125,"2D Loss Contour":{"sha256":"af4e251c91e27577846bb79f4adc81764bed1bfd750dfea673fd55ddd9fb6ed4","size":118160,"path":"media/images/2D Loss Contour_602_af4e251c91e27577846b.png","format":"png","width":1596,"height":1176,"_type":"image-file"},"train_total_spikes":17734,"_runtime":171.854347982}