{"train_acc":0.8984375,"train_total_spikes":4329,"final_val_acc":0.73046875,"final_test_acc":0.7734375,"_timestamp":1.7466696054438794e+09,"_step":602,"val_spikes_per_t":18.26171875,"val_acc":0.73046875,"final_train_acc":0.8984375,"val_loss":0.6153789162635803,"train_spikes_per_t":16.91015625,"val_total_spikes":4675,"train_loss":0.2622285783290863,"3D Loss Surface":{"height":1266,"_type":"image-file","sha256":"35555660fa90b3a42344b961acf6e348f14e4c60fe77871dd7ecd6f385c2287c","size":450237,"path":"media/images/3D Loss Surface_601_35555660fa90b3a42344.png","format":"png","width":1575},"_runtime":47.376393138,"_wandb":{"runtime":47},"2D Loss Contour":{"format":"png","width":1623,"height":1176,"_type":"image-file","sha256":"489ba6c0e40204fd60d3684cba11e37817ef4a61d30ba7b04992e8ef13d55e25","size":142186,"path":"media/images/2D Loss Contour_602_489ba6c0e40204fd60d3.png"}}