{"val_loss":0.04932460933923721,"_step":602,"final_train_acc":1,"_wandb":{"runtime":102},"train_acc":1,"final_val_acc":0.98046875,"3D Loss Surface":{"sha256":"6bee2db62352e8a70802c96511e48cab653bba92a5c3bd6d93fc0d97066a3ae0","size":418489,"path":"media/images/3D Loss Surface_601_6bee2db62352e8a70802.png","format":"png","width":1575,"height":1266,"_type":"image-file"},"_runtime":102.446947957,"val_acc":0.98046875,"_timestamp":1.7466637509640381e+09,"2D Loss Contour":{"sha256":"fbb4853b20c0cc65ed5fae35201e9edf30b9e3847d52316dbb56ef94cca5f18b","size":139829,"path":"media/images/2D Loss Contour_602_fbb4853b20c0cc65ed5f.png","format":"png","width":1676,"height":1176,"_type":"image-file"},"final_test_acc":1,"train_total_spikes":14585,"train_spikes_per_t":56.97265625,"val_total_spikes":14688,"train_loss":0.00025596783962100744,"val_spikes_per_t":57.375}