{"train_spikes_per_t":169.19921875,"_wandb":{"runtime":114},"_runtime":114.875812179,"final_train_acc":1,"_step":602,"train_loss":0.018512090668082237,"val_total_spikes":43072,"3D Loss Surface":{"_type":"image-file","sha256":"646eb50c9f7ff250793b661c2e8fbdeeaf733991b09edfbc6542c99caa6a499b","size":383483,"path":"media/images/3D Loss Surface_601_646eb50c9f7ff250793b.png","format":"png","width":1522,"height":1266},"val_spikes_per_t":168.25,"2D Loss Contour":{"path":"media/images/2D Loss Contour_602_c5ea4b8be4ac509dc8d3.png","format":"png","width":1596,"height":1176,"_type":"image-file","sha256":"c5ea4b8be4ac509dc8d36ebbffbda78819a55cfb70990a973a07179260295b8e","size":127270},"train_acc":1,"val_loss":0.053335823118686676,"_timestamp":1.7465764828849347e+09,"final_test_acc":0.98046875,"train_total_spikes":43315,"val_acc":0.98046875,"final_val_acc":0.98046875}