{"_timestamp":1.746604759613674e+09,"val_acc":0.9140625,"2D Loss Contour":{"sha256":"9813c1d265a6d446024b3d8768d59e8039a7956f06e0181016503300633d9f0b","size":118985,"path":"media/images/2D Loss Contour_602_9813c1d265a6d446024b.png","format":"png","width":1622,"height":1176,"_type":"image-file"},"final_test_acc":0.90234375,"_wandb":{"runtime":56},"3D Loss Surface":{"height":1266,"_type":"image-file","sha256":"1a3037f45ae80c15efe7bf0801b5ee99006ceca366a83999d26e099aa512a669","size":474236,"path":"media/images/3D Loss Surface_601_1a3037f45ae80c15efe7.png","format":"png","width":1548},"val_loss":0.24361135065555573,"_step":602,"train_acc":1,"val_total_spikes":0,"final_train_acc":1,"train_loss":0.01234420109540224,"train_spikes_per_t":NaN,"val_spikes_per_t":NaN,"final_val_acc":0.9140625,"_runtime":56.679966637,"train_total_spikes":0}