{"_step":602,"val_loss":0.015660446137189865,"train_acc":1,"val_acc":0.99609375,"final_val_acc":0.99609375,"train_total_spikes":18385,"final_train_acc":1,"_timestamp":1.746587991306293e+09,"3D Loss Surface":{"height":1266,"_type":"image-file","sha256":"f587f388c6f0bf5e8f205d36204de10b1f6f52dd27c29b3bc5e0a7bf02c03215","size":367647,"path":"media/images/3D Loss Surface_601_f587f388c6f0bf5e8f20.png","format":"png","width":1548},"2D Loss Contour":{"height":1176,"_type":"image-file","sha256":"eef12f0f8e783ee4b4d1cef649ad4d30e5ddd124836dd96d033395a144635975","size":152866,"path":"media/images/2D Loss Contour_602_eef12f0f8e783ee4b4d1.png","format":"png","width":1649},"val_total_spikes":18135,"val_spikes_per_t":70.83984375,"train_spikes_per_t":71.81640625,"_runtime":75.339078536,"_wandb":{"runtime":75},"train_loss":0.0005716870073229074,"final_test_acc":0.98828125}