{"_step":602,"val_total_spikes":22227,"final_train_acc":0.9140625,"_runtime":74.957274858,"_wandb":{"runtime":74},"2D Loss Contour":{"size":139757,"path":"media/images/2D Loss Contour_602_3c12b1c4d1407bc49bc0.png","format":"png","width":1649,"height":1176,"_type":"image-file","sha256":"3c12b1c4d1407bc49bc06261b349c570ba34b9db5a0018b89ecf515d577a71e1"},"train_total_spikes":22349,"3D Loss Surface":{"format":"png","width":1548,"height":1266,"_type":"image-file","sha256":"695693a88c88cbbb49257bfe194692cbdc5305818227af5c266b9b1ad7877c7a","size":494516,"path":"media/images/3D Loss Surface_601_695693a88c88cbbb4925.png"},"_timestamp":1.7466551911821084e+09,"train_acc":0.9140625,"train_loss":0.4114416539669037,"final_val_acc":0.85546875,"val_acc":0.85546875,"val_spikes_per_t":86.82421875,"train_spikes_per_t":87.30078125,"val_loss":0.7005141973495483,"final_test_acc":0.7734375}