{"train_loss":0.0007011399138718843,"_step":602,"_runtime":32.193861786,"val_spikes_per_t":NaN,"val_loss":0.046090736985206604,"2D Loss Contour":{"format":"png","width":1649,"height":1176,"_type":"image-file","sha256":"d2a5e83d0effcfc4eb8a9dcb91af43255267da4e029ff4c46d83e10652edffed","size":125293,"path":"media/images/2D Loss Contour_602_d2a5e83d0effcfc4eb8a.png"},"train_total_spikes":0,"train_acc":1,"_wandb":{"runtime":32},"3D Loss Surface":{"_type":"image-file","sha256":"6f63f35d8724ef8ef048d2d21e38e8da65b8c996f739434064f0a059d81bc740","size":547551,"path":"media/images/3D Loss Surface_601_6f63f35d8724ef8ef048.png","format":"png","width":1575,"height":1266},"val_total_spikes":0,"final_train_acc":1,"final_val_acc":0.984375,"_timestamp":1.7466105229042413e+09,"final_test_acc":0.96484375,"val_acc":0.984375,"train_spikes_per_t":NaN}