{"train_acc":0.984375,"val_loss":0.06059130281209946,"2D Loss Contour":{"format":"png","width":1623,"height":1176,"_type":"image-file","sha256":"576354a47912391a8b6a077a158eb2e3edf8cd631c00ee064bc43e188836728b","size":137675,"path":"media/images/2D Loss Contour_602_576354a47912391a8b6a.png"},"final_test_acc":0.953125,"final_val_acc":0.984375,"3D Loss Surface":{"_type":"image-file","sha256":"162ba7b2da55072873ca012546c5817b39c41b4f3e05810cd170c01431dfa42c","size":417946,"path":"media/images/3D Loss Surface_601_162ba7b2da55072873ca.png","format":"png","width":1548,"height":1266},"val_spikes_per_t":161.60546875,"_runtime":113.373504556,"_step":602,"train_total_spikes":41835,"val_total_spikes":41371,"final_train_acc":0.984375,"_timestamp":1.7465697574633126e+09,"val_acc":0.984375,"train_loss":0.048399001359939575,"train_spikes_per_t":163.41796875,"_wandb":{"runtime":113}}