{"3D Loss Surface":{"width":1522,"height":1266,"_type":"image-file","sha256":"44a711ac831267b588d89d3f03e0f065b46eb2d59d76efdc8dd2ec872a8e1c3d","size":370162,"path":"media/images/3D Loss Surface_601_44a711ac831267b588d8.png","format":"png"},"final_test_acc":0.40625,"val_total_spikes":0,"train_total_spikes":0,"train_acc":0.46484375,"final_train_acc":0.46484375,"2D Loss Contour":{"size":121496,"path":"media/images/2D Loss Contour_602_e35206ebb95541f80e27.png","format":"png","width":1596,"height":1176,"_type":"image-file","sha256":"e35206ebb95541f80e2786bb18a2a2af6309529a18fa65d7f22988f040113e02"},"val_spikes_per_t":NaN,"_runtime":32.154825547,"_step":602,"_timestamp":1.7466079256454465e+09,"val_acc":0.46875,"val_loss":2.0695128440856934,"final_val_acc":0.46875,"train_spikes_per_t":NaN,"_wandb":{"runtime":32},"train_loss":2.0330512523651123}