{"final_test_acc":0.984375,"train_acc":1,"val_acc":0.99609375,"val_total_spikes":28191,"final_val_acc":0.99609375,"train_loss":0.01813996396958828,"val_spikes_per_t":110.12109375,"train_spikes_per_t":111.21484375,"val_loss":0.03403296694159508,"2D Loss Contour":{"format":"png","width":1622,"height":1176,"_type":"image-file","sha256":"7565e80e9c8554aadf74eda142b6d2573218372e416378fefaa26ace830edfb0","size":130565,"path":"media/images/2D Loss Contour_602_7565e80e9c8554aadf74.png"},"final_train_acc":1,"_timestamp":1.7465698729286182e+09,"_wandb":{"runtime":114},"3D Loss Surface":{"height":1266,"_type":"image-file","sha256":"e6cc0a24f9e69f882f5d5789b1ff9a701d2633c39f068c8845652e59fed87e7e","size":432387,"path":"media/images/3D Loss Surface_601_e6cc0a24f9e69f882f5d.png","format":"png","width":1548},"_step":602,"train_total_spikes":28471,"_runtime":114.856895538}