{"train_loss":1.0496759414672852,"_wandb":{"runtime":57},"_runtime":57.38248735,"val_acc":0.546875,"3D Loss Surface":{"path":"media/images/3D Loss Surface_601_f2f9baf632a239dfb21b.png","format":"png","width":1522,"height":1266,"_type":"image-file","sha256":"f2f9baf632a239dfb21b4a090b0b0134c9c9fd03d5d6a1193a270bc6b89106d9","size":294530},"2D Loss Contour":{"path":"media/images/2D Loss Contour_602_f97d9aebcf890d1138b4.png","format":"png","width":1596,"height":1176,"_type":"image-file","sha256":"f97d9aebcf890d1138b4d8a316c00e95e053bb07892eb42334f91b9f63a9d6c3","size":116299},"final_val_acc":0.546875,"val_spikes_per_t":NaN,"val_loss":2.6443095207214355,"final_train_acc":0.75390625,"train_acc":0.75390625,"train_spikes_per_t":NaN,"final_test_acc":0.51171875,"_step":602,"val_total_spikes":0,"train_total_spikes":0,"_timestamp":1.7465964760402367e+09}