{"2D Loss Contour":{"format":"png","width":1622,"height":1176,"_type":"image-file","sha256":"ef23463b9bd1ef430212beb0857c368f507567e67b0debf7d4ab29e8391fe33b","size":119438,"path":"media/images/2D Loss Contour_602_ef23463b9bd1ef430212.png"},"final_train_acc":0.99609375,"val_loss":0.3822242021560669,"train_total_spikes":6185,"val_acc":0.88671875,"train_spikes_per_t":24.16015625,"_wandb":{"runtime":160},"train_acc":0.99609375,"3D Loss Surface":{"size":419911,"path":"media/images/3D Loss Surface_601_dbff51bef21345f3e8ac.png","format":"png","width":1548,"height":1266,"_type":"image-file","sha256":"dbff51bef21345f3e8ac192221f48ef017025b21b53d5f03c4c1ea9fdb6ed9a6"},"_runtime":160.575331071,"val_spikes_per_t":23.6328125,"_timestamp":1.746682798269444e+09,"train_loss":0.016810216009616852,"val_total_spikes":6050,"final_val_acc":0.88671875,"final_test_acc":0.9140625,"_step":602}