{"val_loss":0.10333114117383957,"3D Loss Surface":{"path":"media/images/3D Loss Surface_601_74d0e0b31233f9720f9c.png","format":"png","width":1548,"height":1266,"_type":"image-file","sha256":"74d0e0b31233f9720f9cbe671894fa40276d6987e5739e34ce66ead1643a0b9e","size":471308},"val_acc":0.953125,"2D Loss Contour":{"path":"media/images/2D Loss Contour_602_96129c5d1edde464097d.png","format":"png","width":1649,"height":1176,"_type":"image-file","sha256":"96129c5d1edde464097d87c42a36bc335eaa9d098d7a8f9a207235ced273ad42","size":154830},"final_val_acc":0.953125,"_wandb":{"runtime":172},"val_total_spikes":9742,"final_test_acc":0.984375,"final_train_acc":1,"_timestamp":1.7466368581680262e+09,"train_acc":1,"val_spikes_per_t":38.0546875,"train_loss":0.00947300810366869,"_runtime":172.300020094,"train_spikes_per_t":39.30859375,"train_total_spikes":10063,"_step":602}