{"final_val_acc":0.94140625,"final_test_acc":0.94921875,"train_spikes_per_t":16.84765625,"val_loss":0.11549025028944016,"_wandb":{"runtime":162},"val_acc":0.94140625,"val_spikes_per_t":17.3046875,"_timestamp":1.7466987190992076e+09,"train_loss":0.006829448509961367,"train_total_spikes":4313,"3D Loss Surface":{"width":1548,"height":1266,"_type":"image-file","sha256":"981d841d5f75a2189082d39f1c104e08c91171f135be669043286010554a3cfa","size":430712,"path":"media/images/3D Loss Surface_601_981d841d5f75a2189082.png","format":"png"},"_step":602,"val_total_spikes":4430,"final_train_acc":1,"train_acc":1,"_runtime":162.289183917,"2D Loss Contour":{"size":131392,"path":"media/images/2D Loss Contour_602_7be1191c6333e6ff5d74.png","format":"png","width":1622,"height":1176,"_type":"image-file","sha256":"7be1191c6333e6ff5d74d84ef464e8de53d52c0e286d8daa22f8c607014275d8"}}