{"_wandb":{"runtime":159},"_timestamp":1.7466705229226606e+09,"2D Loss Contour":{"format":"png","width":1623,"height":1176,"_type":"image-file","sha256":"8b92a5d1f0ca33eb31faca09bed54e168ddedcbc52a4b2884fc1dda70867c6b0","size":115093,"path":"media/images/2D Loss Contour_602_8b92a5d1f0ca33eb31fa.png"},"train_loss":0.010550328530371189,"val_loss":0.5328012704849243,"val_spikes_per_t":10.34375,"val_total_spikes":2648,"final_train_acc":1,"_step":602,"val_acc":0.8515625,"train_acc":1,"final_val_acc":0.8515625,"final_test_acc":0.8359375,"train_total_spikes":2675,"3D Loss Surface":{"height":1266,"_type":"image-file","sha256":"a0dae68df46a612b2eb80c9b99da6b8c6fc00865eb46c40736d2f23e1b79b8be","size":473106,"path":"media/images/3D Loss Surface_601_a0dae68df46a612b2eb8.png","format":"png","width":1548},"train_spikes_per_t":10.44921875,"_runtime":159.957131722}