{"final_train_acc":0.77734375,"_runtime":56.869253332,"train_acc":0.77734375,"_step":602,"val_loss":2.5080230236053467,"train_total_spikes":0,"val_acc":0.5625,"train_spikes_per_t":NaN,"_wandb":{"runtime":56},"2D Loss Contour":{"width":1596,"height":1176,"_type":"image-file","sha256":"e341968be08b3abd2ef2f913bd9dad3f4b644ca8ada7af0c4b1ff281357618df","size":138445,"path":"media/images/2D Loss Contour_602_e341968be08b3abd2ef2.png","format":"png"},"val_total_spikes":0,"final_test_acc":0.51953125,"final_val_acc":0.5625,"_timestamp":1.7466018649433494e+09,"3D Loss Surface":{"width":1522,"height":1266,"_type":"image-file","sha256":"5171dc26fc80d033877b239e82f8b3906bfe82a577d78af6e4827007eeecd87f","size":436023,"path":"media/images/3D Loss Surface_601_5171dc26fc80d033877b.png","format":"png"},"val_spikes_per_t":NaN,"train_loss":0.8684092164039612}