{"_wandb":{"runtime":172},"3D Loss Surface":{"path":"media/images/3D Loss Surface_601_0ab42895bbd77550f416.png","format":"png","width":1548,"height":1266,"_type":"image-file","sha256":"0ab42895bbd77550f4169be5eb60a4e06d2eea81896813670b0ecdfc5d3e4c4c","size":383247},"val_acc":0.9453125,"train_acc":1,"val_total_spikes":9117,"final_train_acc":1,"2D Loss Contour":{"_type":"image-file","sha256":"3e0813c9576cc50cc1df377e7ca4c4e4d630f101341e023ffb42578f10a24880","size":119688,"path":"media/images/2D Loss Contour_602_3e0813c9576cc50cc1df.png","format":"png","width":1622,"height":1176},"train_total_spikes":9122,"final_val_acc":0.9453125,"train_spikes_per_t":35.6328125,"_runtime":172.620013695,"val_loss":0.167784184217453,"val_spikes_per_t":35.61328125,"final_test_acc":0.95703125,"_step":602,"_timestamp":1.7466460558594599e+09,"train_loss":0.0028717329259961843}