{"_runtime":113.019368518,"final_test_acc":0.921875,"_timestamp":1.7465616442004635e+09,"train_spikes_per_t":75.99609375,"_wandb":{"runtime":113},"train_acc":0.98828125,"_step":602,"val_spikes_per_t":76.1875,"3D Loss Surface":{"format":"png","width":1522,"height":1266,"_type":"image-file","sha256":"c325aeb43a295f38734602ebfd198ad29d43c3510d2c90ee0c0eb9911d981f20","size":418648,"path":"media/images/3D Loss Surface_601_c325aeb43a295f387346.png"},"val_total_spikes":19504,"final_val_acc":0.9296875,"val_acc":0.9296875,"final_train_acc":0.98828125,"train_loss":0.36785268783569336,"train_total_spikes":19455,"val_loss":0.41107118129730225,"2D Loss Contour":{"height":1176,"_type":"image-file","sha256":"509ecfd0eb518d45e991d85fdefe8d2ccaa367c2caf54df6de2425a3a4e13484","size":119821,"path":"media/images/2D Loss Contour_602_509ecfd0eb518d45e991.png","format":"png","width":1596}}