{"val_spikes_per_t":NaN,"train_spikes_per_t":NaN,"train_loss":0.000677817384712398,"_runtime":32.245147818,"train_acc":1,"2D Loss Contour":{"path":"media/images/2D Loss Contour_602_af39f9b4084566403f26.png","format":"png","width":1649,"height":1176,"_type":"image-file","sha256":"af39f9b4084566403f260483ac0e427298d1a91741a6f1460a8c996c8f3e459b","size":135728},"3D Loss Surface":{"path":"media/images/3D Loss Surface_601_1cfd358a5f9968e24432.png","format":"png","width":1575,"height":1266,"_type":"image-file","sha256":"1cfd358a5f9968e24432edb4c6af7289c4867f8fc65b57e2750828161d2f5fb3","size":439146},"final_test_acc":0.96484375,"_step":602,"train_total_spikes":0,"final_val_acc":0.984375,"val_acc":0.984375,"final_train_acc":1,"val_total_spikes":0,"_timestamp":1.7466087818613575e+09,"_wandb":{"runtime":32},"val_loss":0.03230864554643631}