{"final_val_acc":0.4921875,"_timestamp":1.746664206334157e+09,"_runtime":156.81113284,"val_loss":0.8580050468444824,"final_train_acc":0.66015625,"val_total_spikes":1809,"val_acc":0.4921875,"train_acc":0.66015625,"_step":602,"_wandb":{"runtime":156},"val_spikes_per_t":7.06640625,"2D Loss Contour":{"path":"media/images/2D Loss Contour_602_0d1dc43b2485b446ba10.png","format":"png","width":1623,"height":1176,"_type":"image-file","sha256":"0d1dc43b2485b446ba109ef9ad07483c96ee7a0ab695875d32d3951816e70ad5","size":132447},"train_total_spikes":1592,"final_test_acc":0.54296875,"train_loss":0.5903228521347046,"3D Loss Surface":{"_type":"image-file","sha256":"1c8eae00d67ebedf2ad52f1bd9948c4aee2cb40b6a7f2b2d9774329a6e757dec","size":508994,"path":"media/images/3D Loss Surface_601_1c8eae00d67ebedf2ad5.png","format":"png","width":1522,"height":1266},"train_spikes_per_t":6.21875}