{"final_train_acc":1,"train_total_spikes":14526,"final_val_acc":1,"val_loss":0.0063929432071745396,"train_loss":0.0005180228035897017,"_timestamp":1.746663544206574e+09,"train_acc":1,"3D Loss Surface":{"size":423164,"path":"media/images/3D Loss Surface_601_db57cdb161bad77e472b.png","format":"png","width":1601,"height":1266,"_type":"image-file","sha256":"db57cdb161bad77e472be3dc36b9f2430df1cba830e1048abe81805a56495f0d"},"val_spikes_per_t":57.28125,"_runtime":102.251539587,"train_spikes_per_t":56.7421875,"_wandb":{"runtime":102},"val_total_spikes":14664,"final_test_acc":0.99609375,"2D Loss Contour":{"width":1649,"height":1176,"_type":"image-file","sha256":"4ae872d17dd4e59575cff131bdc05acca10f659c7b477aa50aa27820cf5ae3ad","size":111617,"path":"media/images/2D Loss Contour_602_4ae872d17dd4e59575cf.png","format":"png"},"val_acc":1,"_step":602}