{"train_total_spikes":8481,"final_train_acc":1,"train_acc":1,"_wandb":{"runtime":102},"final_val_acc":0.98828125,"val_spikes_per_t":33.45703125,"final_test_acc":0.98828125,"train_loss":0.00010762916645035148,"val_acc":0.98828125,"_runtime":102.71034711,"val_loss":0.031140323728322983,"val_total_spikes":8565,"3D Loss Surface":{"sha256":"95baab17073b6be8948465ba15f8529129fe11ef5b6730c32f94351b0d2730fc","size":475314,"path":"media/images/3D Loss Surface_601_95baab17073b6be89484.png","format":"png","width":1575,"height":1266,"_type":"image-file"},"_timestamp":1.7466511130598948e+09,"_step":602,"train_spikes_per_t":33.12890625,"2D Loss Contour":{"height":1176,"_type":"image-file","sha256":"83f79a7bbab61f16b757c4822c2efbb495373d6b81f4cb35c07a59a13660e8ff","size":140606,"path":"media/images/2D Loss Contour_602_83f79a7bbab61f16b757.png","format":"png","width":1649}}