{"train_loss":0.016045529395341873,"train_total_spikes":0,"final_val_acc":0.76171875,"2D Loss Contour":{"size":139355,"path":"media/images/2D Loss Contour_602_2975a590b2db5eebbaab.png","format":"png","width":1623,"height":1176,"_type":"image-file","sha256":"2975a590b2db5eebbaab180d70032ba68871df02a96e7a38d02e912210dc5cf3"},"val_loss":0.9685604572296143,"3D Loss Surface":{"size":293036,"path":"media/images/3D Loss Surface_601_317cd4b8aaa23fb8d2ed.png","format":"png","width":1548,"height":1266,"_type":"image-file","sha256":"317cd4b8aaa23fb8d2ed7ac75f6cea711646a942eb9da8bee4fb62f942f21e4b"},"_runtime":33.157976034,"_wandb":{"runtime":33},"final_test_acc":0.7578125,"val_spikes_per_t":NaN,"_step":602,"final_train_acc":1,"_timestamp":1.7466712947767966e+09,"val_total_spikes":0,"train_acc":1,"train_spikes_per_t":NaN,"val_acc":0.76171875}