{"final_test_acc":0.48046875,"_wandb":{"runtime":75},"3D Loss Surface":{"height":1266,"_type":"image-file","sha256":"42abb00973e0a37619b777449e6c2b9049620b6eb9481a71fde269d01a7684c7","size":409307,"path":"media/images/3D Loss Surface_601_42abb00973e0a37619b7.png","format":"png","width":1429},"final_val_acc":0.5,"val_acc":0.5,"val_spikes_per_t":46.765625,"2D Loss Contour":{"width":1516,"height":1176,"_type":"image-file","sha256":"2135fc2cde8921f8e4b144fdb4e2caec947c0944b6609596a00f0bd0cbf2a16d","size":106247,"path":"media/images/2D Loss Contour_602_2135fc2cde8921f8e4b1.png","format":"png"},"val_loss":0.7227926254272461,"_timestamp":1.7465815913475323e+09,"val_total_spikes":11972,"train_acc":0.51953125,"train_loss":0.682338297367096,"train_total_spikes":12036,"_runtime":75.476723383,"_step":602,"train_spikes_per_t":47.015625,"final_train_acc":0.51953125}