{"train_acc":0.8203125,"2D Loss Contour":{"size":137804,"path":"media/images/2D Loss Contour_602_f37bec43336ef748f570.png","format":"png","width":1622,"height":1176,"_type":"image-file","sha256":"f37bec43336ef748f570ea6b5cc5a94597567d177996fb3845abf4f724526912"},"final_val_acc":0.6953125,"final_test_acc":0.6640625,"_step":602,"val_acc":0.6953125,"train_spikes_per_t":5.2265625,"val_spikes_per_t":5.421875,"final_train_acc":0.8203125,"train_total_spikes":1338,"_wandb":{"runtime":62},"_runtime":62.762079091,"_timestamp":1.7466687235638576e+09,"val_total_spikes":1388,"train_loss":0.20217886567115784,"3D Loss Surface":{"size":273645,"path":"media/images/3D Loss Surface_601_689835afae05fff8a117.png","format":"png","width":1548,"height":1266,"_type":"image-file","sha256":"689835afae05fff8a117f3e7773ea46fc9c470398db6fe126f436c41e66ee20c"},"val_loss":0.9802727103233337}