{"final_test_acc":0.78515625,"_step":602,"train_total_spikes":0,"_timestamp":1.7466069594107153e+09,"train_acc":1,"_wandb":{"runtime":56},"val_loss":0.6862207651138306,"3D Loss Surface":{"path":"media/images/3D Loss Surface_601_1c5c0065ad3901a2d07c.png","format":"png","width":1575,"height":1266,"_type":"image-file","sha256":"1c5c0065ad3901a2d07ce23721d41ca8ff1b14852aabfe6a3bfaaabc71441c23","size":484773},"final_train_acc":1,"val_total_spikes":0,"2D Loss Contour":{"width":1622,"height":1176,"_type":"image-file","sha256":"bd0a6df22efc5597cf4635bc99d5d8acc581d48f18c2f774a817ffcfe1ed5799","size":142250,"path":"media/images/2D Loss Contour_602_bd0a6df22efc5597cf46.png","format":"png"},"train_spikes_per_t":NaN,"train_loss":0.005026534199714661,"_runtime":56.611134109,"val_spikes_per_t":NaN,"final_val_acc":0.765625,"val_acc":0.765625}