{"_wandb":{"runtime":57},"_step":602,"final_train_acc":1,"train_spikes_per_t":NaN,"_timestamp":1.746599492910893e+09,"final_val_acc":0.85546875,"train_loss":0.0037766180466860533,"2D Loss Contour":{"width":1623,"height":1176,"_type":"image-file","sha256":"2042885d4b7b0ad914e731565d9aa667a53cd077cdb9f90be3292a8c85a37000","size":137483,"path":"media/images/2D Loss Contour_602_2042885d4b7b0ad914e7.png","format":"png"},"_runtime":57.047134812,"final_test_acc":0.875,"val_total_spikes":0,"train_total_spikes":0,"val_loss":0.42449796199798584,"val_acc":0.85546875,"val_spikes_per_t":NaN,"train_acc":1,"3D Loss Surface":{"width":1548,"height":1266,"_type":"image-file","sha256":"95630207000c5c470854e3dacb26d97c260f8e873efbb781021299842a9a55be","size":508621,"path":"media/images/3D Loss Surface_601_95630207000c5c470854.png","format":"png"}}