{"2D Loss Contour":{"sha256":"2731322626ff996edc9b7e95d39ea07261fc25723175b20508cabb93f91d5917","size":145400,"path":"media/images/2D Loss Contour_602_2731322626ff996edc9b.png","format":"png","width":1622,"height":1176,"_type":"image-file"},"train_total_spikes":280,"val_acc":0.58203125,"val_total_spikes":331,"val_spikes_per_t":1.29296875,"train_loss":0.46831968426704407,"final_train_acc":0.671875,"train_spikes_per_t":1.09375,"final_val_acc":0.58203125,"_runtime":161.262865658,"_step":602,"_timestamp":1.7466858779494274e+09,"_wandb":{"runtime":161},"val_loss":0.8437387943267822,"train_acc":0.671875,"final_test_acc":0.5859375,"3D Loss Surface":{"height":1266,"_type":"image-file","sha256":"d0ba987bb5cd6172942b2babff2e381eb1f73744f7ca3f50af6cc657f1c9f7fa","size":291608,"path":"media/images/3D Loss Surface_601_d0ba987bb5cd6172942b.png","format":"png","width":1548}}