{"val_spikes_per_t":NaN,"train_total_spikes":0,"final_test_acc":0.96484375,"_wandb":{"runtime":32},"_timestamp":1.7466095704774003e+09,"val_acc":0.98046875,"train_spikes_per_t":NaN,"final_val_acc":0.98046875,"3D Loss Surface":{"path":"media/images/3D Loss Surface_601_3de049005308a7f01faa.png","format":"png","width":1548,"height":1266,"_type":"image-file","sha256":"3de049005308a7f01faa6116eb2bfbadd03bd331df2c45a4d4e9fc0fe32b3523","size":481930},"train_loss":0.0011903042905032635,"train_acc":1,"_step":602,"2D Loss Contour":{"size":139620,"path":"media/images/2D Loss Contour_602_ddde5fbe7b9ef48aac03.png","format":"png","width":1649,"height":1176,"_type":"image-file","sha256":"ddde5fbe7b9ef48aac0383cf30e99d21bb4822bff2e7e2cbf2004f25d7653402"},"val_total_spikes":0,"val_loss":0.05146525427699089,"_runtime":32.117843107,"final_train_acc":1}