{"_wandb":{"runtime":33},"val_loss":0.980089008808136,"val_acc":0.75390625,"val_spikes_per_t":NaN,"final_test_acc":0.78125,"train_spikes_per_t":NaN,"2D Loss Contour":{"_type":"image-file","sha256":"b3b3d20ff954f286f661499960db99c3d1f5ca0a705bff9bed385b313b9af0f7","size":135556,"path":"media/images/2D Loss Contour_602_b3b3d20ff954f286f661.png","format":"png","width":1623,"height":1176},"train_total_spikes":0,"train_acc":1,"_step":602,"final_train_acc":1,"_timestamp":1.7466712271357164e+09,"val_total_spikes":0,"3D Loss Surface":{"size":328767,"path":"media/images/3D Loss Surface_601_96015ec76b6dbe6fb1de.png","format":"png","width":1575,"height":1266,"_type":"image-file","sha256":"96015ec76b6dbe6fb1def32d1343334981544cdc2c2b96a4efd18c104851735e"},"final_val_acc":0.75390625,"_runtime":33.027144288,"train_loss":0.010496087372303009}