{"final_val_acc":0.80859375,"_wandb":{"runtime":160},"final_train_acc":1,"train_loss":0.048143818974494934,"val_spikes_per_t":16.56640625,"val_acc":0.80859375,"val_total_spikes":4241,"final_test_acc":0.78125,"_runtime":160.928285269,"train_total_spikes":4204,"train_acc":1,"_step":602,"2D Loss Contour":{"size":109081,"path":"media/images/2D Loss Contour_602_d19a2cbc8c1c87959c58.png","format":"png","width":1570,"height":1176,"_type":"image-file","sha256":"d19a2cbc8c1c87959c5804dddda13cd35c3adb418d5867db5402f4d872283b95"},"_timestamp":1.7466745504965122e+09,"3D Loss Surface":{"width":1522,"height":1266,"_type":"image-file","sha256":"2fa18b9963da8e35476f2bf3ccd13722ea530084e94e8033ef92466e92622a0e","size":353960,"path":"media/images/3D Loss Surface_601_2fa18b9963da8e35476f.png","format":"png"},"val_loss":0.42845433950424194,"train_spikes_per_t":16.421875}