{"train_acc":1,"3D Loss Surface":{"width":1575,"height":1266,"_type":"image-file","sha256":"10c573d1b2284cd02c2009b3070fb3f1df1f53aa2722b1710fcba59f5a65c352","size":459426,"path":"media/images/3D Loss Surface_601_10c573d1b2284cd02c20.png","format":"png"},"val_spikes_per_t":NaN,"final_val_acc":0.71875,"2D Loss Contour":{"width":1622,"height":1176,"_type":"image-file","sha256":"88a3b543631e679335048009e5e28aba90dc55248ecd0467e53cce7395342f6f","size":117338,"path":"media/images/2D Loss Contour_602_88a3b543631e67933504.png","format":"png"},"val_loss":1.0246639251708984,"_timestamp":1.7466561279530852e+09,"val_acc":0.71875,"final_train_acc":1,"train_spikes_per_t":NaN,"train_total_spikes":0,"final_test_acc":0.74609375,"_wandb":{"runtime":56},"_runtime":56.452405797,"_step":602,"train_loss":0.005336997099220753,"val_total_spikes":0}