{"final_train_acc":1,"_timestamp":1.7466751966345756e+09,"val_acc":0.71484375,"val_spikes_per_t":12.30859375,"final_val_acc":0.71484375,"train_acc":1,"train_total_spikes":3197,"_runtime":161.310600828,"_step":602,"train_loss":0.034816037863492966,"_wandb":{"runtime":161},"val_total_spikes":3151,"2D Loss Contour":{"sha256":"211d155c7a37195523eab98e8bf4bdff54bd67efe1a8efa5ad9d3de10e7d8e24","size":108962,"path":"media/images/2D Loss Contour_602_211d155c7a37195523ea.png","format":"png","width":1569,"height":1176,"_type":"image-file"},"train_spikes_per_t":12.48828125,"final_test_acc":0.7109375,"3D Loss Surface":{"sha256":"70c869d543971c573a35596ef64d15c4f2773d1d99e92d01bac177073acd806a","size":402735,"path":"media/images/3D Loss Surface_601_70c869d543971c573a35.png","format":"png","width":1522,"height":1266,"_type":"image-file"},"val_loss":0.7039711475372314}