{"val_loss":0.05680175498127937,"final_test_acc":0.96875,"val_spikes_per_t":NaN,"train_spikes_per_t":NaN,"_wandb":{"runtime":32},"2D Loss Contour":{"size":130585,"path":"media/images/2D Loss Contour_602_86b8ed787a7bdfbd45a5.png","format":"png","width":1623,"height":1176,"_type":"image-file","sha256":"86b8ed787a7bdfbd45a52b83d2e6e59df2b4831f7eb384a34f7eb54090d7ad03"},"_step":602,"train_acc":1,"final_train_acc":1,"train_total_spikes":0,"val_acc":0.9765625,"train_loss":0.0016726636094972491,"_runtime":32.356424603,"val_total_spikes":0,"final_val_acc":0.9765625,"3D Loss Surface":{"width":1575,"height":1266,"_type":"image-file","sha256":"0ee1d5b19c19c1affd544f2a2c9f2e6b0d46d4999b811715215096fbb7e61183","size":482327,"path":"media/images/3D Loss Surface_601_0ee1d5b19c19c1affd54.png","format":"png"},"_timestamp":1.7466080900506718e+09}