{"train_acc":0.66015625,"_wandb":{"runtime":172},"train_spikes_per_t":52.8984375,"3D Loss Surface":{"width":1575,"height":1266,"_type":"image-file","sha256":"bc34448420be3a027615b654cc5e28e9dc5804c515095b5ac150feadc32c00b2","size":426971,"path":"media/images/3D Loss Surface_601_bc34448420be3a027615.png","format":"png"},"_step":602,"_timestamp":1.7466311381382146e+09,"val_spikes_per_t":52.7578125,"val_loss":0.6124383807182312,"_runtime":172.870536154,"2D Loss Contour":{"_type":"image-file","sha256":"882ef16dbaf4ea42c84a807e051a4434941dced7b95f5e178b8a94e4a8eb9bc4","size":138698,"path":"media/images/2D Loss Contour_602_882ef16dbaf4ea42c84a.png","format":"png","width":1649,"height":1176},"val_total_spikes":13506,"final_test_acc":0.60546875,"final_val_acc":0.6015625,"train_total_spikes":13542,"train_loss":0.526333749294281,"final_train_acc":0.66015625,"val_acc":0.6015625}