{"final_val_acc":0.99609375,"train_acc":1,"val_spikes_per_t":72.078125,"train_loss":0.0005346555262804031,"_runtime":75.171719575,"val_total_spikes":18452,"2D Loss Contour":{"_type":"image-file","sha256":"6b4f95f2e6ee6d0505f536a7db5a14d5ac8049acf08ff0b68ab91c25b21e08ea","size":154565,"path":"media/images/2D Loss Contour_602_6b4f95f2e6ee6d0505f5.png","format":"png","width":1649,"height":1176},"_step":602,"val_loss":0.014508973807096481,"train_spikes_per_t":73.97265625,"final_test_acc":1,"_timestamp":1.7465950058285744e+09,"3D Loss Surface":{"_type":"image-file","sha256":"d61d664bb93e5f83da1d6b158b5010c968e6a5c7e075c3e6e35d06979212b10f","size":316398,"path":"media/images/3D Loss Surface_601_d61d664bb93e5f83da1d.png","format":"png","width":1601,"height":1266},"train_total_spikes":18937,"val_acc":0.99609375,"final_train_acc":1,"_wandb":{"runtime":75}}