{"train_acc":0.7578125,"final_val_acc":0.5703125,"_runtime":56.914289942,"3D Loss Surface":{"format":"png","width":1548,"height":1266,"_type":"image-file","sha256":"617083d921f1fe0894e77c070986e8f84037954ce60b875e0ba4f70ab78afb4f","size":387755,"path":"media/images/3D Loss Surface_601_617083d921f1fe0894e7.png"},"_timestamp":1.7466553255719855e+09,"val_total_spikes":0,"train_loss":0.9693894982337952,"val_spikes_per_t":NaN,"2D Loss Contour":{"format":"png","width":1623,"height":1176,"_type":"image-file","sha256":"9155ff25497ac9d6614b63e4bd3274aba1f6b3ae6ceade20561a3312e6e925ec","size":109540,"path":"media/images/2D Loss Contour_602_9155ff25497ac9d6614b.png"},"_step":602,"_wandb":{"runtime":56},"val_acc":0.5703125,"val_loss":2.4724280834198,"train_spikes_per_t":NaN,"train_total_spikes":0,"final_train_acc":0.7578125,"final_test_acc":0.53515625}