{"_runtime":31.991402885,"final_train_acc":1,"train_spikes_per_t":NaN,"val_spikes_per_t":NaN,"_step":602,"_timestamp":1.7466097013975577e+09,"val_total_spikes":0,"final_test_acc":0.9609375,"val_acc":0.98828125,"_wandb":{"runtime":31},"train_acc":1,"3D Loss Surface":{"size":543769,"path":"media/images/3D Loss Surface_601_60e0a48050c932603834.png","format":"png","width":1601,"height":1266,"_type":"image-file","sha256":"60e0a48050c932603834d1fb1f7b287b8317ee776e5b01f0f6f610f6f361dbc4"},"2D Loss Contour":{"size":130732,"path":"media/images/2D Loss Contour_602_e4ec89043d09ba1c4d89.png","format":"png","width":1649,"height":1176,"_type":"image-file","sha256":"e4ec89043d09ba1c4d89c903c2cd5ac050fd6ef50f0249b8c8a7adc05d7ab8a8"},"val_loss":0.04168260842561722,"train_total_spikes":0,"final_val_acc":0.98828125,"train_loss":0.000861221516970545}