{"val_acc":0.65625,"final_val_acc":0.65625,"_step":602,"_wandb":{"runtime":43},"final_train_acc":0.99609375,"3D Loss Surface":{"sha256":"beb0eb2408d22e0a98df5a9d76141b2e474a61572580d980acc767184382a603","size":442731,"path":"media/images/3D Loss Surface_601_beb0eb2408d22e0a98df.png","format":"png","width":1522,"height":1266,"_type":"image-file"},"train_total_spikes":0,"final_test_acc":0.61328125,"train_acc":0.99609375,"val_total_spikes":0,"val_loss":1.3428031206130981,"_runtime":43.048612003,"train_loss":0.03494471684098244,"train_spikes_per_t":NaN,"_timestamp":1.746670512330048e+09,"2D Loss Contour":{"path":"media/images/2D Loss Contour_602_4265ffab69fae73eacd4.png","format":"png","width":1596,"height":1176,"_type":"image-file","sha256":"4265ffab69fae73eacd47d25337c30a3493a91281915c5482ce5a1cd56471478","size":148905},"val_spikes_per_t":NaN}