{"_wandb":{"runtime":75},"val_acc":0.9921875,"_step":602,"val_loss":0.01323320996016264,"2D Loss Contour":{"size":143744,"path":"media/images/2D Loss Contour_602_128c1cc73d609d45d323.png","format":"png","width":1649,"height":1176,"_type":"image-file","sha256":"128c1cc73d609d45d323d590d4058976ecc9aeafcba1db63bc9cb0d29cc21cc2"},"_timestamp":1.746595768528433e+09,"train_acc":1,"train_spikes_per_t":76.03515625,"val_total_spikes":19250,"3D Loss Surface":{"format":"png","width":1575,"height":1266,"_type":"image-file","sha256":"521a015b25011fe77c359a559fcb2e4a3ab7351806236a434851a02441561ae4","size":499570,"path":"media/images/3D Loss Surface_601_521a015b25011fe77c35.png"},"_runtime":75.457095968,"final_test_acc":0.98828125,"final_val_acc":0.9921875,"val_spikes_per_t":75.1953125,"train_total_spikes":19465,"train_loss":0.0006932496326044202,"final_train_acc":1}