{"train_acc":1,"val_acc":1,"train_loss":0.00034413085086271167,"final_val_acc":1,"_step":602,"train_total_spikes":17841,"_wandb":{"runtime":75},"3D Loss Surface":{"sha256":"5c6f1bddaa2ae14472489726c9fd764c74d8ca432722ffc7e90a3a4c1c040ef0","size":435989,"path":"media/images/3D Loss Surface_601_5c6f1bddaa2ae1447248.png","format":"png","width":1548,"height":1266,"_type":"image-file"},"val_total_spikes":17590,"2D Loss Contour":{"width":1622,"height":1176,"_type":"image-file","sha256":"21453d7c7f97be7b36f1f39b9e8202a7844828c79c3570f7c3c2f1884f302545","size":114434,"path":"media/images/2D Loss Contour_602_21453d7c7f97be7b36f1.png","format":"png"},"_runtime":75.336125495,"val_loss":0.004951353184878826,"final_test_acc":1,"_timestamp":1.746595158976849e+09,"final_train_acc":1,"train_spikes_per_t":69.69140625,"val_spikes_per_t":68.7109375}