{"final_val_acc":0.99609375,"_wandb":{"runtime":114},"val_acc":0.99609375,"train_total_spikes":28831,"_timestamp":1.7465752142760239e+09,"train_loss":0.0051071858033537865,"3D Loss Surface":{"width":1548,"height":1266,"_type":"image-file","sha256":"d299bb599c9765df87b2bcb7c86148b1a623569fe7fec1e8fc12e8a2fb949457","size":390731,"path":"media/images/3D Loss Surface_601_d299bb599c9765df87b2.png","format":"png"},"_runtime":114.161757948,"_step":602,"val_spikes_per_t":111.88671875,"train_acc":1,"final_train_acc":1,"2D Loss Contour":{"path":"media/images/2D Loss Contour_602_3e5825fb307778778c36.png","format":"png","width":1623,"height":1176,"_type":"image-file","sha256":"3e5825fb307778778c36aa12b361696fe4ff4bf618263155f7a1a650ddfac36a","size":133098},"val_total_spikes":28643,"final_test_acc":0.99609375,"train_spikes_per_t":112.62109375,"val_loss":0.01942458190023899}