{"train_spikes_per_t":27.6640625,"final_test_acc":0.93359375,"val_total_spikes":7020,"train_total_spikes":7082,"val_acc":0.93359375,"val_spikes_per_t":27.421875,"val_loss":0.13114625215530396,"_wandb":{"runtime":162},"_step":602,"final_train_acc":1,"_timestamp":1.7466863662004356e+09,"2D Loss Contour":{"sha256":"1341d98a4cbcfa66317f93ba826a725790cff60d3a41a4b5602e2a29ab23ce83","size":137190,"path":"media/images/2D Loss Contour_602_1341d98a4cbcfa66317f.png","format":"png","width":1623,"height":1176,"_type":"image-file"},"train_acc":1,"final_val_acc":0.93359375,"3D Loss Surface":{"format":"png","width":1548,"height":1266,"_type":"image-file","sha256":"bb72517d318975804b6012397e6fa0d1417b62b20a06011df5262899af5c65a5","size":441020,"path":"media/images/3D Loss Surface_601_bb72517d318975804b60.png"},"train_loss":0.007137017324566841,"_runtime":162.143190942}