{"final_test_acc":0.91796875,"3D Loss Surface":{"height":1266,"_type":"image-file","sha256":"bee2970bd53c36623bdb4aa0e5381be2ae32ff419340c0dfd2730cf01f52f9dd","size":460739,"path":"media/images/3D Loss Surface_601_bee2970bd53c36623bdb.png","format":"png","width":1575},"_wandb":{"runtime":172},"train_total_spikes":7270,"val_acc":0.96484375,"final_val_acc":0.96484375,"2D Loss Contour":{"_type":"image-file","sha256":"5280590ed057f1e36f478fa1da16f91e1e168e2197c5ce647f184098124487e2","size":138436,"path":"media/images/2D Loss Contour_602_5280590ed057f1e36f47.png","format":"png","width":1622,"height":1176},"_runtime":172.905637599,"train_spikes_per_t":28.3984375,"val_spikes_per_t":28.1171875,"_timestamp":1.7466363386935196e+09,"val_loss":0.14155785739421844,"train_loss":0.005019286181777716,"final_train_acc":1,"_step":602,"val_total_spikes":7198,"train_acc":1}