{"val_total_spikes":8186,"_wandb":{"runtime":172},"final_train_acc":1,"train_total_spikes":8250,"_runtime":172.065122847,"final_test_acc":0.9296875,"final_val_acc":0.9296875,"val_loss":0.13634337484836578,"2D Loss Contour":{"height":1176,"_type":"image-file","sha256":"1f10c24df00ed2b8f590409e6b8c2ea94c42e18cc5d0aba003d26ece82d36134","size":117887,"path":"media/images/2D Loss Contour_602_1f10c24df00ed2b8f590.png","format":"png","width":1622},"train_spikes_per_t":32.2265625,"train_acc":1,"val_acc":0.9296875,"_timestamp":1.7466342571878896e+09,"train_loss":0.024156274273991585,"_step":602,"3D Loss Surface":{"sha256":"75eb3c14a183e51ff40dc498232bc17fb7de0e96c2fd7829a7bb670162ed1375","size":367355,"path":"media/images/3D Loss Surface_601_75eb3c14a183e51ff40d.png","format":"png","width":1548,"height":1266,"_type":"image-file"},"val_spikes_per_t":31.9765625}