{"val_total_spikes":21096,"train_total_spikes":21172,"val_loss":0.06393249332904816,"train_loss":0.0028553202282637358,"2D Loss Contour":{"_type":"image-file","sha256":"90753996f822d7712e90049ba0d2aaf0e8c64b7568078486541983767516b704","size":138311,"path":"media/images/2D Loss Contour_602_90753996f822d7712e90.png","format":"png","width":1622,"height":1176},"_step":602,"val_spikes_per_t":82.40625,"_wandb":{"runtime":75},"final_val_acc":0.97265625,"final_test_acc":0.96484375,"train_acc":1,"final_train_acc":1,"val_acc":0.97265625,"3D Loss Surface":{"width":1548,"height":1266,"_type":"image-file","sha256":"fd06d3f61a8095c67562b3efc78257125265ba2a91228fc25bb6655f6cad86fa","size":358976,"path":"media/images/3D Loss Surface_601_fd06d3f61a8095c67562.png","format":"png"},"train_spikes_per_t":82.703125,"_timestamp":1.7465889819783134e+09,"_runtime":75.428371876}