{"train_total_spikes":10730,"_runtime":171.078417137,"train_spikes_per_t":41.9140625,"2D Loss Contour":{"format":"png","width":1596,"height":1176,"_type":"image-file","sha256":"8b748c796b35839a9dd851be435b1da8616256cdaeb5f2e3a3ce63816b6e67c3","size":129866,"path":"media/images/2D Loss Contour_602_8b748c796b35839a9dd8.png"},"train_loss":2.9390156269073486,"_step":602,"_wandb":{"runtime":171},"_timestamp":1.7466153636647444e+09,"val_spikes_per_t":41.75,"final_train_acc":0.5859375,"val_acc":0.57421875,"3D Loss Surface":{"height":1266,"_type":"image-file","sha256":"41dab99242baf0808d7603547c7e9326509d9b912114cce215452b10a5aabf2d","size":313300,"path":"media/images/3D Loss Surface_601_41dab99242baf0808d76.png","format":"png","width":1522},"final_test_acc":0.48828125,"final_val_acc":0.57421875,"val_total_spikes":10688,"train_acc":0.5859375,"val_loss":3.5510647296905518}