{"train_acc":1,"2D Loss Contour":{"height":1176,"_type":"image-file","sha256":"a466b3a030677ca92626ac3c4020e19ccef29e45e31976b0a1f049371551687e","size":132568,"path":"media/images/2D Loss Contour_602_a466b3a030677ca92626.png","format":"png","width":1649},"val_acc":0.98046875,"train_loss":0.0011977378744632006,"3D Loss Surface":{"size":529076,"path":"media/images/3D Loss Surface_601_5bf3e60c91c97847feb7.png","format":"png","width":1575,"height":1266,"_type":"image-file","sha256":"5bf3e60c91c97847feb704f874e2a1e79a2b4058fbf4c77be9a643d8a8d9079d"},"train_spikes_per_t":NaN,"final_train_acc":1,"_runtime":31.946261113,"_step":602,"final_val_acc":0.98046875,"_timestamp":1.7466117697030916e+09,"val_loss":0.05227665230631828,"val_total_spikes":0,"val_spikes_per_t":NaN,"final_test_acc":0.96484375,"train_total_spikes":0,"_wandb":{"runtime":31}}