{"_step":602,"3D Loss Surface":{"_type":"image-file","sha256":"218b6b757d0dbaae5ad410ad9b8e9696c0ec70f4028420c102b3924e5942ac60","size":396471,"path":"media/images/3D Loss Surface_601_218b6b757d0dbaae5ad4.png","format":"png","width":1548,"height":1266},"final_train_acc":1,"_wandb":{"runtime":172},"train_spikes_per_t":22.51953125,"val_loss":0.259403258562088,"val_spikes_per_t":22.56640625,"val_acc":0.89453125,"_runtime":172.026802312,"train_loss":0.021225320175290108,"_timestamp":1.7466201960248141e+09,"final_test_acc":0.89453125,"train_acc":1,"2D Loss Contour":{"height":1176,"_type":"image-file","sha256":"1ba1f4c7ad59c93a6a754e8e887710cd89758fe35e14648a6ce124e4b6b0a26d","size":129597,"path":"media/images/2D Loss Contour_602_1ba1f4c7ad59c93a6a75.png","format":"png","width":1622},"train_total_spikes":5765,"val_total_spikes":5777,"final_val_acc":0.89453125}