{"val_total_spikes":10970,"train_acc":0.671875,"final_test_acc":0.58984375,"_runtime":162.380675235,"_wandb":{"runtime":162},"_step":602,"val_spikes_per_t":42.8515625,"final_val_acc":0.6328125,"train_loss":1.3517590761184692,"2D Loss Contour":{"path":"media/images/2D Loss Contour_602_2be5f503454f0920b74a.png","format":"png","width":1569,"height":1176,"_type":"image-file","sha256":"2be5f503454f0920b74a71dcefc26966b29017650f64d40f0f8bbf762d1f5b1e","size":134452},"train_spikes_per_t":42.63671875,"3D Loss Surface":{"width":1495,"height":1266,"_type":"image-file","sha256":"0adc0c8bef00fa55e381d82601d154c9e91779a93a071f482c448b9546b2d56a","size":463764,"path":"media/images/3D Loss Surface_601_0adc0c8bef00fa55e381.png","format":"png"},"_timestamp":1.7466855537361133e+09,"final_train_acc":0.671875,"val_acc":0.6328125,"val_loss":1.902113676071167,"train_total_spikes":10915}