{"2D Loss Contour":{"_type":"image-file","sha256":"a3723e05204671f478d04a889f46795ac118c9b9ed1fba1cd98107138212c3c6","size":140484,"path":"media/images/2D Loss Contour_602_a3723e05204671f478d0.png","format":"png","width":1622,"height":1176},"train_loss":0.6939660310745239,"val_acc":0.453125,"_step":602,"_runtime":57.236055486,"_wandb":{"runtime":57},"final_train_acc":0.5390625,"3D Loss Surface":{"sha256":"68a7bd188d56d08b493f9910ad634029a5f397d570cc0a8acac3e28a43b3db08","size":425406,"path":"media/images/3D Loss Surface_601_68a7bd188d56d08b493f.png","format":"png","width":1548,"height":1266,"_type":"image-file"},"train_acc":0.5390625,"_timestamp":1.7465995506997564e+09,"val_total_spikes":0,"train_spikes_per_t":NaN,"final_test_acc":0.52734375,"val_loss":0.7212178707122803,"train_total_spikes":0,"final_val_acc":0.453125,"val_spikes_per_t":NaN}