{"train_spikes_per_t":50.2734375,"train_total_spikes":12870,"final_train_acc":0.95703125,"final_val_acc":0.6953125,"final_test_acc":0.7265625,"val_acc":0.6953125,"val_spikes_per_t":50.640625,"val_total_spikes":12964,"_step":602,"2D Loss Contour":{"_type":"image-file","sha256":"63cc1cf2ebb54f9f1d820d29cce72e46c94abaac684460dc9e719190c9c13498","size":136403,"path":"media/images/2D Loss Contour_602_63cc1cf2ebb54f9f1d82.png","format":"png","width":1596,"height":1176},"_wandb":{"runtime":156},"val_loss":0.9687401652336121,"train_loss":0.1269378513097763,"_timestamp":1.7466632624205146e+09,"_runtime":156.250797527,"train_acc":0.95703125,"3D Loss Surface":{"path":"media/images/3D Loss Surface_601_6b88ccbd1adf8dd192fd.png","format":"png","width":1495,"height":1266,"_type":"image-file","sha256":"6b88ccbd1adf8dd192fd17e4690113e5417540566b4d24aeeeff60148e225ea1","size":351200}}