{"2D Loss Contour":{"size":131775,"path":"media/images/2D Loss Contour_602_756390c77cb5eb77194e.png","format":"png","width":1596,"height":1176,"_type":"image-file","sha256":"756390c77cb5eb77194e584230e6a1fe6b1c6cba48643a74a3bf3ee2ad4a53df"},"_wandb":{"runtime":173},"val_total_spikes":10550,"_step":602,"train_spikes_per_t":41.43359375,"val_loss":2.286949634552002,"train_loss":1.2874478101730347,"_runtime":173.030297374,"val_spikes_per_t":41.2109375,"_timestamp":1.7466344308431673e+09,"train_acc":0.71875,"val_acc":0.56640625,"3D Loss Surface":{"height":1266,"_type":"image-file","sha256":"d661a2e3cac956aa624575d57ef832563c853ebb29ee19613e52cbcd27a1b83a","size":453236,"path":"media/images/3D Loss Surface_601_d661a2e3cac956aa6245.png","format":"png","width":1522},"final_val_acc":0.56640625,"train_total_spikes":10607,"final_test_acc":0.5859375,"final_train_acc":0.71875}