{"2D Loss Contour":{"height":1176,"_type":"image-file","sha256":"f8da3f8de16549757c9d51090af5cec659d9f0a39d0e43c33ed39fdb2c56c1fb","size":109397,"path":"media/images/2D Loss Contour_602_f8da3f8de16549757c9d.png","format":"png","width":1596},"final_test_acc":0.99609375,"val_spikes_per_t":69.7734375,"_timestamp":1.7465872289990847e+09,"train_loss":0.00038374814903363585,"val_acc":0.9921875,"_wandb":{"runtime":75},"train_spikes_per_t":70.4765625,"train_acc":1,"3D Loss Surface":{"width":1548,"height":1266,"_type":"image-file","sha256":"20963bbff89ee45a7e8dd88b57f3241824c1a33a710f20f4e226251a65b3ae86","size":444819,"path":"media/images/3D Loss Surface_601_20963bbff89ee45a7e8d.png","format":"png"},"_step":602,"_runtime":75.463509847,"final_val_acc":0.9921875,"final_train_acc":1,"val_loss":0.019744111225008965,"train_total_spikes":18042,"val_total_spikes":17862}