{"val_acc":0.8359375,"_timestamp":1.746662476531703e+09,"train_loss":0.0061380998231470585,"val_spikes_per_t":126.46875,"train_total_spikes":32183,"final_test_acc":0.8515625,"3D Loss Surface":{"height":1266,"_type":"image-file","sha256":"2be32b7187de536e7c8f56c2b88ff830c2f0e0172fe9c3f7e8a6722ee4d53eb1","size":387038,"path":"media/images/3D Loss Surface_601_2be32b7187de536e7c8f.png","format":"png","width":1522},"train_acc":0.9921875,"final_val_acc":0.8359375,"train_spikes_per_t":125.71484375,"val_loss":0.7737406492233276,"2D Loss Contour":{"path":"media/images/2D Loss Contour_602_3b6d6c99c9358ce90322.png","format":"png","width":1596,"height":1176,"_type":"image-file","sha256":"3b6d6c99c9358ce903221954b05883463211b19ec95bcc3c731b305ca0b356c7","size":106753},"_wandb":{"runtime":100},"_runtime":100.850538119,"val_total_spikes":32376,"_step":602,"final_train_acc":0.9921875}