{"final_val_acc":0.546875,"_timestamp":1.7466207146968143e+09,"_runtime":172.184249727,"val_spikes_per_t":41.77734375,"_wandb":{"runtime":172},"train_acc":0.71875,"val_loss":2.437199115753174,"val_total_spikes":10695,"final_train_acc":0.71875,"val_acc":0.546875,"final_test_acc":0.54296875,"3D Loss Surface":{"size":361663,"path":"media/images/3D Loss Surface_601_e84021bd3591371bc4d0.png","format":"png","width":1522,"height":1266,"_type":"image-file","sha256":"e84021bd3591371bc4d0c48aa1f1029c6126df3af67b824caa0b295c6adbf38b"},"train_total_spikes":10702,"_step":602,"train_spikes_per_t":41.8046875,"2D Loss Contour":{"size":124214,"path":"media/images/2D Loss Contour_602_c93c45f1ec66b4aae644.png","format":"png","width":1570,"height":1176,"_type":"image-file","sha256":"c93c45f1ec66b4aae64471ffa6fdc1e0e76f9d67c7fae804e5b0dcc157be6891"},"train_loss":1.3790212869644165}