{"_timestamp":1.7466700306898186e+09,"val_spikes_per_t":NaN,"train_loss":NaN,"val_loss":NaN,"train_acc":0.51171875,"final_train_acc":0.51171875,"_step":602,"train_total_spikes":0,"_wandb":{"runtime":43},"final_val_acc":0.5078125,"val_acc":0.5078125,"val_total_spikes":0,"2D Loss Contour":{"sha256":"b276fd723cd8d62e92dc13db7fdd1a9ced379c1c4355e263663c0a5961a972e8","size":82836,"path":"media/images/2D Loss Contour_602_b276fd723cd8d62e92dc.png","format":"png","width":1551,"height":1176,"_type":"image-file"},"_runtime":43.120179352,"final_test_acc":0.48046875,"train_spikes_per_t":NaN,"3D Loss Surface":{"size":243112,"path":"media/images/3D Loss Surface_601_42fedc61381b029836cd.png","format":"png","width":1469,"height":1266,"_type":"image-file","sha256":"42fedc61381b029836cd26f766c6f7bd66f76cd2449c6b6a540f9963dc217262"}}