{"final_test_acc":0.89453125,"val_spikes_per_t":68.203125,"final_train_acc":1,"2D Loss Contour":{"sha256":"744f14de098214227eb69aee9de847be0b65e7b17cebfe7abea388676d896e51","size":114586,"path":"media/images/2D Loss Contour_602_744f14de098214227eb6.png","format":"png","width":1596,"height":1176,"_type":"image-file"},"val_total_spikes":17460,"train_total_spikes":17483,"_runtime":101.234597743,"_timestamp":1.7466616622503254e+09,"_wandb":{"runtime":101},"3D Loss Surface":{"size":430181,"path":"media/images/3D Loss Surface_601_55366e064279898d1293.png","format":"png","width":1549,"height":1266,"_type":"image-file","sha256":"55366e064279898d12937b2a3f8b11b628be177f9b0d13fb63b3aedf0f3f8094"},"train_spikes_per_t":68.29296875,"val_loss":0.3599531352519989,"train_acc":1,"val_acc":0.890625,"_step":602,"train_loss":0.0004545960982795805,"final_val_acc":0.890625}