{"2D Loss Contour":{"width":1649,"height":1176,"_type":"image-file","sha256":"8eedcba423de84925d7ddd28e4f725bae3f0fefd2bee3b97d81d21dd40cad869","size":158064,"path":"media/images/2D Loss Contour_602_8eedcba423de84925d7d.png","format":"png"},"final_val_acc":0.99609375,"train_spikes_per_t":51.01171875,"val_loss":0.018329335376620293,"_runtime":102.125290872,"_step":602,"_wandb":{"runtime":102},"train_total_spikes":13059,"_timestamp":1.7466603414423676e+09,"val_total_spikes":13086,"train_loss":0.0032393145374953747,"final_train_acc":0.99609375,"val_acc":0.99609375,"val_spikes_per_t":51.1171875,"final_test_acc":0.984375,"3D Loss Surface":{"sha256":"be7d7a1e4a97711ad73036b5b165bf39b5211e05690f2d503832f8822b2e1cbb","size":482268,"path":"media/images/3D Loss Surface_601_be7d7a1e4a97711ad730.png","format":"png","width":1575,"height":1266,"_type":"image-file"},"train_acc":0.99609375}