{"2D Loss Contour":{"sha256":"ee63270af39a67414f8449b7d76b2640f60f02bc3972657d09cf4fecbabe24bb","size":158518,"path":"media/images/2D Loss Contour_602_ee63270af39a67414f84.png","format":"png","width":1649,"height":1176,"_type":"image-file"},"val_acc":0.92578125,"final_val_acc":0.92578125,"val_spikes_per_t":30.70703125,"final_test_acc":0.9296875,"final_train_acc":1,"3D Loss Surface":{"width":1548,"height":1266,"_type":"image-file","sha256":"d23d4861eac670f3793e8bf3f58d2ad82789bf4f37a7e82667c4ee9f6523d436","size":454154,"path":"media/images/3D Loss Surface_601_d23d4861eac670f3793e.png","format":"png"},"train_total_spikes":7861,"_step":602,"_timestamp":1.7466451868976457e+09,"_runtime":173.287063367,"_wandb":{"runtime":173},"train_spikes_per_t":30.70703125,"val_total_spikes":7861,"train_acc":1,"val_loss":0.20145219564437866,"train_loss":0.008625412359833717}