{"_wandb":{"runtime":156},"_timestamp":1.746662635373384e+09,"final_train_acc":0.953125,"_runtime":156.830583311,"train_total_spikes":13958,"final_test_acc":0.69140625,"train_acc":0.953125,"train_spikes_per_t":54.5234375,"val_loss":0.7145025730133057,"train_loss":0.14431756734848022,"3D Loss Surface":{"_type":"image-file","sha256":"d0287b232eddff30460c9d031f75f18ea1c6aec1b2b8965f5bb46f7f4333d22b","size":467689,"path":"media/images/3D Loss Surface_601_d0287b232eddff30460c.png","format":"png","width":1522,"height":1266},"2D Loss Contour":{"width":1570,"height":1176,"_type":"image-file","sha256":"f0a49ac69136efdcb251c312971e03c54dd663976b6f6044505afa8f3910ea1f","size":123510,"path":"media/images/2D Loss Contour_602_f0a49ac69136efdcb251.png","format":"png"},"val_spikes_per_t":55.6015625,"val_total_spikes":14234,"val_acc":0.7109375,"final_val_acc":0.7109375,"_step":602}