{"3D Loss Surface":{"sha256":"041b8ed81522e53cf88ea776a6fe7c4394b9f23dcc510f5fa60275811198fcd2","size":464373,"path":"media/images/3D Loss Surface_601_041b8ed81522e53cf88e.png","format":"png","width":1522,"height":1266,"_type":"image-file"},"_wandb":{"runtime":172},"train_total_spikes":7953,"final_val_acc":0.765625,"val_loss":0.6020956635475159,"train_spikes_per_t":31.06640625,"train_loss":0.08710549026727676,"train_acc":0.984375,"_timestamp":1.746614505301825e+09,"val_spikes_per_t":31.1953125,"val_acc":0.765625,"_runtime":172.110342704,"2D Loss Contour":{"height":1176,"_type":"image-file","sha256":"053a0899909988dcdc084cbe6003f4606a5d0fe365b2f6fcc3da18e0ca1cc2aa","size":126615,"path":"media/images/2D Loss Contour_602_053a0899909988dcdc08.png","format":"png","width":1596},"final_train_acc":0.984375,"val_total_spikes":7986,"_step":602,"final_test_acc":0.76171875}