{"_step":602,"final_test_acc":0.5546875,"_runtime":75.47716678,"3D Loss Surface":{"height":1266,"_type":"image-file","sha256":"9034727dd24502460792f77d3c1b62ea6dc5c492aea72150a0cf48d180fd7e25","size":393082,"path":"media/images/3D Loss Surface_601_9034727dd24502460792.png","format":"png","width":1522},"2D Loss Contour":{"width":1596,"height":1176,"_type":"image-file","sha256":"fa6a2a942ed4761a4ec399bcbc9867ea4aed53ae8248e0a08d21d478804c97c0","size":129775,"path":"media/images/2D Loss Contour_602_fa6a2a942ed4761a4ec3.png","format":"png"},"train_loss":1.334948182106018,"val_total_spikes":25332,"train_spikes_per_t":99.5234375,"val_loss":1.419262170791626,"_timestamp":1.7465814388321195e+09,"val_spikes_per_t":98.953125,"final_train_acc":0.57421875,"final_val_acc":0.58203125,"_wandb":{"runtime":75},"val_acc":0.58203125,"train_total_spikes":25478,"train_acc":0.57421875}