{"val_loss":0.026435675099492073,"_timestamp":1.7466636478754888e+09,"val_acc":0.98828125,"val_spikes_per_t":48.21875,"train_loss":0.00018950161756947637,"_runtime":102.995088736,"train_spikes_per_t":48.1015625,"val_total_spikes":12344,"2D Loss Contour":{"_type":"image-file","sha256":"4a13d8c08ae14899ddf5376ed7bba08e0564304afc0679042929e76c3b7e509c","size":124507,"path":"media/images/2D Loss Contour_602_4a13d8c08ae14899ddf5.png","format":"png","width":1649,"height":1176},"final_train_acc":1,"final_test_acc":0.98828125,"3D Loss Surface":{"path":"media/images/3D Loss Surface_601_0c38a40bd132aa13b5bc.png","format":"png","width":1602,"height":1266,"_type":"image-file","sha256":"0c38a40bd132aa13b5bc59ea72b8a6f49019ea6a1679aee613529f5e7ae7ee3a","size":531130},"_step":602,"_wandb":{"runtime":102},"train_total_spikes":12314,"train_acc":1,"final_val_acc":0.98828125}