{"final_test_acc":0.93359375,"_runtime":161.081864724,"_timestamp":1.7466943372199452e+09,"train_loss":0.007079443894326687,"2D Loss Contour":{"path":"media/images/2D Loss Contour_602_39c941278ad87b6ea8b0.png","format":"png","width":1622,"height":1176,"_type":"image-file","sha256":"39c941278ad87b6ea8b0b1afc109780b2abd7d1c66998f4730a8d1e107d304fc","size":145640},"final_val_acc":0.96484375,"val_spikes_per_t":17.1015625,"train_spikes_per_t":17.046875,"train_acc":1,"train_total_spikes":4364,"val_loss":0.13017094135284424,"3D Loss Surface":{"format":"png","width":1548,"height":1266,"_type":"image-file","sha256":"7b4d1d295ec438061bac7d3c4a49e58aebbab2ddf98dcd6a31db32f93520975b","size":422417,"path":"media/images/3D Loss Surface_601_7b4d1d295ec438061bac.png"},"final_train_acc":1,"_wandb":{"runtime":161},"val_total_spikes":4378,"_step":602,"val_acc":0.96484375}