{"_step":602,"train_loss":0.00022263283608481288,"train_acc":1,"3D Loss Surface":{"path":"media/images/3D Loss Surface_601_75240855bd69ce08ec47.png","format":"png","width":1548,"height":1266,"_type":"image-file","sha256":"75240855bd69ce08ec475a7c5b12ed1331d5d605e95c440f44d84343285a900e","size":414982},"_runtime":102.217565285,"val_spikes_per_t":68.06640625,"_timestamp":1.7466615801386209e+09,"train_total_spikes":17496,"val_total_spikes":17425,"final_val_acc":0.9921875,"final_train_acc":1,"val_loss":0.026291750371456146,"val_acc":0.9921875,"train_spikes_per_t":68.34375,"2D Loss Contour":{"height":1176,"_type":"image-file","sha256":"66ec2e977dfc1ed232812aa643d3eafa9f9a051f61313300c96181eff9f5ccf8","size":131396,"path":"media/images/2D Loss Contour_602_66ec2e977dfc1ed23281.png","format":"png","width":1649},"_wandb":{"runtime":102},"final_test_acc":1}