{"_step":602,"_timestamp":1.7466055711088514e+09,"3D Loss Surface":{"height":1266,"_type":"image-file","sha256":"655d9aa77eb684fd7174ea673b6a73c51060bb60c8210bb3eeec971189f33c56","size":490004,"path":"media/images/3D Loss Surface_601_655d9aa77eb684fd7174.png","format":"png","width":1522},"train_acc":0.9765625,"2D Loss Contour":{"height":1176,"_type":"image-file","sha256":"d4d89c21e96ea5645fd67a710279f967d847795cf81c140c948704d8e73b719a","size":116065,"path":"media/images/2D Loss Contour_602_d4d89c21e96ea5645fd6.png","format":"png","width":1596},"train_loss":0.09829732775688171,"val_spikes_per_t":NaN,"val_loss":0.801302433013916,"final_test_acc":0.76171875,"train_spikes_per_t":NaN,"_wandb":{"runtime":56},"train_total_spikes":0,"val_total_spikes":0,"val_acc":0.7421875,"_runtime":56.790858317,"final_train_acc":0.9765625,"final_val_acc":0.7421875}