{"val_spikes_per_t":NaN,"final_test_acc":0.61328125,"_wandb":{"runtime":57},"val_total_spikes":0,"_step":602,"train_acc":0.62109375,"2D Loss Contour":{"size":130493,"path":"media/images/2D Loss Contour_602_3ff79e7e6bf076c8dc52.png","format":"png","width":1622,"height":1176,"_type":"image-file","sha256":"3ff79e7e6bf076c8dc52d3203b06fa6576cbcd9ae6f8289b06543f0a5329ad5e"},"final_val_acc":0.55078125,"val_loss":0.7214255928993225,"_runtime":57.778580276,"train_total_spikes":0,"_timestamp":1.7465968244978828e+09,"3D Loss Surface":{"width":1548,"height":1266,"_type":"image-file","sha256":"341d25981b7baf255e1820687bc400cba9cd9fac8b67fb29b620470b9ac86593","size":444126,"path":"media/images/3D Loss Surface_601_341d25981b7baf255e18.png","format":"png"},"train_spikes_per_t":NaN,"train_loss":0.6671044230461121,"final_train_acc":0.62109375,"val_acc":0.55078125}