{"train_loss":6.435107231140137,"train_spikes_per_t":47.46484375,"2D Loss Contour":{"sha256":"54ad368080056b7837a14c12eceeb5807541d481aae3eda1ccb908e57cfa210e","size":146216,"path":"media/images/2D Loss Contour_602_54ad368080056b7837a1.png","format":"png","width":1596,"height":1176,"_type":"image-file"},"val_acc":0.51953125,"3D Loss Surface":{"_type":"image-file","sha256":"f823561e2ff26885344f4ad9703ceb4bb3e53df8e4635794585fa0e06b58aa6e","size":364273,"path":"media/images/3D Loss Surface_601_f823561e2ff26885344f.png","format":"png","width":1522,"height":1266},"val_total_spikes":12162,"train_total_spikes":12151,"_step":602,"val_loss":6.364055633544922,"final_val_acc":0.51953125,"train_acc":0.5078125,"val_spikes_per_t":47.5078125,"final_test_acc":0.4765625,"final_train_acc":0.5078125,"_wandb":{"runtime":63},"_timestamp":1.746673408260777e+09,"_runtime":63.709053211}