{"_wandb":{"runtime":32},"val_total_spikes":0,"train_total_spikes":0,"val_loss":0.03479410707950592,"final_val_acc":0.9921875,"val_acc":0.9921875,"_runtime":32.010969619,"2D Loss Contour":{"sha256":"7d4419ffa4d0f15531b1447a9db9eb313ef9af9dcacaafc998faacf03e3cbbbb","size":145894,"path":"media/images/2D Loss Contour_602_7d4419ffa4d0f15531b1.png","format":"png","width":1649,"height":1176,"_type":"image-file"},"_timestamp":1.746609865957796e+09,"train_acc":1,"final_train_acc":1,"val_spikes_per_t":NaN,"train_spikes_per_t":NaN,"_step":602,"final_test_acc":0.9609375,"3D Loss Surface":{"_type":"image-file","sha256":"ac2e46418daef23059ae3cb2ae139b33c011064f89c0e50f2de4b606d9c19e99","size":496059,"path":"media/images/3D Loss Surface_601_ac2e46418daef23059ae.png","format":"png","width":1575,"height":1266},"train_loss":0.0009138236055150628}