{"val_spikes_per_t":NaN,"val_acc":0.58984375,"_step":602,"2D Loss Contour":{"sha256":"4eb6fd4a2417b1dcc6c99070a71fbdb30786cfe879875768f7c1e3cd20dbaccd","size":118406,"path":"media/images/2D Loss Contour_602_4eb6fd4a2417b1dcc6c9.png","format":"png","width":1622,"height":1176,"_type":"image-file"},"train_acc":0.5625,"_wandb":{"runtime":33},"final_test_acc":0.51953125,"train_spikes_per_t":NaN,"val_loss":2.436330795288086,"3D Loss Surface":{"size":408322,"path":"media/images/3D Loss Surface_601_42c9ccb029373e66adae.png","format":"png","width":1575,"height":1266,"_type":"image-file","sha256":"42c9ccb029373e66adae24999cbf893a90ba33e68261512825540ce5798cf3b2"},"train_loss":2.0970427989959717,"val_total_spikes":0,"final_train_acc":0.5625,"final_val_acc":0.58984375,"_timestamp":1.7466709897439356e+09,"train_total_spikes":0,"_runtime":33.127454063}