{"_timestamp":1.7466598244153898e+09,"_runtime":102.204028132,"final_test_acc":0.984375,"final_val_acc":0.9921875,"val_spikes_per_t":44.15625,"val_loss":0.017972754314541817,"train_total_spikes":11190,"val_total_spikes":11304,"train_loss":0.0003357134701218456,"final_train_acc":1,"_wandb":{"runtime":102},"3D Loss Surface":{"format":"png","width":1575,"height":1266,"_type":"image-file","sha256":"06573c12babb4c9c777a640607161267616ac9566f44f957f259a2565f070d22","size":494995,"path":"media/images/3D Loss Surface_601_06573c12babb4c9c777a.png"},"_step":602,"train_spikes_per_t":43.7109375,"train_acc":1,"val_acc":0.9921875,"2D Loss Contour":{"path":"media/images/2D Loss Contour_602_642428e2926c2a9cab21.png","format":"png","width":1623,"height":1176,"_type":"image-file","sha256":"642428e2926c2a9cab2170a4e636309e3bf37a616a96dcf20ff5128f7d9216fb","size":131657}}