{"val_loss":0.3982883393764496,"2D Loss Contour":{"path":"media/images/2D Loss Contour_602_74955ea34d2faa830a57.png","format":"png","width":1649,"height":1176,"_type":"image-file","sha256":"74955ea34d2faa830a57886171b196e6288b9fdb4805b593dd457bafaf69932e","size":127865},"_runtime":75.382500928,"val_total_spikes":16636,"val_spikes_per_t":64.984375,"_timestamp":1.7465874574588575e+09,"train_total_spikes":16621,"_wandb":{"runtime":75},"train_acc":0.98828125,"train_spikes_per_t":64.92578125,"_step":602,"final_train_acc":0.98828125,"train_loss":0.3660522997379303,"final_test_acc":0.94921875,"3D Loss Surface":{"sha256":"60bb875fea89cc413ec11172fc82ddc0801750979217eb96fcfd4ab2bd09dfb7","size":439452,"path":"media/images/3D Loss Surface_601_60bb875fea89cc413ec1.png","format":"png","width":1548,"height":1266,"_type":"image-file"},"final_val_acc":0.95703125,"val_acc":0.95703125}