{"train_spikes_per_t":8.69140625,"final_test_acc":0.9453125,"train_acc":0.99609375,"val_spikes_per_t":8.5,"_runtime":160.587768745,"val_loss":0.17699198424816132,"train_total_spikes":2225,"_step":602,"3D Loss Surface":{"size":447571,"path":"media/images/3D Loss Surface_601_07addf9d1f810015b3f1.png","format":"png","width":1548,"height":1266,"_type":"image-file","sha256":"07addf9d1f810015b3f117d8c9b784a89503af13215e477667b1ee7a64d606dd"},"val_acc":0.9453125,"_timestamp":1.746683770706705e+09,"val_total_spikes":2176,"2D Loss Contour":{"path":"media/images/2D Loss Contour_602_2f81bfcfa96c0e42d973.png","format":"png","width":1596,"height":1176,"_type":"image-file","sha256":"2f81bfcfa96c0e42d9730acb46a95125dedf0d8de381110a27bfe49aa812d240","size":119463},"_wandb":{"runtime":160},"final_train_acc":0.99609375,"final_val_acc":0.9453125,"train_loss":0.01756053976714611}