{"val_acc":0.96875,"train_spikes_per_t":64.7109375,"_runtime":172.582699453,"final_train_acc":1,"train_total_spikes":16566,"val_loss":0.09925230592489243,"_timestamp":1.7466346040470128e+09,"val_total_spikes":16521,"3D Loss Surface":{"_type":"image-file","sha256":"90cecbceabea0a8e24f89b7cb668f5d4472a9f444e2d0d3560a984972e7403bb","size":452469,"path":"media/images/3D Loss Surface_601_90cecbceabea0a8e24f8.png","format":"png","width":1522,"height":1266},"_wandb":{"runtime":172},"val_spikes_per_t":64.53515625,"train_loss":0.010424656793475151,"final_val_acc":0.96875,"train_acc":1,"2D Loss Contour":{"format":"png","width":1596,"height":1176,"_type":"image-file","sha256":"26aa7852d190d23611b64cd4e802945c5d44a08cff660ba9938fa47577edb85f","size":130168,"path":"media/images/2D Loss Contour_602_26aa7852d190d23611b6.png"},"final_test_acc":0.98828125,"_step":602}