{"_timestamp":1.7466682047624514e+09,"3D Loss Surface":{"_type":"image-file","sha256":"898881c92e2751e9a71820d08f93be46418d76ccc33654a7a6dbf9d479dd4c24","size":513143,"path":"media/images/3D Loss Surface_601_898881c92e2751e9a718.png","format":"png","width":1575,"height":1266},"train_spikes_per_t":49.3828125,"2D Loss Contour":{"sha256":"c6b3f25c6aab3dda94cfc8347f5d78891de0256dcf12b8c8801f01dd08f2770d","size":145311,"path":"media/images/2D Loss Contour_602_c6b3f25c6aab3dda94cf.png","format":"png","width":1649,"height":1176,"_type":"image-file"},"train_total_spikes":12642,"val_loss":0.02185760997235775,"val_spikes_per_t":49.89453125,"_step":602,"val_acc":0.99609375,"_wandb":{"runtime":102},"final_test_acc":0.98828125,"final_val_acc":0.99609375,"train_loss":0.0002445289574097842,"final_train_acc":1,"val_total_spikes":12773,"train_acc":1,"_runtime":102.990426565}