{"_timestamp":1.746567353459946e+09,"_step":602,"val_total_spikes":25240,"2D Loss Contour":{"path":"media/images/2D Loss Contour_602_4a44acd71db8d079d944.png","format":"png","width":1623,"height":1176,"_type":"image-file","sha256":"4a44acd71db8d079d944c66ea138e7ce597c3da02492a13b34cdae475e8a25bb","size":130143},"final_train_acc":1,"val_spikes_per_t":98.59375,"val_loss":0.0372031033039093,"final_val_acc":0.98828125,"val_acc":0.98828125,"train_acc":1,"_wandb":{"runtime":114},"train_total_spikes":24996,"_runtime":114.116734655,"train_spikes_per_t":97.640625,"final_test_acc":0.98828125,"3D Loss Surface":{"sha256":"6ea3cbe46424fa125ec0bde476d5ba512bc044dbf5f5d01f4d9d1dcd66d030a8","size":488778,"path":"media/images/3D Loss Surface_601_6ea3cbe46424fa125ec0.png","format":"png","width":1575,"height":1266,"_type":"image-file"},"train_loss":0.008963203988969326}