{"final_val_acc":0.734375,"2D Loss Contour":{"sha256":"509edfcc2cebceba8a4ce1c5c379f94d8c467d8b654e55ce13871db95d3afeda","size":132270,"path":"media/images/2D Loss Contour_602_509edfcc2cebceba8a4c.png","format":"png","width":1622,"height":1176,"_type":"image-file"},"train_total_spikes":0,"final_train_acc":0.859375,"3D Loss Surface":{"sha256":"ccbe086c8fd31106ddc308db3bc4f3602e396f4c546c4f56526519f23acfc4b2","size":454866,"path":"media/images/3D Loss Surface_601_ccbe086c8fd31106ddc3.png","format":"png","width":1548,"height":1266,"_type":"image-file"},"val_acc":0.734375,"_wandb":{"runtime":57},"_runtime":57.278802172,"_timestamp":1.7466031976833277e+09,"train_acc":0.859375,"_step":602,"val_total_spikes":0,"val_loss":0.7411140203475952,"final_test_acc":0.73046875,"train_spikes_per_t":NaN,"train_loss":0.334333598613739,"val_spikes_per_t":NaN}