{"train_total_spikes":0,"_wandb":{"runtime":31},"final_test_acc":0.8046875,"3D Loss Surface":{"path":"media/images/3D Loss Surface_601_019f221d3f2fdeaf831e.png","format":"png","width":1549,"height":1266,"_type":"image-file","sha256":"019f221d3f2fdeaf831ea436a6b27e651910e7f996b73bc1967b662550250d0e","size":359326},"_timestamp":1.7466568676327083e+09,"2D Loss Contour":{"path":"media/images/2D Loss Contour_602_eb280ccba47210b082ba.png","format":"png","width":1623,"height":1176,"_type":"image-file","sha256":"eb280ccba47210b082baac7eebd4c3c42d4941573da9ff06d0226e58f85dd83f","size":123364},"_runtime":31.662506009,"val_total_spikes":0,"val_spikes_per_t":NaN,"final_val_acc":0.7578125,"train_spikes_per_t":NaN,"val_acc":0.7578125,"val_loss":0.7007992267608643,"_step":602,"final_train_acc":1,"train_loss":0.002224547555670142,"train_acc":1}