{"3D Loss Surface":{"format":"png","width":1601,"height":1266,"_type":"image-file","sha256":"8db1b7f0c368ebda9a219203c777eaf0c2603ea94f0ab2c3f572ee10a4587db4","size":521248,"path":"media/images/3D Loss Surface_601_8db1b7f0c368ebda9a21.png"},"train_spikes_per_t":50.3515625,"train_acc":1,"_step":602,"val_loss":0.044108182191848755,"val_total_spikes":12670,"_timestamp":1.7466533836181424e+09,"final_test_acc":0.98046875,"val_spikes_per_t":49.4921875,"train_total_spikes":12890,"_runtime":102.715586756,"val_acc":0.984375,"_wandb":{"runtime":102},"2D Loss Contour":{"_type":"image-file","sha256":"4806c5d0d03aff7c71ffecabcc7b03e4c8ddcd9bb5de1b984c523a3ce8a9eb1c","size":136709,"path":"media/images/2D Loss Contour_602_4806c5d0d03aff7c71ff.png","format":"png","width":1649,"height":1176},"final_val_acc":0.984375,"train_loss":0.00011853191972477362,"final_train_acc":1}