{"final_train_acc":0.96875,"2D Loss Contour":{"format":"png","width":1623,"height":1176,"_type":"image-file","sha256":"eef2ebe8df25a75c2d0cafc43c082b1558acd2a67a9276ec5f79fcb92329e57d","size":152523,"path":"media/images/2D Loss Contour_602_eef2ebe8df25a75c2d0c.png"},"_runtime":102.308746966,"_step":602,"_wandb":{"runtime":102},"train_acc":0.96875,"val_spikes_per_t":56.375,"val_loss":0.4056110084056854,"train_loss":0.1414688527584076,"val_total_spikes":14432,"train_spikes_per_t":56.58984375,"val_acc":0.83984375,"final_test_acc":0.80859375,"_timestamp":1.7466619935071292e+09,"train_total_spikes":14487,"final_val_acc":0.83984375,"3D Loss Surface":{"_type":"image-file","sha256":"e030d80362333392cf2a8c9ef5ad437b0e17d9e89c8f738d56548790e411a830","size":449166,"path":"media/images/3D Loss Surface_601_e030d80362333392cf2a.png","format":"png","width":1522,"height":1266}}