{"final_val_acc":0.7734375,"train_spikes_per_t":NaN,"final_test_acc":0.76171875,"_runtime":56.87023855,"val_spikes_per_t":NaN,"val_acc":0.7734375,"2D Loss Contour":{"sha256":"c82ad33a310261509da57b034690976a15ee03c340979b1473d7bfef1a41977e","size":137630,"path":"media/images/2D Loss Contour_602_c82ad33a310261509da5.png","format":"png","width":1596,"height":1176,"_type":"image-file"},"final_train_acc":1,"train_acc":1,"val_total_spikes":0,"train_total_spikes":0,"val_loss":0.714036762714386,"_wandb":{"runtime":56},"_step":602,"3D Loss Surface":{"path":"media/images/3D Loss Surface_601_25962ce5347aa3c9fec0.png","format":"png","width":1522,"height":1266,"_type":"image-file","sha256":"25962ce5347aa3c9fec0fafc460706ce92bf70c1515a3d810b4e19ad1d5bffd0","size":487201},"_timestamp":1.7466059184865901e+09,"train_loss":0.015415124595165253}