{"val_acc":0.9921875,"train_loss":0.0034166411496698856,"3D Loss Surface":{"size":456645,"path":"media/images/3D Loss Surface_601_2f5761fd08cc469a528e.png","format":"png","width":1522,"height":1266,"_type":"image-file","sha256":"2f5761fd08cc469a528e70bacc75e9232e43ca4b86ca314d911379fe85108e6a"},"val_loss":0.01703767664730549,"final_test_acc":1,"_wandb":{"runtime":113},"train_acc":1,"_timestamp":1.7465626681963649e+09,"2D Loss Contour":{"width":1596,"height":1176,"_type":"image-file","sha256":"6eb3ce18ca67696d69ddce1476dc8d753afe52aab5e645d7d39774027dd6465a","size":113425,"path":"media/images/2D Loss Contour_602_6eb3ce18ca67696d69dd.png","format":"png"},"_step":602,"train_total_spikes":27119,"val_spikes_per_t":106.3125,"val_total_spikes":27216,"final_train_acc":1,"train_spikes_per_t":105.93359375,"final_val_acc":0.9921875,"_runtime":113.068516517}