{"final_test_acc":0.98046875,"final_train_acc":1,"val_spikes_per_t":23.46484375,"train_spikes_per_t":24.09765625,"train_loss":0.005081632640212774,"val_acc":0.984375,"train_total_spikes":6169,"final_val_acc":0.984375,"val_total_spikes":6007,"train_acc":1,"3D Loss Surface":{"path":"media/images/3D Loss Surface_601_f9e64eb777a0523ea684.png","format":"png","width":1575,"height":1266,"_type":"image-file","sha256":"f9e64eb777a0523ea684360f14307a645568f39f43ac1f7bc6782e6698bbe6e1","size":470435},"_wandb":{"runtime":173},"val_loss":0.040533676743507385,"_runtime":173.084081014,"2D Loss Contour":{"sha256":"874d9433dea10705ea041543d63a2613c0e5556b97ebb68f9f1191cf1e0e535d","size":139387,"path":"media/images/2D Loss Contour_602_874d9433dea10705ea04.png","format":"png","width":1649,"height":1176,"_type":"image-file"},"_timestamp":1.7466234854482505e+09,"_step":602}