{"final_val_acc":0.7421875,"val_spikes_per_t":NaN,"train_total_spikes":0,"_timestamp":1.7466043556424918e+09,"2D Loss Contour":{"path":"media/images/2D Loss Contour_602_a2e35a61e607dd2b7723.png","format":"png","width":1649,"height":1176,"_type":"image-file","sha256":"a2e35a61e607dd2b7723a31af7bbcd65fbe43f3f4edcb76f70ec8133923ad505","size":150176},"train_spikes_per_t":NaN,"val_acc":0.7421875,"_step":602,"3D Loss Surface":{"size":418452,"path":"media/images/3D Loss Surface_601_d70a5cac072aef668ffc.png","format":"png","width":1575,"height":1266,"_type":"image-file","sha256":"d70a5cac072aef668ffc829caaf0110c0f513be35b155c22e3bdf0e568e94626"},"val_total_spikes":0,"train_acc":1,"final_train_acc":1,"_runtime":57.366065416,"_wandb":{"runtime":57},"train_loss":0.015063437633216381,"val_loss":0.7295670509338379,"final_test_acc":0.69921875}