{"_timestamp":1.7465584708361392e+09,"final_val_acc":0.34765625,"val_acc":0.34765625,"train_spikes_per_t":132.24609375,"_runtime":111.867123654,"3D Loss Surface":{"height":1266,"_type":"image-file","sha256":"9f84240b40bb7e6a0c6c79a02317ccdeb0db2812dd72571f353baab781025c5d","size":417223,"path":"media/images/3D Loss Surface_601_9f84240b40bb7e6a0c6c.png","format":"png","width":1495},"final_train_acc":0.4453125,"_step":602,"2D Loss Contour":{"sha256":"0ba1b5b7e44abce1c691cf52ecadbbbba1a5860c5fdf49cbc770f6d21d81f761","size":139981,"path":"media/images/2D Loss Contour_602_0ba1b5b7e44abce1c691.png","format":"png","width":1569,"height":1176,"_type":"image-file"},"val_total_spikes":33999,"train_total_spikes":33855,"final_test_acc":0.4140625,"train_acc":0.4453125,"_wandb":{"runtime":111},"val_spikes_per_t":132.80859375,"train_loss":2.604478597640991,"val_loss":3.1303529739379883}