{"2D Loss Contour":{"format":"png","width":1649,"height":1176,"_type":"image-file","sha256":"c03f6eb8ecb512ef79d55a7df7e84d5ce0a1c0951dc17dde4c11d350d794f547","size":154676,"path":"media/images/2D Loss Contour_602_c03f6eb8ecb512ef79d5.png"},"train_acc":1,"_timestamp":1.7466592047622416e+09,"val_total_spikes":13295,"train_spikes_per_t":51.34375,"val_loss":0.04153994843363762,"final_train_acc":1,"_step":602,"final_test_acc":0.98828125,"val_acc":0.98046875,"train_loss":0.0002499594120308757,"val_spikes_per_t":51.93359375,"train_total_spikes":13144,"3D Loss Surface":{"height":1266,"_type":"image-file","sha256":"3f51538af6a6026fc64671310553da0531ad145bf8ed11263e18b158b4b39caa","size":485410,"path":"media/images/3D Loss Surface_601_3f51538af6a6026fc646.png","format":"png","width":1575},"_runtime":103.13362483,"_wandb":{"runtime":103},"final_val_acc":0.98046875}