{"train_spikes_per_t":NaN,"_wandb":{"runtime":32},"train_loss":0.0008911080658435822,"val_acc":1,"train_total_spikes":0,"final_val_acc":1,"final_test_acc":0.9609375,"train_acc":1,"val_loss":0.028657391667366028,"_step":602,"_timestamp":1.7466110153811216e+09,"final_train_acc":1,"3D Loss Surface":{"_type":"image-file","sha256":"d01af2572e02c04f0746a5f1be20b72401e3f5d694d295a2e3bee02e5d7b211e","size":504414,"path":"media/images/3D Loss Surface_601_d01af2572e02c04f0746.png","format":"png","width":1575,"height":1266},"val_total_spikes":0,"2D Loss Contour":{"width":1649,"height":1176,"_type":"image-file","sha256":"d263a88eac18354b25672265185989a6c64622ea6fe911743f764a1a33d9f283","size":142230,"path":"media/images/2D Loss Contour_602_d263a88eac18354b2567.png","format":"png"},"val_spikes_per_t":NaN,"_runtime":32.253065893}