{"val_loss":0.6931474804878235,"_runtime":74.677168903,"_wandb":{"runtime":74},"train_total_spikes":25442,"final_train_acc":0.51171875,"_step":602,"train_spikes_per_t":99.3828125,"2D Loss Contour":{"format":"png","width":1570,"height":1176,"_type":"image-file","sha256":"814b41197ee72eef155687b5fdd67f73e35a372dfec6e572e02b6c806a15cf74","size":105813,"path":"media/images/2D Loss Contour_602_814b41197ee72eef1556.png"},"val_total_spikes":25478,"train_acc":0.51171875,"_timestamp":1.7466549648858395e+09,"final_val_acc":0.5078125,"val_acc":0.5078125,"train_loss":0.6931474804878235,"3D Loss Surface":{"sha256":"3f9fe86b2ca5dbf0320521526f91b283e944cd771a1003ab02a77d1b44326798","size":403736,"path":"media/images/3D Loss Surface_601_3f9fe86b2ca5dbf03205.png","format":"png","width":1495,"height":1266,"_type":"image-file"},"final_test_acc":0.48046875,"val_spikes_per_t":99.5234375}