{"train_loss":0.36159074306488037,"3D Loss Surface":{"size":375179,"path":"media/images/3D Loss Surface_601_f4d9f2ff6422f795d851.png","format":"png","width":1548,"height":1266,"_type":"image-file","sha256":"f4d9f2ff6422f795d85174650133dafa60a7e4777c962597cdecb678300872f7"},"_wandb":{"runtime":58},"_timestamp":1.7466048188518882e+09,"val_acc":0.66796875,"val_total_spikes":0,"final_train_acc":0.83984375,"_step":602,"val_loss":0.6960676312446594,"train_spikes_per_t":NaN,"2D Loss Contour":{"_type":"image-file","sha256":"a843ce662caf60a720408696d82919dd0a1e94adce8b8240021ee70b18f041b4","size":128786,"path":"media/images/2D Loss Contour_602_a843ce662caf60a72040.png","format":"png","width":1596,"height":1176},"final_val_acc":0.66796875,"train_total_spikes":0,"val_spikes_per_t":NaN,"_runtime":58.646170773,"final_test_acc":0.6484375,"train_acc":0.83984375}