{"train_spikes_per_t":106.10546875,"train_loss":4.463412761688232,"_timestamp":1.7465809804136302e+09,"train_acc":0.5,"2D Loss Contour":{"height":1176,"_type":"image-file","sha256":"7f23594db901bd816695b00965f2a2eb9658b9d543900937f3038929c934dc7c","size":123158,"path":"media/images/2D Loss Contour_602_7f23594db901bd816695.png","format":"png","width":1569},"final_test_acc":0.5234375,"val_spikes_per_t":105.69921875,"_step":602,"_wandb":{"runtime":76},"_runtime":76.774434866,"train_total_spikes":27163,"val_total_spikes":27059,"final_train_acc":0.5,"val_loss":4.313587188720703,"final_val_acc":0.51171875,"val_acc":0.51171875,"3D Loss Surface":{"size":457588,"path":"media/images/3D Loss Surface_601_a7dc3b0f22d8784dce4a.png","format":"png","width":1522,"height":1266,"_type":"image-file","sha256":"a7dc3b0f22d8784dce4a05a7992e09ac4a0aeadf952f23733e2c2271b494b3db"}}