{"val_acc":0.5078125,"train_spikes_per_t":NaN,"val_loss":0.7134766578674316,"_runtime":56.749557476,"_step":602,"train_acc":0.54296875,"val_spikes_per_t":NaN,"_wandb":{"runtime":56},"train_loss":0.6834552884101868,"train_total_spikes":0,"final_val_acc":0.5078125,"final_train_acc":0.54296875,"final_test_acc":0.47265625,"3D Loss Surface":{"_type":"image-file","sha256":"2a7a537f65f5de96c7d654194a6cfa616c4a1144fbfdb248f97dbd8a63f4dc5a","size":362451,"path":"media/images/3D Loss Surface_601_2a7a537f65f5de96c7d6.png","format":"png","width":1548,"height":1266},"_timestamp":1.746602385441588e+09,"2D Loss Contour":{"width":1622,"height":1176,"_type":"image-file","sha256":"32e3d773d4bdde7ef867bdbadacfb1551c84be0723b638dee7deb0a22eaf99aa","size":122751,"path":"media/images/2D Loss Contour_602_32e3d773d4bdde7ef867.png","format":"png"},"val_total_spikes":0}