{"train_spikes_per_t":84.625,"_wandb":{"runtime":75},"final_train_acc":1,"train_total_spikes":21664,"val_spikes_per_t":84.0234375,"_runtime":75.364167299,"3D Loss Surface":{"format":"png","width":1575,"height":1266,"_type":"image-file","sha256":"f7532da55823e86be871590685ac9c49100773e74f696d779a89afc081f414b7","size":431126,"path":"media/images/3D Loss Surface_601_f7532da55823e86be871.png"},"_step":602,"train_acc":1,"_timestamp":1.7465824292284534e+09,"train_loss":0.0006573248538188636,"final_test_acc":0.98828125,"val_loss":0.013775558210909367,"val_total_spikes":21510,"2D Loss Contour":{"height":1176,"_type":"image-file","sha256":"0bbbcd485e734a4f67f7ef41e2ac3a9183fd5a7ee6ce4d916691eb8b34f7d2d8","size":130227,"path":"media/images/2D Loss Contour_602_0bbbcd485e734a4f67f7.png","format":"png","width":1649},"val_acc":0.9921875,"final_val_acc":0.9921875}