{"train_acc":0.5,"val_spikes_per_t":63.921875,"_wandb":{"runtime":157},"final_val_acc":0.5,"2D Loss Contour":{"height":1176,"_type":"image-file","sha256":"45c60e7dfc8c243504779df8f4f973ecb8429a5cf74624470f63f24a6e476f7e","size":145864,"path":"media/images/2D Loss Contour_602_45c60e7dfc8c24350477.png","format":"png","width":1543},"val_acc":0.5,"_runtime":157.327106615,"train_loss":7.226855278015137,"final_train_acc":0.5,"val_loss":8.242612838745117,"train_spikes_per_t":64.078125,"_step":602,"3D Loss Surface":{"size":440247,"path":"media/images/3D Loss Surface_601_403efe5f2a1e1bca492c.png","format":"png","width":1495,"height":1266,"_type":"image-file","sha256":"403efe5f2a1e1bca492c95dfbec431a1af95ec18110f9117947f30ccb2552953"},"val_total_spikes":16364,"_timestamp":1.746665468029756e+09,"train_total_spikes":16404,"final_test_acc":0.51171875}