{"final_train_acc":1,"val_spikes_per_t":NaN,"train_loss":0.0027716471813619137,"_runtime":31.920419076,"_wandb":{"runtime":31},"final_test_acc":0.7890625,"val_loss":0.860045850276947,"final_val_acc":0.77734375,"train_acc":1,"2D Loss Contour":{"size":151447,"path":"media/images/2D Loss Contour_602_207460e1f88503884a56.png","format":"png","width":1649,"height":1176,"_type":"image-file","sha256":"207460e1f88503884a5647f48b2a39e0cb606aa53844b8050136aa051403e142"},"train_spikes_per_t":NaN,"val_acc":0.77734375,"_timestamp":1.7466569004104273e+09,"val_total_spikes":0,"train_total_spikes":0,"3D Loss Surface":{"path":"media/images/3D Loss Surface_601_e7652add5fae821242c0.png","format":"png","width":1575,"height":1266,"_type":"image-file","sha256":"e7652add5fae821242c0dba303f55aca4f6f456fa80b12159c4a632b7e4b99a0","size":481500},"_step":602}