{"train_acc":1,"val_acc":0.9765625,"_wandb":{"runtime":32},"_step":602,"final_val_acc":0.9765625,"train_total_spikes":0,"final_train_acc":1,"val_total_spikes":0,"_runtime":32.305674382,"train_spikes_per_t":NaN,"2D Loss Contour":{"height":1176,"_type":"image-file","sha256":"00fa30002bc174e5d8f6e5c4dcd1e261204ce3a71af0a20d03ea455179a1058f","size":136455,"path":"media/images/2D Loss Contour_602_00fa30002bc174e5d8f6.png","format":"png","width":1649},"val_loss":0.055973585695028305,"_timestamp":1.7466094719263198e+09,"final_test_acc":0.97265625,"train_loss":0.001455967896617949,"val_spikes_per_t":NaN,"3D Loss Surface":{"sha256":"3827406a718734a47b178c264d235d6000ced3337fc67bc57118cede20af3151","size":432262,"path":"media/images/3D Loss Surface_601_3827406a718734a47b17.png","format":"png","width":1575,"height":1266,"_type":"image-file"}}