{"val_total_spikes":914,"final_val_acc":0.703125,"val_acc":0.703125,"_step":602,"train_acc":0.765625,"train_loss":0.4750046730041504,"_wandb":{"runtime":160},"final_train_acc":0.765625,"3D Loss Surface":{"size":468101,"path":"media/images/3D Loss Surface_601_760312277e1b162d724f.png","format":"png","width":1548,"height":1266,"_type":"image-file","sha256":"760312277e1b162d724f1cbf13321e0ee12637bce7232f8078c56673203075bc"},"final_test_acc":0.69921875,"train_total_spikes":911,"val_loss":0.5595510601997375,"val_spikes_per_t":3.5703125,"train_spikes_per_t":3.55859375,"_timestamp":1.7466729376595056e+09,"2D Loss Contour":{"_type":"image-file","sha256":"baa0e33fd4021944e8030895308260d6b124d82dd2f234f9aed00bfc86e52394","size":130226,"path":"media/images/2D Loss Contour_602_baa0e33fd4021944e803.png","format":"png","width":1649,"height":1176},"_runtime":160.561098522}