{"val_acc":0.984375,"3D Loss Surface":{"width":1575,"height":1266,"_type":"image-file","sha256":"43601d58b91768603f75d497a65a89ff9490ca7b2685b7147260f9acd9351242","size":400376,"path":"media/images/3D Loss Surface_601_43601d58b91768603f75.png","format":"png"},"_timestamp":1.746589745317189e+09,"val_spikes_per_t":86.89453125,"_wandb":{"runtime":75},"train_acc":1,"train_spikes_per_t":87.88671875,"_runtime":75.655290928,"2D Loss Contour":{"width":1649,"height":1176,"_type":"image-file","sha256":"16ed1ace0097ba6568f79774b906db0f0f29260510ac42d6591d02238025fcc8","size":133515,"path":"media/images/2D Loss Contour_602_16ed1ace0097ba6568f7.png","format":"png"},"final_test_acc":0.9921875,"val_loss":0.028676658868789673,"final_train_acc":1,"train_total_spikes":22499,"train_loss":0.0008554134401492774,"val_total_spikes":22245,"final_val_acc":0.984375,"_step":602}