{"final_test_acc":0.87109375,"train_acc":0.94140625,"val_acc":0.84375,"val_spikes_per_t":58.78515625,"train_spikes_per_t":59.0859375,"_runtime":172.92822895,"_wandb":{"runtime":172},"_timestamp":1.746640500241771e+09,"2D Loss Contour":{"sha256":"9ede1f8e9436846025383c56b93c9d944d80ee7fa13b914e8063915cfa224a18","size":125150,"path":"media/images/2D Loss Contour_602_9ede1f8e943684602538.png","format":"png","width":1623,"height":1176,"_type":"image-file"},"_step":602,"train_total_spikes":15126,"3D Loss Surface":{"path":"media/images/3D Loss Surface_601_c87be7fa4832481f66e2.png","format":"png","width":1522,"height":1266,"_type":"image-file","sha256":"c87be7fa4832481f66e2812807bfde9fbd653cf82770ed282adf476ec2848c78","size":349510},"final_train_acc":0.94140625,"val_loss":0.40726274251937866,"train_loss":0.14790190756320953,"val_total_spikes":15049,"final_val_acc":0.84375}