{"val_total_spikes":0,"train_loss":0.19507941603660583,"val_loss":1.0713645219802856,"final_test_acc":0.578125,"val_acc":0.6171875,"_runtime":57.956555569,"final_val_acc":0.6171875,"2D Loss Contour":{"sha256":"263ba6b1be995a60d992b82b6a687caa0692543ac8d27ec7d30099fc692a5edc","size":139774,"path":"media/images/2D Loss Contour_602_263ba6b1be995a60d992.png","format":"png","width":1649,"height":1176,"_type":"image-file"},"3D Loss Surface":{"path":"media/images/3D Loss Surface_601_539512b6ff79a137e300.png","format":"png","width":1548,"height":1266,"_type":"image-file","sha256":"539512b6ff79a137e300a6512bdb7fc3edae59ae10f00b5dec9736a38c124583","size":528011},"_wandb":{"runtime":57},"val_spikes_per_t":NaN,"train_spikes_per_t":NaN,"train_acc":0.9140625,"_timestamp":1.7466029087571173e+09,"_step":602,"train_total_spikes":0,"final_train_acc":0.9140625}