{"final_test_acc":0.984375,"_runtime":102.972054569,"_wandb":{"runtime":102},"val_loss":0.10115379095077515,"2D Loss Contour":{"format":"png","width":1622,"height":1176,"_type":"image-file","sha256":"1ccab16296c74ceed6354ba93ffe5cf5bfde14391972f604b5c7c1a7cc5656d8","size":134776,"path":"media/images/2D Loss Contour_602_1ccab16296c74ceed635.png"},"_timestamp":1.7466550703819048e+09,"val_total_spikes":10768,"final_val_acc":0.97265625,"train_loss":8.349368727067485e-05,"val_spikes_per_t":42.0625,"train_spikes_per_t":42.58203125,"final_train_acc":1,"val_acc":0.97265625,"train_total_spikes":10901,"_step":602,"3D Loss Surface":{"height":1266,"_type":"image-file","sha256":"f7b9cfa922dd77ec5924a33fa342f3c6276a6264dc231728e2a1c13223945268","size":480139,"path":"media/images/3D Loss Surface_601_f7b9cfa922dd77ec5924.png","format":"png","width":1575},"train_acc":1}