{"val_spikes_per_t":29.65234375,"_wandb":{"runtime":173},"val_total_spikes":7591,"final_train_acc":0.97265625,"train_total_spikes":7765,"train_acc":0.97265625,"3D Loss Surface":{"width":1548,"height":1266,"_type":"image-file","sha256":"321900a0be3a1a184b0f194269ba8bbf13d1426347b3297caba72936e3725f7e","size":373236,"path":"media/images/3D Loss Surface_601_321900a0be3a1a184b0f.png","format":"png"},"final_test_acc":0.90625,"_runtime":173.127039903,"2D Loss Contour":{"height":1176,"_type":"image-file","sha256":"2d0ed7ec95372a6643f358d58d54d99542a5205be05770679a1961293796c712","size":117923,"path":"media/images/2D Loss Contour_602_2d0ed7ec95372a6643f3.png","format":"png","width":1596},"_step":602,"_timestamp":1.7466417148365264e+09,"val_acc":0.85546875,"val_loss":0.34612682461738586,"train_loss":0.08968696743249893,"final_val_acc":0.85546875,"train_spikes_per_t":30.33203125}