{"_timestamp":1.746607191647153e+09,"train_total_spikes":0,"val_total_spikes":0,"3D Loss Surface":{"size":436990,"path":"media/images/3D Loss Surface_601_ae4f3f1e43c98a2e114e.png","format":"png","width":1548,"height":1266,"_type":"image-file","sha256":"ae4f3f1e43c98a2e114e1c87010bb43028049c0027821b13d07ae68ce01ff85e"},"_wandb":{"runtime":56},"train_spikes_per_t":NaN,"2D Loss Contour":{"size":133029,"path":"media/images/2D Loss Contour_602_ce58d24f497a7250c2d9.png","format":"png","width":1622,"height":1176,"_type":"image-file","sha256":"ce58d24f497a7250c2d951413b18cf0efff1ce9bee8d4131e8a7bdc3b8eb5dff"},"val_spikes_per_t":NaN,"final_val_acc":0.80078125,"final_train_acc":1,"val_loss":0.4642137289047241,"train_acc":1,"_runtime":56.899478529,"train_loss":0.019655751064419746,"final_test_acc":0.796875,"val_acc":0.80078125,"_step":602}