{"val_spikes_per_t":NaN,"_timestamp":1.746670599665867e+09,"train_loss":0.005559862125664949,"final_train_acc":1,"final_test_acc":0.6015625,"_wandb":{"runtime":43},"train_total_spikes":0,"2D Loss Contour":{"width":1596,"height":1176,"_type":"image-file","sha256":"f40ce330b9df111b2e1c2ca3c71e256143aa963eee52d34e2a87846dea69ec24","size":129891,"path":"media/images/2D Loss Contour_602_f40ce330b9df111b2e1c.png","format":"png"},"final_val_acc":0.62890625,"_runtime":43.258616162,"val_total_spikes":0,"train_acc":1,"val_acc":0.62890625,"train_spikes_per_t":NaN,"val_loss":1.446114420890808,"3D Loss Surface":{"sha256":"72a70375813cd6857efec346b2094701a3b8ed4ec428f491977cb81a53da9e16","size":418063,"path":"media/images/3D Loss Surface_601_72a70375813cd6857efe.png","format":"png","width":1522,"height":1266,"_type":"image-file"},"_step":602}