{"train_acc":0.578125,"train_spikes_per_t":NaN,"val_loss":0.7061708569526672,"_runtime":57.238538294,"2D Loss Contour":{"path":"media/images/2D Loss Contour_602_1ae5dde7d13962bc1747.png","format":"png","width":1596,"height":1176,"_type":"image-file","sha256":"1ae5dde7d13962bc17474e6ef46e6a0f754493aa18ad95277ed70e34a49018a8","size":152109},"final_test_acc":0.56640625,"train_loss":0.7615586519241333,"_wandb":{"runtime":57},"3D Loss Surface":{"path":"media/images/3D Loss Surface_601_fb5c575daeb647e0ea9f.png","format":"png","width":1522,"height":1266,"_type":"image-file","sha256":"fb5c575daeb647e0ea9f503cfecd157321e197d4673e12012dd538bc4689f367","size":436395},"train_total_spikes":0,"final_val_acc":0.609375,"_step":602,"final_train_acc":0.578125,"val_acc":0.609375,"val_total_spikes":0,"_timestamp":1.7466058031076288e+09,"val_spikes_per_t":NaN}