{"2D Loss Contour":{"format":"png","width":1623,"height":1176,"_type":"image-file","sha256":"8eed85de673598e6dcafd945015cfdba39b71b8f28b47fa79cd2e57c253b8b74","size":126780,"path":"media/images/2D Loss Contour_602_8eed85de673598e6dcaf.png"},"_wandb":{"runtime":172},"val_total_spikes":11330,"_timestamp":1.746622098430906e+09,"_runtime":172.559245715,"train_acc":1,"val_spikes_per_t":44.2578125,"val_acc":0.8828125,"final_train_acc":1,"train_spikes_per_t":44.55859375,"train_loss":0.016457606106996536,"_step":602,"val_loss":0.35159769654273987,"3D Loss Surface":{"path":"media/images/3D Loss Surface_601_be54d4572c881243cbab.png","format":"png","width":1575,"height":1266,"_type":"image-file","sha256":"be54d4572c881243cbab34ea77119de2cb16447721d3e8ae1a180244ea41b443","size":503660},"final_test_acc":0.85546875,"train_total_spikes":11407,"final_val_acc":0.8828125}