{"val_acc":0.99609375,"2D Loss Contour":{"_type":"image-file","sha256":"7acff531506e69cc2c7db484ddd0a2a1ad5bb78252595429591f3dbb42aff5f9","size":154489,"path":"media/images/2D Loss Contour_602_7acff531506e69cc2c7d.png","format":"png","width":1649,"height":1176},"train_acc":1,"train_loss":0.0009419600828550756,"val_total_spikes":0,"_step":602,"3D Loss Surface":{"height":1266,"_type":"image-file","sha256":"8306aaad1aa719dbc908c9d66b90cba5229c45cbb5cc81571e64c25df7c81020","size":450887,"path":"media/images/3D Loss Surface_601_8306aaad1aa719dbc908.png","format":"png","width":1575},"_runtime":31.900771925,"_timestamp":1.7466123933326578e+09,"final_val_acc":0.99609375,"val_spikes_per_t":NaN,"final_train_acc":1,"final_test_acc":0.96875,"val_loss":0.03377975523471832,"_wandb":{"runtime":31},"train_total_spikes":0,"train_spikes_per_t":NaN}