{"train_total_spikes":0,"train_acc":0.53515625,"_wandb":{"runtime":43},"train_loss":3.082084894180298,"2D Loss Contour":{"path":"media/images/2D Loss Contour_602_154f4c06505b51c67bf5.png","format":"png","width":1596,"height":1176,"_type":"image-file","sha256":"154f4c06505b51c67bf509b7c55882095dcdc1a463b450b56b254aab575545a2","size":126352},"train_spikes_per_t":NaN,"final_val_acc":0.50390625,"final_train_acc":0.53515625,"_runtime":43.285097195,"val_spikes_per_t":NaN,"_timestamp":1.7466701186695557e+09,"3D Loss Surface":{"size":331449,"path":"media/images/3D Loss Surface_601_9b7251798fc2c9548637.png","format":"png","width":1495,"height":1266,"_type":"image-file","sha256":"9b7251798fc2c9548637f27fb6432eca2db9c06462061187afef15e58d49fe25"},"final_test_acc":0.51953125,"val_total_spikes":0,"val_acc":0.50390625,"val_loss":3.2355310916900635,"_step":602}