{"val_acc":0.6875,"final_train_acc":0.9609375,"3D Loss Surface":{"height":1266,"_type":"image-file","sha256":"fe7287b8e716f50997fab1dcee7a497ab1717b0ba23588c63fabb6aaa80a574d","size":339701,"path":"media/images/3D Loss Surface_601_fe7287b8e716f50997fa.png","format":"png","width":1522},"_step":602,"train_spikes_per_t":NaN,"val_loss":0.956184446811676,"final_val_acc":0.6875,"final_test_acc":0.6171875,"_wandb":{"runtime":57},"train_loss":0.12338059395551682,"train_total_spikes":0,"_timestamp":1.7466075380654597e+09,"val_total_spikes":0,"val_spikes_per_t":NaN,"train_acc":0.9609375,"_runtime":57.003620216,"2D Loss Contour":{"format":"png","width":1622,"height":1176,"_type":"image-file","sha256":"ea839296a4559fd2eb5d8e260ac5b079fc837f3b1b6eebaf75ec52f9b8d05f0b","size":123137,"path":"media/images/2D Loss Contour_602_ea839296a4559fd2eb5d.png"}}