{"2D Loss Contour":{"sha256":"8734f6878883375adf024d615a37cdb73c99444e57b304f1c270bbadd1334667","size":114930,"path":"media/images/2D Loss Contour_602_8734f6878883375adf02.png","format":"png","width":1649,"height":1176,"_type":"image-file"},"train_total_spikes":0,"_timestamp":1.7466100303544812e+09,"val_total_spikes":0,"_runtime":31.818291861,"_wandb":{"runtime":31},"final_test_acc":0.97265625,"train_acc":1,"final_val_acc":0.98046875,"train_loss":0.0006223591626621783,"val_loss":0.04701877385377884,"final_train_acc":1,"3D Loss Surface":{"format":"png","width":1575,"height":1266,"_type":"image-file","sha256":"e78833d99aa97e990f79a9b7891d9b48a2faa3602db45430e6ba897ef559e972","size":570303,"path":"media/images/3D Loss Surface_601_e78833d99aa97e990f79.png"},"val_acc":0.98046875,"val_spikes_per_t":NaN,"train_spikes_per_t":NaN,"_step":602}