{"_wandb":{"runtime":32},"train_spikes_per_t":NaN,"final_train_acc":1,"train_total_spikes":0,"train_loss":0.0006622450891882181,"_runtime":32.252113012,"final_test_acc":0.9609375,"_timestamp":1.746609373323417e+09,"val_loss":0.035071928054094315,"val_total_spikes":0,"val_spikes_per_t":NaN,"2D Loss Contour":{"width":1649,"height":1176,"_type":"image-file","sha256":"90b4e8ec086e403280705d11011ca9de942f323bf3b61166930318f43b0d18ea","size":125150,"path":"media/images/2D Loss Contour_602_90b4e8ec086e40328070.png","format":"png"},"train_acc":1,"3D Loss Surface":{"format":"png","width":1575,"height":1266,"_type":"image-file","sha256":"3ed8fa74f7ff353509e9b0dd25908cf3d6f3f3096f026edd530b4f85088f51c6","size":523914,"path":"media/images/3D Loss Surface_601_3ed8fa74f7ff353509e9.png"},"val_acc":0.98828125,"_step":602,"final_val_acc":0.98828125}