{"3D Loss Surface":{"width":1548,"height":1266,"_type":"image-file","sha256":"101994d2334b6f2bdcd17f67b6960f04cc0bbfb5a4435b39746d2ea384d689f7","size":509417,"path":"media/images/3D Loss Surface_601_101994d2334b6f2bdcd1.png","format":"png"},"_runtime":57.541059526,"final_train_acc":1,"final_val_acc":0.875,"final_test_acc":0.83984375,"val_acc":0.875,"train_total_spikes":0,"val_total_spikes":0,"_wandb":{"runtime":57},"val_spikes_per_t":NaN,"val_loss":0.3140222430229187,"train_acc":1,"train_loss":0.004544072784483433,"_step":602,"train_spikes_per_t":NaN,"_timestamp":1.7465967082376995e+09,"2D Loss Contour":{"size":126800,"path":"media/images/2D Loss Contour_602_75ddc143bc9ede7179d7.png","format":"png","width":1623,"height":1176,"_type":"image-file","sha256":"75ddc143bc9ede7179d7677314dd8e4cd26d711d27f18a9fc7aab3159a5f0eba"}}