{"final_test_acc":0.98046875,"_runtime":103.242591757,"final_train_acc":1,"val_acc":0.98046875,"val_spikes_per_t":41.109375,"train_spikes_per_t":41.94140625,"val_total_spikes":10524,"train_total_spikes":10737,"train_loss":0.0001243968290509656,"_step":602,"val_loss":0.0370735339820385,"2D Loss Contour":{"height":1176,"_type":"image-file","sha256":"947e559a002f3513a310faed9024a266def179619f97083caf5a4297eb46462d","size":144767,"path":"media/images/2D Loss Contour_602_947e559a002f3513a310.png","format":"png","width":1623},"_timestamp":1.7466620973662105e+09,"final_val_acc":0.98046875,"train_acc":1,"_wandb":{"runtime":103},"3D Loss Surface":{"sha256":"af1278f4ab2639c33ea9a1e3f93dcb37e927329cc86337c95506dbf6ee6ce062","size":519672,"path":"media/images/3D Loss Surface_601_af1278f4ab2639c33ea9.png","format":"png","width":1575,"height":1266,"_type":"image-file"}}