{"val_total_spikes":10497,"val_acc":0.54296875,"2D Loss Contour":{"_type":"image-file","sha256":"9cd2ac0f2c45050181e59e897839d9f0c71447f7655b0e50c119b433377b8a27","size":121457,"path":"media/images/2D Loss Contour_602_9cd2ac0f2c45050181e5.png","format":"png","width":1569,"height":1176},"final_val_acc":0.54296875,"val_spikes_per_t":41.00390625,"val_loss":2.311588764190674,"_step":602,"_timestamp":1.746647272257556e+09,"final_test_acc":0.578125,"final_train_acc":0.7109375,"train_acc":0.7109375,"train_spikes_per_t":41.22265625,"_wandb":{"runtime":173},"train_loss":1.2464070320129395,"_runtime":173.096321963,"train_total_spikes":10553,"3D Loss Surface":{"format":"png","width":1522,"height":1266,"_type":"image-file","sha256":"99d8e193da234d5bf1727a02c2d43fd03e7ee8aac62620f707cdd5059b293f9d","size":397162,"path":"media/images/3D Loss Surface_601_99d8e193da234d5bf172.png"}}