{"_runtime":32.395486673,"val_loss":0.02957690693438053,"final_test_acc":0.96484375,"val_acc":1,"train_loss":0.0009060946758836508,"_timestamp":1.7466096360318782e+09,"val_total_spikes":0,"final_val_acc":1,"2D Loss Contour":{"path":"media/images/2D Loss Contour_602_0f8f81ef74c43779eae1.png","format":"png","width":1649,"height":1176,"_type":"image-file","sha256":"0f8f81ef74c43779eae12da92d4b04ab2b479e87c717b4fd1adfd814e1ea6a51","size":160753},"3D Loss Surface":{"width":1575,"height":1266,"_type":"image-file","sha256":"e1f70de68fa902ba7b4be84af8d7c64b27c1f9b4f8b42d5fea743c9654a500d5","size":499136,"path":"media/images/3D Loss Surface_601_e1f70de68fa902ba7b4b.png","format":"png"},"_wandb":{"runtime":32},"_step":602,"train_total_spikes":0,"val_spikes_per_t":NaN,"final_train_acc":1,"train_spikes_per_t":NaN,"train_acc":1}