{"val_spikes_per_t":NaN,"train_spikes_per_t":NaN,"_timestamp":1.7466119012862802e+09,"val_total_spikes":0,"train_total_spikes":0,"final_train_acc":1,"2D Loss Contour":{"height":1176,"_type":"image-file","sha256":"18f920ddc26c0002ec931c7df8ef4cfc999764ca56e815b591dc82e2710987dd","size":124126,"path":"media/images/2D Loss Contour_602_18f920ddc26c0002ec93.png","format":"png","width":1649},"_step":602,"3D Loss Surface":{"path":"media/images/3D Loss Surface_601_52cc464dfffb9ea7d114.png","format":"png","width":1574,"height":1266,"_type":"image-file","sha256":"52cc464dfffb9ea7d114e652e16bb65c72402eca3320d7aca70cb9d3e5cce3a7","size":441945},"final_val_acc":0.98046875,"val_acc":0.98046875,"_runtime":32.064045124,"final_test_acc":0.96875,"_wandb":{"runtime":32},"train_acc":1,"val_loss":0.05604591965675354,"train_loss":0.0013605161802843213}