{"train_total_spikes":0,"_runtime":31.667304777,"train_loss":0.5795591473579407,"val_acc":0.578125,"val_total_spikes":0,"val_spikes_per_t":NaN,"val_loss":1.1080670356750488,"_wandb":{"runtime":31},"_timestamp":1.7466565122400424e+09,"final_train_acc":0.7578125,"2D Loss Contour":{"size":110314,"path":"media/images/2D Loss Contour_602_cf06a9a42f6f86beed7b.png","format":"png","width":1622,"height":1176,"_type":"image-file","sha256":"cf06a9a42f6f86beed7bb887f264d144e7881dceea7d20f8655c827477c24b14"},"train_acc":0.7578125,"final_test_acc":0.56640625,"train_spikes_per_t":NaN,"final_val_acc":0.578125,"_step":602,"3D Loss Surface":{"format":"png","width":1548,"height":1266,"_type":"image-file","sha256":"99881c1bf7f1b3d69d03efb145e8f73c76d2c2f93357f8ec0b5d61feb2d91e8b","size":295863,"path":"media/images/3D Loss Surface_601_99881c1bf7f1b3d69d03.png"}}