{"val_total_spikes":15071,"final_train_acc":1,"val_spikes_per_t":58.87109375,"final_test_acc":0.984375,"train_loss":0.00018864913727156818,"_step":602,"val_acc":0.98828125,"train_total_spikes":15249,"2D Loss Contour":{"_type":"image-file","sha256":"ea0c9776782f650e04f34f7fd7a78da00d8e2a433e04c7c43cd78e84a0dafe3d","size":117979,"path":"media/images/2D Loss Contour_602_ea0c9776782f650e04f3.png","format":"png","width":1649,"height":1176},"3D Loss Surface":{"format":"png","width":1575,"height":1266,"_type":"image-file","sha256":"8fac2e8ed38aa16867742b966fc4d77eaff751bf481bbd21b0600985bb2fc4a0","size":487286,"path":"media/images/3D Loss Surface_601_8fac2e8ed38aa1686774.png"},"_runtime":102.81778268,"val_loss":0.03775569424033165,"final_val_acc":0.98828125,"train_acc":1,"train_spikes_per_t":59.56640625,"_timestamp":1.7466683082054634e+09,"_wandb":{"runtime":102}}