{"train_spikes_per_t":NaN,"final_test_acc":0.5,"3D Loss Surface":{"size":370797,"path":"media/images/3D Loss Surface_601_c2aadc87c3c0d1fa439c.png","format":"png","width":1548,"height":1266,"_type":"image-file","sha256":"c2aadc87c3c0d1fa439c9d91e771bd73c7a2e09e36606203b875aa0678a0ca15"},"_timestamp":1.746606092783464e+09,"val_spikes_per_t":NaN,"_runtime":57.440650515,"train_acc":0.59765625,"val_total_spikes":0,"train_loss":0.6742681264877319,"final_train_acc":0.59765625,"_wandb":{"runtime":57},"train_total_spikes":0,"val_loss":0.7202057242393494,"val_acc":0.53515625,"final_val_acc":0.53515625,"_step":602,"2D Loss Contour":{"size":128726,"path":"media/images/2D Loss Contour_602_a6fe02db403c3ee7a507.png","format":"png","width":1622,"height":1176,"_type":"image-file","sha256":"a6fe02db403c3ee7a507b2ff999b7445a99a603c65a682f6b97bfac40d28da67"}}