{"val_loss":0.5365878343582153,"_step":602,"final_val_acc":0.81640625,"train_loss":0.005758664570748806,"final_train_acc":1,"_timestamp":1.7466037762941005e+09,"train_total_spikes":0,"train_acc":1,"_runtime":57.13023347,"val_acc":0.81640625,"val_spikes_per_t":NaN,"train_spikes_per_t":NaN,"val_total_spikes":0,"_wandb":{"runtime":57},"3D Loss Surface":{"width":1548,"height":1266,"_type":"image-file","sha256":"4bff3c666a659ad02511249ba98c51ee1b152aecac5d692ad690bbbcb4abd151","size":486124,"path":"media/images/3D Loss Surface_601_4bff3c666a659ad02511.png","format":"png"},"final_test_acc":0.78515625,"2D Loss Contour":{"size":146429,"path":"media/images/2D Loss Contour_602_82cc398721447625e20e.png","format":"png","width":1623,"height":1176,"_type":"image-file","sha256":"82cc398721447625e20e82c1f52ff9aa3b84469fe296c936a5febb1832503630"}}