{"train_spikes_per_t":NaN,"final_train_acc":1,"final_test_acc":0.9609375,"val_loss":0.03610364347696304,"train_loss":0.000995907699689269,"train_total_spikes":0,"2D Loss Contour":{"height":1176,"_type":"image-file","sha256":"19262759c16daeca8e3aa33e2f35580e87105f0efbaec9f8a97a67840a2f8533","size":148540,"path":"media/images/2D Loss Contour_602_19262759c16daeca8e3a.png","format":"png","width":1649},"_runtime":31.812655458000002,"_step":602,"train_acc":1,"val_acc":0.99609375,"3D Loss Surface":{"sha256":"faa7cefb26b1e287c0cb8a6c8d10d0bc185a46901cdd8650b0610ad63e3812cd","size":496997,"path":"media/images/3D Loss Surface_601_faa7cefb26b1e287c0cb.png","format":"png","width":1575,"height":1266,"_type":"image-file"},"val_spikes_per_t":NaN,"val_total_spikes":0,"_wandb":{"runtime":31},"_timestamp":1.746611113210143e+09,"final_val_acc":0.99609375}