{"train_loss":0.0007397157023660839,"train_total_spikes":0,"val_acc":0.9765625,"val_total_spikes":0,"_step":602,"train_acc":1,"val_spikes_per_t":NaN,"_wandb":{"runtime":32},"final_val_acc":0.9765625,"_timestamp":1.746609438916744e+09,"final_test_acc":0.96484375,"2D Loss Contour":{"size":114816,"path":"media/images/2D Loss Contour_602_9aff7011e1552906f57d.png","format":"png","width":1649,"height":1176,"_type":"image-file","sha256":"9aff7011e1552906f57d66b4b53289c555fe576c501e6fc9ea15537c8d7fab8f"},"train_spikes_per_t":NaN,"final_train_acc":1,"3D Loss Surface":{"sha256":"b153f4af9691d79f6b88a7a328d5cd88af27433d1addceaae8c23803e070b622","size":539366,"path":"media/images/3D Loss Surface_601_b153f4af9691d79f6b88.png","format":"png","width":1601,"height":1266,"_type":"image-file"},"val_loss":0.0536341667175293,"_runtime":32.312234536}