{"_step":602,"3D Loss Surface":{"path":"media/images/3D Loss Surface_601_5dc53d324d7ed73989fa.png","format":"png","width":1548,"height":1266,"_type":"image-file","sha256":"5dc53d324d7ed73989fa7c44031996be20d9300234235be66fbd5276159d76a6","size":467021},"val_spikes_per_t":88.91796875,"val_total_spikes":22763,"val_loss":0.05516601353883743,"_wandb":{"runtime":114},"val_acc":0.984375,"final_test_acc":0.97265625,"train_total_spikes":22942,"train_acc":1,"final_train_acc":1,"train_loss":0.01837882027029991,"final_val_acc":0.984375,"_runtime":114.310958136,"train_spikes_per_t":89.6171875,"_timestamp":1.7465770608727152e+09,"2D Loss Contour":{"sha256":"3771f6a0990b45492f3488d8e214979fa2aab97eb86bcb115a8dd0d9f54d2858","size":137600,"path":"media/images/2D Loss Contour_602_3771f6a0990b45492f34.png","format":"png","width":1622,"height":1176,"_type":"image-file"}}