{"final_train_acc":0.984375,"_timestamp":1.7466333906079895e+09,"_runtime":171.99668408,"val_acc":0.8984375,"_wandb":{"runtime":171},"val_spikes_per_t":41.75390625,"val_total_spikes":10689,"final_test_acc":0.89453125,"2D Loss Contour":{"size":162608,"path":"media/images/2D Loss Contour_602_958a95e98e57d310c7d2.png","format":"png","width":1623,"height":1176,"_type":"image-file","sha256":"958a95e98e57d310c7d29da8a4f8afead7484e451a4d4e2be88b3ba22af8e58d"},"final_val_acc":0.8984375,"val_loss":0.2324916571378708,"_step":602,"train_total_spikes":10814,"train_acc":0.984375,"3D Loss Surface":{"format":"png","width":1522,"height":1266,"_type":"image-file","sha256":"eae0f75bc9ebcdaa91ea3963dcf4e67bff5145af9efa2bc36eabaa353d479bdb","size":422508,"path":"media/images/3D Loss Surface_601_eae0f75bc9ebcdaa91ea.png"},"train_loss":0.069479800760746,"train_spikes_per_t":42.2421875}