{"_wandb":{"runtime":172},"train_total_spikes":22501,"2D Loss Contour":{"path":"media/images/2D Loss Contour_602_21189b715e1b3e2362f9.png","format":"png","width":1622,"height":1176,"_type":"image-file","sha256":"21189b715e1b3e2362f9dd0d2490d9817ee7ced8774adeb3083359fb23568f16","size":125256},"train_loss":0.48981690406799316,"val_total_spikes":22264,"3D Loss Surface":{"width":1548,"height":1266,"_type":"image-file","sha256":"861873d39cc143460fb890b27abc887b42154821cb568979e126837eac49218a","size":467803,"path":"media/images/3D Loss Surface_601_861873d39cc143460fb8.png","format":"png"},"val_spikes_per_t":86.96875,"val_acc":0.625,"final_test_acc":0.67578125,"_timestamp":1.7466196776565895e+09,"train_acc":0.7890625,"final_train_acc":0.7890625,"train_spikes_per_t":87.89453125,"_runtime":172.138842629,"final_val_acc":0.625,"_step":602,"val_loss":0.781083881855011}