{"val_loss":0.36451295018196106,"_timestamp":1.7466476199674642e+09,"val_acc":0.85546875,"val_total_spikes":19791,"train_spikes_per_t":76.12109375,"final_test_acc":0.8828125,"final_train_acc":0.921875,"final_val_acc":0.85546875,"train_acc":0.921875,"3D Loss Surface":{"height":1266,"_type":"image-file","sha256":"0fc4d43e7358b1ab4d5a62001bb98397494ba984cc86696dff8282fbfdb1bb0e","size":404193,"path":"media/images/3D Loss Surface_601_0fc4d43e7358b1ab4d5a.png","format":"png","width":1522},"train_total_spikes":19487,"_wandb":{"runtime":173},"2D Loss Contour":{"height":1176,"_type":"image-file","sha256":"0d787ec9bd2b74825451a92515e531447ef83a39f2efa482f70a1e169ff72d76","size":136801,"path":"media/images/2D Loss Contour_602_0d787ec9bd2b74825451.png","format":"png","width":1596},"_step":602,"train_loss":0.18951131403446198,"_runtime":173.397290931,"val_spikes_per_t":77.30859375}