{"_wandb":{"runtime":160},"_timestamp":1.7466840944109309e+09,"final_train_acc":0.99609375,"2D Loss Contour":{"_type":"image-file","sha256":"75d3eca493f7ef122a9c95cbbea8fdda49ff3442eef867ae492ed2598a4e08bf","size":101609,"path":"media/images/2D Loss Contour_602_75d3eca493f7ef122a9c.png","format":"png","width":1596,"height":1176},"train_total_spikes":1208,"val_total_spikes":1327,"train_loss":0.023346541449427605,"train_acc":0.99609375,"train_spikes_per_t":4.71875,"final_test_acc":0.90625,"_step":602,"val_loss":0.4486616849899292,"_runtime":160.977382814,"final_val_acc":0.8671875,"val_acc":0.8671875,"val_spikes_per_t":5.18359375,"3D Loss Surface":{"path":"media/images/3D Loss Surface_601_e802464e27718877b342.png","format":"png","width":1522,"height":1266,"_type":"image-file","sha256":"e802464e27718877b342be887ef9c84adce123ee12db82699a29d1dcff09ce2a","size":395523}}