{"final_train_acc":1,"3D Loss Surface":{"sha256":"b673c8deacd17d156c2a5b52924e4ebc754735d013e5943ef6db6f512bc449ab","size":473089,"path":"media/images/3D Loss Surface_601_b673c8deacd17d156c2a.png","format":"png","width":1601,"height":1266,"_type":"image-file"},"final_val_acc":0.98828125,"_timestamp":1.7466644748807373e+09,"val_spikes_per_t":61.94921875,"train_total_spikes":16040,"train_acc":1,"train_loss":0.0007347571663558483,"final_test_acc":0.984375,"val_acc":0.98828125,"val_total_spikes":15859,"_wandb":{"runtime":102},"2D Loss Contour":{"format":"png","width":1649,"height":1176,"_type":"image-file","sha256":"6c228b177eb3ca30bc9e961c0d2f825b1ae82e0d035ad6d7d9569d95d5ae8636","size":155271,"path":"media/images/2D Loss Contour_602_6c228b177eb3ca30bc9e.png"},"train_spikes_per_t":62.65625,"_runtime":102.675588706,"_step":602,"val_loss":0.03215642273426056}