{"train_acc":1,"val_acc":0.84765625,"train_spikes_per_t":NaN,"val_total_spikes":0,"train_total_spikes":0,"final_test_acc":0.87890625,"val_spikes_per_t":NaN,"val_loss":0.46606016159057617,"_runtime":56.474088311,"train_loss":0.006579171400517225,"_timestamp":1.7466073061594505e+09,"final_train_acc":1,"3D Loss Surface":{"path":"media/images/3D Loss Surface_601_f706b18ad677f79e651b.png","format":"png","width":1549,"height":1266,"_type":"image-file","sha256":"f706b18ad677f79e651b6081240941228ca81d8ff016497f62db3e4924e0c33f","size":329047},"final_val_acc":0.84765625,"2D Loss Contour":{"format":"png","width":1623,"height":1176,"_type":"image-file","sha256":"ceb7c7f42c2ab905d603d3af544732f3f2420f71570436c8e411113ee0b9bdc7","size":125558,"path":"media/images/2D Loss Contour_602_ceb7c7f42c2ab905d603.png"},"_wandb":{"runtime":56},"_step":602}