{"final_train_acc":0.58984375,"_runtime":102.333341662,"train_spikes_per_t":56.5234375,"_step":602,"val_acc":0.59765625,"final_val_acc":0.59765625,"val_spikes_per_t":56.296875,"train_acc":0.58984375,"_wandb":{"runtime":102},"val_total_spikes":14412,"val_loss":1.0551810264587402,"train_total_spikes":14470,"final_test_acc":0.52734375,"_timestamp":1.7466491516289773e+09,"2D Loss Contour":{"size":131223,"path":"media/images/2D Loss Contour_602_f4744078e62a9921b438.png","format":"png","width":1596,"height":1176,"_type":"image-file","sha256":"f4744078e62a9921b43865f010e8c55d517ef94c3540eeb7c5332bfe2576e1c2"},"train_loss":0.9854181408882141,"3D Loss Surface":{"_type":"image-file","sha256":"6f567493683ab13dc81305fb4d7119e1d4c1f9257731aace6f16a537842fa0f5","size":395055,"path":"media/images/3D Loss Surface_601_6f567493683ab13dc813.png","format":"png","width":1522,"height":1266}}