{"train_total_spikes":21691,"2D Loss Contour":{"path":"media/images/2D Loss Contour_602_bb3015fed4dc32cce724.png","format":"png","width":1622,"height":1176,"_type":"image-file","sha256":"bb3015fed4dc32cce7244ee5a86e4f68db32b065bcb50c4b3b1ece2a42a6d34a","size":149248},"val_total_spikes":21686,"val_spikes_per_t":84.7109375,"final_test_acc":0.98828125,"val_acc":0.99609375,"3D Loss Surface":{"_type":"image-file","sha256":"11cec6746f55f5605a7c4c3909f0a0d61cd3eb30d1ebf6ebad65de6fd92d7dbb","size":321659,"path":"media/images/3D Loss Surface_601_11cec6746f55f5605a7c.png","format":"png","width":1575,"height":1266},"_timestamp":1.746584865754321e+09,"final_val_acc":0.99609375,"_runtime":75.345647606,"train_loss":0.0004115116025786847,"_wandb":{"runtime":75},"train_acc":1,"val_loss":0.013134230859577656,"final_train_acc":1,"_step":602,"train_spikes_per_t":84.73046875}