{"_step":602,"_wandb":{"runtime":172},"val_acc":0.875,"train_total_spikes":6693,"val_total_spikes":6638,"train_loss":0.006738409865647554,"train_spikes_per_t":26.14453125,"final_test_acc":0.8828125,"_timestamp":1.7466337378863535e+09,"val_spikes_per_t":25.9296875,"2D Loss Contour":{"sha256":"35e01e0b614571d96c5e746aa3ab4a2314f682ce3dd891ce8945a8ad081880a4","size":138824,"path":"media/images/2D Loss Contour_602_35e01e0b614571d96c5e.png","format":"png","width":1622,"height":1176,"_type":"image-file"},"final_val_acc":0.875,"final_train_acc":1,"_runtime":172.943220563,"3D Loss Surface":{"size":379537,"path":"media/images/3D Loss Surface_601_c304c6dab01d64240446.png","format":"png","width":1548,"height":1266,"_type":"image-file","sha256":"c304c6dab01d64240446c49ab1740cf3b78592ab05dcfd78556d38795b58fd1c"},"train_acc":1,"val_loss":0.3553479015827179}