{"val_acc":0.88671875,"train_total_spikes":12550,"_runtime":172.566218438,"final_test_acc":0.88671875,"3D Loss Surface":{"format":"png","width":1548,"height":1266,"_type":"image-file","sha256":"da8f16ba26f171de853651e15ad3e28ec250e46c00dd277bb3007fe19715fc22","size":506227,"path":"media/images/3D Loss Surface_601_da8f16ba26f171de8536.png"},"_timestamp":1.7466375509929729e+09,"val_loss":0.24866947531700134,"_wandb":{"runtime":172},"train_loss":0.009665127843618393,"val_total_spikes":12279,"val_spikes_per_t":47.96484375,"final_train_acc":1,"_step":602,"final_val_acc":0.88671875,"train_spikes_per_t":49.0234375,"2D Loss Contour":{"path":"media/images/2D Loss Contour_602_2598b022e6dd7f55ac7c.png","format":"png","width":1622,"height":1176,"_type":"image-file","sha256":"2598b022e6dd7f55ac7cc9a4eff95fe60f92d49287ceb4fc4e7cd45982d181f4","size":130578},"train_acc":1}