{"val_loss":0.7114933133125305,"val_spikes_per_t":NaN,"train_total_spikes":0,"final_test_acc":0.6875,"_step":602,"_runtime":56.626646508,"_timestamp":1.7466041802407222e+09,"val_acc":0.734375,"_wandb":{"runtime":56},"2D Loss Contour":{"_type":"image-file","sha256":"528f9661dd665a12012e4b9bfbc793c081a3d80085bc22f33a94baf40eb8b78a","size":147254,"path":"media/images/2D Loss Contour_602_528f9661dd665a12012e.png","format":"png","width":1649,"height":1176},"train_spikes_per_t":NaN,"final_train_acc":0.96875,"train_loss":0.11870638281106949,"train_acc":0.96875,"3D Loss Surface":{"format":"png","width":1548,"height":1266,"_type":"image-file","sha256":"2e14ba5e206b2b6860838beda7210d6e611fdfdb71822966e15067e22930bf27","size":445070,"path":"media/images/3D Loss Surface_601_2e14ba5e206b2b686083.png"},"val_total_spikes":0,"final_val_acc":0.734375}