{"final_test_acc":0.48046875,"train_loss":7.280142784118652,"val_acc":0.5,"val_total_spikes":14772,"train_spikes_per_t":55.9140625,"train_acc":0.51171875,"3D Loss Surface":{"_type":"image-file","sha256":"8ccc81ed4a853dc08964dd03bf16cf770434ae787c2439a71fd1fcfe83d3ebed","size":404757,"path":"media/images/3D Loss Surface_601_8ccc81ed4a853dc08964.png","format":"png","width":1495,"height":1266},"val_loss":7.987253189086914,"_wandb":{"runtime":86},"final_val_acc":0.5,"train_total_spikes":14314,"2D Loss Contour":{"_type":"image-file","sha256":"1248ccbe574c3eed04422d4f611180e94a5f961467f442421215d4399bc881ca","size":145784,"path":"media/images/2D Loss Contour_602_1248ccbe574c3eed0442.png","format":"png","width":1570,"height":1176},"_runtime":86.377758107,"_timestamp":1.7466753385089803e+09,"val_spikes_per_t":57.703125,"_step":602,"final_train_acc":0.51171875}