{"train_acc":0.640625,"val_loss":1.8452997207641602,"_wandb":{"runtime":160},"final_train_acc":0.640625,"final_val_acc":0.640625,"3D Loss Surface":{"path":"media/images/3D Loss Surface_601_e0724a9c32f511df7556.png","format":"png","width":1495,"height":1266,"_type":"image-file","sha256":"e0724a9c32f511df755621816d697ad500256b0cd67845f10756d6bd836cb572","size":456062},"train_loss":1.524266004562378,"train_total_spikes":10964,"_timestamp":1.7466740661239822e+09,"val_acc":0.640625,"_runtime":160.79394138,"_step":602,"val_spikes_per_t":43.28515625,"2D Loss Contour":{"path":"media/images/2D Loss Contour_602_ccf2f5012427b04ef384.png","format":"png","width":1569,"height":1176,"_type":"image-file","sha256":"ccf2f5012427b04ef3840587a8bc653f27d2e94435d84b076a169ace46184a6d","size":117771},"val_total_spikes":11081,"train_spikes_per_t":42.828125,"final_test_acc":0.5625}