{"_step":602,"train_total_spikes":1146,"_runtime":91.821377468,"val_acc":0.7890625,"2D Loss Contour":{"sha256":"c9a7bf18b186d87b42d89e7a266c8eae775ccd50431b77c3208d12fb5af0f8ca","size":120575,"path":"media/images/2D Loss Contour_602_c9a7bf18b186d87b42d8.png","format":"png","width":1622,"height":1176,"_type":"image-file"},"val_spikes_per_t":4.4609375,"final_test_acc":0.78125,"final_val_acc":0.7890625,"_wandb":{"runtime":91},"_timestamp":1.7466729732514448e+09,"3D Loss Surface":{"height":1266,"_type":"image-file","sha256":"4925b45b85223adc5877191362eda63f2505ef8a2260504ebae96ded5ff329ca","size":501073,"path":"media/images/3D Loss Surface_601_4925b45b85223adc5877.png","format":"png","width":1574},"val_loss":0.5504356026649475,"train_loss":0.21446672081947327,"final_train_acc":0.93359375,"val_total_spikes":1142,"train_acc":0.93359375,"train_spikes_per_t":4.4765625}