{"val_total_spikes":0,"train_total_spikes":0,"val_acc":0.796875,"train_loss":0.00679511995986104,"final_val_acc":0.796875,"_step":602,"2D Loss Contour":{"height":1176,"_type":"image-file","sha256":"a7dfba9ed1a047cc3bbe311df4e1a6b5fdf4254a908854faa54456bef4977381","size":129376,"path":"media/images/2D Loss Contour_602_a7dfba9ed1a047cc3bbe.png","format":"png","width":1622},"val_spikes_per_t":NaN,"train_acc":1,"_wandb":{"runtime":57},"_runtime":57.8349108,"train_spikes_per_t":NaN,"final_train_acc":1,"3D Loss Surface":{"width":1548,"height":1266,"_type":"image-file","sha256":"4f11e6c30589f83e9b06cf2d49365605de3394462d519031a5298b1c5f4208c6","size":441823,"path":"media/images/3D Loss Surface_601_4f11e6c30589f83e9b06.png","format":"png"},"_timestamp":1.7466063823288357e+09,"val_loss":0.5322949290275574,"final_test_acc":0.78125}