{"train_loss":0.0036256739404052496,"_timestamp":1.746611966055859e+09,"val_spikes_per_t":NaN,"2D Loss Contour":{"path":"media/images/2D Loss Contour_602_dabd197fe998ef36afae.png","format":"png","width":1649,"height":1176,"_type":"image-file","sha256":"dabd197fe998ef36afaebb9421691fa7bb20a80d6e504d790dcab780bd7af1ac","size":113577},"_step":602,"_wandb":{"runtime":31},"3D Loss Surface":{"width":1548,"height":1266,"_type":"image-file","sha256":"d9b3a43c7166577dca6c13b5133d398ead1afda30a82353e1f65e49542fed6f8","size":354502,"path":"media/images/3D Loss Surface_601_d9b3a43c7166577dca6c.png","format":"png"},"train_total_spikes":0,"final_val_acc":0.91796875,"val_acc":0.91796875,"val_loss":0.35742753744125366,"_runtime":31.662626695,"val_total_spikes":0,"final_train_acc":0.99609375,"final_test_acc":0.890625,"train_spikes_per_t":NaN,"train_acc":0.99609375}