{"val_loss":1.7914024591445923,"val_total_spikes":0,"3D Loss Surface":{"width":1522,"height":1266,"_type":"image-file","sha256":"e6579a3b9c0e02ba497209fe9de8b43f12db6bc73f1cbd319b7fa8f5883c918f","size":302793,"path":"media/images/3D Loss Surface_601_e6579a3b9c0e02ba4972.png","format":"png"},"val_spikes_per_t":NaN,"train_loss":1.6429349184036255,"train_total_spikes":0,"_timestamp":1.7466078927790003e+09,"_runtime":32.419147622,"2D Loss Contour":{"size":119273,"path":"media/images/2D Loss Contour_602_cd07c9feace691c79b7b.png","format":"png","width":1596,"height":1176,"_type":"image-file","sha256":"cd07c9feace691c79b7bdb2832ca3ab0e347bd4b8e8c9245ce0bb1e82a479f65"},"final_test_acc":0.4453125,"train_acc":0.5234375,"train_spikes_per_t":NaN,"val_acc":0.5078125,"final_val_acc":0.5078125,"_step":602,"_wandb":{"runtime":32},"final_train_acc":0.5234375}