{"val_acc":0.95703125,"_wandb":{"runtime":172},"final_val_acc":0.95703125,"_runtime":172.248917967,"train_total_spikes":10673,"_timestamp":1.7466200234091735e+09,"_step":602,"train_acc":1,"2D Loss Contour":{"height":1176,"_type":"image-file","sha256":"b6bf6b36ca6d76f720e34b9b130f110f3dec96038c3ee9e6b4e0883fbef35d9f","size":127221,"path":"media/images/2D Loss Contour_602_b6bf6b36ca6d76f720e3.png","format":"png","width":1623},"val_loss":0.15012075006961823,"train_loss":0.005306710489094257,"train_spikes_per_t":41.69140625,"3D Loss Surface":{"sha256":"ee4a2e576a0e1df80153ec3de094a842de03c6a6904cf137cf62725a25860113","size":476633,"path":"media/images/3D Loss Surface_601_ee4a2e576a0e1df80153.png","format":"png","width":1548,"height":1266,"_type":"image-file"},"final_train_acc":1,"val_spikes_per_t":41.65234375,"val_total_spikes":10663,"final_test_acc":0.9453125}