{"val_spikes_per_t":64.21875,"train_spikes_per_t":64.265625,"_step":602,"val_loss":0.05051996558904648,"final_test_acc":0.98046875,"val_total_spikes":16440,"train_loss":0.0004370755050331354,"final_train_acc":1,"_wandb":{"runtime":101},"2D Loss Contour":{"width":1649,"height":1176,"_type":"image-file","sha256":"2447bbfe996c346f3e47b7ee2ab704cc2b48f497e936640e3549bc864ff8e543","size":147980,"path":"media/images/2D Loss Contour_602_2447bbfe996c346f3e47.png","format":"png"},"3D Loss Surface":{"size":485740,"path":"media/images/3D Loss Surface_601_70f1b2b7d0ec76b1c0a2.png","format":"png","width":1548,"height":1266,"_type":"image-file","sha256":"70f1b2b7d0ec76b1c0a2321c739f3a6514ed4401ea55e1c5a55e6c5d8e8b7448"},"val_acc":0.9765625,"train_acc":1,"train_total_spikes":16452,"_timestamp":1.7466570333676355e+09,"_runtime":101.913694128,"final_val_acc":0.9765625}