{"_step":602,"final_val_acc":0.9765625,"3D Loss Surface":{"size":358179,"path":"media/images/3D Loss Surface_601_a2f9a9de509b9f033a4e.png","format":"png","width":1548,"height":1266,"_type":"image-file","sha256":"a2f9a9de509b9f033a4e751496c5147acf6763f7b8e657776e22fa961f1a10ce"},"_timestamp":1.7465913471373343e+09,"_runtime":75.810150329,"train_total_spikes":19156,"val_acc":0.9765625,"_wandb":{"runtime":75},"val_spikes_per_t":74.40234375,"val_loss":0.060040924698114395,"final_test_acc":0.96875,"final_train_acc":1,"train_loss":0.002685630228370428,"train_spikes_per_t":74.828125,"train_acc":1,"val_total_spikes":19047,"2D Loss Contour":{"width":1649,"height":1176,"_type":"image-file","sha256":"6c403b94bbf10ff1020b41a51fbee79a7df436802995d57eee5b7ed98f136b20","size":135949,"path":"media/images/2D Loss Contour_602_6c403b94bbf10ff1020b.png","format":"png"}}