{"_timestamp":1.7466697500082965e+09,"2D Loss Contour":{"_type":"image-file","sha256":"e0abaf556dbe1adf54e5ddee6367a5a6cb040f390101d08a9ba8f674d4f30d48","size":137008,"path":"media/images/2D Loss Contour_602_e0abaf556dbe1adf54e5.png","format":"png","width":1649,"height":1176},"val_acc":0.5625,"train_acc":0.61328125,"_wandb":{"runtime":47},"_runtime":47.804541058,"val_loss":0.8436549305915833,"train_total_spikes":113,"val_total_spikes":95,"train_spikes_per_t":0.44140625,"final_train_acc":0.61328125,"final_test_acc":0.53515625,"3D Loss Surface":{"width":1575,"height":1266,"_type":"image-file","sha256":"f065f4a814b97bb9eb89fbbc53495be1c1e46e1577b70e0ac2ec19d9b8b951b3","size":522291,"path":"media/images/3D Loss Surface_601_f065f4a814b97bb9eb89.png","format":"png"},"_step":602,"val_spikes_per_t":0.37109375,"train_loss":0.6366023421287537,"final_val_acc":0.5625}