{"val_loss":1.5782893896102905,"train_loss":1.220466136932373,"_timestamp":1.7465689566847403e+09,"_wandb":{"runtime":114},"_runtime":114.264660327,"val_spikes_per_t":105.37890625,"train_acc":0.578125,"3D Loss Surface":{"_type":"image-file","sha256":"a429b1ea4b9c52187ad440a45cc1df441705ef528536a3e448714adb27311767","size":398698,"path":"media/images/3D Loss Surface_601_a429b1ea4b9c52187ad4.png","format":"png","width":1495,"height":1266},"train_total_spikes":26892,"final_train_acc":0.578125,"2D Loss Contour":{"height":1176,"_type":"image-file","sha256":"f76804111a4fd2d52c0b0ee86f5f11082293112e1498e0d889d44ea7501b7887","size":142767,"path":"media/images/2D Loss Contour_602_f76804111a4fd2d52c0b.png","format":"png","width":1596},"val_total_spikes":26977,"final_val_acc":0.4453125,"_step":602,"final_test_acc":0.484375,"val_acc":0.4453125,"train_spikes_per_t":105.046875}