{"_wandb":{"runtime":47},"val_acc":0.5078125,"train_total_spikes":17595,"final_train_acc":0.51171875,"val_loss":12.200644493103027,"train_loss":12.363780975341797,"_runtime":46.997961479,"final_val_acc":0.5078125,"final_test_acc":0.48046875,"3D Loss Surface":{"path":"media/images/3D Loss Surface_601_cd601ccac5d75c8edf22.png","format":"png","width":1522,"height":1266,"_type":"image-file","sha256":"cd601ccac5d75c8edf2298bb5217aab2e3c12d7a4c4ed40c20033f577cf2b444","size":306751},"2D Loss Contour":{"width":1622,"height":1176,"_type":"image-file","sha256":"4b515d50496da86bf9efbe34581e779518651d2b5699b37b5c6c468c0e08083f","size":134130,"path":"media/images/2D Loss Contour_602_4b515d50496da86bf9ef.png","format":"png"},"train_acc":0.51171875,"val_spikes_per_t":69.9140625,"_step":602,"_timestamp":1.746669075848538e+09,"train_spikes_per_t":68.73046875,"val_total_spikes":17898}