{"final_test_acc":0.8359375,"3D Loss Surface":{"format":"png","width":1548,"height":1266,"_type":"image-file","sha256":"38ca451b7d7469b53cb5d9dbc961b78a8898691f349d5f7b3fb1079de548345a","size":320177,"path":"media/images/3D Loss Surface_601_38ca451b7d7469b53cb5.png"},"2D Loss Contour":{"height":1176,"_type":"image-file","sha256":"05bf3d33e2ddd8946d71158c26a5496b1b048c570827c54968bda865a6bd1c5b","size":121141,"path":"media/images/2D Loss Contour_602_05bf3d33e2ddd8946d71.png","format":"png","width":1623},"val_spikes_per_t":NaN,"final_val_acc":0.8359375,"_wandb":{"runtime":57},"train_spikes_per_t":NaN,"val_acc":0.8359375,"_runtime":57.343994523,"_step":602,"train_loss":0.006187875755131245,"final_train_acc":1,"_timestamp":1.7466042974572666e+09,"train_total_spikes":0,"val_loss":0.4761728048324585,"train_acc":1,"val_total_spikes":0}