{"val_acc":0.5,"train_acc":0.51953125,"_runtime":113.815639623,"_wandb":{"runtime":113},"train_spikes_per_t":100.21484375,"_timestamp":1.7465656383577998e+09,"2D Loss Contour":{"format":"png","width":1649,"height":1176,"_type":"image-file","sha256":"252ed59e2248a55f7878c26b4efcaff8f5fab9b458eb88f7e745b7878ac15756","size":129382,"path":"media/images/2D Loss Contour_602_252ed59e2248a55f7878.png"},"final_test_acc":0.48046875,"train_loss":0.36445027589797974,"val_loss":0.5008141398429871,"train_total_spikes":25655,"_step":602,"final_val_acc":0.5,"val_spikes_per_t":99.21875,"val_total_spikes":25400,"final_train_acc":0.51953125,"3D Loss Surface":{"size":294033,"path":"media/images/3D Loss Surface_601_3cc60ccda0110805ed34.png","format":"png","width":1548,"height":1266,"_type":"image-file","sha256":"3cc60ccda0110805ed34c8696523f3ec1247bcd108f5a90dd46b0bd518bec9d0"}}