{"final_val_acc":0.9765625,"3D Loss Surface":{"width":1575,"height":1266,"_type":"image-file","sha256":"736e6111430550d74cd912e0dce7eec9d2de63b05c3e6b339c79a47979e43cc0","size":436411,"path":"media/images/3D Loss Surface_601_736e6111430550d74cd9.png","format":"png"},"val_total_spikes":0,"val_spikes_per_t":NaN,"2D Loss Contour":{"width":1649,"height":1176,"_type":"image-file","sha256":"0d3ef0b67fd709ef4f799aad51714786795a2fae5a13ce7079d7719b0d0de8c4","size":129862,"path":"media/images/2D Loss Contour_602_0d3ef0b67fd709ef4f79.png","format":"png"},"_runtime":32.140985229,"_timestamp":1.7466090446735046e+09,"_step":602,"train_acc":1,"final_test_acc":0.96875,"train_loss":0.0014981915010139346,"_wandb":{"runtime":32},"train_total_spikes":0,"train_spikes_per_t":NaN,"val_acc":0.9765625,"val_loss":0.056588634848594666,"final_train_acc":1}