{"3D Loss Surface":{"_type":"image-file","sha256":"117e7c5a5afdfb45691e5300181c8aec20c1d3e9d0964eb417227355488ef393","size":526079,"path":"media/images/3D Loss Surface_601_117e7c5a5afdfb45691e.png","format":"png","width":1575,"height":1266},"train_acc":1,"final_val_acc":0.984375,"val_total_spikes":16068,"2D Loss Contour":{"_type":"image-file","sha256":"a0865549991a0c9065cd5ec6116c08abd790180a6a8c03dbadcb4778054d1854","size":137727,"path":"media/images/2D Loss Contour_602_a0865549991a0c9065cd.png","format":"png","width":1649,"height":1176},"train_spikes_per_t":63.125,"_timestamp":1.7466515256609435e+09,"train_total_spikes":16160,"train_loss":0.0001609261817065999,"val_loss":0.03157150372862816,"val_acc":0.984375,"val_spikes_per_t":62.765625,"_wandb":{"runtime":102},"_runtime":102.080278268,"_step":602,"final_train_acc":1,"final_test_acc":0.97265625}