{"_wandb":{"runtime":162},"val_acc":0.81640625,"final_val_acc":0.81640625,"3D Loss Surface":{"path":"media/images/3D Loss Surface_601_f335ed92ce8b67bb62b0.png","format":"png","width":1522,"height":1266,"_type":"image-file","sha256":"f335ed92ce8b67bb62b02a28787eb94ac60b6e26d257e4a2c862a172b9cf9561","size":460757},"train_acc":0.9921875,"train_total_spikes":4728,"_runtime":162.165571132,"_step":602,"final_test_acc":0.74609375,"val_loss":0.4784003794193268,"2D Loss Contour":{"height":1176,"_type":"image-file","sha256":"d5d9c15f9161f665fae8602f4b1d83cbbbf6091e0b7417831da8704b2d17f5ac","size":113870,"path":"media/images/2D Loss Contour_602_d5d9c15f9161f665fae8.png","format":"png","width":1596},"final_train_acc":0.9921875,"val_spikes_per_t":19.21484375,"_timestamp":1.7466915743181646e+09,"train_spikes_per_t":18.46875,"train_loss":0.04510485753417015,"val_total_spikes":4919}