{"_timestamp":1.7466125895363636e+09,"_runtime":31.653853352,"train_acc":1,"val_acc":1,"train_loss":0.0009746607393026352,"final_test_acc":0.96484375,"val_spikes_per_t":NaN,"final_val_acc":1,"_wandb":{"runtime":31},"val_loss":0.02987181767821312,"train_spikes_per_t":NaN,"2D Loss Contour":{"_type":"image-file","sha256":"a20ee73387b65c8918236787dc2d5d342181458314c30479124db626e831b1c8","size":137272,"path":"media/images/2D Loss Contour_602_a20ee73387b65c891823.png","format":"png","width":1649,"height":1176},"train_total_spikes":0,"3D Loss Surface":{"sha256":"c58d8620405efb6513c84fde56b069692af48b9d3d6a696ad2835feddcd01fc4","size":539170,"path":"media/images/3D Loss Surface_601_c58d8620405efb6513c8.png","format":"png","width":1575,"height":1266,"_type":"image-file"},"final_train_acc":1,"_step":602,"val_total_spikes":0}