{"val_spikes_per_t":NaN,"val_loss":0.5806606411933899,"train_acc":1,"train_loss":0.0033849822357296944,"final_train_acc":1,"_wandb":{"runtime":56},"_runtime":56.424201009,"val_total_spikes":0,"train_spikes_per_t":NaN,"final_test_acc":0.7734375,"val_acc":0.8046875,"final_val_acc":0.8046875,"train_total_spikes":0,"_step":602,"2D Loss Contour":{"size":131660,"path":"media/images/2D Loss Contour_602_676562033bbe63dc224f.png","format":"png","width":1596,"height":1176,"_type":"image-file","sha256":"676562033bbe63dc224f5ab5c74d1d6ad8143202b3e25973d4b04a25d4a1c6b2"},"_timestamp":1.746656013281025e+09,"3D Loss Surface":{"width":1548,"height":1266,"_type":"image-file","sha256":"f7c33670c62f394450673c7e39738b10c041e0b58809340c7a1fd2693102aa66","size":360454,"path":"media/images/3D Loss Surface_601_f7c33670c62f39445067.png","format":"png"}}