{"final_test_acc":0.984375,"train_spikes_per_t":53.4765625,"val_loss":0.010928241536021233,"val_total_spikes":13808,"_timestamp":1.7466618905848043e+09,"train_loss":0.00020879253861494362,"_wandb":{"runtime":103},"final_train_acc":1,"final_val_acc":0.99609375,"_step":602,"val_spikes_per_t":53.9375,"train_total_spikes":13690,"_runtime":103.186423365,"train_acc":1,"3D Loss Surface":{"width":1575,"height":1266,"_type":"image-file","sha256":"8bffacf70ff0c2722fb527a274dccb5d31fcbadeb2be5e46ec1c9bef864a77fc","size":533459,"path":"media/images/3D Loss Surface_601_8bffacf70ff0c2722fb5.png","format":"png"},"2D Loss Contour":{"size":129857,"path":"media/images/2D Loss Contour_602_e0625ad4b927142db7e4.png","format":"png","width":1649,"height":1176,"_type":"image-file","sha256":"e0625ad4b927142db7e4c4e67421a0cc617f538b0fdcebce8c2e7b138ed35eee"},"val_acc":0.99609375}