{"2D Loss Contour":{"width":1596,"height":1176,"_type":"image-file","sha256":"df7a01a620908d31c1ebdb6bee09ea880225848b72e0eee455ef982ec0d2c42f","size":144460,"path":"media/images/2D Loss Contour_602_df7a01a620908d31c1eb.png","format":"png"},"3D Loss Surface":{"width":1548,"height":1266,"_type":"image-file","sha256":"f06c6a1054587f5e0b796f63fbf187e9f8d1c157e7433ab3513c5bd0bc37b18c","size":493431,"path":"media/images/3D Loss Surface_601_f06c6a1054587f5e0b79.png","format":"png"},"final_train_acc":0.9375,"final_val_acc":0.80078125,"train_total_spikes":7745,"val_loss":0.5564456582069397,"val_total_spikes":7919,"train_loss":0.17116078734397888,"_step":602,"train_acc":0.9375,"final_test_acc":0.7265625,"_runtime":159.681468759,"_wandb":{"runtime":159},"val_spikes_per_t":30.93359375,"_timestamp":1.7466698806678965e+09,"val_acc":0.80078125,"train_spikes_per_t":30.25390625}