{"2D Loss Contour":{"size":128102,"path":"media/images/2D Loss Contour_602_e64b068942bb19082d79.png","format":"png","width":1623,"height":1176,"_type":"image-file","sha256":"e64b068942bb19082d79c4c671a7c24a45aa7d7adb4b342f364fe3bcfb22784c"},"final_train_acc":1,"_step":602,"val_loss":0.048140086233615875,"val_total_spikes":0,"_timestamp":1.7466125245721552e+09,"_runtime":32.050231568,"train_total_spikes":0,"3D Loss Surface":{"width":1575,"height":1266,"_type":"image-file","sha256":"5c74d8635500d775cd07d27b77f1ba93a463715ba1c86d16ba51c4077f0e6f64","size":485210,"path":"media/images/3D Loss Surface_601_5c74d8635500d775cd07.png","format":"png"},"train_spikes_per_t":NaN,"final_test_acc":0.96484375,"val_acc":0.98046875,"_wandb":{"runtime":32},"final_val_acc":0.98046875,"train_acc":1,"train_loss":0.0011188250500708818,"val_spikes_per_t":NaN}