{"_wandb":{"runtime":102},"3D Loss Surface":{"width":1575,"height":1266,"_type":"image-file","sha256":"18ad4b3afa3eab21895b48baa0a5792b34f6317c2627ea73fbe3f179fa9e4b01","size":426526,"path":"media/images/3D Loss Surface_601_18ad4b3afa3eab21895b.png","format":"png"},"_timestamp":1.7466522471985714e+09,"2D Loss Contour":{"height":1176,"_type":"image-file","sha256":"c556c36a511f11fb4ff8a99d7863082a0e2b0e49b79625cd2a8b029324a86a5e","size":156192,"path":"media/images/2D Loss Contour_602_c556c36a511f11fb4ff8.png","format":"png","width":1649},"val_spikes_per_t":67.37890625,"_runtime":102.544498958,"train_total_spikes":17217,"val_total_spikes":17249,"val_acc":0.99609375,"final_test_acc":0.98828125,"val_loss":0.01710754632949829,"train_loss":0.00023633602540940046,"train_acc":1,"final_val_acc":0.99609375,"_step":602,"train_spikes_per_t":67.25390625,"final_train_acc":1}