{"train_acc":1,"_step":602,"train_spikes_per_t":NaN,"train_total_spikes":0,"_wandb":{"runtime":57},"3D Loss Surface":{"_type":"image-file","sha256":"e31ad54332f67b0f5b2439934316514e40690a5bdf777d1c48838482524acb6b","size":370837,"path":"media/images/3D Loss Surface_601_e31ad54332f67b0f5b24.png","format":"png","width":1548,"height":1266},"val_loss":1.054819107055664,"final_test_acc":0.68359375,"2D Loss Contour":{"format":"png","width":1622,"height":1176,"_type":"image-file","sha256":"7274d54b080e3058c768f06891bda9bcebfca94c1e7fda21c59cdcbe45bbd001","size":127131,"path":"media/images/2D Loss Contour_602_7274d54b080e3058c768.png"},"_timestamp":1.7465965342362416e+09,"val_total_spikes":0,"final_train_acc":1,"val_spikes_per_t":NaN,"final_val_acc":0.7109375,"val_acc":0.7109375,"train_loss":0.028055081143975258,"_runtime":57.550382413}