{"val_spikes_per_t":54.39453125,"final_test_acc":0.984375,"train_acc":1,"2D Loss Contour":{"size":152953,"path":"media/images/2D Loss Contour_602_f1b82aa6ee51b301f690.png","format":"png","width":1649,"height":1176,"_type":"image-file","sha256":"f1b82aa6ee51b301f6908a612ab59c1c1b576f54e7bc8ecda345573194c8abe4"},"train_loss":0.0002350701397517696,"val_acc":0.9921875,"train_spikes_per_t":54.54296875,"val_loss":0.01722204126417637,"3D Loss Surface":{"height":1266,"_type":"image-file","sha256":"b2b6715cc4b24d3aa9fcfdd00d4638acdb1d785a164d32126a12a7f525c7e5bb","size":456376,"path":"media/images/3D Loss Surface_601_b2b6715cc4b24d3aa9fc.png","format":"png","width":1575},"final_val_acc":0.9921875,"_runtime":102.30309832,"train_total_spikes":13963,"_wandb":{"runtime":102},"_step":602,"_timestamp":1.7466574469612842e+09,"final_train_acc":1,"val_total_spikes":13925}