{"train_acc":1,"train_total_spikes":14191,"_wandb":{"runtime":102},"val_loss":0.09097342938184738,"train_loss":0.0003579588374122977,"val_total_spikes":14231,"final_val_acc":0.9609375,"2D Loss Contour":{"sha256":"646f792550e81217c53fb5b2fd14d08526d73d13b1830145832f4951183a03b0","size":112897,"path":"media/images/2D Loss Contour_602_646f792550e81217c53f.png","format":"png","width":1622,"height":1176,"_type":"image-file"},"_step":602,"val_acc":0.9609375,"val_spikes_per_t":55.58984375,"_runtime":102.551184968,"3D Loss Surface":{"width":1548,"height":1266,"_type":"image-file","sha256":"8e3ce00667e9ca268168386bbe134549fa169bf78a0531130de5a5120fbc508c","size":440630,"path":"media/images/3D Loss Surface_601_8e3ce00667e9ca268168.png","format":"png"},"final_train_acc":1,"final_test_acc":0.9609375,"_timestamp":1.7466510095362985e+09,"train_spikes_per_t":55.43359375}