{"val_acc":0.65234375,"_timestamp":1.7466176041042979e+09,"val_total_spikes":38083,"final_train_acc":0.80859375,"3D Loss Surface":{"height":1266,"_type":"image-file","sha256":"73468c5ecdb11ac66bbbf9c86620cb3fbe1cb7d8e9e2471f66d6806b2a1c2dae","size":449734,"path":"media/images/3D Loss Surface_601_73468c5ecdb11ac66bbb.png","format":"png","width":1575},"final_test_acc":0.7109375,"final_val_acc":0.65234375,"_step":602,"train_loss":0.24725723266601562,"train_total_spikes":38023,"_runtime":172.157429976,"val_loss":0.7151941657066345,"train_spikes_per_t":148.52734375,"train_acc":0.80859375,"val_spikes_per_t":148.76171875,"2D Loss Contour":{"height":1176,"_type":"image-file","sha256":"563ef881400cea67f431d6c6cb717a775aa33fa4fff4b07817ba6db23f9b4eb3","size":126895,"path":"media/images/2D Loss Contour_602_563ef881400cea67f431.png","format":"png","width":1623},"_wandb":{"runtime":172}}