{"val_acc":0.8203125,"train_total_spikes":0,"val_loss":0.6075196266174316,"_runtime":31.618621829,"_step":602,"val_spikes_per_t":NaN,"2D Loss Contour":{"sha256":"02af25287e90dce0806adc30fb2b0cd2f16be2d5431348d70db51ac1d491922b","size":131183,"path":"media/images/2D Loss Contour_602_02af25287e90dce0806a.png","format":"png","width":1623,"height":1176,"_type":"image-file"},"val_total_spikes":0,"train_spikes_per_t":NaN,"_timestamp":1.7466567702621148e+09,"_wandb":{"runtime":31},"final_test_acc":0.734375,"3D Loss Surface":{"sha256":"9301baaef6facaf8214862c77b01a4cf4ba362455f002e3c59c2cd24c013b34f","size":415686,"path":"media/images/3D Loss Surface_601_9301baaef6facaf82148.png","format":"png","width":1548,"height":1266,"_type":"image-file"},"train_acc":1,"final_val_acc":0.8203125,"final_train_acc":1,"train_loss":0.002790239406749606}