{"2D Loss Contour":{"height":1176,"_type":"image-file","sha256":"e78790f619242a42a49f700d14ad1c6f7c7c37c21f2e9d360159b6faf07bc3fc","size":117499,"path":"media/images/2D Loss Contour_602_e78790f619242a42a49f.png","format":"png","width":1596},"train_total_spikes":34972,"val_spikes_per_t":135.328125,"3D Loss Surface":{"format":"png","width":1522,"height":1266,"_type":"image-file","sha256":"fa8dadcbf3bbc9323a8c3313147f8a9616b6f4fa575ac879f4b2984c9d3dcf66","size":341010,"path":"media/images/3D Loss Surface_601_fa8dadcbf3bbc9323a8c.png"},"train_loss":0.030115343630313873,"train_acc":1,"val_loss":0.062093090265989304,"final_test_acc":0.984375,"_wandb":{"runtime":113},"val_acc":0.98046875,"_timestamp":1.7465750995160687e+09,"_runtime":113.89857896,"final_train_acc":1,"final_val_acc":0.98046875,"val_total_spikes":34644,"train_spikes_per_t":136.609375,"_step":602}