{"3D Loss Surface":{"height":1266,"_type":"image-file","sha256":"a34eff60c3576f3b8182eef42a583528979dda971f9ffa0a95da26fb1cd558b0","size":488868,"path":"media/images/3D Loss Surface_601_a34eff60c3576f3b8182.png","format":"png","width":1575},"train_acc":1,"_runtime":32.247839184,"train_loss":0.0011253160191699862,"_wandb":{"runtime":32},"final_test_acc":0.9609375,"train_spikes_per_t":NaN,"train_total_spikes":0,"final_train_acc":1,"_timestamp":1.7466117041603785e+09,"val_total_spikes":0,"_step":602,"val_acc":0.98046875,"final_val_acc":0.98046875,"2D Loss Contour":{"width":1623,"height":1176,"_type":"image-file","sha256":"2ca2001a03309e7002d3edbb83ea27a08d1208ba7ec9a94042ec04f136dd5b99","size":134602,"path":"media/images/2D Loss Contour_602_2ca2001a03309e7002d3.png","format":"png"},"val_spikes_per_t":NaN,"val_loss":0.048392411321401596}