{"_timestamp":1.7466075953748536e+09,"train_acc":0.77734375,"val_spikes_per_t":NaN,"final_train_acc":0.77734375,"val_loss":2.5004687309265137,"final_val_acc":0.56640625,"_runtime":56.694538361,"train_total_spikes":0,"val_acc":0.56640625,"3D Loss Surface":{"size":395301,"path":"media/images/3D Loss Surface_601_9d5342157631b9eb1c91.png","format":"png","width":1522,"height":1266,"_type":"image-file","sha256":"9d5342157631b9eb1c91f34a7c309545b366819cd4d64275619dc3461edd0d0a"},"2D Loss Contour":{"sha256":"6bc6d967a87043ea7d1468a6551881d60d3039cf02fc82968b5d15123db638d0","size":134340,"path":"media/images/2D Loss Contour_602_6bc6d967a87043ea7d14.png","format":"png","width":1596,"height":1176,"_type":"image-file"},"_wandb":{"runtime":56},"train_loss":0.853260338306427,"final_test_acc":0.5234375,"val_total_spikes":0,"_step":602,"train_spikes_per_t":NaN}