{"final_test_acc":0.76953125,"_runtime":171.797757269,"train_loss":0.18789085745811462,"train_acc":0.94140625,"train_total_spikes":25305,"2D Loss Contour":{"path":"media/images/2D Loss Contour_602_b21c27a8fea01c1fd2d7.png","format":"png","width":1622,"height":1176,"_type":"image-file","sha256":"b21c27a8fea01c1fd2d7aedcfe4a2b6b6f4a7cf453a04e59b81f6db33270d7ba","size":127830},"_step":602,"3D Loss Surface":{"height":1266,"_type":"image-file","sha256":"2a5d58f96f5126d2a4d5ff6611ab48ea9f4e166da1a4fe97961f63c603837c25","size":394687,"path":"media/images/3D Loss Surface_601_2a5d58f96f5126d2a4d5.png","format":"png","width":1575},"_wandb":{"runtime":171},"val_total_spikes":25131,"final_val_acc":0.67578125,"train_spikes_per_t":98.84765625,"_timestamp":1.7466227902838597e+09,"val_loss":0.7641252279281616,"val_acc":0.67578125,"val_spikes_per_t":98.16796875,"final_train_acc":0.94140625}