{"2D Loss Contour":{"size":136021,"path":"media/images/2D Loss Contour_602_63744826c55b89a0c388.png","format":"png","width":1649,"height":1176,"_type":"image-file","sha256":"63744826c55b89a0c388118b19314348e67c0e5c4518f0f0745312e2ef4be400"},"val_loss":0.7786996364593506,"train_spikes_per_t":NaN,"3D Loss Surface":{"_type":"image-file","sha256":"85f3565e3e60d5923f1b0aabefefc430234c12d01e80345d48ad4286817485c3","size":369559,"path":"media/images/3D Loss Surface_601_85f3565e3e60d5923f1b.png","format":"png","width":1548,"height":1266},"val_total_spikes":0,"_step":602,"train_acc":0.8203125,"_wandb":{"runtime":57},"train_total_spikes":0,"val_spikes_per_t":NaN,"train_loss":0.45108988881111145,"final_test_acc":0.6171875,"val_acc":0.578125,"final_val_acc":0.578125,"_timestamp":1.7465989713257146e+09,"_runtime":57.230298862,"final_train_acc":0.8203125}