{"_step":602,"val_total_spikes":29820,"2D Loss Contour":{"format":"png","width":1596,"height":1176,"_type":"image-file","sha256":"0727cfba401fd8c75666132bab3fb8d3e3ce9dfe95f60a651e6429989ec7ceeb","size":137971,"path":"media/images/2D Loss Contour_602_0727cfba401fd8c75666.png"},"train_acc":0.53125,"val_acc":0.4375,"3D Loss Surface":{"size":454105,"path":"media/images/3D Loss Surface_601_fce54baf00b5371f91bb.png","format":"png","width":1522,"height":1266,"_type":"image-file","sha256":"fce54baf00b5371f91bb1206f7ff2c31f83d52d520b003adf0d07eec8548b1d1"},"final_train_acc":0.53125,"train_loss":1.3520839214324951,"_timestamp":1.7465710200609124e+09,"_runtime":113.880783265,"final_val_acc":0.4375,"val_loss":1.6369669437408447,"final_test_acc":0.50390625,"train_spikes_per_t":116.30859375,"val_spikes_per_t":116.484375,"train_total_spikes":29775,"_wandb":{"runtime":113}}