{"_runtime":160.869584562,"final_test_acc":0.90234375,"final_train_acc":1,"_step":602,"train_acc":1,"val_total_spikes":5440,"_timestamp":1.7466742275817611e+09,"final_val_acc":0.94140625,"_wandb":{"runtime":160},"2D Loss Contour":{"_type":"image-file","sha256":"f17e765e54ba9d6be61e037404fa60e61ade038d27029b685d17ff1969d3eba9","size":117867,"path":"media/images/2D Loss Contour_602_f17e765e54ba9d6be61e.png","format":"png","width":1596,"height":1176},"val_loss":0.13975343108177185,"3D Loss Surface":{"size":355819,"path":"media/images/3D Loss Surface_601_342612a9e8373a855c1f.png","format":"png","width":1522,"height":1266,"_type":"image-file","sha256":"342612a9e8373a855c1f40d0c52e0fdc51f484589589bc09b2b8891b902743d2"},"train_total_spikes":5371,"val_acc":0.94140625,"train_spikes_per_t":20.98046875,"train_loss":0.00872107781469822,"val_spikes_per_t":21.25}