{"train_spikes_per_t":21.75390625,"_step":602,"3D Loss Surface":{"format":"png","width":1522,"height":1266,"_type":"image-file","sha256":"e9548f9180e4bcacb9698a3d5df56f4dc6eb8153823cd4711f11afdf7b2112a9","size":362307,"path":"media/images/3D Loss Surface_601_e9548f9180e4bcacb969.png"},"_timestamp":1.746689129041787e+09,"_runtime":161.408770884,"val_total_spikes":5526,"val_acc":0.84375,"_wandb":{"runtime":161},"final_val_acc":0.84375,"train_total_spikes":5569,"final_train_acc":0.99609375,"final_test_acc":0.79296875,"2D Loss Contour":{"height":1176,"_type":"image-file","sha256":"cbe15bb3d791f72ad057d679d53f77b21c02e0e7bf0bc0b1caa75ea0c9991b9f","size":118272,"path":"media/images/2D Loss Contour_602_cbe15bb3d791f72ad057.png","format":"png","width":1596},"train_loss":0.0393318310379982,"train_acc":0.99609375,"val_loss":0.4284490644931793,"val_spikes_per_t":21.5859375}