{"_step":602,"train_total_spikes":2729,"_timestamp":1.7466896186289575e+09,"2D Loss Contour":{"width":1596,"height":1176,"_type":"image-file","sha256":"9d6ed56779cd7c4219f3f832097b59e791311f7edb4b071ad674d1aee5abd3af","size":108087,"path":"media/images/2D Loss Contour_602_9d6ed56779cd7c4219f3.png","format":"png"},"_wandb":{"runtime":161},"val_loss":0.26694637537002563,"train_loss":0.0411129929125309,"final_val_acc":0.89453125,"val_acc":0.89453125,"final_test_acc":0.9296875,"final_train_acc":0.9921875,"3D Loss Surface":{"path":"media/images/3D Loss Surface_601_69f913e84271f15b899a.png","format":"png","width":1522,"height":1266,"_type":"image-file","sha256":"69f913e84271f15b899a9e9a9e8edaf723ad62c53c715a8f68ee9dd3824f4d70","size":396874},"_runtime":161.674657372,"train_acc":0.9921875,"val_total_spikes":2773,"train_spikes_per_t":10.66015625,"val_spikes_per_t":10.83203125}