{"2D Loss Contour":{"format":"png","width":1596,"height":1176,"_type":"image-file","sha256":"ec562b086d6a5f58e405733bdcd6fc40ffbdd87ca579c54c9e5c542448842b25","size":117948,"path":"media/images/2D Loss Contour_602_ec562b086d6a5f58e405.png"},"train_total_spikes":4780,"val_loss":0.4531007707118988,"3D Loss Surface":{"_type":"image-file","sha256":"dc78cfe918fcdb515498e3f500855bc087acb9643cb6674701926232dcc01d06","size":426167,"path":"media/images/3D Loss Surface_601_dc78cfe918fcdb515498.png","format":"png","width":1522,"height":1266},"_runtime":157.053526993,"final_train_acc":0.98828125,"val_spikes_per_t":18.171875,"_wandb":{"runtime":157},"val_total_spikes":4652,"train_spikes_per_t":18.671875,"val_acc":0.83203125,"final_test_acc":0.828125,"final_val_acc":0.83203125,"_timestamp":1.7466656256624804e+09,"_step":602,"train_acc":0.98828125,"train_loss":0.040901754051446915}