{"final_train_acc":1,"final_test_acc":0.9609375,"_wandb":{"runtime":111},"train_spikes_per_t":170.9921875,"train_total_spikes":43774,"val_total_spikes":43386,"_runtime":111.927992221,"2D Loss Contour":{"_type":"image-file","sha256":"8ec688e9ef41433230d46f08a0fd7fe57b36c6092c32c5c3ce371c7eaf4b8ad7","size":117093,"path":"media/images/2D Loss Contour_602_8ec688e9ef41433230d4.png","format":"png","width":1596,"height":1176},"val_loss":0.0506659559905529,"val_spikes_per_t":169.4765625,"final_val_acc":0.98828125,"_timestamp":1.7465597121019204e+09,"val_acc":0.98828125,"train_acc":1,"3D Loss Surface":{"width":1522,"height":1266,"_type":"image-file","sha256":"e0082e7b0b7d5f7f42b04cb7f16bd2124d5000e38993b5f770559317cf115b87","size":448519,"path":"media/images/3D Loss Surface_601_e0082e7b0b7d5f7f42b0.png","format":"png"},"_step":602,"train_loss":0.023638244718313217}