{"train_total_spikes":19228,"_timestamp":1.7465953880345151e+09,"train_spikes_per_t":75.109375,"2D Loss Contour":{"_type":"image-file","sha256":"6a8a2a2d4e34d6702eaddb4d8b6a804f0e23ae4044acebdac49d08f69570be37","size":116776,"path":"media/images/2D Loss Contour_602_6a8a2a2d4e34d6702ead.png","format":"png","width":1622,"height":1176},"val_loss":0.03650824353098869,"train_loss":0.0004891197895631194,"val_total_spikes":18848,"final_train_acc":1,"_wandb":{"runtime":75},"3D Loss Surface":{"width":1575,"height":1266,"_type":"image-file","sha256":"6154cb5919a57abc64d662f595aa665421c23d420fc8233fe249bf9e65b8abf1","size":404603,"path":"media/images/3D Loss Surface_601_6154cb5919a57abc64d6.png","format":"png"},"_step":602,"val_acc":0.98828125,"final_test_acc":0.984375,"final_val_acc":0.98828125,"val_spikes_per_t":73.625,"train_acc":1,"_runtime":75.818345733}