{"val_loss":0.08058619499206543,"val_spikes_per_t":65.87109375,"final_val_acc":0.97265625,"train_spikes_per_t":66.578125,"_timestamp":1.746584332842418e+09,"_runtime":75.242410605,"_wandb":{"runtime":75},"_step":602,"final_test_acc":0.97265625,"train_total_spikes":17044,"train_loss":0.0013989086728543043,"2D Loss Contour":{"width":1623,"height":1176,"_type":"image-file","sha256":"60935547a62e7747a66c049fa93099126420efbdba5feb528e30e6a8a2e0367c","size":123548,"path":"media/images/2D Loss Contour_602_60935547a62e7747a66c.png","format":"png"},"train_acc":1,"val_total_spikes":16863,"val_acc":0.97265625,"3D Loss Surface":{"format":"png","width":1548,"height":1266,"_type":"image-file","sha256":"087dfe36e1e89d415da4b01d87825caa6e846f7527e7688e8fa24c49e756b284","size":427220,"path":"media/images/3D Loss Surface_601_087dfe36e1e89d415da4.png"},"final_train_acc":1}