{"final_test_acc":0.96484375,"train_acc":1,"train_total_spikes":0,"train_spikes_per_t":NaN,"_step":602,"val_loss":0.028062067925930023,"final_val_acc":1,"3D Loss Surface":{"_type":"image-file","sha256":"32176b16c7c99b261ad74f02b56a2e5c592b490db92cf19f0188b422855eaa17","size":492724,"path":"media/images/3D Loss Surface_601_32176b16c7c99b261ad7.png","format":"png","width":1575,"height":1266},"_runtime":31.99447612,"_timestamp":1.746611605803191e+09,"2D Loss Contour":{"path":"media/images/2D Loss Contour_602_3e903c9ad8491907bc70.png","format":"png","width":1649,"height":1176,"_type":"image-file","sha256":"3e903c9ad8491907bc700ccca66db4ec69cb09525e44e7dd16810ee1f5f87180","size":148091},"_wandb":{"runtime":31},"final_train_acc":1,"val_total_spikes":0,"val_acc":1,"val_spikes_per_t":NaN,"train_loss":0.0008717859163880348}