{"train_acc":1,"val_acc":0.99609375,"_runtime":74.878407736,"val_total_spikes":16792,"_step":602,"val_loss":0.012175007723271847,"train_spikes_per_t":65.76171875,"final_val_acc":0.99609375,"3D Loss Surface":{"path":"media/images/3D Loss Surface_601_42eea508a70e7bef98c6.png","format":"png","width":1575,"height":1266,"_type":"image-file","sha256":"42eea508a70e7bef98c667238e2ba2cd3dabbd3cf8ee20582c5ec12d835db2f1","size":288690},"_wandb":{"runtime":74},"train_loss":0.0002482643467374146,"val_spikes_per_t":65.59375,"final_test_acc":0.99609375,"_timestamp":1.7465938623706205e+09,"final_train_acc":1,"train_total_spikes":16835,"2D Loss Contour":{"size":133406,"path":"media/images/2D Loss Contour_602_875c518386b038b7d41b.png","format":"png","width":1649,"height":1176,"_type":"image-file","sha256":"875c518386b038b7d41bd5ac706158bd14fcf93ee2855dd2029934e16450bf7b"}}