{"val_acc":0.8046875,"_runtime":57.049726549,"2D Loss Contour":{"_type":"image-file","sha256":"cb740b48efc8513a75873fecd9740b2d3b119c38faebe82d0ec4f9c5ca937972","size":158186,"path":"media/images/2D Loss Contour_602_cb740b48efc8513a7587.png","format":"png","width":1623,"height":1176},"final_test_acc":0.79296875,"final_val_acc":0.8046875,"train_spikes_per_t":NaN,"train_acc":1,"_step":602,"3D Loss Surface":{"size":415690,"path":"media/images/3D Loss Surface_601_ccb4540b2b5e2c9be5f6.png","format":"png","width":1548,"height":1266,"_type":"image-file","sha256":"ccb4540b2b5e2c9be5f6e8df0401cba75f32cd1ac7eae88a42809cca58d5ac5f"},"train_total_spikes":0,"val_loss":0.6865461468696594,"_wandb":{"runtime":57},"_timestamp":1.746600013163594e+09,"val_total_spikes":0,"train_loss":0.011769313365221024,"final_train_acc":1,"val_spikes_per_t":NaN}