{"train_total_spikes":12984,"val_spikes_per_t":49.59375,"_step":602,"_timestamp":1.7466231376802614e+09,"final_train_acc":1,"train_loss":0.016660450026392937,"2D Loss Contour":{"sha256":"9f2149b00d3c2850f790ac3c26441d0ffd8f4f764f99ffdcec50e955c5a9bd86","size":148542,"path":"media/images/2D Loss Contour_602_9f2149b00d3c2850f790.png","format":"png","width":1622,"height":1176,"_type":"image-file"},"final_val_acc":0.9453125,"_runtime":172.597872743,"train_spikes_per_t":50.71875,"val_acc":0.9453125,"final_test_acc":0.96875,"3D Loss Surface":{"sha256":"6ed6ff42bafc569b373e4cea48bb60c1ed40b54f3c1ec67e20ccb586f68f3552","size":481255,"path":"media/images/3D Loss Surface_601_6ed6ff42bafc569b373e.png","format":"png","width":1548,"height":1266,"_type":"image-file"},"train_acc":1,"val_loss":0.1122642531991005,"val_total_spikes":12696,"_wandb":{"runtime":172}}