{"train_acc":1,"_timestamp":1.7466536933995476e+09,"train_spikes_per_t":44.3515625,"2D Loss Contour":{"_type":"image-file","sha256":"b609c5ab6cb88d71b57736bb2b0cab6dba98c3d463c25f7a80c3ae370cebd323","size":140462,"path":"media/images/2D Loss Contour_602_b609c5ab6cb88d71b577.png","format":"png","width":1622,"height":1176},"final_test_acc":0.984375,"_step":602,"_runtime":102.952174772,"train_loss":0.000250223238253966,"val_spikes_per_t":44.56640625,"val_loss":0.04828357324004173,"3D Loss Surface":{"path":"media/images/3D Loss Surface_601_b37766b6e446ae5b8c4f.png","format":"png","width":1548,"height":1266,"_type":"image-file","sha256":"b37766b6e446ae5b8c4f37643956609d3254dbb4550cdad43db204c34d3cbb76","size":383622},"_wandb":{"runtime":102},"final_val_acc":0.984375,"val_acc":0.984375,"val_total_spikes":11409,"train_total_spikes":11354,"final_train_acc":1}