{"_runtime":171.776771949,"3D Loss Surface":{"size":524457,"path":"media/images/3D Loss Surface_601_805329a843e6a4036f38.png","format":"png","width":1548,"height":1266,"_type":"image-file","sha256":"805329a843e6a4036f3827b55329fd3b28d802a15a2419dacf070f3010b21b02"},"train_acc":0.86328125,"final_train_acc":0.86328125,"_timestamp":1.7466191593542106e+09,"final_test_acc":0.69921875,"train_loss":0.31493330001831055,"train_spikes_per_t":121.59375,"val_loss":0.7085909247398376,"val_acc":0.671875,"_wandb":{"runtime":171},"train_total_spikes":31128,"val_total_spikes":31216,"val_spikes_per_t":121.9375,"2D Loss Contour":{"width":1622,"height":1176,"_type":"image-file","sha256":"26cd5e340b8d39a3fb8407467418b8a7420dea153f97fc83a3c30e86990eb1a5","size":140062,"path":"media/images/2D Loss Contour_602_26cd5e340b8d39a3fb84.png","format":"png"},"_step":602,"final_val_acc":0.671875}