{"final_val_acc":0.98046875,"_step":602,"val_total_spikes":16757,"val_spikes_per_t":65.45703125,"train_spikes_per_t":65.3984375,"3D Loss Surface":{"_type":"image-file","sha256":"0d465204d23e5eb1bd024e6befbfbab9bca62d652771370dfa7ed64ebaef6fe0","size":471679,"path":"media/images/3D Loss Surface_601_0d465204d23e5eb1bd02.png","format":"png","width":1549,"height":1266},"train_loss":0.0004077540652360767,"final_test_acc":0.98046875,"val_acc":0.98046875,"val_loss":0.044690996408462524,"final_train_acc":1,"_runtime":103.559365158,"2D Loss Contour":{"size":121810,"path":"media/images/2D Loss Contour_602_914e14e823a05e7884a5.png","format":"png","width":1623,"height":1176,"_type":"image-file","sha256":"914e14e823a05e7884a54a5eeb857f4745b4095baba813af73698146d233b9b3"},"_timestamp":1.746666027893444e+09,"train_total_spikes":16742,"_wandb":{"runtime":103},"train_acc":1}