{"final_train_acc":1,"val_loss":0.03744377940893173,"train_loss":0.012330214492976665,"3D Loss Surface":{"path":"media/images/3D Loss Surface_601_39fb899826e83664f09f.png","format":"png","width":1548,"height":1266,"_type":"image-file","sha256":"39fb899826e83664f09f143ec1b457ed4b8592cfcea00acdfcb7e617b6de2855","size":368865},"_wandb":{"runtime":113},"val_spikes_per_t":101.48828125,"_timestamp":1.7465797087752345e+09,"final_val_acc":0.9921875,"train_acc":1,"val_acc":0.9921875,"_step":602,"train_total_spikes":25740,"2D Loss Contour":{"height":1176,"_type":"image-file","sha256":"7d58348625bacab2485931aadeafb337311d423a2f8df1324a85df32f9de5ae5","size":136526,"path":"media/images/2D Loss Contour_602_7d58348625bacab24859.png","format":"png","width":1596},"train_spikes_per_t":100.546875,"final_test_acc":0.96484375,"_runtime":113.317546962,"val_total_spikes":25981}