{"_runtime":57.253251589,"train_spikes_per_t":NaN,"_timestamp":1.7465966499428794e+09,"final_test_acc":0.48046875,"_wandb":{"runtime":57},"final_val_acc":0.49609375,"train_acc":0.59765625,"_step":602,"val_acc":0.49609375,"final_train_acc":0.59765625,"val_loss":4.269204139709473,"val_spikes_per_t":NaN,"train_total_spikes":0,"val_total_spikes":0,"3D Loss Surface":{"_type":"image-file","sha256":"13d428ac3f84bcfd1b2a05b03a7b38bc77303b68f430af4db714bd51d9ec9751","size":278843,"path":"media/images/3D Loss Surface_601_13d428ac3f84bcfd1b2a.png","format":"png","width":1522,"height":1266},"train_loss":3.1396749019622803,"2D Loss Contour":{"path":"media/images/2D Loss Contour_602_9c1a63055c90038fa338.png","format":"png","width":1596,"height":1176,"_type":"image-file","sha256":"9c1a63055c90038fa338f5754a86cc4b34406efaad2abdf32702b3342aa8438b","size":121716}}