{"train_spikes_per_t":42.359375,"_timestamp":1.7466380711166346e+09,"final_train_acc":1,"final_val_acc":0.7734375,"train_acc":1,"2D Loss Contour":{"path":"media/images/2D Loss Contour_602_06023478e81837f458c5.png","format":"png","width":1596,"height":1176,"_type":"image-file","sha256":"06023478e81837f458c5b90c935e1f306651df3d7c4bccecdc4482248fabd4f4","size":133424},"val_spikes_per_t":41.7890625,"train_total_spikes":10844,"3D Loss Surface":{"sha256":"316b6a2dd9e0d0592ce0fc3716fcbb5cc01cdbfc255c66bf072b0db74a0eedf2","size":445158,"path":"media/images/3D Loss Surface_601_316b6a2dd9e0d0592ce0.png","format":"png","width":1522,"height":1266,"_type":"image-file"},"val_total_spikes":10698,"val_acc":0.7734375,"val_loss":0.5668588280677795,"_wandb":{"runtime":172},"_step":602,"train_loss":0.01890103705227375,"_runtime":172.632321899,"final_test_acc":0.76953125}