{"final_train_acc":0.99609375,"_step":602,"_runtime":102.181618502,"val_acc":0.9921875,"_wandb":{"runtime":102},"train_acc":0.99609375,"val_spikes_per_t":60.59765625,"2D Loss Contour":{"path":"media/images/2D Loss Contour_602_3f8ee2be2557cceafbdc.png","format":"png","width":1623,"height":1176,"_type":"image-file","sha256":"3f8ee2be2557cceafbdc3971da5f7228bf51c09e11673d6385c3597a6fa9d3e8","size":139249},"val_total_spikes":15513,"val_loss":0.020225076004862785,"train_total_spikes":15539,"final_val_acc":0.9921875,"final_test_acc":0.96875,"_timestamp":1.746654862823746e+09,"train_spikes_per_t":60.69921875,"3D Loss Surface":{"path":"media/images/3D Loss Surface_601_38ce65679c3b0f13370e.png","format":"png","width":1575,"height":1266,"_type":"image-file","sha256":"38ce65679c3b0f13370e59a12d70221168c62cd9446aad328fb05fe1ec8a4523","size":470856},"train_loss":0.003375195898115635}