{"2D Loss Contour":{"format":"png","width":1622,"height":1176,"_type":"image-file","sha256":"c1a1fb2864fe2c37dca8b98b5be360807683411b766ad85c418500b044a8b15c","size":134685,"path":"media/images/2D Loss Contour_602_c1a1fb2864fe2c37dca8.png"},"_step":602,"val_loss":0.5665153861045837,"3D Loss Surface":{"height":1266,"_type":"image-file","sha256":"4aa8afb16bbb9a44d8a7e8dfbc1b084065d2fe7fcce07e44d0d58df3384ececd","size":450240,"path":"media/images/3D Loss Surface_601_4aa8afb16bbb9a44d8a7.png","format":"png","width":1575},"_runtime":168.170007338,"final_val_acc":0.8359375,"_wandb":{"runtime":168},"val_acc":0.8359375,"_timestamp":1.7466590867394443e+09,"final_train_acc":0.984375,"train_spikes_per_t":34.8359375,"val_spikes_per_t":34.76953125,"train_total_spikes":8918,"final_test_acc":0.8046875,"val_total_spikes":8901,"train_loss":0.04735676199197769,"train_acc":0.984375}