{"val_total_spikes":0,"train_loss":0.0008946711313910782,"_runtime":32.071707311,"val_loss":0.02884589321911335,"val_spikes_per_t":NaN,"2D Loss Contour":{"format":"png","width":1649,"height":1176,"_type":"image-file","sha256":"cf971819372d877328e3a1ac5f7e1af5dd7948548760f86afffbe10fbdb42826","size":147373,"path":"media/images/2D Loss Contour_602_cf971819372d877328e3.png"},"_timestamp":1.7466101949684007e+09,"train_acc":1,"_step":602,"3D Loss Surface":{"path":"media/images/3D Loss Surface_601_c77679f704d15be0b2a6.png","format":"png","width":1575,"height":1266,"_type":"image-file","sha256":"c77679f704d15be0b2a6b6cacb82febc6142e6d3c9602d256096b4b50e4d46ff","size":501008},"final_train_acc":1,"final_test_acc":0.9609375,"train_spikes_per_t":NaN,"train_total_spikes":0,"final_val_acc":1,"val_acc":1,"_wandb":{"runtime":32}}