{"_timestamp":1.746606729197693e+09,"val_acc":0.75390625,"_runtime":57.440985956,"train_spikes_per_t":NaN,"train_acc":1,"val_total_spikes":0,"_step":602,"2D Loss Contour":{"size":117266,"path":"media/images/2D Loss Contour_602_724d40c312433bd40fe6.png","format":"png","width":1623,"height":1176,"_type":"image-file","sha256":"724d40c312433bd40fe6fac14605b5f622755e4bb6a0d5724ca4cadb8b537053"},"_wandb":{"runtime":57},"val_loss":0.6903718113899231,"val_spikes_per_t":NaN,"train_loss":0.007993717677891254,"3D Loss Surface":{"_type":"image-file","sha256":"f69bfd2a36fd5a34faf4b30fde73455af208f27c5b8b1b1b41dd7540c60da2d4","size":491991,"path":"media/images/3D Loss Surface_601_f69bfd2a36fd5a34faf4.png","format":"png","width":1549,"height":1266},"train_total_spikes":0,"final_train_acc":1,"final_test_acc":0.765625,"final_val_acc":0.75390625}