{"_step":602,"_runtime":75.356509735,"_wandb":{"runtime":75},"train_spikes_per_t":59.7265625,"val_acc":0.98828125,"val_total_spikes":15111,"train_loss":0.000468506827019155,"_timestamp":1.7465878388108444e+09,"final_val_acc":0.98828125,"2D Loss Contour":{"format":"png","width":1649,"height":1176,"_type":"image-file","sha256":"f40e65203a83468502820ef1238f477edd42bafa6cef6c1c6c2a51d8d88f13ef","size":132276,"path":"media/images/2D Loss Contour_602_f40e65203a8346850282.png"},"3D Loss Surface":{"height":1266,"_type":"image-file","sha256":"e13db3707932475752e511f272e77172be64b1f50243689cc5a5f2b0088789ef","size":475400,"path":"media/images/3D Loss Surface_601_e13db3707932475752e5.png","format":"png","width":1575},"train_total_spikes":15290,"final_test_acc":0.99609375,"final_train_acc":1,"train_acc":1,"val_spikes_per_t":59.02734375,"val_loss":0.030431678518652916}