{"final_train_acc":0.99609375,"val_total_spikes":14498,"final_test_acc":0.9375,"train_acc":0.99609375,"val_acc":0.94921875,"_runtime":75.819985123,"_wandb":{"runtime":75},"train_total_spikes":14755,"3D Loss Surface":{"_type":"image-file","sha256":"1f23c7bdcc826d6850fbaeadadcd9508daae655abe0762cb52a9710095f418b9","size":416154,"path":"media/images/3D Loss Surface_601_1f23c7bdcc826d6850fb.png","format":"png","width":1575,"height":1266},"final_val_acc":0.94921875,"train_spikes_per_t":57.63671875,"train_loss":0.36330217123031616,"val_spikes_per_t":56.6328125,"_timestamp":1.7465956925020907e+09,"2D Loss Contour":{"_type":"image-file","sha256":"7f28ac1751f423144aa199eda8796c9bcb5a775b42550a391483d2183a580462","size":135473,"path":"media/images/2D Loss Contour_602_7f28ac1751f423144aa1.png","format":"png","width":1623,"height":1176},"val_loss":0.38926178216934204,"_step":602}