{"val_loss":0.016433745622634888,"_step":602,"train_acc":1,"final_test_acc":0.99609375,"_wandb":{"runtime":75},"train_total_spikes":20929,"2D Loss Contour":{"_type":"image-file","sha256":"3c6cbe6425da4df378adea55b50caa076cce1287094ce7a88081b0cde93b7ffc","size":117248,"path":"media/images/2D Loss Contour_602_3c6cbe6425da4df378ad.png","format":"png","width":1622,"height":1176},"3D Loss Surface":{"_type":"image-file","sha256":"7aafd8cee6fbd0ea3f7991f4f22dfc3069dc7612f192a4ab2c4a3fe5acc9fbbd","size":414076,"path":"media/images/3D Loss Surface_601_7aafd8cee6fbd0ea3f79.png","format":"png","width":1548,"height":1266},"val_total_spikes":20727,"train_loss":0.0005478946259245276,"val_spikes_per_t":80.96484375,"final_train_acc":1,"_runtime":75.490268559,"val_acc":0.9921875,"final_val_acc":0.9921875,"train_spikes_per_t":81.75390625,"_timestamp":1.7465931762106178e+09}