{"final_val_acc":0.609375,"_step":602,"train_loss":0.4536285102367401,"2D Loss Contour":{"_type":"image-file","sha256":"2b7ac833af84f7b98b386e502ce8eeeca3b8d7326b414d9946b54cc5f002288e","size":116055,"path":"media/images/2D Loss Contour_602_2b7ac833af84f7b98b38.png","format":"png","width":1622,"height":1176},"_wandb":{"runtime":171},"train_total_spikes":17104,"_timestamp":1.7466158797526414e+09,"val_spikes_per_t":66.6015625,"_runtime":171.37279419,"train_spikes_per_t":66.8125,"val_loss":0.7318630218505859,"final_train_acc":0.734375,"3D Loss Surface":{"size":468581,"path":"media/images/3D Loss Surface_601_fd8501b3661fe1fbcc7b.png","format":"png","width":1548,"height":1266,"_type":"image-file","sha256":"fd8501b3661fe1fbcc7b32ed7faa8d791879fe10bfdfd07c4e28845e6a6f4419"},"val_acc":0.609375,"val_total_spikes":17050,"final_test_acc":0.60546875,"train_acc":0.734375}