{"val_loss":0.7992499470710754,"3D Loss Surface":{"format":"png","width":1575,"height":1266,"_type":"image-file","sha256":"6393845eac87472a3069a7be8a341994df50b59084fbb3f88b3ba7d93f0c8819","size":464564,"path":"media/images/3D Loss Surface_601_6393845eac87472a3069.png"},"final_test_acc":0.625,"train_acc":0.81640625,"val_total_spikes":0,"final_val_acc":0.6328125,"train_loss":0.37935200333595276,"_timestamp":1.746598913508994e+09,"val_acc":0.6328125,"val_spikes_per_t":NaN,"2D Loss Contour":{"size":153187,"path":"media/images/2D Loss Contour_602_0fdac32d6fb8b1bbbc15.png","format":"png","width":1623,"height":1176,"_type":"image-file","sha256":"0fdac32d6fb8b1bbbc1541f68a9b0f4a86703f8d4cc90fd45fd3693d22ec91c0"},"final_train_acc":0.81640625,"_wandb":{"runtime":57},"train_spikes_per_t":NaN,"train_total_spikes":0,"_step":602,"_runtime":57.766911714}