{"val_loss":0.7601943612098694,"_runtime":172.269988267,"train_acc":0.83203125,"3D Loss Surface":{"sha256":"a059ed6968b3d017f9e6f8e9cf5db3161daa3a855f8ad487a73340548f0504b3","size":523123,"path":"media/images/3D Loss Surface_601_a059ed6968b3d017f9e6.png","format":"png","width":1548,"height":1266,"_type":"image-file"},"train_spikes_per_t":89.53515625,"train_loss":0.34466150403022766,"_step":602,"val_spikes_per_t":89.13671875,"train_total_spikes":22921,"2D Loss Contour":{"format":"png","width":1622,"height":1176,"_type":"image-file","sha256":"871a57897381d953bf59f9e2e3ae075f1c1a17c3c98087269bee86f19b78e16e","size":133399,"path":"media/images/2D Loss Contour_602_871a57897381d953bf59.png"},"val_acc":0.66796875,"final_test_acc":0.6796875,"val_total_spikes":22819,"final_val_acc":0.66796875,"_timestamp":1.7466224445373409e+09,"final_train_acc":0.83203125,"_wandb":{"runtime":172}}