{"_step":602,"final_val_acc":1,"train_acc":1,"final_test_acc":0.96484375,"_wandb":{"runtime":31},"val_acc":1,"val_loss":0.028050433844327927,"train_loss":0.0008719050674699247,"final_train_acc":1,"_timestamp":1.746613244854431e+09,"train_spikes_per_t":NaN,"train_total_spikes":0,"2D Loss Contour":{"path":"media/images/2D Loss Contour_602_128abd9a75602d87fe2e.png","format":"png","width":1649,"height":1176,"_type":"image-file","sha256":"128abd9a75602d87fe2eef40cde639775cae4b212c644b8fd9dd840ce6ee624c","size":139761},"3D Loss Surface":{"width":1601,"height":1266,"_type":"image-file","sha256":"7f666ae4eccb035dfba3fcb5a5f17bc4b1c970baa915fa23b05daf0c59058d41","size":511929,"path":"media/images/3D Loss Surface_601_7f666ae4eccb035dfba3.png","format":"png"},"val_spikes_per_t":NaN,"val_total_spikes":0,"_runtime":31.877720919}