{"val_spikes_per_t":NaN,"train_loss":0.006832499988377094,"final_val_acc":0.7421875,"val_total_spikes":0,"_runtime":56.91009806,"final_train_acc":1,"train_acc":1,"_timestamp":1.7466563002569902e+09,"final_test_acc":0.73828125,"val_acc":0.7421875,"_wandb":{"runtime":56},"3D Loss Surface":{"format":"png","width":1548,"height":1266,"_type":"image-file","sha256":"4d26bface132d728ad1da9e096bdad893bf11b4ae9e408584fd673743fe93aea","size":341164,"path":"media/images/3D Loss Surface_601_4d26bface132d728ad1d.png"},"val_loss":0.9369027614593506,"2D Loss Contour":{"path":"media/images/2D Loss Contour_602_767cb0a892518c4fb326.png","format":"png","width":1623,"height":1176,"_type":"image-file","sha256":"767cb0a892518c4fb326b19f803cf2afe7d82261077fbcd2ef7f000ecba3eb31","size":118484},"_step":602,"train_total_spikes":0,"train_spikes_per_t":NaN}