{"val_acc":0.5390625,"3D Loss Surface":{"format":"png","width":1522,"height":1266,"_type":"image-file","sha256":"ab307d848de5df0c5b8c122a0a06c0c3e923b0a856d3fe1eef8a036d217473c5","size":460000,"path":"media/images/3D Loss Surface_601_ab307d848de5df0c5b8c.png"},"_runtime":173.801633938,"val_spikes_per_t":42.1953125,"val_total_spikes":10802,"final_test_acc":0.53515625,"train_loss":1.9368025064468384,"_timestamp":1.746483596850586e+09,"_step":602,"2D Loss Contour":{"height":1176,"_type":"image-file","sha256":"38c80c83696ec4d6e0688001200c7d3a1467770a73e0fa112a86a0e7ca43641f","size":132696,"path":"media/images/2D Loss Contour_602_38c80c83696ec4d6e068.png","format":"png","width":1596},"_wandb":{"runtime":173},"final_train_acc":0.6484375,"val_loss":2.9416608810424805,"train_spikes_per_t":42.265625,"train_total_spikes":10820,"train_acc":0.6484375,"final_val_acc":0.5390625}