{"3D Loss Surface":{"size":476743,"path":"media/images/3D Loss Surface_601_20d048fb8879a7c2a8de.png","format":"png","width":1548,"height":1266,"_type":"image-file","sha256":"20d048fb8879a7c2a8de2f87c05f63fff0d897d5f840f0c86feb4ae2d99ed9da"},"_wandb":{"runtime":31},"val_acc":0.80859375,"train_loss":0.003605504985898733,"_timestamp":1.7466570295886707e+09,"final_train_acc":1,"2D Loss Contour":{"width":1623,"height":1176,"_type":"image-file","sha256":"e8676f4bb97d3ef0f607c645e94731009c0cf379ae4406b0fae61f4e720d2505","size":135755,"path":"media/images/2D Loss Contour_602_e8676f4bb97d3ef0f607.png","format":"png"},"final_val_acc":0.80859375,"train_total_spikes":0,"val_spikes_per_t":NaN,"_step":602,"_runtime":31.780056454,"train_spikes_per_t":NaN,"val_total_spikes":0,"train_acc":1,"val_loss":0.6665095090866089,"final_test_acc":0.73828125}