{"_step":602,"train_spikes_per_t":47.65234375,"_runtime":92.07768309,"3D Loss Surface":{"width":1522,"height":1266,"_type":"image-file","sha256":"82bcd8f6ad2cfd62b032208f05f99e08ce8942a143c781ff5a8b4353abad3b18","size":376640,"path":"media/images/3D Loss Surface_601_82bcd8f6ad2cfd62b032.png","format":"png"},"val_total_spikes":12240,"final_test_acc":0.73046875,"val_spikes_per_t":47.8125,"train_loss":0.0030102285090833902,"val_acc":0.72265625,"val_loss":1.4072359800338745,"2D Loss Contour":{"size":117773,"path":"media/images/2D Loss Contour_602_f7891760653a8e35b587.png","format":"png","width":1596,"height":1176,"_type":"image-file","sha256":"f7891760653a8e35b58758341de8f011835bfa645b35549045bdd324a0e28176"},"final_train_acc":1,"train_total_spikes":12199,"_timestamp":1.7466727882277322e+09,"final_val_acc":0.72265625,"_wandb":{"runtime":92},"train_acc":1}