{"2D Loss Contour":{"path":"media/images/2D Loss Contour_602_c6f813e021198a9f35d2.png","format":"png","width":1622,"height":1176,"_type":"image-file","sha256":"c6f813e021198a9f35d2cbac6c48d3143c4a44763a5977ef20e38517cac1751b","size":126743},"val_loss":0.025293467566370964,"final_test_acc":1,"val_acc":0.99609375,"_runtime":112.690318956,"_step":602,"final_train_acc":1,"final_val_acc":0.99609375,"val_total_spikes":31572,"train_total_spikes":31450,"train_loss":0.009844350628554821,"3D Loss Surface":{"_type":"image-file","sha256":"f1054a7f800504fe54e94db913cbdc1a2dacb15e37908d43a181ca687705a7b1","size":430952,"path":"media/images/3D Loss Surface_601_f1054a7f800504fe54e9.png","format":"png","width":1548,"height":1266},"train_acc":1,"val_spikes_per_t":123.328125,"train_spikes_per_t":122.8515625,"_wandb":{"runtime":112},"_timestamp":1.7465614164236662e+09}