{"3D Loss Surface":{"format":"png","width":1522,"height":1266,"_type":"image-file","sha256":"4218c6f4043172943a8964f57f97753c4dbdda6b269ff42551a9dea4facf6269","size":446780,"path":"media/images/3D Loss Surface_601_4218c6f4043172943a89.png"},"_step":602,"final_test_acc":0.94921875,"val_acc":0.953125,"final_train_acc":0.98828125,"train_total_spikes":8761,"val_loss":0.1441163867712021,"_timestamp":1.746629572989628e+09,"_runtime":173.016614401,"train_acc":0.98828125,"val_spikes_per_t":33.95703125,"2D Loss Contour":{"path":"media/images/2D Loss Contour_602_a9a75c214853ac4bd236.png","format":"png","width":1596,"height":1176,"_type":"image-file","sha256":"a9a75c214853ac4bd236d72b44d9bb3bcaa6076092e436ec6091b6c1a1dbf063","size":107895},"_wandb":{"runtime":173},"train_loss":0.022069867700338364,"train_spikes_per_t":34.22265625,"final_val_acc":0.953125,"val_total_spikes":8693}