{"2D Loss Contour":{"format":"png","width":1596,"height":1176,"_type":"image-file","sha256":"b5711881be813d36dd74d8708a580567dd01a66f2af2230d393189a75c5504ef","size":147651,"path":"media/images/2D Loss Contour_602_b5711881be813d36dd74.png"},"train_acc":0.87109375,"_step":602,"train_total_spikes":32235,"_timestamp":1.746668343571692e+09,"_runtime":62.945109899,"3D Loss Surface":{"size":460577,"path":"media/images/3D Loss Surface_601_2e985d9ad0b56429e6e9.png","format":"png","width":1522,"height":1266,"_type":"image-file","sha256":"2e985d9ad0b56429e6e9f28451ae161fdc952d840aace6fe9728becdc76c16e9"},"_wandb":{"runtime":62},"train_loss":0.28804323077201843,"final_val_acc":0.7421875,"final_train_acc":0.87109375,"final_test_acc":0.71484375,"val_loss":0.6475061774253845,"val_total_spikes":32954,"val_spikes_per_t":128.7265625,"train_spikes_per_t":125.91796875,"val_acc":0.7421875}