{"final_train_acc":1,"val_loss":0.19365917146205902,"_wandb":{"runtime":172},"train_total_spikes":7669,"val_spikes_per_t":29.75390625,"3D Loss Surface":{"path":"media/images/3D Loss Surface_601_cd63f094afe9d0911b8e.png","format":"png","width":1575,"height":1266,"_type":"image-file","sha256":"cd63f094afe9d0911b8ef73b2a9fc04a19bed2046a520b71278d9d50be0e06dc","size":493049},"val_acc":0.9453125,"train_spikes_per_t":29.95703125,"2D Loss Contour":{"width":1622,"height":1176,"_type":"image-file","sha256":"5e3d6d01fa57605c9f472b7f44808a003bf6c37588cd412ed8444708d3d0d357","size":107022,"path":"media/images/2D Loss Contour_602_5e3d6d01fa57605c9f47.png","format":"png"},"_timestamp":1.7466385909334567e+09,"train_loss":0.013055635616183281,"_step":602,"val_total_spikes":7617,"final_val_acc":0.9453125,"final_test_acc":0.96875,"train_acc":1,"_runtime":172.408518609}