{"val_spikes_per_t":81.203125,"_timestamp":1.7465909665485337e+09,"_step":602,"val_loss":0.023693379014730453,"val_acc":0.9921875,"final_test_acc":0.9921875,"val_total_spikes":20788,"train_spikes_per_t":81.91015625,"2D Loss Contour":{"width":1622,"height":1176,"_type":"image-file","sha256":"a3f95b0e8ccd4846c5c6c02b700cf9977fb935978cbf24c3f4a4d4a5ffe26977","size":139171,"path":"media/images/2D Loss Contour_602_a3f95b0e8ccd4846c5c6.png","format":"png"},"train_loss":0.0005136076360940933,"final_train_acc":1,"train_acc":1,"_runtime":75.113679608,"train_total_spikes":20969,"_wandb":{"runtime":75},"3D Loss Surface":{"_type":"image-file","sha256":"10105254362dbae341719c4183eab70a8451c7be267227de4b4e1af430e1e434","size":284430,"path":"media/images/3D Loss Surface_601_10105254362dbae34171.png","format":"png","width":1575,"height":1266},"final_val_acc":0.9921875}