{"_timestamp":1.7466542119651191e+09,"val_acc":0.515625,"2D Loss Contour":{"size":140048,"path":"media/images/2D Loss Contour_602_82d9e7296b1849b18d10.png","format":"png","width":1569,"height":1176,"_type":"image-file","sha256":"82d9e7296b1849b18d107606e7418a80c5bcf9eea2da0ad4af24886afb41879b"},"_wandb":{"runtime":74},"val_total_spikes":23519,"final_val_acc":0.515625,"train_spikes_per_t":91.65625,"final_train_acc":0.49609375,"val_spikes_per_t":91.87109375,"train_loss":2.695986032485962,"_runtime":74.481290166,"train_total_spikes":23464,"final_test_acc":0.51953125,"_step":602,"val_loss":2.75536847114563,"3D Loss Surface":{"_type":"image-file","sha256":"e9e1b53aa3cb0ca3545ad9ed8c1094df05ed1eef15530a9041cd17d40f2b53cd","size":466639,"path":"media/images/3D Loss Surface_601_e9e1b53aa3cb0ca3545a.png","format":"png","width":1522,"height":1266},"train_acc":0.49609375}