{"_wandb":{"runtime":102},"_step":602,"final_train_acc":1,"val_total_spikes":12617,"train_loss":0.00018573585839476436,"final_test_acc":0.9765625,"train_total_spikes":12659,"final_val_acc":0.98828125,"train_acc":1,"_runtime":102.396773034,"train_spikes_per_t":49.44921875,"2D Loss Contour":{"path":"media/images/2D Loss Contour_602_c72c4cdfc1a2966e2a7e.png","format":"png","width":1649,"height":1176,"_type":"image-file","sha256":"c72c4cdfc1a2966e2a7e8b42419cbc1692733b99d0c54ba3a29605f057032864","size":122462},"3D Loss Surface":{"_type":"image-file","sha256":"e1e7cbd227c72e1d8001817c7081362c56dfd04945b5d2bdc87400f0157fb889","size":515839,"path":"media/images/3D Loss Surface_601_e1e7cbd227c72e1d8001.png","format":"png","width":1575,"height":1266},"val_loss":0.019436024129390717,"_timestamp":1.7466577569554532e+09,"val_spikes_per_t":49.28515625,"val_acc":0.98828125}