{"val_total_spikes":5003,"final_val_acc":0.9453125,"_runtime":162.14732302,"_timestamp":1.7467016370975432e+09,"3D Loss Surface":{"format":"png","width":1575,"height":1266,"_type":"image-file","sha256":"6a14f2b7fe5e744eae68a4908cbf3ab6b2f319cb57c2cd6bad04c387abd06495","size":440903,"path":"media/images/3D Loss Surface_601_6a14f2b7fe5e744eae68.png"},"val_spikes_per_t":19.54296875,"train_loss":0.010847882367670536,"val_loss":0.10876818746328354,"train_spikes_per_t":19.1796875,"final_train_acc":1,"2D Loss Contour":{"height":1176,"_type":"image-file","sha256":"ec2958aee0a7b55bf2c627bc681954eaac5fb14271b6554e351d0499a936ab8c","size":136811,"path":"media/images/2D Loss Contour_602_ec2958aee0a7b55bf2c6.png","format":"png","width":1622},"val_acc":0.9453125,"_wandb":{"runtime":162},"train_acc":1,"train_total_spikes":4910,"_step":602,"final_test_acc":0.90625}