{"_runtime":75.921774826,"val_spikes_per_t":104.5234375,"val_loss":3.6539366245269775,"_step":602,"train_acc":0.484375,"_timestamp":1.7464833293244696e+09,"2D Loss Contour":{"format":"png","width":1596,"height":1176,"_type":"image-file","sha256":"1ef6e3ec865e3980e1de8b71b6390c954a420f7f02a41ae24b366a8580f14a96","size":146613,"path":"media/images/2D Loss Contour_602_1ef6e3ec865e3980e1de.png"},"3D Loss Surface":{"height":1266,"_type":"image-file","sha256":"5f694e4fc6db7363be1186aaf3bf0a92fa79a42f21551d5438290191ee0e8a63","size":482460,"path":"media/images/3D Loss Surface_601_5f694e4fc6db7363be11.png","format":"png","width":1522},"final_test_acc":0.53125,"train_spikes_per_t":104.80078125,"val_total_spikes":26758,"train_loss":3.8815319538116455,"val_acc":0.51171875,"final_train_acc":0.484375,"final_val_acc":0.51171875,"_wandb":{"runtime":75},"train_total_spikes":26829}