{"val_loss":0.02953450381755829,"train_acc":1,"val_total_spikes":0,"_step":602,"final_val_acc":1,"train_loss":0.0009050219086930156,"val_acc":1,"val_spikes_per_t":NaN,"final_test_acc":0.9609375,"train_total_spikes":0,"final_train_acc":1,"train_spikes_per_t":NaN,"_runtime":32.026972769,"3D Loss Surface":{"size":498298,"path":"media/images/3D Loss Surface_601_756da745e684a8057b77.png","format":"png","width":1575,"height":1266,"_type":"image-file","sha256":"756da745e684a8057b7720361b1defd299041fc518cd068f0a6ade6de067f2db"},"_wandb":{"runtime":32},"2D Loss Contour":{"_type":"image-file","sha256":"68d00ec3057d66bc3f9f7990e16dd2967d7f535ac29f75c52d4a6e9b25a64152","size":150484,"path":"media/images/2D Loss Contour_602_68d00ec3057d66bc3f9f.png","format":"png","width":1649,"height":1176},"_timestamp":1.7466099974121628e+09}