{"val_total_spikes":8750,"val_spikes_per_t":34.1796875,"val_loss":0.19863514602184296,"final_val_acc":0.91796875,"train_spikes_per_t":34.6875,"train_acc":1,"train_loss":0.010061272419989109,"_runtime":172.122579367,"final_train_acc":1,"train_total_spikes":8880,"_step":602,"2D Loss Contour":{"path":"media/images/2D Loss Contour_602_a88ddc866023fdd38fd7.png","format":"png","width":1596,"height":1176,"_type":"image-file","sha256":"a88ddc866023fdd38fd7a16b22f32fedc9662149bc67f7026a9655eb46b226b9","size":110387},"_timestamp":1.7466339106535997e+09,"val_acc":0.91796875,"_wandb":{"runtime":172},"final_test_acc":0.9296875,"3D Loss Surface":{"width":1548,"height":1266,"_type":"image-file","sha256":"941d9a128882dd91bc7b7ec1aa46ba15af08c6dad5f270f5a98790e339a9898b","size":464302,"path":"media/images/3D Loss Surface_601_941d9a128882dd91bc7b.png","format":"png"}}