{"_step":602,"val_loss":0.31806954741477966,"val_spikes_per_t":21.703125,"3D Loss Surface":{"height":1266,"_type":"image-file","sha256":"9e0605f10ebba604d45d3c695606e64c16555c7dc4d106c594871c4933aa6caa","size":435811,"path":"media/images/3D Loss Surface_601_9e0605f10ebba604d45d.png","format":"png","width":1549},"_timestamp":1.746681664130876e+09,"final_val_acc":0.875,"final_train_acc":1,"train_spikes_per_t":21.296875,"train_total_spikes":5452,"train_acc":1,"val_total_spikes":5556,"val_acc":0.875,"_runtime":160.433683142,"train_loss":0.014889768324792385,"final_test_acc":0.91796875,"2D Loss Contour":{"height":1176,"_type":"image-file","sha256":"ad15db30aa970e2b8978e95f1732775bcf241217453dfee7a90d892e4108b903","size":157103,"path":"media/images/2D Loss Contour_602_ad15db30aa970e2b8978.png","format":"png","width":1623},"_wandb":{"runtime":160}}