{"train_loss":0.024791352450847626,"train_total_spikes":21508,"_step":602,"3D Loss Surface":{"_type":"image-file","sha256":"6b08e2770cbf7469623c408b0ae415fbc01d1272cfebd27a5ba7b07be1841094","size":384201,"path":"media/images/3D Loss Surface_601_6b08e2770cbf7469623c.png","format":"png","width":1575,"height":1266},"final_train_acc":1,"train_spikes_per_t":84.015625,"_runtime":113.556489636,"val_spikes_per_t":83.9609375,"final_val_acc":0.98828125,"_wandb":{"runtime":113},"final_test_acc":0.953125,"val_total_spikes":21494,"val_acc":0.98828125,"_timestamp":1.746564265948925e+09,"2D Loss Contour":{"width":1622,"height":1176,"_type":"image-file","sha256":"33ce9692a9d8e135d7b41f4dd0917f0c1105aae7273f6deccc1dfc0a1251d1a2","size":129867,"path":"media/images/2D Loss Contour_602_33ce9692a9d8e135d7b4.png","format":"png"},"train_acc":1,"val_loss":0.06680575758218765}