{"final_test_acc":0.95703125,"train_loss":0.0008647984359413385,"_step":602,"val_acc":0.98828125,"val_total_spikes":0,"_wandb":{"runtime":32},"train_spikes_per_t":NaN,"val_spikes_per_t":NaN,"_runtime":32.029174152,"final_train_acc":1,"2D Loss Contour":{"sha256":"077f88dfbea1eb7e5e9d5550d42826b1f3ab511bd0d598b7d93a5d18047d0da6","size":135748,"path":"media/images/2D Loss Contour_602_077f88dfbea1eb7e5e9d.png","format":"png","width":1649,"height":1176,"_type":"image-file"},"val_loss":0.03741869702935219,"final_val_acc":0.98828125,"train_acc":1,"train_total_spikes":0,"_timestamp":1.746607991182712e+09,"3D Loss Surface":{"path":"media/images/3D Loss Surface_601_570bf0072206a1982e54.png","format":"png","width":1575,"height":1266,"_type":"image-file","sha256":"570bf0072206a1982e540f53b8cb5b8380fced4197f0b7ca35912d4ede1d1f88","size":516609}}