{"train_total_spikes":15228,"val_total_spikes":15228,"2D Loss Contour":{"_type":"image-file","sha256":"870a37ceed2c86483d818de722997a526f8b77fc9fed5575517a8d8eb57cd59c","size":131282,"path":"media/images/2D Loss Contour_602_870a37ceed2c86483d81.png","format":"png","width":1596,"height":1176},"_timestamp":1.7464837019213812e+09,"final_test_acc":0.94140625,"_runtime":103.708892695,"3D Loss Surface":{"_type":"image-file","sha256":"92e6b42855f15adefd1609f09db3b9ba3644afbc8ae3cf9253f297d7afa80ae1","size":381623,"path":"media/images/3D Loss Surface_601_92e6b42855f15adefd16.png","format":"png","width":1548,"height":1266},"_step":602,"train_acc":1,"val_loss":0.20388163626194,"train_loss":0.002726965118199587,"val_spikes_per_t":59.484375,"train_spikes_per_t":59.484375,"final_val_acc":0.921875,"val_acc":0.921875,"final_train_acc":1,"_wandb":{"runtime":103}}