{"final_test_acc":0.52734375,"_timestamp":1.7466058609528992e+09,"final_val_acc":0.56640625,"3D Loss Surface":{"format":"png","width":1522,"height":1266,"_type":"image-file","sha256":"39dd3338b103e0fb63aff9cff471ebc704ec58ee77abbb7b1d96f539740ba8ae","size":438145,"path":"media/images/3D Loss Surface_601_39dd3338b103e0fb63af.png"},"_wandb":{"runtime":57},"final_train_acc":0.77734375,"val_spikes_per_t":NaN,"train_spikes_per_t":NaN,"2D Loss Contour":{"_type":"image-file","sha256":"9eb5dae33bfb3c79242b1c376350055b2c5383ea807b231a2bb844079d98d34a","size":126865,"path":"media/images/2D Loss Contour_602_9eb5dae33bfb3c79242b.png","format":"png","width":1570,"height":1176},"_step":602,"_runtime":57.035252423,"train_loss":0.8560178279876709,"val_total_spikes":0,"train_total_spikes":0,"val_acc":0.56640625,"train_acc":0.77734375,"val_loss":2.503629207611084}