{"val_acc":0.96875,"val_loss":0.0640568733215332,"_step":602,"final_train_acc":1,"final_test_acc":0.97265625,"final_val_acc":0.96875,"3D Loss Surface":{"sha256":"699b1802e013f3dd15d7041235bb6863db41c2425f09d8538042e5699cf5d988","size":372873,"path":"media/images/3D Loss Surface_601_699b1802e013f3dd15d7.png","format":"png","width":1548,"height":1266,"_type":"image-file"},"val_spikes_per_t":59.69921875,"train_total_spikes":15274,"_timestamp":1.7466556907512753e+09,"2D Loss Contour":{"format":"png","width":1623,"height":1176,"_type":"image-file","sha256":"57aac3f4ed854135e3bfeeea060b59119bb12b5ee81d5a25b6043158070c13e9","size":125644,"path":"media/images/2D Loss Contour_602_57aac3f4ed854135e3bf.png"},"train_spikes_per_t":59.6640625,"train_acc":1,"_runtime":103.094339515,"_wandb":{"runtime":103},"val_total_spikes":15283,"train_loss":0.0003298235242255032}