{"val_acc":0.9921875,"_step":602,"_timestamp":1.7465601661938276e+09,"2D Loss Contour":{"format":"png","width":1622,"height":1176,"_type":"image-file","sha256":"b0864fd515796768025b1873364ef53ba68e00c5be702b5d3ac11f83715e5ace","size":134136,"path":"media/images/2D Loss Contour_602_b0864fd515796768025b.png"},"train_total_spikes":32979,"_wandb":{"runtime":112},"train_acc":1,"val_total_spikes":32856,"final_train_acc":1,"train_spikes_per_t":128.82421875,"3D Loss Surface":{"height":1266,"_type":"image-file","sha256":"9f34d9d471617e2b5a346b11b329319a4c2840db450f0e680d230e0f6a26ac08","size":408196,"path":"media/images/3D Loss Surface_601_9f34d9d471617e2b5a34.png","format":"png","width":1548},"final_test_acc":0.9921875,"_runtime":112.776297219,"val_loss":0.028850862756371498,"train_loss":0.004320231266319752,"val_spikes_per_t":128.34375,"final_val_acc":0.9921875}