{"_timestamp":1.7465943201270416e+09,"2D Loss Contour":{"size":140449,"path":"media/images/2D Loss Contour_602_d51ba3abc2a51572106e.png","format":"png","width":1649,"height":1176,"_type":"image-file","sha256":"d51ba3abc2a51572106e0e24022cfdac1ce8f5c99cac9ac41c15e92d9e22752a"},"val_spikes_per_t":64.71484375,"_step":602,"train_total_spikes":16768,"_wandb":{"runtime":75},"_runtime":75.315027246,"final_test_acc":0.9921875,"3D Loss Surface":{"width":1575,"height":1266,"_type":"image-file","sha256":"9e837858b957fc58ac35ab9c084780c2ade598972aa1548356555644927a92c9","size":401619,"path":"media/images/3D Loss Surface_601_9e837858b957fc58ac35.png","format":"png"},"train_loss":0.0006924757617525756,"train_acc":1,"val_loss":0.006074093282222748,"final_train_acc":1,"val_total_spikes":16567,"train_spikes_per_t":65.5,"val_acc":1,"final_val_acc":1}