{"_timestamp":1.7465894391756058e+09,"train_loss":0.0011138198897242546,"_runtime":75.320948103,"val_spikes_per_t":76.4296875,"val_acc":0.98046875,"final_train_acc":1,"_wandb":{"runtime":75},"train_spikes_per_t":77.0546875,"final_val_acc":0.98046875,"val_loss":0.03940793499350548,"val_total_spikes":19566,"3D Loss Surface":{"height":1266,"_type":"image-file","sha256":"7852c4bc6997f610a0d31024d58022fa905beb262eaf27418c3d662a4590ad47","size":318364,"path":"media/images/3D Loss Surface_601_7852c4bc6997f610a0d3.png","format":"png","width":1548},"train_acc":1,"final_test_acc":0.984375,"_step":602,"train_total_spikes":19726,"2D Loss Contour":{"width":1622,"height":1176,"_type":"image-file","sha256":"13f80ef04c488a8cdb1979dfed0d74841a86e55d88274c0e14f076d587093b2f","size":136643,"path":"media/images/2D Loss Contour_602_13f80ef04c488a8cdb19.png","format":"png"}}