{"val_total_spikes":0,"_wandb":{"runtime":33},"train_total_spikes":0,"train_acc":0.53125,"final_train_acc":0.53125,"val_loss":0.7486383318901062,"train_spikes_per_t":NaN,"_timestamp":1.7466714305832691e+09,"val_spikes_per_t":NaN,"final_test_acc":0.484375,"val_acc":0.51171875,"final_val_acc":0.51171875,"_runtime":33.066156718,"3D Loss Surface":{"height":1266,"_type":"image-file","sha256":"b99ae548f59c053572ecb2c9b8c024d2220ef2cc3b933b7c5a3601b6d7b5fe4f","size":478223,"path":"media/images/3D Loss Surface_601_b99ae548f59c053572ec.png","format":"png","width":1455},"_step":602,"2D Loss Contour":{"height":1176,"_type":"image-file","sha256":"4a761dd02949e7d40b2e51ff0a28ef7dc0d63a9d081fbcc9a0e3af24fda40599","size":140513,"path":"media/images/2D Loss Contour_602_4a761dd02949e7d40b2e.png","format":"png","width":1649},"train_loss":0.681761622428894}