{"val_spikes_per_t":130.19921875,"_wandb":{"runtime":113},"final_train_acc":0.49609375,"_runtime":113.286080731,"3D Loss Surface":{"_type":"image-file","sha256":"a3bee2bdcfde7ad65e3d23086d23525f75cfc6dbee03e3a32da0a99892340026","size":412026,"path":"media/images/3D Loss Surface_601_a3bee2bdcfde7ad65e3d.png","format":"png","width":1495,"height":1266},"val_acc":0.421875,"_step":602,"train_acc":0.49609375,"val_total_spikes":33331,"val_loss":2.0279035568237305,"train_loss":1.447339653968811,"train_spikes_per_t":130.01171875,"2D Loss Contour":{"height":1176,"_type":"image-file","sha256":"75b51a8ea035575f34bfe6b4d8d3e50a0e7c2a7e92925bc24a291b243ec6e874","size":136426,"path":"media/images/2D Loss Contour_602_75b51a8ea035575f34bf.png","format":"png","width":1570},"final_val_acc":0.421875,"final_test_acc":0.421875,"train_total_spikes":33283,"_timestamp":1.7465657523050096e+09}