{"_wandb":{"runtime":160},"val_total_spikes":23000,"3D Loss Surface":{"format":"png","width":1601,"height":1266,"_type":"image-file","sha256":"b5d0f47b418adf0a6bebf886d41901cfc45b6a5c236943dcc81a50f653869bae","size":449889,"path":"media/images/3D Loss Surface_601_b5d0f47b418adf0a6beb.png"},"train_acc":0.5625,"train_loss":0.6780555844306946,"_timestamp":1.7466964447501683e+09,"train_spikes_per_t":90.5625,"val_spikes_per_t":89.84375,"train_total_spikes":23184,"final_val_acc":0.54296875,"val_acc":0.54296875,"_step":602,"final_train_acc":0.5625,"_runtime":160.869583425,"final_test_acc":0.453125,"val_loss":0.6908838152885437,"2D Loss Contour":{"_type":"image-file","sha256":"8f341237b2c27b53c60e2d6f5a05f6fb0caea983683e1753f48e5f6dc51ce722","size":144420,"path":"media/images/2D Loss Contour_602_8f341237b2c27b53c60e.png","format":"png","width":1649,"height":1176}}