{"val_acc":0.57421875,"final_val_acc":0.57421875,"train_spikes_per_t":NaN,"val_loss":3.2531774044036865,"2D Loss Contour":{"width":1596,"height":1176,"_type":"image-file","sha256":"f57de9cf516c738dddc353a83a45fb854136c45a88fa518b27b0d6a795fd8d5f","size":127162,"path":"media/images/2D Loss Contour_602_f57de9cf516c738dddc3.png","format":"png"},"val_total_spikes":0,"train_total_spikes":0,"_timestamp":1.7466708536399913e+09,"final_train_acc":0.5078125,"train_acc":0.5078125,"final_test_acc":0.4765625,"val_spikes_per_t":NaN,"train_loss":3.91221022605896,"3D Loss Surface":{"sha256":"4a0835de2897d32356358a2fc4b33e46763bedc27362716930a5d89f2d579c85","size":325654,"path":"media/images/3D Loss Surface_601_4a0835de2897d3235635.png","format":"png","width":1548,"height":1266,"_type":"image-file"},"_wandb":{"runtime":33},"_runtime":33.543515031,"_step":602}