{"val_spikes_per_t":NaN,"final_train_acc":1,"train_acc":1,"val_acc":0.71484375,"val_loss":1.0701444149017334,"final_test_acc":0.7265625,"train_loss":0.011853193864226341,"train_total_spikes":0,"_runtime":33.384266015,"_step":602,"_wandb":{"runtime":33},"3D Loss Surface":{"_type":"image-file","sha256":"012972f9d24ddadaf0f546bdbee48d9a5c33aa9abade1d239863f44cba50f561","size":297203,"path":"media/images/3D Loss Surface_601_012972f9d24ddadaf0f5.png","format":"png","width":1548,"height":1266},"_timestamp":1.7466712610243292e+09,"val_total_spikes":0,"train_spikes_per_t":NaN,"2D Loss Contour":{"height":1176,"_type":"image-file","sha256":"aeab5b895e053b31c6f45edb3ebeeb541a2b223ac190a03531d299d94402ef63","size":136307,"path":"media/images/2D Loss Contour_602_aeab5b895e053b31c6f4.png","format":"png","width":1622},"final_val_acc":0.71484375}