{"val_acc":0.90234375,"2D Loss Contour":{"sha256":"8ad9d7654f18dafeddf36a9afca837015ebf7c150cf5bd5e669d6d54a2207651","size":141061,"path":"media/images/2D Loss Contour_602_8ad9d7654f18dafeddf3.png","format":"png","width":1622,"height":1176,"_type":"image-file"},"train_acc":1,"val_total_spikes":9450,"final_val_acc":0.90234375,"val_loss":0.30661505460739136,"_wandb":{"runtime":171},"val_spikes_per_t":36.9140625,"train_spikes_per_t":37.37890625,"final_train_acc":1,"_step":602,"_runtime":171.048425503,"3D Loss Surface":{"_type":"image-file","sha256":"8d05a9b775e92d5741745d97e717f15c5f5f16c50a54d9b04209be5a6c797f48","size":492148,"path":"media/images/3D Loss Surface_601_8d05a9b775e92d574174.png","format":"png","width":1548,"height":1266},"final_test_acc":0.9140625,"_timestamp":1.7466148485711741e+09,"train_loss":0.009967786259949207,"train_total_spikes":9569}