{"final_val_acc":0.54296875,"train_spikes_per_t":52.2578125,"val_total_spikes":13211,"_runtime":91.108175642,"train_acc":0.6484375,"_step":600,"val_loss":0.9880557656288147,"train_loss":0.7389683127403259,"val_acc":0.54296875,"final_train_acc":0.6484375,"_timestamp":1.74646923589763e+09,"final_test_acc":0.58203125,"train_total_spikes":13378,"_wandb":{"runtime":91},"val_spikes_per_t":51.60546875}