{"3D Loss Surface":{"sha256":"fe49c11d890cab31186089dd5941689957e1c36e72311403a8acc6e4f5256a93","size":413962,"path":"media/images/3D Loss Surface_601_fe49c11d890cab311860.png","format":"png","width":1548,"height":1266,"_type":"image-file"},"final_val_acc":0.79296875,"val_spikes_per_t":NaN,"train_spikes_per_t":NaN,"val_total_spikes":0,"_runtime":31.531842594,"val_acc":0.79296875,"train_acc":0.9765625,"2D Loss Contour":{"path":"media/images/2D Loss Contour_602_119c6a465668ba467204.png","format":"png","width":1622,"height":1176,"_type":"image-file","sha256":"119c6a465668ba467204ba256924e57b991b5dc6df013645f6dbf90152df74e0","size":137060},"_step":602,"val_loss":0.8082168102264404,"final_train_acc":0.9765625,"train_total_spikes":0,"train_loss":0.021718256175518036,"_timestamp":1.7466570617118225e+09,"_wandb":{"runtime":31},"final_test_acc":0.80859375}