{"val_total_spikes":4443,"train_total_spikes":4505,"3D Loss Surface":{"format":"png","width":1522,"height":1266,"_type":"image-file","sha256":"26fc05a54498484c0e2abadf78d351eef9fc7e3fadd21fd557da5370b452b28f","size":442697,"path":"media/images/3D Loss Surface_601_26fc05a54498484c0e2a.png"},"final_test_acc":0.98046875,"2D Loss Contour":{"path":"media/images/2D Loss Contour_602_2b2e2b1cf9e50e68b754.png","format":"png","width":1596,"height":1176,"_type":"image-file","sha256":"2b2e2b1cf9e50e68b75420632f674c18cef1b303f40c595566ec5e6830b74deb","size":112036},"train_loss":0.0013410613173618913,"_runtime":161.059575578,"val_spikes_per_t":17.35546875,"_timestamp":1.746692878038705e+09,"_step":602,"train_acc":1,"val_acc":0.93359375,"final_train_acc":1,"val_loss":0.19784504175186157,"_wandb":{"runtime":161},"final_val_acc":0.93359375,"train_spikes_per_t":17.59765625}