{"final_train_acc":1,"final_val_acc":0.98046875,"val_spikes_per_t":NaN,"val_acc":0.98046875,"val_total_spikes":0,"train_loss":0.00116243667434901,"_runtime":31.811188554,"3D Loss Surface":{"format":"png","width":1548,"height":1266,"_type":"image-file","sha256":"2f89e3ece10cf93c0d2024beaee40ac1767b3a5b584b7217261d93d7d195d499","size":484140,"path":"media/images/3D Loss Surface_601_2f89e3ece10cf93c0d20.png"},"train_spikes_per_t":NaN,"train_total_spikes":0,"train_acc":1,"val_loss":0.051245905458927155,"final_test_acc":0.96484375,"_step":602,"_wandb":{"runtime":31},"_timestamp":1.7466113759037895e+09,"2D Loss Contour":{"path":"media/images/2D Loss Contour_602_1e97b596818009619bcd.png","format":"png","width":1649,"height":1176,"_type":"image-file","sha256":"1e97b596818009619bcdaf89a0ae628010c3856c46ede0acfcb0ba043380f16d","size":138014}}