{"train_total_spikes":17791,"val_total_spikes":17637,"_timestamp":1.746594472517124e+09,"val_loss":0.04423055052757263,"val_spikes_per_t":68.89453125,"_wandb":{"runtime":76},"train_acc":1,"train_loss":0.0018230134155601263,"final_train_acc":1,"train_spikes_per_t":69.49609375,"val_acc":0.984375,"_runtime":76.183282409,"_step":602,"final_test_acc":0.97265625,"2D Loss Contour":{"size":119183,"path":"media/images/2D Loss Contour_602_b4ae379eacbee665bfc0.png","format":"png","width":1623,"height":1176,"_type":"image-file","sha256":"b4ae379eacbee665bfc0f62943d0eb07e7df13a98e5a46f1dc7bc0f189f3b040"},"3D Loss Surface":{"_type":"image-file","sha256":"d573abddb89257bc0ee60b19ceec44a464396fbd3e2d06450fb52888e46d63e3","size":388307,"path":"media/images/3D Loss Surface_601_d573abddb89257bc0ee6.png","format":"png","width":1548,"height":1266},"final_val_acc":0.984375}