{"train_spikes_per_t":35.99609375,"_runtime":168.650088541,"_wandb":{"runtime":168},"2D Loss Contour":{"format":"png","width":1596,"height":1176,"_type":"image-file","sha256":"eec78016ffcea3382c14d5ff848cdf83b96bc82673187143a6028a5f5778c86d","size":119560,"path":"media/images/2D Loss Contour_602_eec78016ffcea3382c14.png"},"final_train_acc":1,"3D Loss Surface":{"height":1266,"_type":"image-file","sha256":"8b1b62eebbcf7834d9fedc93564e93a4c571bad2c207106157480146d9d3adba","size":424842,"path":"media/images/3D Loss Surface_601_8b1b62eebbcf7834d9fe.png","format":"png","width":1548},"final_test_acc":0.73046875,"train_total_spikes":9215,"train_acc":1,"_timestamp":1.746660439999548e+09,"val_acc":0.765625,"final_val_acc":0.765625,"val_loss":0.7567615509033203,"_step":602,"train_loss":0.01264508068561554,"val_spikes_per_t":36.1953125,"val_total_spikes":9266}