{"val_spikes_per_t":NaN,"final_train_acc":0.53515625,"_step":602,"val_total_spikes":0,"final_test_acc":0.48828125,"val_acc":0.41015625,"2D Loss Contour":{"_type":"image-file","sha256":"948031a24354aa11d9ef25bb701aa11473a8b48919f1ed5e88d46053d55f42f6","size":130673,"path":"media/images/2D Loss Contour_602_948031a24354aa11d9ef.png","format":"png","width":1622,"height":1176},"train_loss":1.8857805728912354,"_runtime":31.739375002,"final_val_acc":0.41015625,"val_loss":2.176556348800659,"train_spikes_per_t":NaN,"_wandb":{"runtime":31},"_timestamp":1.7466567380624585e+09,"3D Loss Surface":{"height":1266,"_type":"image-file","sha256":"42caada71682ebf1e0755838718ba25d43d952638b32bf052a48e9fb19dc536f","size":432680,"path":"media/images/3D Loss Surface_601_42caada71682ebf1e075.png","format":"png","width":1548},"train_total_spikes":0,"train_acc":0.53515625}