{"val_total_spikes":0,"_step":602,"_runtime":56.615439496,"train_spikes_per_t":NaN,"train_loss":0.29109805822372437,"val_loss":0.8379074931144714,"final_val_acc":0.65234375,"_timestamp":1.746602850144627e+09,"2D Loss Contour":{"width":1622,"height":1176,"_type":"image-file","sha256":"b8b0e6c8d80ddb84e2e3e2e6876704137c99ef22de66e8cf3f77527d938f54fd","size":136410,"path":"media/images/2D Loss Contour_602_b8b0e6c8d80ddb84e2e3.png","format":"png"},"final_test_acc":0.67578125,"train_acc":0.875,"final_train_acc":0.875,"val_acc":0.65234375,"val_spikes_per_t":NaN,"_wandb":{"runtime":56},"train_total_spikes":0,"3D Loss Surface":{"_type":"image-file","sha256":"6e6f1be4220dd031578b59639d804f2388b9306f233419a5e6d16001660a256d","size":328600,"path":"media/images/3D Loss Surface_601_6e6f1be4220dd031578b.png","format":"png","width":1548,"height":1266}}