{"_step":602,"final_val_acc":0.46484375,"2D Loss Contour":{"path":"media/images/2D Loss Contour_602_0586a62b99af15d486c1.png","format":"png","width":1596,"height":1176,"_type":"image-file","sha256":"0586a62b99af15d486c1f113ab2dd357b17e041eaa16c5077036501606428164","size":110459},"3D Loss Surface":{"height":1266,"_type":"image-file","sha256":"2ae2675e0e6927e015ac2717af64775efb41977db73a3264c3f2d20517d67dc5","size":360627,"path":"media/images/3D Loss Surface_601_2ae2675e0e6927e015ac.png","format":"png","width":1522},"val_acc":0.46484375,"val_total_spikes":0,"train_spikes_per_t":NaN,"train_acc":0.4609375,"train_total_spikes":0,"val_loss":10.430715560913086,"final_test_acc":0.51953125,"_timestamp":1.7466555554756203e+09,"_runtime":56.628114456,"train_loss":9.748631477355957,"_wandb":{"runtime":56},"val_spikes_per_t":NaN,"final_train_acc":0.4609375}