{"train_spikes_per_t":NaN,"val_acc":0.80859375,"_timestamp":1.7466064403831959e+09,"3D Loss Surface":{"_type":"image-file","sha256":"922b852ab4f430dcb412a961d2aeaba3f456967ef6b08cd249d2548e203c9be7","size":526367,"path":"media/images/3D Loss Surface_601_922b852ab4f430dcb412.png","format":"png","width":1548,"height":1266},"2D Loss Contour":{"sha256":"c43ae7cf3f3c3229607d473a1287ff9e433f7aa077babc3ddfe7e9a54cda920c","size":131888,"path":"media/images/2D Loss Contour_602_c43ae7cf3f3c3229607d.png","format":"png","width":1622,"height":1176,"_type":"image-file"},"_wandb":{"runtime":57},"final_train_acc":1,"val_total_spikes":0,"val_spikes_per_t":NaN,"train_acc":1,"final_val_acc":0.80859375,"_step":602,"train_total_spikes":0,"final_test_acc":0.75390625,"train_loss":0.0037604474928230047,"val_loss":0.624574601650238,"_runtime":57.443693468}