{"val_loss":0.03200693801045418,"2D Loss Contour":{"height":1176,"_type":"image-file","sha256":"af3524fb95c6477e0046cbd1116d1e5c68f14a760b900c813a6e7b3e1256975b","size":130420,"path":"media/images/2D Loss Contour_602_af3524fb95c6477e0046.png","format":"png","width":1622},"val_total_spikes":18341,"final_val_acc":0.9921875,"train_spikes_per_t":71.9296875,"_timestamp":1.7465844854693918e+09,"val_acc":0.9921875,"final_test_acc":0.98046875,"train_total_spikes":18414,"3D Loss Surface":{"size":272739,"path":"media/images/3D Loss Surface_601_2fc74a803227f05e8f2b.png","format":"png","width":1548,"height":1266,"_type":"image-file","sha256":"2fc74a803227f05e8f2b71034f53870672c1a232608506667ef6d55d387ef22c"},"_wandb":{"runtime":75},"val_spikes_per_t":71.64453125,"_runtime":75.536651153,"train_loss":0.0007083525997586548,"train_acc":1,"final_train_acc":1,"_step":602}