{"train_spikes_per_t":56.515625,"val_acc":0.984375,"2D Loss Contour":{"size":159779,"path":"media/images/2D Loss Contour_602_44a2e7e85547343ad532.png","format":"png","width":1649,"height":1176,"_type":"image-file","sha256":"44a2e7e85547343ad532c488c8e598c21041d8fc1255fa672362eeda3ff97bd0"},"val_total_spikes":14511,"final_val_acc":0.984375,"val_spikes_per_t":56.68359375,"_timestamp":1.7466651998156075e+09,"_wandb":{"runtime":102},"val_loss":0.03665542230010033,"train_acc":1,"final_test_acc":0.9921875,"_step":602,"_runtime":102.572989919,"final_train_acc":1,"train_loss":0.0002555454266257584,"train_total_spikes":14468,"3D Loss Surface":{"sha256":"c0755e631cf2dabb654fe1bc8d92628d0d7530dc6e79cd16056b2df19c00b477","size":421022,"path":"media/images/3D Loss Surface_601_c0755e631cf2dabb654f.png","format":"png","width":1575,"height":1266,"_type":"image-file"}}