{"_runtime":57.359585872,"val_total_spikes":0,"final_test_acc":0.5234375,"_wandb":{"runtime":57},"train_total_spikes":0,"_timestamp":1.7465994351911588e+09,"train_acc":0.76953125,"train_loss":0.9003148078918457,"_step":602,"final_train_acc":0.76953125,"val_acc":0.5546875,"val_spikes_per_t":NaN,"train_spikes_per_t":NaN,"final_val_acc":0.5546875,"3D Loss Surface":{"_type":"image-file","sha256":"b88be0e37ab3cd3a99317c0838f2cbbab55999918f9bbc9c4aec4a1ce425f744","size":497279,"path":"media/images/3D Loss Surface_601_b88be0e37ab3cd3a9931.png","format":"png","width":1548,"height":1266},"2D Loss Contour":{"size":134948,"path":"media/images/2D Loss Contour_602_5e22b9cc88484f6e483e.png","format":"png","width":1596,"height":1176,"_type":"image-file","sha256":"5e22b9cc88484f6e483ea6228967862439ed1d80eaaab417eea674ffe6f560d6"},"val_loss":2.5288004875183105}