{"train_total_spikes":10797,"val_loss":0.1398952305316925,"_runtime":173.678033974,"_timestamp":1.7466470984753025e+09,"train_acc":1,"3D Loss Surface":{"size":420680,"path":"media/images/3D Loss Surface_601_ba62255ce80c14d7efe3.png","format":"png","width":1548,"height":1266,"_type":"image-file","sha256":"ba62255ce80c14d7efe33dbd574372208b93a248ab80700bc88ce3c012d365ce"},"final_test_acc":0.90625,"train_spikes_per_t":42.17578125,"final_val_acc":0.9453125,"final_train_acc":1,"_step":602,"val_spikes_per_t":41.421875,"_wandb":{"runtime":173},"val_total_spikes":10604,"2D Loss Contour":{"height":1176,"_type":"image-file","sha256":"2e6b20fa53e4a95f958c0a11bc5d94370d07b7ea9330f528d79b3f392c409bf0","size":125603,"path":"media/images/2D Loss Contour_602_2e6b20fa53e4a95f958c.png","format":"png","width":1622},"train_loss":0.006023031193763018,"val_acc":0.9453125}