{"val_spikes_per_t":23.94140625,"_wandb":{"runtime":160},"val_loss":0.13173934817314148,"train_acc":1,"final_val_acc":0.953125,"train_loss":0.004244696814566851,"train_spikes_per_t":24.1328125,"final_test_acc":0.9453125,"val_total_spikes":6129,"_step":602,"_runtime":160.876844207,"val_acc":0.953125,"3D Loss Surface":{"width":1549,"height":1266,"_type":"image-file","sha256":"a5334ab7a266252014476d322b60bcf430254efd69b62f976884f324e16f784d","size":408710,"path":"media/images/3D Loss Surface_601_a5334ab7a26625201447.png","format":"png"},"_timestamp":1.7466998533453882e+09,"final_train_acc":1,"2D Loss Contour":{"_type":"image-file","sha256":"5c0fec6f1fb3c4a436aca72d89f5e406097724e03fa350a7ec9c216c85e1e6c8","size":127325,"path":"media/images/2D Loss Contour_602_5c0fec6f1fb3c4a436ac.png","format":"png","width":1623,"height":1176},"train_total_spikes":6178}