{"final_test_acc":1,"3D Loss Surface":{"_type":"image-file","sha256":"bd9c0ba2b1901074fe08f5ec96944f9069bfb7a9259a0d9c3aa3f904e8a18bb1","size":446392,"path":"media/images/3D Loss Surface_601_bd9c0ba2b1901074fe08.png","format":"png","width":1548,"height":1266},"val_total_spikes":28478,"2D Loss Contour":{"sha256":"5f4a570da00fe5e3987bad6397034cb9387f43dac9affa0be616f500a213bae0","size":117101,"path":"media/images/2D Loss Contour_602_5f4a570da00fe5e3987b.png","format":"png","width":1622,"height":1176,"_type":"image-file"},"val_spikes_per_t":111.2421875,"val_loss":0.009269004687666893,"final_train_acc":1,"final_val_acc":0.99609375,"_step":602,"_wandb":{"runtime":113},"_timestamp":1.746574295541623e+09,"_runtime":113.904047932,"val_acc":0.99609375,"train_spikes_per_t":112.1015625,"train_acc":1,"train_total_spikes":28698,"train_loss":0.002541985595598817}