{"train_spikes_per_t":128.72265625,"_wandb":{"runtime":113},"2D Loss Contour":{"_type":"image-file","sha256":"d0d10dab723891229883b1e72631d290bdcdbc9e59abe5eda66532d962423211","size":131435,"path":"media/images/2D Loss Contour_602_d0d10dab723891229883.png","format":"png","width":1622,"height":1176},"val_loss":0.03525347635149956,"_runtime":113.796971619,"final_test_acc":0.984375,"val_spikes_per_t":129.10546875,"_step":602,"_timestamp":1.7465705613886735e+09,"train_loss":0.027226751670241356,"train_total_spikes":32953,"val_total_spikes":33051,"3D Loss Surface":{"height":1266,"_type":"image-file","sha256":"2203ae064a16705febb32e1f3f2173db876dab8f6e819ec4d3b80b62723afbfb","size":452593,"path":"media/images/3D Loss Surface_601_2203ae064a16705febb3.png","format":"png","width":1548},"train_acc":0.99609375,"val_acc":0.9921875,"final_train_acc":0.99609375,"final_val_acc":0.9921875}