{"final_test_acc":0.4765625,"_step":602,"train_acc":0.4921875,"2D Loss Contour":{"sha256":"cc91ee519d47dce094438e386462f2012a15779136d896314989fa9ef2df4f61","size":111644,"path":"media/images/2D Loss Contour_602_cc91ee519d47dce09443.png","format":"png","width":1596,"height":1176,"_type":"image-file"},"final_train_acc":0.4921875,"train_loss":6.559045791625977,"val_loss":6.059988498687744,"val_acc":0.48828125,"3D Loss Surface":{"height":1266,"_type":"image-file","sha256":"61ead7aa330c2ad3691d19c7a11c73e59dcb582fbd3819060286068a595a529f","size":332651,"path":"media/images/3D Loss Surface_601_61ead7aa330c2ad3691d.png","format":"png","width":1522},"val_spikes_per_t":41.53515625,"_runtime":170.947489907,"train_total_spikes":10696,"_timestamp":1.7466150202061882e+09,"train_spikes_per_t":41.78125,"_wandb":{"runtime":170},"val_total_spikes":10633,"final_val_acc":0.48828125}