{"final_val_acc":0.98046875,"_timestamp":1.7466109819584901e+09,"final_test_acc":0.9609375,"_step":602,"val_loss":0.05872035399079323,"2D Loss Contour":{"width":1649,"height":1176,"_type":"image-file","sha256":"a8989cd4ed126ae7e68c6da650ede202290151d8e00b011b6ba42f12d8493067","size":147060,"path":"media/images/2D Loss Contour_602_a8989cd4ed126ae7e68c.png","format":"png"},"val_acc":0.98046875,"train_total_spikes":0,"val_total_spikes":0,"_wandb":{"runtime":31},"val_spikes_per_t":NaN,"train_loss":0.0008078363607637584,"train_acc":1,"final_train_acc":1,"train_spikes_per_t":NaN,"_runtime":31.784114576,"3D Loss Surface":{"height":1266,"_type":"image-file","sha256":"8884cb258ebd2b7bd510c9003e9edf56471936056455f0ee79f668689ea5943f","size":558350,"path":"media/images/3D Loss Surface_601_8884cb258ebd2b7bd510.png","format":"png","width":1575}}