{"val_loss":0.029346609488129616,"final_test_acc":0.9609375,"train_acc":1,"val_spikes_per_t":NaN,"_runtime":32.044525514,"_wandb":{"runtime":32},"final_train_acc":1,"train_spikes_per_t":NaN,"3D Loss Surface":{"format":"png","width":1575,"height":1266,"_type":"image-file","sha256":"1a8988773001973d7945c72107292e0285469ee4b70d534f8c1e53f3e5f6f999","size":500764,"path":"media/images/3D Loss Surface_601_1a8988773001973d7945.png"},"val_acc":1,"final_val_acc":1,"2D Loss Contour":{"width":1649,"height":1176,"_type":"image-file","sha256":"bdfd60816fb559c874a5840900eefdced5f2171b3667594dd69b0ad87b8b4301","size":142573,"path":"media/images/2D Loss Contour_602_bdfd60816fb559c874a5.png","format":"png"},"_step":602,"train_loss":0.0009049013606272638,"val_total_spikes":0,"train_total_spikes":0,"_timestamp":1.7466139643986087e+09}