{"train_loss":0.0008551096543669701,"val_total_spikes":0,"_runtime":32.56816068,"train_total_spikes":0,"_timestamp":1.7466090119616144e+09,"_wandb":{"runtime":32},"3D Loss Surface":{"height":1266,"_type":"image-file","sha256":"7106ba480a59e726402b02edeb3d56dd6d55ad2d2359e7cb23520d55055e3aae","size":513675,"path":"media/images/3D Loss Surface_601_7106ba480a59e726402b.png","format":"png","width":1575},"val_spikes_per_t":NaN,"_step":602,"train_acc":1,"final_test_acc":0.96875,"final_val_acc":0.984375,"2D Loss Contour":{"format":"png","width":1649,"height":1176,"_type":"image-file","sha256":"f804fdc562654931411a45ee4b512a5d11c2afc966abb7bbc18d8d9ca580fe21","size":144473,"path":"media/images/2D Loss Contour_602_f804fdc562654931411a.png"},"val_acc":0.984375,"final_train_acc":1,"val_loss":0.04324432834982872,"train_spikes_per_t":NaN}