{"final_val_acc":0.8359375,"train_spikes_per_t":56.7109375,"val_loss":0.4090973436832428,"train_acc":0.953125,"train_total_spikes":14518,"val_spikes_per_t":56.65234375,"_timestamp":1.7466643715887504e+09,"2D Loss Contour":{"_type":"image-file","sha256":"395c015223c8b199231cedefce660e763d5bc38f48e089c452005ebe1915c76c","size":127264,"path":"media/images/2D Loss Contour_602_395c015223c8b199231c.png","format":"png","width":1622,"height":1176},"_runtime":103.247005778,"val_total_spikes":14503,"train_loss":0.15258926153182983,"final_train_acc":0.953125,"final_test_acc":0.8046875,"_step":602,"val_acc":0.8359375,"3D Loss Surface":{"sha256":"4acce83eac79c32b42cde519ba754e0b1b2c0e384d6c3b50e854df80d4f34e43","size":494853,"path":"media/images/3D Loss Surface_601_4acce83eac79c32b42cd.png","format":"png","width":1522,"height":1266,"_type":"image-file"},"_wandb":{"runtime":103}}