{"val_total_spikes":0,"2D Loss Contour":{"height":1176,"_type":"image-file","sha256":"b6397f77ce1abf1ab486fab6b4c0dd18136026079072177b311eea9e15ae467c","size":121820,"path":"media/images/2D Loss Contour_602_b6397f77ce1abf1ab486.png","format":"png","width":1649},"val_acc":0.9765625,"_runtime":32.139632351,"train_total_spikes":0,"val_spikes_per_t":NaN,"final_train_acc":1,"train_acc":1,"train_spikes_per_t":NaN,"_wandb":{"runtime":32},"_timestamp":1.7466115730754206e+09,"train_loss":0.0015310179442167282,"final_test_acc":0.96484375,"3D Loss Surface":{"sha256":"021ba928426c6694412a8e79dfd0ef19f80f8b4a215ec9c747a40d1cbade0366","size":501046,"path":"media/images/3D Loss Surface_601_021ba928426c6694412a.png","format":"png","width":1575,"height":1266,"_type":"image-file"},"_step":602,"val_loss":0.055982112884521484,"final_val_acc":0.9765625}