{"_timestamp":1.7465834178322566e+09,"final_val_acc":0.98828125,"train_total_spikes":17440,"final_train_acc":1,"_runtime":75.203113123,"val_total_spikes":17234,"val_acc":0.98828125,"3D Loss Surface":{"width":1548,"height":1266,"_type":"image-file","sha256":"17ca1c9f060638cc1c2ab54862bec31644d889017554988f44d47ba659e300b7","size":510393,"path":"media/images/3D Loss Surface_601_17ca1c9f060638cc1c2a.png","format":"png"},"_wandb":{"runtime":75},"_step":602,"val_spikes_per_t":67.3203125,"train_spikes_per_t":68.125,"final_test_acc":0.9921875,"2D Loss Contour":{"format":"png","width":1596,"height":1176,"_type":"image-file","sha256":"965aa94e2c566c7c962d4ba08acee1b1103eae181c7eb9ecc7723e58bf77005a","size":115455,"path":"media/images/2D Loss Contour_602_965aa94e2c566c7c962d.png"},"train_acc":1,"train_loss":0.0011266100918874145,"val_loss":0.02491627261042595}