{"train_loss":1.1080434322357178,"val_acc":0.6171875,"_timestamp":1.7466709560573285e+09,"_wandb":{"runtime":33},"val_total_spikes":0,"val_loss":2.018076181411743,"val_spikes_per_t":NaN,"train_total_spikes":0,"_runtime":33.307676533,"3D Loss Surface":{"height":1266,"_type":"image-file","sha256":"da47682c08a028790f86d1923b50e2bead674f05f2d865dc2fa1cc3925e522a3","size":295497,"path":"media/images/3D Loss Surface_601_da47682c08a028790f86.png","format":"png","width":1548},"train_spikes_per_t":NaN,"_step":602,"2D Loss Contour":{"_type":"image-file","sha256":"ec33c39a8cb3cd6d935665e9594e66fe89a0b78d77c59ca2e75d120c0326a7c3","size":124768,"path":"media/images/2D Loss Contour_602_ec33c39a8cb3cd6d9356.png","format":"png","width":1622,"height":1176},"final_val_acc":0.6171875,"final_test_acc":0.56640625,"train_acc":0.73828125,"final_train_acc":0.73828125}