{"3D Loss Surface":{"sha256":"dd38d9bf0d21e772a31d8832a6c1171635d85467f82931bf6894599362d9ecb6","size":375785,"path":"media/images/3D Loss Surface_601_dd38d9bf0d21e772a31d.png","format":"png","width":1429,"height":1266,"_type":"image-file"},"val_total_spikes":14648,"train_acc":0.98828125,"val_spikes_per_t":57.21875,"_runtime":75.198059109,"train_loss":0.36526232957839966,"_timestamp":1.7465959204093287e+09,"_wandb":{"runtime":75},"final_train_acc":0.98828125,"final_val_acc":0.9296875,"train_spikes_per_t":58.05078125,"_step":602,"val_acc":0.9296875,"final_test_acc":0.94921875,"train_total_spikes":14861,"2D Loss Contour":{"height":1176,"_type":"image-file","sha256":"7dc39aa31d8862dd074db0eb77c7d61cffeafd20d936bdfbef6c6299e4b6fad6","size":119809,"path":"media/images/2D Loss Contour_602_7dc39aa31d8862dd074d.png","format":"png","width":1517},"val_loss":0.3865174353122711}