{"final_train_acc":0.99609375,"train_acc":0.99609375,"3D Loss Surface":{"height":1266,"_type":"image-file","sha256":"9ab4cba91f3313db76d2db019db25a0abfdae85e7708fae2540ad6694e3cc40d","size":475206,"path":"media/images/3D Loss Surface_601_9ab4cba91f3313db76d2.png","format":"png","width":1575},"val_acc":0.99609375,"train_loss":0.01732187159359455,"val_spikes_per_t":143.45703125,"_runtime":114.065176332,"val_loss":0.02292163483798504,"_wandb":{"runtime":114},"train_spikes_per_t":142.53125,"final_test_acc":0.984375,"final_val_acc":0.99609375,"_step":602,"2D Loss Contour":{"height":1176,"_type":"image-file","sha256":"16398dd757499386843d8ba1534707764f6751af3cd7cebc353d9fdc4fa08236","size":125817,"path":"media/images/2D Loss Contour_602_16398dd757499386843d.png","format":"png","width":1623},"train_total_spikes":36488,"val_total_spikes":36725,"_timestamp":1.746580515358149e+09}