{"2D Loss Contour":{"sha256":"e4461e3693094ec042c2e1c26f106a27f64dfe3476b8539c7d502f8fb3585aa5","size":137490,"path":"media/images/2D Loss Contour_602_e4461e3693094ec042c2.png","format":"png","width":1623,"height":1176,"_type":"image-file"},"train_acc":1,"val_loss":0.034211307764053345,"3D Loss Surface":{"path":"media/images/3D Loss Surface_601_a38ae43d17134549d501.png","format":"png","width":1548,"height":1266,"_type":"image-file","sha256":"a38ae43d17134549d50106e0e738bd8da744381d63a610755b3cba799ff633fe","size":396613},"train_loss":0.005033532157540321,"train_spikes_per_t":93.22265625,"_runtime":114.457038896,"final_train_acc":1,"final_test_acc":0.9921875,"_step":602,"val_total_spikes":23451,"_wandb":{"runtime":114},"val_spikes_per_t":91.60546875,"final_val_acc":0.98828125,"train_total_spikes":23865,"val_acc":0.98828125,"_timestamp":1.7465731477560692e+09}