{"val_spikes_per_t":118.8828125,"val_total_spikes":30434,"_step":602,"train_spikes_per_t":117.07421875,"val_loss":0.6931474804878235,"val_acc":0.5078125,"final_train_acc":0.51171875,"final_test_acc":0.48046875,"final_val_acc":0.5078125,"train_total_spikes":29971,"train_loss":0.6931474804878235,"_wandb":{"runtime":112},"_runtime":112.037108755,"_timestamp":1.746653758703559e+09,"3D Loss Surface":{"width":1495,"height":1266,"_type":"image-file","sha256":"3f9fe86b2ca5dbf0320521526f91b283e944cd771a1003ab02a77d1b44326798","size":403736,"path":"media/images/3D Loss Surface_601_3f9fe86b2ca5dbf03205.png","format":"png"},"2D Loss Contour":{"height":1176,"_type":"image-file","sha256":"814b41197ee72eef155687b5fdd67f73e35a372dfec6e572e02b6c806a15cf74","size":105813,"path":"media/images/2D Loss Contour_602_814b41197ee72eef1556.png","format":"png","width":1570},"train_acc":0.51171875}