{"train_acc":0.57421875,"3D Loss Surface":{"format":"png","width":1495,"height":1266,"_type":"image-file","sha256":"0cd7dd336ebc641685c1c5a4893d0c8043b7a8403d1e0045a1c38f55353a6f02","size":338735,"path":"media/images/3D Loss Surface_601_0cd7dd336ebc641685c1.png"},"_step":602,"val_total_spikes":14836,"_runtime":156.345942868,"val_acc":0.5546875,"2D Loss Contour":{"path":"media/images/2D Loss Contour_602_1584876b70b05b8073b7.png","format":"png","width":1543,"height":1176,"_type":"image-file","sha256":"1584876b70b05b8073b73c16808c9fce851c36587dd821f5b23e862cfe0c28ef","size":117823},"final_val_acc":0.5546875,"final_train_acc":0.57421875,"final_test_acc":0.5078125,"train_spikes_per_t":58.21484375,"_wandb":{"runtime":156},"train_total_spikes":14903,"train_loss":4.366361141204834,"val_loss":4.540578365325928,"val_spikes_per_t":57.953125,"_timestamp":1.7466631054246268e+09}