{"_runtime":31.960098109,"2D Loss Contour":{"format":"png","width":1649,"height":1176,"_type":"image-file","sha256":"7b4f337cae8a0b7f29288ad909e47ac9eece93065475c95f1adeaaed2f8c19ae","size":147706,"path":"media/images/2D Loss Contour_602_7b4f337cae8a0b7f2928.png"},"train_acc":1,"val_total_spikes":0,"train_spikes_per_t":NaN,"_timestamp":1.7466119337921343e+09,"train_loss":0.0009393445216119289,"_wandb":{"runtime":31},"val_loss":0.03516741469502449,"final_val_acc":0.99609375,"final_test_acc":0.96484375,"val_spikes_per_t":NaN,"train_total_spikes":0,"3D Loss Surface":{"format":"png","width":1575,"height":1266,"_type":"image-file","sha256":"abd8afffad69d9261e5358b879220aa2336a4e60afa74f2456fa82f3def99f0c","size":490966,"path":"media/images/3D Loss Surface_601_abd8afffad69d9261e53.png"},"val_acc":0.99609375,"final_train_acc":1,"_step":602}