{"final_train_acc":1,"_timestamp":1.7466569649913495e+09,"final_val_acc":0.81640625,"val_total_spikes":0,"_wandb":{"runtime":31},"train_acc":1,"_step":602,"train_loss":0.004438229836523533,"val_acc":0.81640625,"train_spikes_per_t":NaN,"3D Loss Surface":{"size":346421,"path":"media/images/3D Loss Surface_601_b176fd4fdf7c20b102d0.png","format":"png","width":1575,"height":1266,"_type":"image-file","sha256":"b176fd4fdf7c20b102d0125dd6c83dba4e053a1b03bb2558cc542fc8d0183ef7"},"_runtime":31.669971737,"train_total_spikes":0,"val_loss":0.6589738130569458,"2D Loss Contour":{"sha256":"f51d92aa24ece7a6affe2f9dcac6451fe28fe498bb7ad2b866bdf43fe7f72d20","size":127063,"path":"media/images/2D Loss Contour_602_f51d92aa24ece7a6affe.png","format":"png","width":1649,"height":1176,"_type":"image-file"},"val_spikes_per_t":NaN,"final_test_acc":0.7578125}