{"val_total_spikes":0,"final_train_acc":1,"final_test_acc":0.859375,"val_loss":0.34952691197395325,"2D Loss Contour":{"height":1176,"_type":"image-file","sha256":"6aa3bbf054b973025715d2a24f57c10fe018af205733edcded18512a2d44f031","size":139321,"path":"media/images/2D Loss Contour_602_6aa3bbf054b973025715.png","format":"png","width":1623},"final_val_acc":0.83984375,"_step":602,"_wandb":{"runtime":56},"train_loss":0.004801711533218622,"train_spikes_per_t":NaN,"3D Loss Surface":{"path":"media/images/3D Loss Surface_601_5dc839c95cf3b76f376e.png","format":"png","width":1575,"height":1266,"_type":"image-file","sha256":"5dc839c95cf3b76f376e796aa057b0c78c358d6360a7952a1ff625af6c865e32","size":493440},"val_acc":0.83984375,"_timestamp":1.74660562859641e+09,"train_total_spikes":0,"val_spikes_per_t":NaN,"train_acc":1,"_runtime":56.749001955}