{"final_val_acc":0.98046875,"_timestamp":1.746611048095677e+09,"val_loss":0.05128601938486099,"_wandb":{"runtime":32},"train_total_spikes":0,"final_train_acc":1,"2D Loss Contour":{"size":140983,"path":"media/images/2D Loss Contour_602_e99ff629eaa8ca89bf83.png","format":"png","width":1649,"height":1176,"_type":"image-file","sha256":"e99ff629eaa8ca89bf83b09015fb184dbe86a4f94828d78ca6cfbfa4c5b76a80"},"train_spikes_per_t":NaN,"_step":602,"val_spikes_per_t":NaN,"3D Loss Surface":{"width":1548,"height":1266,"_type":"image-file","sha256":"77b856ba5e8a45f51497b528d6717d08f65204c7a59fd051ff2efc5870eff01f","size":494090,"path":"media/images/3D Loss Surface_601_77b856ba5e8a45f51497.png","format":"png"},"train_loss":0.001155399950221181,"_runtime":32.059499441,"val_total_spikes":0,"train_acc":1,"val_acc":0.98046875,"final_test_acc":0.96484375}