{"train_total_spikes":18420,"2D Loss Contour":{"width":1649,"height":1176,"_type":"image-file","sha256":"7a8851f7aa945cd0ba4f54bc8396f82506e278b01e4ad46f53762659c2b514e5","size":141333,"path":"media/images/2D Loss Contour_602_7a8851f7aa945cd0ba4f.png","format":"png"},"_wandb":{"runtime":75},"val_loss":0.03456324711441994,"val_total_spikes":18274,"final_train_acc":1,"_step":602,"train_loss":0.000939138000831008,"final_val_acc":0.984375,"val_acc":0.984375,"train_spikes_per_t":71.953125,"final_test_acc":0.98828125,"val_spikes_per_t":71.3828125,"_timestamp":1.7465840284091167e+09,"_runtime":75.226807631,"train_acc":1,"3D Loss Surface":{"format":"png","width":1575,"height":1266,"_type":"image-file","sha256":"85386f788747188b5118407c7f510e971b3b3d6c450f43ce552480b431ade55f","size":339863,"path":"media/images/3D Loss Surface_601_85386f788747188b5118.png"}}