{"_wandb":{"runtime":75},"3D Loss Surface":{"_type":"image-file","sha256":"9de85ff7a329a006a0f5de8d6c94b1b4d2dfe4e4434a93ab39c49b647e0dcee5","size":454892,"path":"media/images/3D Loss Surface_601_9de85ff7a329a006a0f5.png","format":"png","width":1575,"height":1266},"val_spikes_per_t":77.875,"final_val_acc":0.99609375,"train_loss":0.0007457306492142379,"final_test_acc":0.98828125,"2D Loss Contour":{"sha256":"82a46a50ec683ea6d3d0c5610ec770726c297a68bc2efa336862d9be39ad0f16","size":120107,"path":"media/images/2D Loss Contour_602_82a46a50ec683ea6d3d0.png","format":"png","width":1622,"height":1176,"_type":"image-file"},"train_total_spikes":20205,"_step":602,"_runtime":75.426959106,"train_spikes_per_t":78.92578125,"final_train_acc":1,"val_total_spikes":19936,"_timestamp":1.746585628399683e+09,"train_acc":1,"val_acc":0.99609375,"val_loss":0.011798616498708725}