{"val_loss":2.538261651992798,"2D Loss Contour":{"sha256":"9358ee2ff14ed654f071857a166062289735e33199ec71dcb1ea842c9aa31a20","size":117120,"path":"media/images/2D Loss Contour_602_9358ee2ff14ed654f071.png","format":"png","width":1596,"height":1176,"_type":"image-file"},"val_total_spikes":0,"_timestamp":1.7466709220460014e+09,"val_acc":0.6015625,"train_spikes_per_t":NaN,"final_train_acc":0.5234375,"_step":602,"_runtime":33.580480999,"final_val_acc":0.6015625,"_wandb":{"runtime":33},"final_test_acc":0.515625,"train_acc":0.5234375,"train_loss":2.5007333755493164,"val_spikes_per_t":NaN,"3D Loss Surface":{"width":1548,"height":1266,"_type":"image-file","sha256":"cf3adfd041c12935e47e3cc6b33b0cbee88f848c1191331c867883bc9abf5eb7","size":276375,"path":"media/images/3D Loss Surface_601_cf3adfd041c12935e47e.png","format":"png"},"train_total_spikes":0}