{"train_total_spikes":15607,"3D Loss Surface":{"width":1548,"height":1266,"_type":"image-file","sha256":"8d0ed3b479f528249893cb9f51e7eee09097e9c27707e4ea09e4e241c13e059d","size":439526,"path":"media/images/3D Loss Surface_601_8d0ed3b479f528249893.png","format":"png"},"_step":602,"_runtime":102.964842494,"2D Loss Contour":{"size":130407,"path":"media/images/2D Loss Contour_602_a0d79f494a6deee4ffa2.png","format":"png","width":1623,"height":1176,"_type":"image-file","sha256":"a0d79f494a6deee4ffa2fe3dd40a2b32d4e744069529fcc4873f4918f64e8b27"},"final_val_acc":0.9609375,"val_total_spikes":15519,"_wandb":{"runtime":102},"train_acc":1,"final_train_acc":1,"val_loss":0.13770227134227753,"val_acc":0.9609375,"val_spikes_per_t":60.62109375,"train_spikes_per_t":60.96484375,"final_test_acc":0.96875,"train_loss":0.00042542300070635974,"_timestamp":1.7466541390869799e+09}