{"train_total_spikes":2571,"final_test_acc":0.94921875,"_wandb":{"runtime":161},"val_loss":0.09809870272874832,"val_spikes_per_t":10.453125,"train_spikes_per_t":10.04296875,"train_loss":0.0023134856019169092,"final_val_acc":0.95703125,"_timestamp":1.7466878295026827e+09,"train_acc":1,"final_train_acc":1,"_runtime":161.007151223,"val_acc":0.95703125,"2D Loss Contour":{"size":128056,"path":"media/images/2D Loss Contour_602_63649ac5cf180a492d5a.png","format":"png","width":1623,"height":1176,"_type":"image-file","sha256":"63649ac5cf180a492d5ae6dcf486306ffb979b1fd9ca6dcc2bb315a1316be8f5"},"val_total_spikes":2676,"_step":602,"3D Loss Surface":{"_type":"image-file","sha256":"3d8ed7f771775f5da972fb06402c5154556f8d3204618a6fe01ec4bd036dce26","size":383240,"path":"media/images/3D Loss Surface_601_3d8ed7f771775f5da972.png","format":"png","width":1548,"height":1266}}