{"train_spikes_per_t":2.55078125,"train_total_spikes":653,"val_total_spikes":668,"val_acc":0.640625,"train_acc":0.98828125,"_step":602,"_runtime":160.78193681,"final_test_acc":0.6484375,"val_spikes_per_t":2.609375,"_timestamp":1.746676164458584e+09,"3D Loss Surface":{"size":405873,"path":"media/images/3D Loss Surface_601_4214a2872129b1b720e3.png","format":"png","width":1548,"height":1266,"_type":"image-file","sha256":"4214a2872129b1b720e3f9845dbfc57f490867f240598432ca0f4df47acc9623"},"2D Loss Contour":{"size":112305,"path":"media/images/2D Loss Contour_602_818646b9453f11a882c2.png","format":"png","width":1596,"height":1176,"_type":"image-file","sha256":"818646b9453f11a882c2f096bf48747b88f0eb5c62adbce899bdf306c13341c8"},"val_loss":1.3205373287200928,"final_val_acc":0.640625,"final_train_acc":0.98828125,"_wandb":{"runtime":160},"train_loss":0.09061355143785477}