{"final_train_acc":0.99609375,"3D Loss Surface":{"format":"png","width":1548,"height":1266,"_type":"image-file","sha256":"7b1e43e47edd69cfdf5bdd34d788d34a49d7ed0877d42ac87c053b8a9088c42a","size":382673,"path":"media/images/3D Loss Surface_601_7b1e43e47edd69cfdf5b.png"},"train_total_spikes":0,"val_total_spikes":0,"final_val_acc":0.85546875,"val_spikes_per_t":NaN,"_timestamp":1.746600881766953e+09,"_wandb":{"runtime":57},"val_acc":0.85546875,"train_loss":0.029789287596940994,"val_loss":0.39807307720184326,"2D Loss Contour":{"sha256":"189e305be1f359f7335146f0c2f44b4449eddb9f8bca339a363b9c671070e236","size":128302,"path":"media/images/2D Loss Contour_602_189e305be1f359f73351.png","format":"png","width":1622,"height":1176,"_type":"image-file"},"_step":602,"train_spikes_per_t":NaN,"train_acc":0.99609375,"final_test_acc":0.8359375,"_runtime":57.713577275}