{"_runtime":156.613156507,"_step":602,"train_spikes_per_t":2.72265625,"train_total_spikes":697,"_timestamp":1.7466645213895357e+09,"val_spikes_per_t":2.72265625,"_wandb":{"runtime":156},"train_loss":0.374372661113739,"final_train_acc":0.8515625,"val_total_spikes":697,"3D Loss Surface":{"path":"media/images/3D Loss Surface_601_9cdd78579383b5826403.png","format":"png","width":1522,"height":1266,"_type":"image-file","sha256":"9cdd78579383b5826403169044c5bfcf1e1099c26203578f88135193a7922691","size":386489},"train_acc":0.8515625,"2D Loss Contour":{"width":1596,"height":1176,"_type":"image-file","sha256":"d2fd551ff801836b4f7888361c3f6d87282619325b367af0a05b710ccb03a3b5","size":119028,"path":"media/images/2D Loss Contour_602_d2fd551ff801836b4f78.png","format":"png"},"val_acc":0.5625,"val_loss":0.886430025100708,"final_val_acc":0.5625,"final_test_acc":0.51171875}