{"train_total_spikes":15069,"train_spikes_per_t":58.86328125,"final_test_acc":0.48828125,"_step":602,"_runtime":86.512988604,"val_loss":4.843072891235352,"2D Loss Contour":{"format":"png","width":1543,"height":1176,"_type":"image-file","sha256":"22cf359b962f686e7771fd67e1323e6560d5d0b94b9b44a7ce74e939648c2567","size":150250,"path":"media/images/2D Loss Contour_602_22cf359b962f686e7771.png"},"train_acc":0.54296875,"3D Loss Surface":{"format":"png","width":1495,"height":1266,"_type":"image-file","sha256":"fda39a32e32dc3af9b768121e5750273363efbe874a9d1cec8fb21989028f4bc","size":427968,"path":"media/images/3D Loss Surface_601_fda39a32e32dc3af9b76.png"},"val_total_spikes":15566,"final_val_acc":0.51171875,"_wandb":{"runtime":86},"val_spikes_per_t":60.8046875,"train_loss":4.755081653594971,"val_acc":0.51171875,"_timestamp":1.7466750767745917e+09,"final_train_acc":0.54296875}