{"3D Loss Surface":{"size":366456,"path":"media/images/3D Loss Surface_601_f815d771f3d86d898e73.png","format":"png","width":1548,"height":1266,"_type":"image-file","sha256":"f815d771f3d86d898e73930f86cb2171563d05b99db42aa793bee956fa062b75"},"final_test_acc":0.71875,"final_train_acc":1,"final_val_acc":0.71484375,"val_loss":0.9906493425369263,"_wandb":{"runtime":56},"_step":602,"val_spikes_per_t":NaN,"val_total_spikes":0,"_timestamp":1.74660626581023e+09,"_runtime":56.689367371,"train_total_spikes":0,"train_loss":0.028885746374726295,"val_acc":0.71484375,"train_spikes_per_t":NaN,"2D Loss Contour":{"height":1176,"_type":"image-file","sha256":"557148a924bc27343657997b36b9459417e9510e57e3c8d18dd169f8aa3ebe26","size":121460,"path":"media/images/2D Loss Contour_602_557148a924bc27343657.png","format":"png","width":1622},"train_acc":1}