{"2D Loss Contour":{"format":"png","width":1569,"height":1176,"_type":"image-file","sha256":"7ba7b1a83f6b3097c2f941f3396d49c454c01c21c0af40c43dd4874f72a1c755","size":130711,"path":"media/images/2D Loss Contour_602_7ba7b1a83f6b3097c2f9.png"},"val_loss":1.444553017616272,"_wandb":{"runtime":113},"_runtime":113.69552618,"train_loss":1.0789393186569214,"final_test_acc":0.515625,"_step":602,"val_spikes_per_t":109.86328125,"3D Loss Surface":{"width":1495,"height":1266,"_type":"image-file","sha256":"2f391c981b9e2dbf81d7eb96434bec830280e8644a113e268f7466c281743674","size":323453,"path":"media/images/3D Loss Surface_601_2f391c981b9e2dbf81d7.png","format":"png"},"val_acc":0.5,"val_total_spikes":28125,"final_val_acc":0.5,"train_spikes_per_t":109.39453125,"final_train_acc":0.609375,"train_total_spikes":28005,"train_acc":0.609375,"_timestamp":1.7465795948205118e+09}