{"train_acc":1,"val_spikes_per_t":94.75,"val_total_spikes":24256,"train_loss":0.0067011709325015545,"final_test_acc":0.8828125,"3D Loss Surface":{"height":1266,"_type":"image-file","sha256":"b57deaebf09e0e81d8105df6604047434fa69c1bf2ee3f4c5bde96acd6245173","size":365137,"path":"media/images/3D Loss Surface_601_b57deaebf09e0e81d810.png","format":"png","width":1522},"_wandb":{"runtime":172},"final_train_acc":1,"2D Loss Contour":{"sha256":"36ef57d003797751b38661f1fb3cc528abe3d9641bcabe48ae847089a617b550","size":132050,"path":"media/images/2D Loss Contour_602_36ef57d003797751b386.png","format":"png","width":1596,"height":1176,"_type":"image-file"},"train_spikes_per_t":96.03125,"final_val_acc":0.86328125,"train_total_spikes":24584,"_step":602,"_timestamp":1.7466316571342845e+09,"val_loss":0.5447124242782593,"_runtime":172.211420859,"val_acc":0.86328125}