{"val_total_spikes":0,"train_spikes_per_t":NaN,"val_spikes_per_t":NaN,"_timestamp":1.7466096687946818e+09,"_wandb":{"runtime":32},"train_total_spikes":0,"val_acc":1,"train_loss":0.0008886865107342601,"final_train_acc":1,"val_loss":0.028780745342373848,"_runtime":32.156390503,"3D Loss Surface":{"_type":"image-file","sha256":"458b2aef950a3e9d4006d7cfc45e3a4ada4397bdf802b35f74a04cb978ef9f4a","size":496013,"path":"media/images/3D Loss Surface_601_458b2aef950a3e9d4006.png","format":"png","width":1575,"height":1266},"final_val_acc":1,"_step":602,"2D Loss Contour":{"path":"media/images/2D Loss Contour_602_21dbfd901a95cb09fc0e.png","format":"png","width":1649,"height":1176,"_type":"image-file","sha256":"21dbfd901a95cb09fc0ee5d376a4ccc88c3583d278752c22cb3b91845dd05d4a","size":146462},"final_test_acc":0.9609375,"train_acc":1}