{"_step":602,"train_loss":0.014138136990368366,"val_loss":0.6827496290206909,"train_acc":1,"3D Loss Surface":{"sha256":"2c1adffb8638e283b7f3c949d642b65454d28635ae4a4be170292e9e37f3fdc1","size":406370,"path":"media/images/3D Loss Surface_601_2c1adffb8638e283b7f3.png","format":"png","width":1575,"height":1266,"_type":"image-file"},"final_test_acc":0.77734375,"val_total_spikes":0,"2D Loss Contour":{"path":"media/images/2D Loss Contour_602_fa0c8e1b776028940493.png","format":"png","width":1623,"height":1176,"_type":"image-file","sha256":"fa0c8e1b77602894049384b62f2b6ccf91eb3056f70a749fb6927956dd8df075","size":141667},"train_spikes_per_t":NaN,"_wandb":{"runtime":59},"final_val_acc":0.7734375,"_timestamp":1.7465961210990932e+09,"final_train_acc":1,"val_spikes_per_t":NaN,"val_acc":0.7734375,"_runtime":59.657537251,"train_total_spikes":0}