{"_runtime":102.436904535,"_wandb":{"runtime":102},"val_loss":0.03310098499059677,"val_total_spikes":13777,"2D Loss Contour":{"width":1649,"height":1176,"_type":"image-file","sha256":"c9595a6d30972d70cd855c19b70b71e019ce55edf910a71ac0801943a6b32dea","size":126827,"path":"media/images/2D Loss Contour_602_c9595a6d30972d70cd85.png","format":"png"},"_step":602,"train_acc":1,"3D Loss Surface":{"width":1575,"height":1266,"_type":"image-file","sha256":"202eb5fa660e015a733e4621c447c38577815e4271e95a63f29a26233026778e","size":483732,"path":"media/images/3D Loss Surface_601_202eb5fa660e015a733e.png","format":"png"},"final_test_acc":0.9921875,"val_acc":0.98828125,"train_spikes_per_t":53.8828125,"train_total_spikes":13794,"final_train_acc":1,"val_spikes_per_t":53.81640625,"train_loss":0.0002471587504260242,"_timestamp":1.7466631309811456e+09,"final_val_acc":0.98828125}