{"final_val_acc":0.9921875,"val_acc":0.9921875,"val_total_spikes":16881,"val_spikes_per_t":65.94140625,"_runtime":75.480567134,"2D Loss Contour":{"path":"media/images/2D Loss Contour_602_6d37cfa6711154b06fd6.png","format":"png","width":1649,"height":1176,"_type":"image-file","sha256":"6d37cfa6711154b06fd663ad6d8ed6803300b2e525dc4091195803bb31687ba9","size":138266},"train_spikes_per_t":66.78515625,"train_total_spikes":17097,"3D Loss Surface":{"_type":"image-file","sha256":"4ee7de0554e0921c041f66a58b056e39e42f0189a11543046941ce4e25a0594d","size":439749,"path":"media/images/3D Loss Surface_601_4ee7de0554e0921c041f.png","format":"png","width":1575,"height":1266},"_timestamp":1.7465841044757574e+09,"val_loss":0.014469348825514317,"_wandb":{"runtime":75},"final_train_acc":1,"final_test_acc":0.98828125,"train_loss":0.00040127200190909207,"train_acc":1,"_step":602}