{"train_loss":0.0035007470287382603,"train_spikes_per_t":46.58984375,"train_total_spikes":11927,"val_spikes_per_t":46.34765625,"final_train_acc":1,"2D Loss Contour":{"_type":"image-file","sha256":"83ff9ec4bba3ec80724cf750bcf3d72071b797e030d76ed6375854a609154386","size":122817,"path":"media/images/2D Loss Contour_602_83ff9ec4bba3ec80724c.png","format":"png","width":1622,"height":1176},"_timestamp":1.7466304433636086e+09,"_step":602,"final_val_acc":0.90234375,"final_test_acc":0.890625,"val_acc":0.90234375,"3D Loss Surface":{"size":508906,"path":"media/images/3D Loss Surface_601_b5875c74bac416a2274e.png","format":"png","width":1548,"height":1266,"_type":"image-file","sha256":"b5875c74bac416a2274eaca71d7ccf4ef7686b4a788d5306fee251ea3582f1e5"},"_runtime":172.980616385,"val_loss":0.24394142627716064,"val_total_spikes":11865,"_wandb":{"runtime":172},"train_acc":1}