{"_step":602,"val_spikes_per_t":20.625,"train_acc":1,"final_train_acc":1,"train_total_spikes":5229,"_runtime":161.705645847,"final_test_acc":0.94140625,"_timestamp":1.7466857160390046e+09,"2D Loss Contour":{"width":1596,"height":1176,"_type":"image-file","sha256":"37830eb34a5c9f22d1e1f35e28a24c3c1909b8ae85cdb397c2ac389aca1c0ba5","size":113487,"path":"media/images/2D Loss Contour_602_37830eb34a5c9f22d1e1.png","format":"png"},"3D Loss Surface":{"format":"png","width":1548,"height":1266,"_type":"image-file","sha256":"d38fcc58934c28740ec1d6ad55456878bce614a69a2fd4c0fbbededd10aff7de","size":441346,"path":"media/images/3D Loss Surface_601_d38fcc58934c28740ec1.png"},"_wandb":{"runtime":161},"val_loss":0.22112415730953217,"train_loss":0.003538296790793538,"train_spikes_per_t":20.42578125,"val_total_spikes":5280,"final_val_acc":0.92578125,"val_acc":0.92578125}