{"val_acc":0.6015625,"train_total_spikes":7580,"_timestamp":1.7466717738352532e+09,"_runtime":91.201012087,"final_test_acc":0.65625,"val_loss":0.7833943367004395,"train_loss":0.4565960764884949,"_step":602,"val_spikes_per_t":30.3203125,"train_spikes_per_t":29.609375,"final_val_acc":0.6015625,"2D Loss Contour":{"path":"media/images/2D Loss Contour_602_d8222e5fbb5bca3c9f58.png","format":"png","width":1623,"height":1176,"_type":"image-file","sha256":"d8222e5fbb5bca3c9f5844ebcc609ca39dbcd61db5b3c147f535970d28196b05","size":147575},"_wandb":{"runtime":91},"final_train_acc":0.79296875,"train_acc":0.79296875,"val_total_spikes":7762,"3D Loss Surface":{"sha256":"65304fac93690a3c65fdb76d23b56feaf7c9b7e7b9e175463fd7f15c59fd0f46","size":338667,"path":"media/images/3D Loss Surface_601_65304fac93690a3c65fd.png","format":"png","width":1522,"height":1266,"_type":"image-file"}}