{"train_spikes_per_t":68.1796875,"train_total_spikes":17454,"final_test_acc":0.95703125,"3D Loss Surface":{"height":1266,"_type":"image-file","sha256":"1dd5118fb887b93230a32882806e0d36ac38b62dce3bed75e30a5bb0b6acdd14","size":418844,"path":"media/images/3D Loss Surface_601_1dd5118fb887b93230a3.png","format":"png","width":1522},"_wandb":{"runtime":102},"_runtime":102.084785897,"val_loss":0.11527275294065475,"final_train_acc":1,"val_total_spikes":17511,"train_loss":0.00035904531250707805,"train_acc":1,"_step":602,"val_acc":0.95703125,"_timestamp":1.746653796224933e+09,"val_spikes_per_t":68.40234375,"final_val_acc":0.95703125,"2D Loss Contour":{"path":"media/images/2D Loss Contour_602_01be531e6d5cc8e8a6b8.png","format":"png","width":1596,"height":1176,"_type":"image-file","sha256":"01be531e6d5cc8e8a6b8516812f5572a13242f6d9bd1c8d5a6e306053fa6bbe5","size":113729}}