{"val_acc":0.77734375,"2D Loss Contour":{"path":"media/images/2D Loss Contour_602_d9d041832afdbcbe643c.png","format":"png","width":1622,"height":1176,"_type":"image-file","sha256":"d9d041832afdbcbe643cef1ee644bae66f4656f1fb6a8b81818c725b2dec7c3a","size":121143},"_runtime":56.935917694,"final_test_acc":0.7890625,"_step":602,"val_loss":0.5714308023452759,"final_train_acc":1,"_timestamp":1.7466014019518948e+09,"final_val_acc":0.77734375,"train_acc":1,"val_spikes_per_t":NaN,"val_total_spikes":0,"3D Loss Surface":{"format":"png","width":1548,"height":1266,"_type":"image-file","sha256":"c5f0c5fe1a13f5c91f744232a6e7df1a9aac58e16901eb7894cc32844dfc29dc","size":497924,"path":"media/images/3D Loss Surface_601_c5f0c5fe1a13f5c91f74.png"},"train_loss":0.006179402116686106,"train_total_spikes":0,"_wandb":{"runtime":56},"train_spikes_per_t":NaN}