{"train_acc":1,"2D Loss Contour":{"format":"png","width":1596,"height":1176,"_type":"image-file","sha256":"13f6e91f324c6e8211206154a036699cec4dd30fb67654d9ef35ed0cb309988e","size":109158,"path":"media/images/2D Loss Contour_602_13f6e91f324c6e821120.png"},"val_total_spikes":0,"final_train_acc":1,"3D Loss Surface":{"path":"media/images/3D Loss Surface_601_b6d8c858f2e65cd482b8.png","format":"png","width":1522,"height":1266,"_type":"image-file","sha256":"b6d8c858f2e65cd482b82ce3b8c601180904f7d4a5628218b4a10beb7087ce62","size":424479},"final_test_acc":0.83203125,"_wandb":{"runtime":56},"_timestamp":1.746601633397145e+09,"val_acc":0.859375,"_runtime":56.731232493,"train_spikes_per_t":NaN,"train_total_spikes":0,"val_loss":0.4869943857192993,"final_val_acc":0.859375,"train_loss":0.008032568730413914,"_step":602,"val_spikes_per_t":NaN}