{"_runtime":171.901098387,"val_spikes_per_t":72.20703125,"train_total_spikes":18577,"final_test_acc":0.55078125,"3D Loss Surface":{"height":1266,"_type":"image-file","sha256":"6e89e063e320844f95da1e247f60d8b6919984517ec61760d00ca0c1a87d7c78","size":409664,"path":"media/images/3D Loss Surface_601_6e89e063e320844f95da.png","format":"png","width":1548},"_timestamp":1.7466172586389303e+09,"val_loss":0.6870030760765076,"val_acc":0.55859375,"train_loss":0.6195418834686279,"final_train_acc":0.625,"_wandb":{"runtime":171},"train_acc":0.625,"_step":602,"train_spikes_per_t":72.56640625,"val_total_spikes":18485,"2D Loss Contour":{"format":"png","width":1622,"height":1176,"_type":"image-file","sha256":"3d1bcbe7022146510a2bdd6c0b76a0c720f008223c199cc326286e2c1bcab0aa","size":146724,"path":"media/images/2D Loss Contour_602_3d1bcbe7022146510a2b.png"},"final_val_acc":0.55859375}