{"3D Loss Surface":{"size":497115,"path":"media/images/3D Loss Surface_601_b9dc893c46dc700497cf.png","format":"png","width":1575,"height":1266,"_type":"image-file","sha256":"b9dc893c46dc700497cf925ec32449393b826712e9bd9e29ce198ecfa4ca8075"},"_timestamp":1.7466526601107087e+09,"_runtime":102.438060939,"train_spikes_per_t":43.7421875,"final_train_acc":1,"final_test_acc":0.9921875,"train_total_spikes":11198,"val_acc":0.984375,"val_loss":0.02029348723590374,"train_loss":0.00026420928770676255,"val_spikes_per_t":43.83984375,"2D Loss Contour":{"height":1176,"_type":"image-file","sha256":"4a7c165c6e48473cded5e3bf60d9a72e739c8724f3a5ab614331d2dfc3d4b104","size":135845,"path":"media/images/2D Loss Contour_602_4a7c165c6e48473cded5.png","format":"png","width":1622},"final_val_acc":0.984375,"train_acc":1,"_step":602,"_wandb":{"runtime":102},"val_total_spikes":11223}