{"val_total_spikes":0,"final_test_acc":0.87890625,"_step":602,"final_val_acc":0.8203125,"_wandb":{"runtime":58},"val_acc":0.8203125,"train_total_spikes":0,"3D Loss Surface":{"width":1575,"height":1266,"_type":"image-file","sha256":"a910e867b8c6e77ad752d59bac72c9ba11b50f749514bade4c0f1ed84748d750","size":261293,"path":"media/images/3D Loss Surface_601_a910e867b8c6e77ad752.png","format":"png"},"_runtime":58.357812418,"val_spikes_per_t":NaN,"_timestamp":1.7466034290772295e+09,"2D Loss Contour":{"width":1649,"height":1176,"_type":"image-file","sha256":"01ad54198844c7adde6d1dcd6de72e6aa01ec0b71d4c3d9c40f3cfbedccfe060","size":154847,"path":"media/images/2D Loss Contour_602_01ad54198844c7adde6d.png","format":"png"},"train_acc":1,"val_loss":0.44806402921676636,"final_train_acc":1,"train_spikes_per_t":NaN,"train_loss":0.007206883747130632}