{"val_total_spikes":9914,"_runtime":64.752332697,"final_val_acc":0.84375,"train_total_spikes":9808,"final_test_acc":0.84765625,"train_spikes_per_t":38.3125,"val_acc":0.84375,"2D Loss Contour":{"sha256":"58ced4a57bceb13aeab1605c01c9f534025bd2d0a39e63e92eea002189601b6a","size":126632,"path":"media/images/2D Loss Contour_602_58ced4a57bceb13aeab1.png","format":"png","width":1596,"height":1176,"_type":"image-file"},"train_loss":0.006469618063420057,"_timestamp":1.7466743143012633e+09,"train_acc":1,"val_spikes_per_t":38.7265625,"_step":602,"val_loss":0.5058130621910095,"3D Loss Surface":{"format":"png","width":1522,"height":1266,"_type":"image-file","sha256":"453c10f7e769c662855f200f4857ed4d9cd8d17698adb5782700bfaec073af64","size":413514,"path":"media/images/3D Loss Surface_601_453c10f7e769c662855f.png"},"final_train_acc":1,"_wandb":{"runtime":64}}