{"final_val_acc":0.99609375,"val_total_spikes":17542,"train_spikes_per_t":68.4296875,"train_loss":0.00021918368292972445,"train_total_spikes":17518,"train_acc":1,"_timestamp":1.7465895166416101e+09,"val_loss":0.012033222243189812,"_runtime":76.737785165,"_wandb":{"runtime":76},"_step":602,"final_train_acc":1,"val_acc":0.99609375,"val_spikes_per_t":68.5234375,"3D Loss Surface":{"size":395923,"path":"media/images/3D Loss Surface_601_94b1aaf506221cbb5bd0.png","format":"png","width":1548,"height":1266,"_type":"image-file","sha256":"94b1aaf506221cbb5bd0489711d2ee458a12ba50533f57dae47701b7f0d8d652"},"2D Loss Contour":{"format":"png","width":1623,"height":1176,"_type":"image-file","sha256":"814b4d1dc50d479889061acb578e994ef9db4b236d0704702dbed89f3016cc13","size":148962,"path":"media/images/2D Loss Contour_602_814b4d1dc50d47988906.png"},"final_test_acc":0.98046875}