{"val_spikes_per_t":36.4296875,"val_acc":0.93359375,"train_loss":0.008454111404716969,"2D Loss Contour":{"_type":"image-file","sha256":"d05c2ea77ff62f5aa834ab90ee54dbaf28a66139df3d944c081f122fd0e5de2c","size":121354,"path":"media/images/2D Loss Contour_602_d05c2ea77ff62f5aa834.png","format":"png","width":1649,"height":1176},"final_test_acc":0.94140625,"_step":602,"3D Loss Surface":{"_type":"image-file","sha256":"c87fd3609fc03c682783bdd6c6ab7b46fb7f9e3ad94c79af11c9c04d8eeebb85","size":445584,"path":"media/images/3D Loss Surface_601_c87fd3609fc03c682783.png","format":"png","width":1548,"height":1266},"final_train_acc":0.99609375,"_timestamp":1.7466300965274184e+09,"_runtime":172.705270099,"val_total_spikes":9326,"final_val_acc":0.93359375,"train_spikes_per_t":35.03125,"_wandb":{"runtime":172},"train_acc":0.99609375,"val_loss":0.2297901213169098,"train_total_spikes":8968}