{"train_spikes_per_t":59.64453125,"train_loss":0.5798379778862,"_timestamp":1.7466914114233675e+09,"_runtime":162.318434982,"3D Loss Surface":{"sha256":"aabf1f1bd2ebfb7d8664e3c912e9b8d1a3543d21e4599e2ba6cc076f58051831","size":369771,"path":"media/images/3D Loss Surface_601_aabf1f1bd2ebfb7d8664.png","format":"png","width":1548,"height":1266,"_type":"image-file"},"final_val_acc":0.5390625,"val_acc":0.5390625,"_step":602,"val_total_spikes":15353,"val_loss":0.6999810934066772,"train_acc":0.69921875,"_wandb":{"runtime":162},"final_train_acc":0.69921875,"2D Loss Contour":{"width":1623,"height":1176,"_type":"image-file","sha256":"626daa08b25a5b00d2e3180f6343226537d4552f7ae708c1b950d1d1623d5d42","size":124840,"path":"media/images/2D Loss Contour_602_626daa08b25a5b00d2e3.png","format":"png"},"final_test_acc":0.625,"train_total_spikes":15269,"val_spikes_per_t":59.97265625}