{"final_val_acc":0.953125,"val_spikes_per_t":13.3515625,"train_loss":0.0064285933040082455,"3D Loss Surface":{"sha256":"7f57f48aa45372984dc72f277acde3a2bde46566a62275df7977573c0d122157","size":496482,"path":"media/images/3D Loss Surface_601_7f57f48aa45372984dc7.png","format":"png","width":1575,"height":1266,"_type":"image-file"},"train_spikes_per_t":13,"_timestamp":1.7466945003125901e+09,"train_acc":1,"val_loss":0.10880469530820847,"_step":602,"_wandb":{"runtime":162},"final_test_acc":0.9375,"final_train_acc":1,"val_total_spikes":3418,"_runtime":162.272480631,"train_total_spikes":3328,"2D Loss Contour":{"path":"media/images/2D Loss Contour_602_00dcd0d6d3a8a8b31796.png","format":"png","width":1623,"height":1176,"_type":"image-file","sha256":"00dcd0d6d3a8a8b317960e920abfd9d7635723cdad076934130fe6e5d3b48b48","size":119511},"val_acc":0.953125}