{"val_spikes_per_t":124.70703125,"final_train_acc":0.98828125,"3D Loss Surface":{"sha256":"62b2d7d081c82e85186c9fe8d43252eaadfe3a0e55992161a5e7ee3a30960970","size":410488,"path":"media/images/3D Loss Surface_601_62b2d7d081c82e85186c.png","format":"png","width":1522,"height":1266,"_type":"image-file"},"_runtime":115.05490752,"_timestamp":1.7465738373158844e+09,"_wandb":{"runtime":115},"train_loss":0.024836093187332153,"val_total_spikes":31925,"train_acc":0.98828125,"_step":602,"val_acc":0.9609375,"final_test_acc":0.98046875,"final_val_acc":0.9609375,"val_loss":0.10990941524505615,"2D Loss Contour":{"format":"png","width":1623,"height":1176,"_type":"image-file","sha256":"d2825e6ed3c38b80dbc2c6605e75586b18a833800dd5b1dcc9ed62d25fc6b118","size":131913,"path":"media/images/2D Loss Contour_602_d2825e6ed3c38b80dbc2.png"},"train_spikes_per_t":123.859375,"train_total_spikes":31708}