{"final_val_acc":0.671875,"val_loss":1.0067230463027954,"_step":602,"val_acc":0.671875,"val_total_spikes":585,"_timestamp":1.746669893455114e+09,"2D Loss Contour":{"path":"media/images/2D Loss Contour_602_8db33ab8ac8ef3ec783f.png","format":"png","width":1622,"height":1176,"_type":"image-file","sha256":"8db33ab8ac8ef3ec783fb9a3b90c56855ad5b5976148d52fe893411fd05d647c","size":140178},"3D Loss Surface":{"format":"png","width":1548,"height":1266,"_type":"image-file","sha256":"79676c950a9aac32c36a7b6b769cd9a93328fcaa4dc73dca92f2fa9c35b92c75","size":486435,"path":"media/images/3D Loss Surface_601_79676c950a9aac32c36a.png"},"final_train_acc":0.859375,"final_test_acc":0.67578125,"_runtime":46.774802897,"val_spikes_per_t":2.28515625,"_wandb":{"runtime":46},"train_spikes_per_t":2.1953125,"train_acc":0.859375,"train_loss":0.46954962611198425,"train_total_spikes":562}