{"train_acc":1,"val_loss":0.03404736891388893,"train_total_spikes":0,"val_acc":0.99609375,"_step":602,"_runtime":31.793229527,"_wandb":{"runtime":31},"val_spikes_per_t":NaN,"final_test_acc":0.9609375,"final_val_acc":0.99609375,"final_train_acc":1,"train_spikes_per_t":NaN,"_timestamp":1.7466122616428442e+09,"val_total_spikes":0,"train_loss":0.0009572497801855206,"3D Loss Surface":{"height":1266,"_type":"image-file","sha256":"b329e2c0f0636f6b2fbff3915a94c598da64ee776c006429be248e7ccfdffe00","size":502904,"path":"media/images/3D Loss Surface_601_b329e2c0f0636f6b2fbf.png","format":"png","width":1575},"2D Loss Contour":{"size":142952,"path":"media/images/2D Loss Contour_602_6f70d6107b50f1475c0b.png","format":"png","width":1649,"height":1176,"_type":"image-file","sha256":"6f70d6107b50f1475c0b4f5a3af5ffcecba1a5380db6f7cdf627355fc1bbff1a"}}