{"train_total_spikes":22824,"_wandb":{"runtime":115},"train_loss":0.010316957719624043,"_timestamp":1.7465734924080923e+09,"val_spikes_per_t":88.0703125,"val_acc":0.9921875,"train_spikes_per_t":89.15625,"val_total_spikes":22546,"2D Loss Contour":{"path":"media/images/2D Loss Contour_602_a0f51a0be92c603e6e3f.png","format":"png","width":1622,"height":1176,"_type":"image-file","sha256":"a0f51a0be92c603e6e3f25a91b868581012094590ee73d621439c70debde8d09","size":125303},"_runtime":115.170876516,"val_loss":0.041793521493673325,"final_train_acc":1,"final_val_acc":0.9921875,"final_test_acc":0.9765625,"train_acc":1,"3D Loss Surface":{"height":1266,"_type":"image-file","sha256":"f96d9291ca4b414094f031ea5fc9deddda35a838814088bbcf06fe1ed4f7720b","size":422927,"path":"media/images/3D Loss Surface_601_f96d9291ca4b414094f0.png","format":"png","width":1522},"_step":602}