{"val_acc":0.984375,"2D Loss Contour":{"path":"media/images/2D Loss Contour_602_b17f3f4c5606618e41fa.png","format":"png","width":1622,"height":1176,"_type":"image-file","sha256":"b17f3f4c5606618e41faa7c97b28891d5b8cf93c06717a3ea3671f9d432c6fce","size":132074},"train_loss":0.0009677835623733699,"_timestamp":1.7465917288248594e+09,"final_train_acc":1,"final_val_acc":0.984375,"_runtime":75.072958423,"final_test_acc":0.984375,"_wandb":{"runtime":75},"train_acc":1,"train_total_spikes":16356,"train_spikes_per_t":63.890625,"3D Loss Surface":{"width":1548,"height":1266,"_type":"image-file","sha256":"531ac7629348c98ebb9a5b934d9cc1d4c3726eba9f4f6951f849357beb9bfe98","size":368096,"path":"media/images/3D Loss Surface_601_531ac7629348c98ebb9a.png","format":"png"},"val_total_spikes":16171,"_step":602,"val_spikes_per_t":63.16796875,"val_loss":0.035261113196611404}