{"2D Loss Contour":{"path":"media/images/2D Loss Contour_602_512edc5e20804d63235c.png","format":"png","width":1596,"height":1176,"_type":"image-file","sha256":"512edc5e20804d63235c1bf974cafb32288d72ef82f0c5626a91f6ba9a83d111","size":124946},"train_total_spikes":6657,"final_val_acc":0.8671875,"train_acc":1,"val_loss":0.37283313274383545,"_timestamp":1.7466469242142847e+09,"final_test_acc":0.83984375,"_step":602,"val_spikes_per_t":25.796875,"val_total_spikes":6604,"train_spikes_per_t":26.00390625,"_runtime":172.821792509,"_wandb":{"runtime":172},"final_train_acc":1,"train_loss":0.008629744872450829,"val_acc":0.8671875,"3D Loss Surface":{"width":1522,"height":1266,"_type":"image-file","sha256":"ba9157688b6f98a5438fdbad10517b3a3d40659eca4c1cb5ca1476cb41d22003","size":420610,"path":"media/images/3D Loss Surface_601_ba9157688b6f98a5438f.png","format":"png"}}