{"val_spikes_per_t":67.40625,"final_test_acc":0.97265625,"val_loss":0.07561933249235153,"train_loss":0.0003338610113132745,"final_train_acc":1,"val_total_spikes":17256,"2D Loss Contour":{"_type":"image-file","sha256":"aa16837d54ca3d2bdcf4ee6e9f381e49e44ad7e0b432b31d62c8d26914be8758","size":126220,"path":"media/images/2D Loss Contour_602_aa16837d54ca3d2bdcf4.png","format":"png","width":1622,"height":1176},"_wandb":{"runtime":103},"final_val_acc":0.97265625,"_runtime":103.123967154,"train_total_spikes":17227,"_step":602,"train_spikes_per_t":67.29296875,"_timestamp":1.746660135138136e+09,"val_acc":0.97265625,"3D Loss Surface":{"_type":"image-file","sha256":"5bd4c06f36aa02a3da7ee277a4fc5b641bea3d3d0f75f9ffcb71dc06e5cc9ec9","size":492421,"path":"media/images/3D Loss Surface_601_5bd4c06f36aa02a3da7e.png","format":"png","width":1548,"height":1266},"train_acc":1}