{"val_total_spikes":15733,"_runtime":102.414321317,"val_loss":0.03223254531621933,"_timestamp":1.7466613741111455e+09,"train_loss":0.00020692989346571267,"final_val_acc":0.9921875,"final_test_acc":0.98828125,"train_total_spikes":15644,"train_spikes_per_t":61.109375,"train_acc":1,"val_acc":0.9921875,"_step":602,"_wandb":{"runtime":102},"3D Loss Surface":{"path":"media/images/3D Loss Surface_601_a31bfcc6e11371577a18.png","format":"png","width":1575,"height":1266,"_type":"image-file","sha256":"a31bfcc6e11371577a187743257c061b231f49c65d8f230aa28a62e9ea39aedb","size":462673},"2D Loss Contour":{"size":130355,"path":"media/images/2D Loss Contour_602_495a2b4485ed4f5d6487.png","format":"png","width":1649,"height":1176,"_type":"image-file","sha256":"495a2b4485ed4f5d64877e9f21b07b3bf09e9c456c53fb1f25a478518b230b32"},"val_spikes_per_t":61.45703125,"final_train_acc":1}