{"val_spikes_per_t":38.16015625,"_timestamp":1.7466577362038188e+09,"3D Loss Surface":{"sha256":"a847e7991c2d00d0feb7476225fa4a651964e7c4478e48aaf0c311ca2d26d4b5","size":441649,"path":"media/images/3D Loss Surface_601_a847e7991c2d00d0feb7.png","format":"png","width":1522,"height":1266,"_type":"image-file"},"train_loss":3.304124116897583,"_runtime":168.384481337,"final_val_acc":0.6015625,"_wandb":{"runtime":168},"train_acc":0.578125,"train_total_spikes":9700,"2D Loss Contour":{"width":1569,"height":1176,"_type":"image-file","sha256":"9bbd4caccc760092a9621323ae45c92f93c252f753e13ce24a0113c379c2e9ce","size":116753,"path":"media/images/2D Loss Contour_602_9bbd4caccc760092a962.png","format":"png"},"_step":602,"val_acc":0.6015625,"final_test_acc":0.51953125,"val_loss":3.0935308933258057,"val_total_spikes":9769,"final_train_acc":0.578125,"train_spikes_per_t":37.890625}