{"_timestamp":1.7466501838408778e+09,"val_acc":0.9921875,"3D Loss Surface":{"format":"png","width":1601,"height":1266,"_type":"image-file","sha256":"6535a4666241466218178ea7769ddeffbac602c43fc8d7fb92e5e8eb89593f61","size":488308,"path":"media/images/3D Loss Surface_601_6535a466624146621817.png"},"val_spikes_per_t":54.9140625,"train_spikes_per_t":54.48046875,"_runtime":102.578720461,"2D Loss Contour":{"_type":"image-file","sha256":"a0bf28d2a1cf2655c5d1d04141ba779724fc222e6e76a4d5bdf3b8d727f66940","size":143765,"path":"media/images/2D Loss Contour_602_a0bf28d2a1cf2655c5d1.png","format":"png","width":1649,"height":1176},"train_total_spikes":13947,"final_val_acc":0.9921875,"train_loss":0.0003863549791276455,"_wandb":{"runtime":102},"_step":602,"train_acc":1,"val_loss":0.018397020176053047,"final_train_acc":1,"final_test_acc":0.96484375,"val_total_spikes":14058}