{"3D Loss Surface":{"format":"png","width":1575,"height":1266,"_type":"image-file","sha256":"6bf1736b33426e440e6140ae397f91a85b426a708820a64f5086a7cae96e8682","size":451618,"path":"media/images/3D Loss Surface_601_6bf1736b33426e440e61.png"},"final_test_acc":0.94921875,"train_total_spikes":14325,"_timestamp":1.7466546564762645e+09,"final_train_acc":1,"val_acc":0.95703125,"val_loss":0.11210066825151443,"val_total_spikes":14255,"_wandb":{"runtime":102},"final_val_acc":0.95703125,"_step":602,"val_spikes_per_t":55.68359375,"2D Loss Contour":{"_type":"image-file","sha256":"a65351a04a3b636c92712927a2aca0e4db258840a0ebf73f185bb40c66afeb11","size":142217,"path":"media/images/2D Loss Contour_602_a65351a04a3b636c9271.png","format":"png","width":1623,"height":1176},"train_acc":1,"train_loss":0.00030039798002690077,"train_spikes_per_t":55.95703125,"_runtime":102.822506058}