{"2D Loss Contour":{"width":1649,"height":1176,"_type":"image-file","sha256":"d3ce28a909798bea503356ad76bc28bef2e35cb2ca840dfa16b987a802beb2f0","size":126601,"path":"media/images/2D Loss Contour_602_d3ce28a909798bea5033.png","format":"png"},"val_spikes_per_t":NaN,"val_loss":0.49953505396842957,"_wandb":{"runtime":57},"_timestamp":1.7465999554495099e+09,"final_test_acc":0.77734375,"final_val_acc":0.8125,"val_total_spikes":0,"train_spikes_per_t":NaN,"train_acc":1,"_step":602,"3D Loss Surface":{"_type":"image-file","sha256":"d6e2ad8fbf474be1a3b09763817e28a9bd27c062cb24480362334da845dbd063","size":363259,"path":"media/images/3D Loss Surface_601_d6e2ad8fbf474be1a3b0.png","format":"png","width":1548,"height":1266},"train_total_spikes":0,"final_train_acc":1,"val_acc":0.8125,"_runtime":57.320441644,"train_loss":0.014991081319749355}