{"final_test_acc":0.98046875,"2D Loss Contour":{"format":"png","width":1596,"height":1176,"_type":"image-file","sha256":"8e1e1652b21546ba05bf9f022689398bdbde0fa27a4485375e0b22f03754979c","size":118744,"path":"media/images/2D Loss Contour_602_8e1e1652b21546ba05bf.png"},"_wandb":{"runtime":113},"final_val_acc":0.97265625,"_timestamp":1.746577520541519e+09,"train_spikes_per_t":105.890625,"final_train_acc":1,"val_spikes_per_t":106.03515625,"val_loss":0.06118534132838249,"_step":602,"train_total_spikes":27108,"train_loss":0.013643655925989151,"train_acc":1,"3D Loss Surface":{"_type":"image-file","sha256":"ff637412f18f2b3be0abfe3c7bdd91559714a41dbfebf9a6899ce0568229b346","size":473749,"path":"media/images/3D Loss Surface_601_ff637412f18f2b3be0ab.png","format":"png","width":1522,"height":1266},"_runtime":113.898515416,"val_total_spikes":27145,"val_acc":0.97265625}