{"val_spikes_per_t":34.4453125,"train_total_spikes":8799,"val_total_spikes":8818,"final_val_acc":0.91015625,"_timestamp":1.7466427563233898e+09,"final_test_acc":0.8984375,"train_loss":0.01685556210577488,"val_loss":0.23824149370193481,"_wandb":{"runtime":173},"final_train_acc":0.99609375,"train_acc":0.99609375,"val_acc":0.91015625,"2D Loss Contour":{"format":"png","width":1596,"height":1176,"_type":"image-file","sha256":"ff6f63175397ee581364efbc72a42930fa20d7d4a505a2c6a98d8411878cf3fb","size":131409,"path":"media/images/2D Loss Contour_602_ff6f63175397ee581364.png"},"3D Loss Surface":{"format":"png","width":1522,"height":1266,"_type":"image-file","sha256":"89dbbcb0650589be6936c953c7631cd4a82d114959e2fcf56384b291284dc399","size":412285,"path":"media/images/3D Loss Surface_601_89dbbcb0650589be6936.png"},"train_spikes_per_t":34.37109375,"_step":602,"_runtime":173.406065823}