{"final_test_acc":0.9609375,"2D Loss Contour":{"height":1176,"_type":"image-file","sha256":"5d82aac5788fa59b871a15207b3a6af926a76f191efd7eac54ff1c9ec15ffd16","size":138874,"path":"media/images/2D Loss Contour_602_5d82aac5788fa59b871a.png","format":"png","width":1623},"train_acc":1,"final_val_acc":0.9765625,"train_loss":0.0017525613075122237,"_wandb":{"runtime":75},"_timestamp":1.7465831133975823e+09,"final_train_acc":1,"_step":602,"_runtime":75.529457736,"train_spikes_per_t":70.47265625,"val_acc":0.9765625,"train_total_spikes":18041,"val_total_spikes":17978,"3D Loss Surface":{"_type":"image-file","sha256":"eb21ac3e5615a3b677c6f377d77cbdd5546a2b4ee48021d31889fec9f33694c5","size":439089,"path":"media/images/3D Loss Surface_601_eb21ac3e5615a3b677c6.png","format":"png","width":1549,"height":1266},"val_spikes_per_t":70.2265625,"val_loss":0.05909368023276329}