{"val_total_spikes":22724,"train_loss":1.1640574932098389,"3D Loss Surface":{"height":1266,"_type":"image-file","sha256":"95a7d5493afbd4bc51d86fcb271bb6903052aacb707fb6309f273939414f2cdc","size":411442,"path":"media/images/3D Loss Surface_601_95a7d5493afbd4bc51d8.png","format":"png","width":1548},"_wandb":{"runtime":74},"train_acc":0.59375,"2D Loss Contour":{"path":"media/images/2D Loss Contour_602_6fb9d4771ac4bd00bdab.png","format":"png","width":1596,"height":1176,"_type":"image-file","sha256":"6fb9d4771ac4bd00bdab868af7eae7b9a84797f236104fbfdc163d12c58e6938","size":130098},"final_train_acc":0.59375,"val_acc":0.5546875,"train_spikes_per_t":88.48828125,"_step":602,"val_spikes_per_t":88.765625,"final_val_acc":0.5546875,"_runtime":74.431791102,"train_total_spikes":22653,"final_test_acc":0.546875,"_timestamp":1.7466542869356983e+09,"val_loss":1.4671502113342285}