{"_step":602,"_runtime":115.505596142,"train_acc":0.99609375,"final_train_acc":0.99609375,"val_loss":0.059186458587646484,"3D Loss Surface":{"format":"png","width":1548,"height":1266,"_type":"image-file","sha256":"b28f096c3ee816ff6f46da22a554cfd90f858e2a971aa38ab1422293c09ce7fc","size":384126,"path":"media/images/3D Loss Surface_601_b28f096c3ee816ff6f46.png"},"train_total_spikes":36122,"final_test_acc":0.9765625,"train_loss":0.026001134887337685,"_wandb":{"runtime":115},"final_val_acc":0.98046875,"_timestamp":1.7465768307276642e+09,"val_total_spikes":35698,"train_spikes_per_t":141.1015625,"val_spikes_per_t":139.4453125,"val_acc":0.98046875,"2D Loss Contour":{"height":1176,"_type":"image-file","sha256":"6df1fb9095f75eccdcf186077a30f51921f8c157c16df5958c8b30bc75cdd502","size":136511,"path":"media/images/2D Loss Contour_602_6df1fb9095f75eccdcf1.png","format":"png","width":1596}}