{"3D Loss Surface":{"_type":"image-file","sha256":"7cbe82a25585deb9ebb33bb07bd97cb690b58519602f2c5767fef488f1a29939","size":435223,"path":"media/images/3D Loss Surface_601_7cbe82a25585deb9ebb3.png","format":"png","width":1548,"height":1266},"_runtime":161.356770409,"train_total_spikes":3632,"val_acc":0.9765625,"final_val_acc":0.9765625,"_step":602,"final_test_acc":0.9765625,"train_acc":1,"val_loss":0.08166000992059708,"2D Loss Contour":{"path":"media/images/2D Loss Contour_602_c07d500bdfb693d9d727.png","format":"png","width":1622,"height":1176,"_type":"image-file","sha256":"c07d500bdfb693d9d727c3c00e2a08ba86d8cb41c04f61699ede0d7ffe62ce52","size":104430},"train_loss":0.008518494665622711,"train_spikes_per_t":14.1875,"val_spikes_per_t":13.8515625,"_timestamp":1.7466912484835787e+09,"_wandb":{"runtime":161},"val_total_spikes":3546,"final_train_acc":1}