{"_step":602,"train_total_spikes":0,"train_acc":1,"val_loss":0.05602462962269783,"train_loss":0.0018547404324635863,"_runtime":32.189086451,"val_acc":0.9765625,"2D Loss Contour":{"size":116713,"path":"media/images/2D Loss Contour_602_9da160bd33e7ad207daf.png","format":"png","width":1649,"height":1176,"_type":"image-file","sha256":"9da160bd33e7ad207daf62089ad846b3d4405cdd74db881a69b0f956d644343c"},"_timestamp":1.7466084847433825e+09,"final_test_acc":0.96875,"val_spikes_per_t":NaN,"val_total_spikes":0,"3D Loss Surface":{"size":505622,"path":"media/images/3D Loss Surface_601_e588a9172df252fb9d6a.png","format":"png","width":1575,"height":1266,"_type":"image-file","sha256":"e588a9172df252fb9d6ac81617e625eb3e037de7fadaadc9b15d908c71fd3cd3"},"_wandb":{"runtime":32},"train_spikes_per_t":NaN,"final_train_acc":1,"final_val_acc":0.9765625}