{"train_spikes_per_t":35.875,"train_total_spikes":9184,"final_val_acc":0.9375,"final_train_acc":1,"val_spikes_per_t":35.05859375,"_runtime":172.68782736,"train_acc":1,"val_loss":0.1831146776676178,"_step":602,"_timestamp":1.746640846833414e+09,"val_acc":0.9375,"2D Loss Contour":{"_type":"image-file","sha256":"81ce8d4b3abd9a412d2e1979ebbb8286f2afd79c225f4b0c06d07964ab88c9b5","size":131452,"path":"media/images/2D Loss Contour_602_81ce8d4b3abd9a412d2e.png","format":"png","width":1596,"height":1176},"train_loss":0.00948886014521122,"3D Loss Surface":{"size":499371,"path":"media/images/3D Loss Surface_601_928e66e945504b5dcb54.png","format":"png","width":1548,"height":1266,"_type":"image-file","sha256":"928e66e945504b5dcb5401a8c9ffca4c234a10e82cefeede34c087015f70e135"},"final_test_acc":0.91015625,"val_total_spikes":8975,"_wandb":{"runtime":172}}