{"val_acc":0.98046875,"_runtime":113.141704736,"val_spikes_per_t":86.6875,"final_train_acc":1,"_step":602,"2D Loss Contour":{"sha256":"ea54a3d95249fc614fd86f232c6177f678021651b3619156797f1a2f7e5d96fd","size":129192,"path":"media/images/2D Loss Contour_602_ea54a3d95249fc614fd8.png","format":"png","width":1622,"height":1176,"_type":"image-file"},"val_total_spikes":22192,"_wandb":{"runtime":113},"train_spikes_per_t":86.8828125,"train_loss":0.03708052262663841,"final_val_acc":0.98046875,"_timestamp":1.7465600527810318e+09,"val_loss":0.08034005761146545,"3D Loss Surface":{"size":422461,"path":"media/images/3D Loss Surface_601_8519c512c0cd2859e34b.png","format":"png","width":1548,"height":1266,"_type":"image-file","sha256":"8519c512c0cd2859e34bb87f9eb2d41d9c955a70ab9e28dd5bfb46017daf4f0f"},"train_acc":1,"final_test_acc":0.9765625,"train_total_spikes":22242}