{"train_acc":0.53125,"_runtime":117.509827848,"_wandb":{"runtime":117},"val_spikes_per_t":9.890625,"final_test_acc":0.49609375,"train_total_spikes":2578,"val_total_spikes":2532,"final_train_acc":0.53125,"2D Loss Contour":{"path":"media/images/2D Loss Contour_602_0e459319545da50737ab.png","format":"png","width":1623,"height":1176,"_type":"image-file","sha256":"0e459319545da50737ab358786851f54806edcaccae435d221fe54c41ebab02c","size":133237},"3D Loss Surface":{"height":1266,"_type":"image-file","sha256":"0d19275e0c6f8efe866e298dfd94c0d9eaf61cd0fe5bb22d32187aefaa93f99d","size":286344,"path":"media/images/3D Loss Surface_601_0d19275e0c6f8efe866e.png","format":"png","width":1548},"_timestamp":1.746483251884185e+09,"final_val_acc":0.51171875,"_step":602,"train_loss":0.3657771050930023,"train_spikes_per_t":10.0703125,"val_loss":0.45223408937454224,"val_acc":0.51171875}