{"val_total_spikes":443,"final_train_acc":0.984375,"_step":602,"val_loss":0.532908022403717,"_wandb":{"runtime":161},"_runtime":161.520511938,"train_total_spikes":479,"train_loss":0.03723544254899025,"final_test_acc":0.8359375,"val_acc":0.83984375,"final_val_acc":0.83984375,"3D Loss Surface":{"sha256":"4d0703794f876ddd3d95d3ad92e65bea8cb583aff199923b21557316eddbd0b8","size":485588,"path":"media/images/3D Loss Surface_601_4d0703794f876ddd3d95.png","format":"png","width":1548,"height":1266,"_type":"image-file"},"2D Loss Contour":{"size":126278,"path":"media/images/2D Loss Contour_602_0454cdbbfd4d0802a7a3.png","format":"png","width":1623,"height":1176,"_type":"image-file","sha256":"0454cdbbfd4d0802a7a33ae44bec626b019f0bcc74ef8cbb7b94a1c86494d47a"},"train_acc":0.984375,"_timestamp":1.7466808559053292e+09,"val_spikes_per_t":1.73046875,"train_spikes_per_t":1.87109375}