{"final_val_acc":0.703125,"train_spikes_per_t":NaN,"3D Loss Surface":{"format":"png","width":1548,"height":1266,"_type":"image-file","sha256":"e45c01ba3bf0bfc06111165cb10fdd3ea394f7f5ed7ed7e3553c0c73d2606563","size":321038,"path":"media/images/3D Loss Surface_601_e45c01ba3bf0bfc06111.png"},"2D Loss Contour":{"path":"media/images/2D Loss Contour_602_725bf105d3853e9c5dca.png","format":"png","width":1623,"height":1176,"_type":"image-file","sha256":"725bf105d3853e9c5dcaa9d9a309fb557d01ae78e648b3d484b0295d7d587bf7","size":122670},"final_train_acc":1,"val_spikes_per_t":NaN,"_step":602,"train_acc":1,"val_loss":1.0915775299072266,"_runtime":56.710785261,"train_loss":0.010961471125483513,"train_total_spikes":0,"_timestamp":1.7466556699166672e+09,"_wandb":{"runtime":56},"val_acc":0.703125,"val_total_spikes":0,"final_test_acc":0.67578125}