{"val_acc":0.50390625,"3D Loss Surface":{"format":"png","width":1522,"height":1266,"_type":"image-file","sha256":"60d38f0577491c006f1e9fb419073ba72e9dc1d1c0d9f62b1f6bef384f8e5009","size":408842,"path":"media/images/3D Loss Surface_601_60d38f0577491c006f1e.png"},"train_total_spikes":0,"_timestamp":1.7466707312872658e+09,"train_loss":0.7875630855560303,"_wandb":{"runtime":43},"_step":602,"final_test_acc":0.4921875,"final_val_acc":0.50390625,"final_train_acc":0.5234375,"val_loss":1.0919653177261353,"_runtime":43.068702342,"val_total_spikes":0,"2D Loss Contour":{"_type":"image-file","sha256":"c092a8cbf31c28d6f56cf4de3fe5acc4450a1ca0f33c2e7f5e52c5d85a2c1f6a","size":133269,"path":"media/images/2D Loss Contour_602_c092a8cbf31c28d6f56c.png","format":"png","width":1622,"height":1176},"train_spikes_per_t":NaN,"val_spikes_per_t":NaN,"train_acc":0.5234375}