{"_step":602,"val_acc":0.98046875,"_wandb":{"runtime":75},"2D Loss Contour":{"format":"png","width":1622,"height":1176,"_type":"image-file","sha256":"b1106cc490eb8da18f2ed306fe50d21995fc0174f8b6ee06acfeb63fe199ea30","size":141133,"path":"media/images/2D Loss Contour_602_b1106cc490eb8da18f2e.png"},"final_test_acc":0.96875,"val_spikes_per_t":75.08984375,"final_val_acc":0.98046875,"train_spikes_per_t":75.38671875,"train_loss":0.0011691380059346557,"train_total_spikes":19299,"val_total_spikes":19223,"3D Loss Surface":{"format":"png","width":1548,"height":1266,"_type":"image-file","sha256":"7ceb1933d17f286421bb8aa76afde46397bbfc45c5ce74e871d991bb5464153b","size":267733,"path":"media/images/3D Loss Surface_601_7ceb1933d17f286421bb.png"},"final_train_acc":1,"val_loss":0.03274890035390854,"_timestamp":1.7465861625827553e+09,"_runtime":75.811594756,"train_acc":1}