{"final_test_acc":0.94140625,"train_loss":0.018068553879857063,"val_spikes_per_t":12.51171875,"_wandb":{"runtime":162},"2D Loss Contour":{"width":1622,"height":1176,"_type":"image-file","sha256":"635ebe0a5e0e5b8c390f8db4781e641a03bdcf7e6e8b7739bf07253135e17239","size":136478,"path":"media/images/2D Loss Contour_602_635ebe0a5e0e5b8c390f.png","format":"png"},"_timestamp":1.7466980696520805e+09,"final_val_acc":0.921875,"_runtime":162.012055822,"train_total_spikes":3141,"train_spikes_per_t":12.26953125,"val_total_spikes":3203,"3D Loss Surface":{"sha256":"36c49dde562aff78cace1652ce7a8f5ef2ac88f8c6aa92f8e0a134f421c3ca03","size":397678,"path":"media/images/3D Loss Surface_601_36c49dde562aff78cace.png","format":"png","width":1548,"height":1266,"_type":"image-file"},"_step":602,"train_acc":0.9921875,"val_acc":0.921875,"val_loss":0.21912288665771484,"final_train_acc":0.9921875}