{"final_val_acc":0.80078125,"val_loss":0.5794427394866943,"_wandb":{"runtime":57},"2D Loss Contour":{"format":"png","width":1596,"height":1176,"_type":"image-file","sha256":"bf108bc947f59268dba3fe9923116906a7eca4373fbb9dc895954e96a6c7fdf0","size":126305,"path":"media/images/2D Loss Contour_602_bf108bc947f59268dba3.png"},"val_spikes_per_t":NaN,"train_spikes_per_t":NaN,"val_acc":0.80078125,"train_loss":0.0036400819662958384,"_runtime":57.067543095,"3D Loss Surface":{"path":"media/images/3D Loss Surface_601_8a28c669f4d8b68d635b.png","format":"png","width":1548,"height":1266,"_type":"image-file","sha256":"8a28c669f4d8b68d635bea6402b9fa0b030a0815a05d47818baae1f762c0126f","size":513511},"_timestamp":1.7466035447199526e+09,"final_train_acc":1,"train_acc":1,"final_test_acc":0.828125,"val_total_spikes":0,"train_total_spikes":0,"_step":602}