{"val_acc":0.9375,"3D Loss Surface":{"width":1548,"height":1266,"_type":"image-file","sha256":"bab47ea0808b64afc31186bbe0a6c77da5dc4bc6e961cf8cab460196b384b37c","size":458115,"path":"media/images/3D Loss Surface_601_bab47ea0808b64afc311.png","format":"png"},"train_spikes_per_t":11.23046875,"val_loss":0.17823898792266846,"val_spikes_per_t":11.5859375,"_timestamp":1.7466718104296732e+09,"_wandb":{"runtime":160},"train_acc":1,"final_val_acc":0.9375,"_runtime":160.201533566,"2D Loss Contour":{"size":110265,"path":"media/images/2D Loss Contour_602_e98339e3aa6b5afb5dd7.png","format":"png","width":1622,"height":1176,"_type":"image-file","sha256":"e98339e3aa6b5afb5dd706f86db3932d8917e22b6789a005ff540bb873e50019"},"val_total_spikes":2966,"final_test_acc":0.94140625,"train_loss":0.004628895316272974,"final_train_acc":1,"train_total_spikes":2875,"_step":602}