{"train_loss":0.004562822636216879,"_timestamp":1.7466554980115576e+09,"final_test_acc":0.76953125,"_wandb":{"runtime":56},"val_acc":0.7265625,"val_loss":0.8376636505126953,"3D Loss Surface":{"format":"png","width":1522,"height":1266,"_type":"image-file","sha256":"301683c548f7a912e6df0ed2cc6a7c7693f02b132f06a80858f7aaeb8e257d4d","size":378357,"path":"media/images/3D Loss Surface_601_301683c548f7a912e6df.png"},"2D Loss Contour":{"format":"png","width":1622,"height":1176,"_type":"image-file","sha256":"ed0caff569be7cf5ead6487f87b130ec3a2699441d12ae5aba68e6e131c82754","size":120060,"path":"media/images/2D Loss Contour_602_ed0caff569be7cf5ead6.png"},"final_val_acc":0.7265625,"train_total_spikes":0,"_runtime":56.579135613,"train_acc":1,"train_spikes_per_t":NaN,"val_total_spikes":0,"_step":602,"final_train_acc":1,"val_spikes_per_t":NaN}