{"val_total_spikes":7352,"_step":602,"val_loss":0.18959225714206696,"_runtime":173.154887378,"2D Loss Contour":{"_type":"image-file","sha256":"dd9255018f063a38740574ec49775996ae23c1bde13369db1ed7028a2511e576","size":122737,"path":"media/images/2D Loss Contour_602_dd9255018f063a387405.png","format":"png","width":1623,"height":1176},"train_total_spikes":7470,"_wandb":{"runtime":173},"final_val_acc":0.91796875,"val_spikes_per_t":28.71875,"train_acc":1,"3D Loss Surface":{"size":386212,"path":"media/images/3D Loss Surface_601_767e13f98398566de07e.png","format":"png","width":1548,"height":1266,"_type":"image-file","sha256":"767e13f98398566de07eb843780f302ff8fc6bf1823b19039f87383ce8d93692"},"train_loss":0.004281089175492525,"final_train_acc":1,"final_test_acc":0.9453125,"train_spikes_per_t":29.1796875,"val_acc":0.91796875,"_timestamp":1.746623832253201e+09}