{"train_acc":1,"final_val_acc":1,"val_total_spikes":15720,"val_spikes_per_t":61.40625,"val_acc":1,"_timestamp":1.7466673747358072e+09,"train_total_spikes":15689,"_wandb":{"runtime":102},"final_test_acc":0.98828125,"val_loss":0.012299111112952232,"train_loss":0.00023444568796548992,"2D Loss Contour":{"size":130864,"path":"media/images/2D Loss Contour_602_db5d3c609729f15541d3.png","format":"png","width":1675,"height":1176,"_type":"image-file","sha256":"db5d3c609729f15541d35a4b69dc60ae0333864bb2d95d88141ebdedf2c55ef1"},"_step":602,"_runtime":102.746329267,"3D Loss Surface":{"height":1266,"_type":"image-file","sha256":"d5023345b45673749861d82d870d579bf120d9703147465cce7bcf15b717798a","size":483397,"path":"media/images/3D Loss Surface_601_d5023345b45673749861.png","format":"png","width":1628},"train_spikes_per_t":61.28515625,"final_train_acc":1}