{"val_loss":0.11465658992528915,"_wandb":{"runtime":172},"2D Loss Contour":{"height":1176,"_type":"image-file","sha256":"1b9faffc065c313d8f2abc1ab37132b929326beb290abffcd51172602ecbd845","size":144638,"path":"media/images/2D Loss Contour_602_1b9faffc065c313d8f2a.png","format":"png","width":1649},"train_loss":0.016300057992339134,"final_train_acc":1,"train_acc":1,"train_total_spikes":8727,"_step":602,"val_total_spikes":8776,"final_test_acc":0.953125,"train_spikes_per_t":34.08984375,"3D Loss Surface":{"height":1266,"_type":"image-file","sha256":"a1a0f2851044a5f5f076ef7b2866e7faa86f7ab45dd6ae092e23eb53f1113a87","size":400059,"path":"media/images/3D Loss Surface_601_a1a0f2851044a5f5f076.png","format":"png","width":1601},"val_spikes_per_t":34.28125,"val_acc":0.95703125,"_timestamp":1.7466387639417396e+09,"final_val_acc":0.95703125,"_runtime":172.323457088}