{"_wandb":{"runtime":31},"val_spikes_per_t":NaN,"train_spikes_per_t":NaN,"final_test_acc":0.96484375,"final_train_acc":1,"final_val_acc":0.984375,"val_loss":0.04381705820560455,"train_acc":1,"train_loss":0.0008662424515932798,"_runtime":31.8466781,"_timestamp":1.7466122292078495e+09,"train_total_spikes":0,"val_total_spikes":0,"_step":602,"val_acc":0.984375,"2D Loss Contour":{"size":140387,"path":"media/images/2D Loss Contour_602_282ddce38b7dab00e663.png","format":"png","width":1649,"height":1176,"_type":"image-file","sha256":"282ddce38b7dab00e66379b1f72933f77211a8d7c5b0b2ea4d21b9a059657ab9"},"3D Loss Surface":{"format":"png","width":1601,"height":1266,"_type":"image-file","sha256":"b3cb94d1021e85ef8fd6a223c952302964c2073b8c573671f1139df589a86caf","size":511940,"path":"media/images/3D Loss Surface_601_b3cb94d1021e85ef8fd6.png"}}