{"train_loss":0.03532812371850014,"val_total_spikes":22586,"2D Loss Contour":{"sha256":"6a52ea41ef598d5f409f90cecc6e2ed784806fe7aa73ad0586730c37be064f5e","size":128305,"path":"media/images/2D Loss Contour_602_6a52ea41ef598d5f409f.png","format":"png","width":1596,"height":1176,"_type":"image-file"},"val_spikes_per_t":88.2265625,"final_val_acc":0.9765625,"_step":602,"3D Loss Surface":{"sha256":"3f4a756a4af5a30a4c45699c4168c477d49b932f4e43431268f14b57e5d51b9c","size":412342,"path":"media/images/3D Loss Surface_601_3f4a756a4af5a30a4c45.png","format":"png","width":1522,"height":1266,"_type":"image-file"},"_timestamp":1.7465631244366539e+09,"_runtime":113.599165786,"val_loss":0.10887650400400162,"val_acc":0.9765625,"train_total_spikes":22517,"final_test_acc":0.9375,"_wandb":{"runtime":113},"train_acc":1,"final_train_acc":1,"train_spikes_per_t":87.95703125}