{"3D Loss Surface":{"_type":"image-file","sha256":"cbe3e8416b5824cb6fdeddc8a1393394f60576db7aece900efab93ad28f6d43d","size":493595,"path":"media/images/3D Loss Surface_601_cbe3e8416b5824cb6fde.png","format":"png","width":1548,"height":1266},"2D Loss Contour":{"path":"media/images/2D Loss Contour_602_dc7fc5f20e4de3261258.png","format":"png","width":1596,"height":1176,"_type":"image-file","sha256":"dc7fc5f20e4de32612586c582a8d0b97583e4e7a5903c9e72da510c5cb4183de","size":117130},"final_train_acc":1,"val_acc":0.98828125,"_wandb":{"runtime":115},"final_test_acc":0.98046875,"train_loss":0.02180711179971695,"train_spikes_per_t":123.28125,"val_total_spikes":31261,"_step":602,"val_loss":0.028760064393281937,"train_acc":1,"final_val_acc":0.98828125,"val_spikes_per_t":122.11328125,"_runtime":115.29815282,"_timestamp":1.7465794804153132e+09,"train_total_spikes":31560}