{"train_loss":0.01472183596342802,"3D Loss Surface":{"size":496948,"path":"media/images/3D Loss Surface_601_6405e6232fbbff5bbe9e.png","format":"png","width":1575,"height":1266,"_type":"image-file","sha256":"6405e6232fbbff5bbe9e292d1c88b73e1b4f444043c1c2457bdad539dfc52577"},"_step":602,"final_val_acc":0.79296875,"final_train_acc":1,"val_spikes_per_t":NaN,"val_acc":0.79296875,"val_loss":0.7065211534500122,"train_acc":1,"final_test_acc":0.8046875,"2D Loss Contour":{"format":"png","width":1649,"height":1176,"_type":"image-file","sha256":"cdfd58018d4de0cf41ab03bb710760c2a05f7c9a845bb3e336bf853426f47cc7","size":144490,"path":"media/images/2D Loss Contour_602_cdfd58018d4de0cf41ab.png"},"val_total_spikes":0,"_timestamp":1.7466037184975152e+09,"_wandb":{"runtime":57},"_runtime":57.416129851,"train_total_spikes":0,"train_spikes_per_t":NaN}