{"train_total_spikes":14431,"_timestamp":1.7466569308221605e+09,"train_acc":0.9765625,"final_train_acc":0.9765625,"_step":602,"train_loss":0.1390434205532074,"val_acc":0.8203125,"val_spikes_per_t":56.3125,"_runtime":102.755062906,"train_spikes_per_t":56.37109375,"3D Loss Surface":{"height":1266,"_type":"image-file","sha256":"d66553a6af60d842bd1496d63600399af6ab765ad8f7014b3bbacbc2d5e53d8e","size":413472,"path":"media/images/3D Loss Surface_601_d66553a6af60d842bd14.png","format":"png","width":1522},"final_test_acc":0.80859375,"val_total_spikes":14416,"2D Loss Contour":{"_type":"image-file","sha256":"21be67cb7c54d2c2602ad2b75361e5c312b47796e3002ffdebc358b6224bf99e","size":137158,"path":"media/images/2D Loss Contour_602_21be67cb7c54d2c2602a.png","format":"png","width":1622,"height":1176},"final_val_acc":0.8203125,"_wandb":{"runtime":102},"val_loss":0.41344910860061646}