{"train_loss":0.0009721650858409703,"3D Loss Surface":{"path":"media/images/3D Loss Surface_601_6d43a5ebf9eae356b975.png","format":"png","width":1575,"height":1266,"_type":"image-file","sha256":"6d43a5ebf9eae356b9757d7591fbedf01c19ac6e41f559dd9c70eff987b24ae9","size":521856},"train_acc":1,"train_spikes_per_t":NaN,"val_loss":0.03512771427631378,"final_val_acc":0.99609375,"train_total_spikes":0,"2D Loss Contour":{"path":"media/images/2D Loss Contour_602_5710348b890326d16d14.png","format":"png","width":1649,"height":1176,"_type":"image-file","sha256":"5710348b890326d16d14843799aae6e4eb5c2cc276de278cd7937631ac7c749f","size":145776},"final_test_acc":0.96484375,"_timestamp":1.746609504609168e+09,"_wandb":{"runtime":31},"val_total_spikes":0,"_step":602,"val_acc":0.99609375,"final_train_acc":1,"val_spikes_per_t":NaN,"_runtime":31.970555591}