{"final_test_acc":0.83203125,"_timestamp":1.746605282030281e+09,"_runtime":56.825745843,"final_val_acc":0.76171875,"val_acc":0.76171875,"final_train_acc":1,"_step":602,"val_loss":0.7409825325012207,"train_total_spikes":0,"_wandb":{"runtime":56},"train_loss":0.007932277396321297,"train_acc":1,"3D Loss Surface":{"width":1522,"height":1266,"_type":"image-file","sha256":"5b9611dd0532f1250c4e86748c8be93e81d1a9bcbd352473deb3f026a49a9f69","size":497136,"path":"media/images/3D Loss Surface_601_5b9611dd0532f1250c4e.png","format":"png"},"val_total_spikes":0,"val_spikes_per_t":NaN,"2D Loss Contour":{"height":1176,"_type":"image-file","sha256":"ddc96282fa13bd6471433ef9a2971bec943d079c08345a61ab69917061d7aba9","size":115202,"path":"media/images/2D Loss Contour_602_ddc96282fa13bd647143.png","format":"png","width":1596},"train_spikes_per_t":NaN}