{"val_spikes_per_t":NaN,"train_spikes_per_t":NaN,"_runtime":32.337306288,"train_acc":1,"3D Loss Surface":{"sha256":"4538c181df33cae71d2051878dfc8e2eb4f8558f3fb3d7b62b496f7111df3c84","size":509634,"path":"media/images/3D Loss Surface_601_4538c181df33cae71d20.png","format":"png","width":1575,"height":1266,"_type":"image-file"},"val_loss":0.047813188284635544,"val_total_spikes":0,"2D Loss Contour":{"sha256":"4ba639ef06b13de4ee4ce1a8217716b1d45ecb2be7aed63910330fbe8cd87066","size":129592,"path":"media/images/2D Loss Contour_602_4ba639ef06b13de4ee4c.png","format":"png","width":1622,"height":1176,"_type":"image-file"},"_step":602,"final_train_acc":1,"final_test_acc":0.96484375,"train_total_spikes":0,"final_val_acc":0.98046875,"_wandb":{"runtime":32},"val_acc":0.98046875,"_timestamp":1.7466112779062617e+09,"train_loss":0.001100948778912425}