{"val_loss":0.7750702500343323,"_wandb":{"runtime":57},"_step":602,"final_train_acc":0.68359375,"final_test_acc":0.6015625,"_runtime":57.330122367,"val_acc":0.51171875,"train_acc":0.68359375,"val_spikes_per_t":NaN,"_timestamp":1.746596882451874e+09,"train_spikes_per_t":NaN,"final_val_acc":0.51171875,"2D Loss Contour":{"path":"media/images/2D Loss Contour_602_783a8aedbfe6c4ef79b2.png","format":"png","width":1596,"height":1176,"_type":"image-file","sha256":"783a8aedbfe6c4ef79b2481f36ae7c62007098fc4bbf5d1078867b0edfab3f35","size":133687},"train_total_spikes":0,"3D Loss Surface":{"size":476099,"path":"media/images/3D Loss Surface_601_e020964b0204b6d87f65.png","format":"png","width":1522,"height":1266,"_type":"image-file","sha256":"e020964b0204b6d87f65d1425e015a9165a52da3d0074c1b68416f9b4df35dbd"},"train_loss":0.5926067233085632,"val_total_spikes":0}