{"3D Loss Surface":{"size":293560,"path":"media/images/3D Loss Surface_601_33ffc1fb1885c3107329.png","format":"png","width":1548,"height":1266,"_type":"image-file","sha256":"33ffc1fb1885c310732981650aca2f02b1b8af4ee473d564433fc89eb368597a"},"train_acc":1,"val_acc":0.84765625,"train_spikes_per_t":20.12890625,"val_spikes_per_t":20.08984375,"final_val_acc":0.84765625,"_wandb":{"runtime":63},"train_total_spikes":5153,"_step":602,"_runtime":63.425366861,"train_loss":0.0007987456046976149,"val_total_spikes":5143,"final_train_acc":1,"final_test_acc":0.828125,"2D Loss Contour":{"size":148421,"path":"media/images/2D Loss Contour_602_2e7f84ea1f65ffe1308c.png","format":"png","width":1622,"height":1176,"_type":"image-file","sha256":"2e7f84ea1f65ffe1308c8056963a4b5baedf3652f3488be5520eb5a40f735d2a"},"_timestamp":1.7466736009710178e+09,"val_loss":0.7975562214851379}