{"final_val_acc":0.83203125,"3D Loss Surface":{"width":1548,"height":1266,"_type":"image-file","sha256":"1789cd99f617c0fb8bb28c0197426b27cb419ca2d6a52ededa5884b13744e5eb","size":480992,"path":"media/images/3D Loss Surface_601_1789cd99f617c0fb8bb2.png","format":"png"},"train_loss":0.14018063247203827,"val_acc":0.83203125,"train_total_spikes":14431,"val_spikes_per_t":56.1875,"final_test_acc":0.8203125,"_wandb":{"runtime":101},"final_train_acc":0.97265625,"train_acc":0.97265625,"train_spikes_per_t":56.37109375,"_step":602,"val_total_spikes":14384,"_runtime":101.963699731,"val_loss":0.4120633006095886,"_timestamp":1.7466558965650053e+09,"2D Loss Contour":{"height":1176,"_type":"image-file","sha256":"af8db17035ce3a84aaf0cd19b92d8e4017ff8bcbbe2032b6535ce246a2a85845","size":140917,"path":"media/images/2D Loss Contour_602_af8db17035ce3a84aaf0.png","format":"png","width":1596}}