{"final_test_acc":0.71484375,"_wandb":{"runtime":32},"train_total_spikes":0,"_step":602,"val_loss":0.7899338006973267,"train_acc":0.8515625,"val_total_spikes":0,"train_spikes_per_t":NaN,"val_spikes_per_t":NaN,"final_val_acc":0.70703125,"val_acc":0.70703125,"final_train_acc":0.8515625,"_runtime":32.23188802,"_timestamp":1.7466085838045926e+09,"train_loss":0.3635525107383728,"2D Loss Contour":{"width":1622,"height":1176,"_type":"image-file","sha256":"e3ea1ee5ed3d11f7170b0ced89c4673655898d432a77049cfd01053ddaecd62e","size":121726,"path":"media/images/2D Loss Contour_602_e3ea1ee5ed3d11f7170b.png","format":"png"},"3D Loss Surface":{"height":1266,"_type":"image-file","sha256":"f88312856f15e840d69ac820191083daaccc4607bd29084a61b94a686745c596","size":367767,"path":"media/images/3D Loss Surface_601_f88312856f15e840d69a.png","format":"png","width":1574}}