{"train_total_spikes":0,"final_test_acc":0.96484375,"3D Loss Surface":{"height":1266,"_type":"image-file","sha256":"c1655494b57d2bf86d8e8e5e5f15cc15c30eb4df268d35420b03c60e454d42f0","size":566556,"path":"media/images/3D Loss Surface_601_c1655494b57d2bf86d8e.png","format":"png","width":1601},"train_spikes_per_t":NaN,"_runtime":32.066655563,"_timestamp":1.746611343421589e+09,"train_loss":0.0008623473695479333,"2D Loss Contour":{"sha256":"7e998a171860cad21d7d55793605417a1bebb94213334d112b3eb891a5bc7af8","size":134469,"path":"media/images/2D Loss Contour_602_7e998a171860cad21d7d.png","format":"png","width":1649,"height":1176,"_type":"image-file"},"final_val_acc":0.98828125,"_step":602,"val_spikes_per_t":NaN,"train_acc":1,"_wandb":{"runtime":32},"final_train_acc":1,"val_acc":0.98828125,"val_total_spikes":0,"val_loss":0.04174305498600006}