{"val_acc":0.953125,"val_spikes_per_t":26.453125,"final_train_acc":1,"_timestamp":1.7466479673008127e+09,"val_loss":0.12837372720241547,"_runtime":173.692780807,"_wandb":{"runtime":173},"val_total_spikes":6772,"2D Loss Contour":{"path":"media/images/2D Loss Contour_602_3daf18bad16847ba8c64.png","format":"png","width":1622,"height":1176,"_type":"image-file","sha256":"3daf18bad16847ba8c645133ebf7210094ea081e96df5f4544d3559319fac09e","size":126751},"train_spikes_per_t":26.3671875,"final_test_acc":0.98046875,"train_acc":1,"final_val_acc":0.953125,"train_total_spikes":6750,"train_loss":0.008239077404141426,"3D Loss Surface":{"size":441608,"path":"media/images/3D Loss Surface_601_88c05ea8c6077f2ac0d0.png","format":"png","width":1548,"height":1266,"_type":"image-file","sha256":"88c05ea8c6077f2ac0d049d209e590de9f8ddb8c66bcc9faa980dddd7c4c0889"},"_step":602}