{"_step":602,"val_loss":0.7638630867004395,"val_spikes_per_t":0.78515625,"train_acc":1,"val_acc":0.84375,"3D Loss Surface":{"format":"png","width":1575,"height":1266,"_type":"image-file","sha256":"12df68c3dd4a7f5415fbe9f408b4fb7d8a938aeaa8d3e72ed78cc95684748d0a","size":474972,"path":"media/images/3D Loss Surface_601_12df68c3dd4a7f5415fb.png"},"final_test_acc":0.796875,"_wandb":{"runtime":64},"val_total_spikes":201,"train_loss":0.0017769712721928954,"train_total_spikes":133,"final_train_acc":1,"final_val_acc":0.84375,"_runtime":64.231578878,"2D Loss Contour":{"path":"media/images/2D Loss Contour_602_92e17865f7f76dc295fa.png","format":"png","width":1623,"height":1176,"_type":"image-file","sha256":"92e17865f7f76dc295fa017e88288dae3adb10ffb9442e7239bd3c34f53a6502","size":115549},"train_spikes_per_t":0.51953125,"_timestamp":1.7466745088878608e+09}