{"final_train_acc":1,"_runtime":173.733509504,"train_acc":1,"3D Loss Surface":{"_type":"image-file","sha256":"d2a07c3601254c95c96353197c37101695c1986ecd8eb1b4b4cde06c5be56742","size":393077,"path":"media/images/3D Loss Surface_601_d2a07c3601254c95c963.png","format":"png","width":1575,"height":1266},"val_loss":0.38385868072509766,"_wandb":{"runtime":173},"val_spikes_per_t":24.4140625,"_timestamp":1.746629399271603e+09,"_step":602,"final_val_acc":0.859375,"val_acc":0.859375,"train_total_spikes":6193,"final_test_acc":0.875,"2D Loss Contour":{"format":"png","width":1649,"height":1176,"_type":"image-file","sha256":"42088f9cec25ec98837574195598726b9c470a203232c22aef416321862d49d3","size":133956,"path":"media/images/2D Loss Contour_602_42088f9cec25ec988375.png"},"val_total_spikes":6250,"train_loss":0.008100839331746101,"train_spikes_per_t":24.19140625}