{"val_total_spikes":26176,"_wandb":{"runtime":116},"val_acc":0.5,"_step":602,"final_test_acc":0.48046875,"train_acc":0.51953125,"train_total_spikes":26081,"val_spikes_per_t":102.25,"final_train_acc":0.51953125,"_timestamp":1.7465807465231357e+09,"_runtime":116.106129319,"2D Loss Contour":{"format":"png","width":1649,"height":1176,"_type":"image-file","sha256":"4d86993553143677e20ba673ffeca496d5258428053cc1fd55890d99a99597f2","size":115936,"path":"media/images/2D Loss Contour_602_4d86993553143677e20b.png"},"3D Loss Surface":{"width":1548,"height":1266,"_type":"image-file","sha256":"77a54e69feb001d519eecb8fa16871438f24294d9f9194358b368cbb02dcc9df","size":410126,"path":"media/images/3D Loss Surface_601_77a54e69feb001d519ee.png","format":"png"},"train_loss":0.3622767925262451,"final_val_acc":0.5,"train_spikes_per_t":101.87890625,"val_loss":0.5583385825157166}