{"final_val_acc":0.97265625,"2D Loss Contour":{"format":"png","width":1649,"height":1176,"_type":"image-file","sha256":"3b8eed3f31ba3941d5a2605d79616c84ae560718c0b6743013dcc52521a79bb9","size":158543,"path":"media/images/2D Loss Contour_602_3b8eed3f31ba3941d5a2.png"},"val_total_spikes":0,"_wandb":{"runtime":32},"val_loss":0.061439234763383865,"train_loss":0.0022220739629119635,"3D Loss Surface":{"height":1266,"_type":"image-file","sha256":"d5dea53478a08060a5e10a5bb702e70361e6b2ef510ffc415ce9c4dca51ae0c5","size":527446,"path":"media/images/3D Loss Surface_601_d5dea53478a08060a5e1.png","format":"png","width":1601},"train_spikes_per_t":NaN,"val_spikes_per_t":NaN,"train_total_spikes":0,"train_acc":1,"_runtime":32.162531905,"final_test_acc":0.96875,"_timestamp":1.7466092089665093e+09,"final_train_acc":1,"_step":602,"val_acc":0.97265625}