{"val_acc":0.98828125,"train_loss":0.00020198148558847606,"2D Loss Contour":{"width":1623,"height":1176,"_type":"image-file","sha256":"5dbe8928d17dfd1a36d9eedcb14e960a5c100c6945ecce873526f728be22ca9c","size":115767,"path":"media/images/2D Loss Contour_602_5dbe8928d17dfd1a36d9.png","format":"png"},"_runtime":102.841325549,"val_total_spikes":16348,"train_acc":1,"val_spikes_per_t":63.859375,"_timestamp":1.7466572405046384e+09,"val_loss":0.045402105897665024,"final_val_acc":0.98828125,"final_train_acc":1,"final_test_acc":0.9921875,"train_spikes_per_t":63.94140625,"3D Loss Surface":{"size":507152,"path":"media/images/3D Loss Surface_601_de1fcf138261bb1923e4.png","format":"png","width":1575,"height":1266,"_type":"image-file","sha256":"de1fcf138261bb1923e4748e0e6897f4a24b90e492914c3e34f180bf0c55409f"},"_wandb":{"runtime":102},"_step":602,"train_total_spikes":16369}