{"_timestamp":1.7466488366341455e+09,"train_spikes_per_t":23.2421875,"final_train_acc":1,"val_spikes_per_t":22.5859375,"train_loss":0.009903792291879654,"final_val_acc":0.890625,"2D Loss Contour":{"_type":"image-file","sha256":"2e853b5a46d7e4e829bee196936a8428ee68e2879c6f0649d46d0bc193de23bc","size":152788,"path":"media/images/2D Loss Contour_602_2e853b5a46d7e4e829be.png","format":"png","width":1649,"height":1176},"val_total_spikes":5782,"_step":602,"_wandb":{"runtime":174},"val_loss":0.29229992628097534,"3D Loss Surface":{"height":1266,"_type":"image-file","sha256":"8a232fddd89f7f053b30e5823d2f0976d277c1e3da102c20d86ef39fa2e7a447","size":501055,"path":"media/images/3D Loss Surface_601_8a232fddd89f7f053b30.png","format":"png","width":1548},"final_test_acc":0.9375,"_runtime":174.450390739,"val_acc":0.890625,"train_total_spikes":5950,"train_acc":1}