{"train_loss":0.010980230756103992,"final_train_acc":1,"final_test_acc":0.9375,"val_spikes_per_t":80.890625,"train_spikes_per_t":81.015625,"val_loss":0.12528395652770996,"train_total_spikes":20740,"_step":602,"2D Loss Contour":{"width":1623,"height":1176,"_type":"image-file","sha256":"7b971c6802520b2b34647b1e8a18cc2112926d6c2c6e0dff63e8f4566c21348b","size":131814,"path":"media/images/2D Loss Contour_602_7b971c6802520b2b3464.png","format":"png"},"val_total_spikes":20708,"final_val_acc":0.93359375,"train_acc":1,"_runtime":76.740517369,"_timestamp":1.7465821251866462e+09,"3D Loss Surface":{"size":479350,"path":"media/images/3D Loss Surface_601_d3c2dfbbb33fc28ffbe4.png","format":"png","width":1575,"height":1266,"_type":"image-file","sha256":"d3c2dfbbb33fc28ffbe4e3f81df6934d25718e46e5de4482661a8ce6e7c65549"},"_wandb":{"runtime":76},"val_acc":0.93359375}