{"_runtime":102.701954633,"2D Loss Contour":{"sha256":"2fbb5861a598ffd1023ddf0b7e227b55e1708caf59432ac9e2d45af25e3d0279","size":128519,"path":"media/images/2D Loss Contour_602_2fbb5861a598ffd1023d.png","format":"png","width":1596,"height":1176,"_type":"image-file"},"train_spikes_per_t":56.1640625,"val_acc":0.82421875,"val_loss":0.4223441779613495,"3D Loss Surface":{"sha256":"f6eb7f623cdd3c977da593daeb8608ab616ed2237d423d4e5ea61d3d051083eb","size":378560,"path":"media/images/3D Loss Surface_601_f6eb7f623cdd3c977da5.png","format":"png","width":1522,"height":1266,"_type":"image-file"},"_timestamp":1.7466527635029714e+09,"final_test_acc":0.796875,"_wandb":{"runtime":102},"train_total_spikes":14378,"final_train_acc":0.953125,"final_val_acc":0.82421875,"val_spikes_per_t":55.93359375,"val_total_spikes":14319,"train_acc":0.953125,"train_loss":0.16467517614364624,"_step":602}