{"train_acc":1,"final_val_acc":0.98046875,"train_loss":0.0013495800085365772,"3D Loss Surface":{"sha256":"38c176be116676b391f1d2d1b3adab9e37cf22253ed08fa4759be7a65d19475c","size":456140,"path":"media/images/3D Loss Surface_601_38c176be116676b391f1.png","format":"png","width":1575,"height":1266,"_type":"image-file"},"2D Loss Contour":{"format":"png","width":1649,"height":1176,"_type":"image-file","sha256":"713ca6b0bce34fc2e6d4fe8a7c864a2a78273a134942ef46ca8a775b3cf0eb56","size":126990,"path":"media/images/2D Loss Contour_602_713ca6b0bce34fc2e6d4.png"},"_wandb":{"runtime":32},"train_total_spikes":0,"val_acc":0.98046875,"val_spikes_per_t":NaN,"val_total_spikes":0,"train_spikes_per_t":NaN,"_timestamp":1.7466104245957003e+09,"final_test_acc":0.97265625,"final_train_acc":1,"val_loss":0.056145079433918,"_runtime":32.149783562,"_step":602}