{"_runtime":172.252805465,"3D Loss Surface":{"height":1266,"_type":"image-file","sha256":"37bbb62c740037364b8da8fdafe9827d8de8b22ec03f43913cb18dca396f1d4e","size":449135,"path":"media/images/3D Loss Surface_601_37bbb62c740037364b8d.png","format":"png","width":1522},"val_total_spikes":11036,"final_train_acc":0.99609375,"_wandb":{"runtime":172},"train_total_spikes":11154,"val_loss":0.3152882158756256,"train_loss":0.03631146624684334,"_timestamp":1.7466406734032607e+09,"2D Loss Contour":{"width":1622,"height":1176,"_type":"image-file","sha256":"b46bab0bf73bdab366f66921fd51484d9a6d06f2e7581e0b2b4a638a250bf18b","size":116854,"path":"media/images/2D Loss Contour_602_b46bab0bf73bdab366f6.png","format":"png"},"_step":602,"val_spikes_per_t":43.109375,"train_spikes_per_t":43.5703125,"val_acc":0.8984375,"final_test_acc":0.93359375,"final_val_acc":0.8984375,"train_acc":0.99609375}