{"_step":602,"train_total_spikes":13485,"_timestamp":1.746652453563501e+09,"_wandb":{"runtime":102},"final_test_acc":0.9765625,"final_val_acc":0.9765625,"val_spikes_per_t":52.65234375,"val_acc":0.9765625,"train_loss":0.00023486727150157094,"val_loss":0.04419875517487526,"final_train_acc":1,"2D Loss Contour":{"_type":"image-file","sha256":"6cd91975ab74e5105a2100bbf3843180fb20128d0e1af8ad5fb4d6bed0fd40fa","size":145519,"path":"media/images/2D Loss Contour_602_6cd91975ab74e5105a21.png","format":"png","width":1622,"height":1176},"val_total_spikes":13479,"3D Loss Surface":{"format":"png","width":1575,"height":1266,"_type":"image-file","sha256":"0993dbd0e80b16d2ab4fca48d936da0919fba63ff538fe215ad3a25a929d9b4e","size":314503,"path":"media/images/3D Loss Surface_601_0993dbd0e80b16d2ab4f.png"},"train_spikes_per_t":52.67578125,"train_acc":1,"_runtime":102.160966175}