{"train_acc":1,"train_spikes_per_t":67.52734375,"_wandb":{"runtime":102},"3D Loss Surface":{"height":1266,"_type":"image-file","sha256":"f07d8bd2a915f545247cfc525633a07e59483b26a16026954b30a873b07c79bf","size":439724,"path":"media/images/3D Loss Surface_601_f07d8bd2a915f545247c.png","format":"png","width":1548},"train_total_spikes":17287,"val_total_spikes":17266,"train_loss":0.000236874126130715,"final_val_acc":0.98046875,"_step":602,"final_train_acc":1,"_runtime":102.387303555,"2D Loss Contour":{"_type":"image-file","sha256":"9ecb7b0cc15f64ac5b6ed18ab22f04e469f90064f0f611fee26135d5a3bbc939","size":143831,"path":"media/images/2D Loss Contour_602_9ecb7b0cc15f64ac5b6e.png","format":"png","width":1622,"height":1176},"_timestamp":1.7466579639158602e+09,"val_spikes_per_t":67.4453125,"val_acc":0.98046875,"final_test_acc":0.98046875,"val_loss":0.07707653939723969}