{"val_acc":0.75,"val_loss":0.7142103910446167,"2D Loss Contour":{"_type":"image-file","sha256":"bdaad184ed5bb8e892d7e46a54342355483873db1ce330b68ca036bc2b7583d6","size":132150,"path":"media/images/2D Loss Contour_602_bdaad184ed5bb8e892d7.png","format":"png","width":1596,"height":1176},"train_loss":0.09510540217161179,"train_total_spikes":22642,"train_acc":0.96875,"_timestamp":1.7466546632369566e+09,"3D Loss Surface":{"format":"png","width":1522,"height":1266,"_type":"image-file","sha256":"8d0781af840980737a5859991c24649dd181f50e1849ebab19b3955f85590d3b","size":379680,"path":"media/images/3D Loss Surface_601_8d0781af840980737a58.png"},"_step":602,"train_spikes_per_t":88.4453125,"_runtime":74.426629638,"_wandb":{"runtime":74},"final_val_acc":0.75,"final_train_acc":0.96875,"final_test_acc":0.76953125,"val_spikes_per_t":88.56640625,"val_total_spikes":22673}