{"val_loss":2.5439023971557617,"val_acc":0.55859375,"final_test_acc":0.51953125,"2D Loss Contour":{"size":129776,"path":"media/images/2D Loss Contour_602_1ab85a5d4425dbcbd352.png","format":"png","width":1622,"height":1176,"_type":"image-file","sha256":"1ab85a5d4425dbcbd352281d88089d7015c8b7fb7a754da04afa5de875c5a1fc"},"_runtime":56.978178236,"train_spikes_per_t":NaN,"_wandb":{"runtime":56},"_step":602,"val_spikes_per_t":NaN,"_timestamp":1.746598855106154e+09,"final_val_acc":0.55859375,"train_loss":0.9210758209228516,"final_train_acc":0.76953125,"train_acc":0.76953125,"train_total_spikes":0,"val_total_spikes":0,"3D Loss Surface":{"height":1266,"_type":"image-file","sha256":"1aa582036fcec75efd180260b8990ede8c0bf01d8361e0dbb43a9d014e9e6ed9","size":335599,"path":"media/images/3D Loss Surface_601_1aa582036fcec75efd18.png","format":"png","width":1522}}