{"train_spikes_per_t":NaN,"final_train_acc":1,"val_total_spikes":0,"final_val_acc":0.984375,"_runtime":32.205856769,"train_total_spikes":0,"train_acc":1,"_wandb":{"runtime":32},"val_loss":0.04904349520802498,"val_acc":0.984375,"_step":602,"2D Loss Contour":{"height":1176,"_type":"image-file","sha256":"e4ccaa7c589c4dc763a6ee84d63ba4956c0a5bf6aca6c83edd8e026b1e1d8823","size":144044,"path":"media/images/2D Loss Contour_602_e4ccaa7c589c4dc763a6.png","format":"png","width":1649},"3D Loss Surface":{"format":"png","width":1575,"height":1266,"_type":"image-file","sha256":"f0c1c55c8ef8a91cab9cee7ef213d6e6adf765af47fb836736a8fc1e4009f90c","size":503502,"path":"media/images/3D Loss Surface_601_f0c1c55c8ef8a91cab9c.png"},"final_test_acc":0.97265625,"val_spikes_per_t":NaN,"train_loss":0.0007444777875207365,"_timestamp":1.7466102604034898e+09}