{"_runtime":75.7405823,"final_val_acc":0.98828125,"train_spikes_per_t":77.3671875,"final_test_acc":0.9921875,"_timestamp":1.7465927950370803e+09,"3D Loss Surface":{"height":1266,"_type":"image-file","sha256":"e92dae3aec1d03350c9880195ed789ec222d4a00a6649c5ab9918b204bc71e28","size":316134,"path":"media/images/3D Loss Surface_601_e92dae3aec1d03350c98.png","format":"png","width":1548},"val_loss":0.02261979505419731,"final_train_acc":1,"train_loss":0.0008929569739848375,"val_acc":0.98828125,"val_total_spikes":19740,"2D Loss Contour":{"height":1176,"_type":"image-file","sha256":"f708471fed7ae48ec4fa375052970ddedc7e48e0dbc14eb47bc7fcef86604b4a","size":155109,"path":"media/images/2D Loss Contour_602_f708471fed7ae48ec4fa.png","format":"png","width":1623},"val_spikes_per_t":77.109375,"_wandb":{"runtime":75},"train_total_spikes":19806,"_step":602,"train_acc":1}