{"final_val_acc":0.65234375,"_wandb":{"runtime":162},"final_test_acc":0.58984375,"_runtime":162.228693525,"final_train_acc":0.6484375,"val_acc":0.65234375,"train_acc":0.6484375,"_step":602,"train_spikes_per_t":41.26953125,"train_total_spikes":10565,"train_loss":1.3982107639312744,"val_loss":1.7228434085845947,"val_spikes_per_t":41.640625,"2D Loss Contour":{"sha256":"bad61198c3114da6ce2beb8444b21e878054c174749e9b6796cd1ca02698eca2","size":117632,"path":"media/images/2D Loss Contour_602_bad61198c3114da6ce2b.png","format":"png","width":1596,"height":1176,"_type":"image-file"},"val_total_spikes":10660,"_timestamp":1.7466888049327502e+09,"3D Loss Surface":{"width":1495,"height":1266,"_type":"image-file","sha256":"fcf99e5927ed0cf08bc9c849d6b0e30e99b016f33f951f9c625ff4c20591ea9d","size":354965,"path":"media/images/3D Loss Surface_601_fcf99e5927ed0cf08bc9.png","format":"png"}}