{"final_test_acc":0.9765625,"val_acc":0.9921875,"final_val_acc":0.9921875,"train_total_spikes":31837,"val_spikes_per_t":123.21875,"final_train_acc":1,"train_loss":0.02171282097697258,"_step":602,"3D Loss Surface":{"size":379971,"path":"media/images/3D Loss Surface_601_50534950056e517b3f4d.png","format":"png","width":1548,"height":1266,"_type":"image-file","sha256":"50534950056e517b3f4d301d3b4d1b4f9579de852851c93a3e6c33587cce7a46"},"train_acc":1,"2D Loss Contour":{"format":"png","width":1622,"height":1176,"_type":"image-file","sha256":"1431d24c840d98fdb505597cafb856ccfdd16a054e9cc72c570e262e67d6a5eb","size":125172,"path":"media/images/2D Loss Contour_602_1431d24c840d98fdb505.png"},"val_loss":0.04149612784385681,"_timestamp":1.7465686118563492e+09,"val_total_spikes":31544,"_runtime":113.427583638,"_wandb":{"runtime":113},"train_spikes_per_t":124.36328125}