{"_runtime":56.805249548,"train_acc":1,"val_loss":0.866166889667511,"train_total_spikes":0,"val_acc":0.734375,"final_val_acc":0.734375,"2D Loss Contour":{"path":"media/images/2D Loss Contour_602_1a07d87560332fa43787.png","format":"png","width":1649,"height":1176,"_type":"image-file","sha256":"1a07d87560332fa43787b5bb970072cef254250816b606f39193cb5971bebf07","size":144824},"_step":602,"train_loss":0.015471254475414753,"final_train_acc":1,"train_spikes_per_t":NaN,"_timestamp":1.7466050498154685e+09,"val_spikes_per_t":NaN,"3D Loss Surface":{"_type":"image-file","sha256":"bf6c6553f14f7f0da97288a629801047fdb2bbcdc8163e3b727936db562b24b4","size":532482,"path":"media/images/3D Loss Surface_601_bf6c6553f14f7f0da972.png","format":"png","width":1575,"height":1266},"_wandb":{"runtime":56},"val_total_spikes":0,"final_test_acc":0.8359375}