{"final_train_acc":0.49609375,"train_acc":0.49609375,"train_loss":6.3170552253723145,"val_spikes_per_t":37.84375,"val_acc":0.5390625,"_step":602,"final_val_acc":0.5390625,"train_total_spikes":9588,"_timestamp":1.7466572301244345e+09,"2D Loss Contour":{"_type":"image-file","sha256":"e0deacd37d964fd45fa357182249cf0d3ca1794c20058f7f161163b84b129750","size":114958,"path":"media/images/2D Loss Contour_602_e0deacd37d964fd45fa3.png","format":"png","width":1569,"height":1176},"final_test_acc":0.4765625,"_wandb":{"runtime":167},"train_spikes_per_t":37.453125,"3D Loss Surface":{"size":304198,"path":"media/images/3D Loss Surface_601_e15f745016eb9987ad35.png","format":"png","width":1522,"height":1266,"_type":"image-file","sha256":"e15f745016eb9987ad3524e943acd2e1aa1f7875cbb4570be10f7240935e4c3f"},"val_loss":6.469337463378906,"val_total_spikes":9688,"_runtime":167.648223894}