{"val_loss":0.5366933941841125,"train_loss":0.00820425245910883,"final_train_acc":1,"3D Loss Surface":{"format":"png","width":1522,"height":1266,"_type":"image-file","sha256":"dd6764983c52c5313b88d176aa5dd87966c79276ff281a59bf96dfadb27de426","size":467567,"path":"media/images/3D Loss Surface_601_dd6764983c52c5313b88.png"},"val_spikes_per_t":26.4296875,"train_acc":1,"_timestamp":1.746635644372558e+09,"train_total_spikes":6709,"final_test_acc":0.76953125,"_step":602,"_wandb":{"runtime":172},"2D Loss Contour":{"format":"png","width":1596,"height":1176,"_type":"image-file","sha256":"35379f1c8e5bce83699a14855acc1191e22d35d7aea8ca8eaa5545ad7fdd6d1d","size":134730,"path":"media/images/2D Loss Contour_602_35379f1c8e5bce83699a.png"},"_runtime":172.422628625,"train_spikes_per_t":26.20703125,"val_acc":0.80859375,"final_val_acc":0.80859375,"val_total_spikes":6766}