{"final_val_acc":0.80859375,"train_loss":0.005564207676798105,"_timestamp":1.7466070178233802e+09,"final_train_acc":1,"_step":602,"2D Loss Contour":{"format":"png","width":1623,"height":1176,"_type":"image-file","sha256":"ee9183eb4e020a69b5c834995414852414a2adf748913fd1f2a88c592a9d116a","size":132367,"path":"media/images/2D Loss Contour_602_ee9183eb4e020a69b5c8.png"},"val_total_spikes":0,"_wandb":{"runtime":57},"train_acc":1,"final_test_acc":0.74609375,"3D Loss Surface":{"format":"png","width":1548,"height":1266,"_type":"image-file","sha256":"a461c8fb8e36aaf05d51b2d84921480694986970048280cf727ade9b50e6424b","size":395378,"path":"media/images/3D Loss Surface_601_a461c8fb8e36aaf05d51.png"},"val_spikes_per_t":NaN,"_runtime":57.742630251,"val_loss":0.6823679208755493,"train_total_spikes":0,"val_acc":0.80859375,"train_spikes_per_t":NaN}