{"val_spikes_per_t":34.984375,"val_acc":0.9765625,"train_spikes_per_t":35.2578125,"val_total_spikes":8956,"train_acc":1,"2D Loss Contour":{"size":134519,"path":"media/images/2D Loss Contour_602_7f453351a171828ad215.png","format":"png","width":1649,"height":1176,"_type":"image-file","sha256":"7f453351a171828ad215c5d3ea0fa2964eb03cb63add3df479f3cb08ccac2455"},"_step":602,"train_loss":7.885990635259077e-05,"_timestamp":1.7466591009913504e+09,"3D Loss Surface":{"width":1601,"height":1266,"_type":"image-file","sha256":"a4691c09ac0ed800f7b384b280b888ef2d0364047e27c9f2f5e66d7a273b58b9","size":542207,"path":"media/images/3D Loss Surface_601_a4691c09ac0ed800f7b3.png","format":"png"},"train_total_spikes":9026,"_wandb":{"runtime":102},"final_test_acc":0.98046875,"final_train_acc":1,"final_val_acc":0.9765625,"_runtime":102.171402728,"val_loss":0.07179446518421173}