{"val_total_spikes":17355,"_runtime":76.049249135,"train_acc":0.98828125,"_wandb":{"runtime":76},"2D Loss Contour":{"_type":"image-file","sha256":"3375b6c35b866cf3317530864a29795335a12ede640bba00bae60140b9774d40","size":106469,"path":"media/images/2D Loss Contour_602_3375b6c35b866cf33175.png","format":"png","width":1516,"height":1176},"val_spikes_per_t":67.79296875,"final_test_acc":0.96484375,"final_val_acc":0.9609375,"train_loss":0.3611459732055664,"_timestamp":1.746586010035623e+09,"final_train_acc":0.98828125,"train_spikes_per_t":69.5859375,"_step":602,"val_acc":0.9609375,"3D Loss Surface":{"path":"media/images/3D Loss Surface_601_75af3279ce3b3e98f6b3.png","format":"png","width":1469,"height":1266,"_type":"image-file","sha256":"75af3279ce3b3e98f6b34a64398a390e6e101fe8872c2bb65d535307a52f51e3","size":305995},"train_total_spikes":17814,"val_loss":0.39596495032310486}