{"train_acc":1,"final_val_acc":0.98046875,"val_spikes_per_t":61.73046875,"train_total_spikes":15677,"2D Loss Contour":{"_type":"image-file","sha256":"62348f7e9e44dcf086bfdbe09bdd224fa3643a8bd3ac3b3e1ff1c578eef36d10","size":127720,"path":"media/images/2D Loss Contour_602_62348f7e9e44dcf086bf.png","format":"png","width":1649,"height":1176},"3D Loss Surface":{"size":473992,"path":"media/images/3D Loss Surface_601_bf512807f28711bd8393.png","format":"png","width":1601,"height":1266,"_type":"image-file","sha256":"bf512807f28711bd8393bd80717a40fede1f1c9f89d7e691e3bfbaeecd231bee"},"train_spikes_per_t":61.23828125,"_step":602,"final_test_acc":0.984375,"_runtime":103.013797566,"_timestamp":1.746660238705972e+09,"val_loss":0.07383072376251221,"val_acc":0.98046875,"val_total_spikes":15803,"final_train_acc":1,"_wandb":{"runtime":103},"train_loss":0.0003179726772941649}