{"_timestamp":1.74668994454253e+09,"2D Loss Contour":{"sha256":"c2c4779fdc65bb9db8e83e0c93da71d8591d98ffb789064489c23c363a9b67c2","size":123842,"path":"media/images/2D Loss Contour_602_c2c4779fdc65bb9db8e8.png","format":"png","width":1623,"height":1176,"_type":"image-file"},"val_loss":0.28888946771621704,"train_spikes_per_t":11.46875,"_runtime":162.108219991,"3D Loss Surface":{"sha256":"4401d1003d6a4306fcbda4f2d5738d5b00b8dd62e59a7d1af07b4a211b13a113","size":400485,"path":"media/images/3D Loss Surface_601_4401d1003d6a4306fcbd.png","format":"png","width":1575,"height":1266,"_type":"image-file"},"val_acc":0.8984375,"val_spikes_per_t":12.33984375,"final_test_acc":0.9296875,"final_train_acc":1,"final_val_acc":0.8984375,"train_loss":0.007030864711850882,"train_acc":1,"_step":602,"_wandb":{"runtime":162},"train_total_spikes":2936,"val_total_spikes":3159}