{"val_loss":0.7431926727294922,"train_total_spikes":14468,"_timestamp":1.746649255031793e+09,"train_acc":0.765625,"3D Loss Surface":{"sha256":"df643044ecee3ecc38f6a8c7775f60c8e120b89f9ea629769eb8ab65fe2071fa","size":396564,"path":"media/images/3D Loss Surface_601_df643044ecee3ecc38f6.png","format":"png","width":1522,"height":1266,"_type":"image-file"},"val_acc":0.71484375,"final_test_acc":0.6328125,"2D Loss Contour":{"path":"media/images/2D Loss Contour_602_3f019b21cc69db3df708.png","format":"png","width":1596,"height":1176,"_type":"image-file","sha256":"3f019b21cc69db3df7081062c3604dc0dd73d4a1df39725c578c26d5bbdc97a1","size":141465},"final_val_acc":0.71484375,"train_loss":0.5316988229751587,"final_train_acc":0.765625,"train_spikes_per_t":56.515625,"_step":602,"_runtime":102.592105222,"val_total_spikes":14419,"val_spikes_per_t":56.32421875,"_wandb":{"runtime":102}}