{"train_acc":1,"_step":602,"val_loss":0.1555420160293579,"final_train_acc":1,"_timestamp":1.7466793964940112e+09,"val_total_spikes":5102,"final_val_acc":0.9375,"train_spikes_per_t":19.83984375,"3D Loss Surface":{"path":"media/images/3D Loss Surface_601_cedaa4cbcf5cd753b857.png","format":"png","width":1548,"height":1266,"_type":"image-file","sha256":"cedaa4cbcf5cd753b85756d257054350973a23626b0515bb3ca21d8f7ca1125c","size":482351},"_wandb":{"runtime":160},"2D Loss Contour":{"path":"media/images/2D Loss Contour_602_e7175dfefb91782ba31c.png","format":"png","width":1622,"height":1176,"_type":"image-file","sha256":"e7175dfefb91782ba31c2a7103c0c99a95b65bd9adbf5e5ca2134f4250b9d93d","size":130628},"final_test_acc":0.87109375,"train_loss":0.014494541101157665,"train_total_spikes":5079,"val_acc":0.9375,"val_spikes_per_t":19.9296875,"_runtime":160.595565327}