{"val_acc":0.98046875,"final_val_acc":0.98046875,"train_total_spikes":0,"train_loss":0.0011704349890351295,"2D Loss Contour":{"format":"png","width":1649,"height":1176,"_type":"image-file","sha256":"c83c5d654759c25f8c1d248a209f0e88848f52bec0cfb7f31f108d4ea628c017","size":138836,"path":"media/images/2D Loss Contour_602_c83c5d654759c25f8c1d.png"},"3D Loss Surface":{"size":531051,"path":"media/images/3D Loss Surface_601_bc0b578fb2d64c6aa8b5.png","format":"png","width":1575,"height":1266,"_type":"image-file","sha256":"bc0b578fb2d64c6aa8b59e7c4f1a4e1367be9357c7feb096eb0936340d0e2473"},"_runtime":31.741478361,"train_spikes_per_t":NaN,"train_acc":1,"val_loss":0.052010428160429,"final_train_acc":1,"val_spikes_per_t":NaN,"val_total_spikes":0,"_wandb":{"runtime":31},"_step":602,"final_test_acc":0.96484375,"_timestamp":1.7466124256898105e+09}