{"final_val_acc":0.9921875,"val_acc":0.9921875,"final_train_acc":1,"2D Loss Contour":{"_type":"image-file","sha256":"9ff484c2c24627b8f6a7f4c03d2623b867ac185b14d06c214f212ea647490ee0","size":101805,"path":"media/images/2D Loss Contour_602_9ff484c2c24627b8f6a7.png","format":"png","width":1596,"height":1176},"_step":602,"_timestamp":1.7465602791137707e+09,"val_loss":0.02995428256690502,"train_acc":1,"val_total_spikes":21633,"_runtime":112.294060186,"_wandb":{"runtime":112},"train_spikes_per_t":84.4921875,"3D Loss Surface":{"sha256":"63ca91c8b8251fb7f3a22917304194473864beaa678a73dbe9df88e667208cd8","size":469533,"path":"media/images/3D Loss Surface_601_63ca91c8b8251fb7f3a2.png","format":"png","width":1522,"height":1266,"_type":"image-file"},"train_loss":0.007951611652970314,"val_spikes_per_t":84.50390625,"train_total_spikes":21630,"final_test_acc":0.98828125}