{"train_acc":1,"train_total_spikes":19501,"val_total_spikes":19285,"_runtime":75.967818617,"val_loss":0.024991760030388832,"val_spikes_per_t":75.33203125,"val_acc":0.98828125,"train_loss":0.0011373343877494335,"final_test_acc":0.9921875,"3D Loss Surface":{"path":"media/images/3D Loss Surface_601_d3dff5988aa314d7e3f7.png","format":"png","width":1548,"height":1266,"_type":"image-file","sha256":"d3dff5988aa314d7e3f75f34de8705524c0e375a5e932b10d3231c0f60fc586b","size":303143},"train_spikes_per_t":76.17578125,"final_train_acc":1,"2D Loss Contour":{"size":139527,"path":"media/images/2D Loss Contour_602_5473496a5c7dcd2af21d.png","format":"png","width":1622,"height":1176,"_type":"image-file","sha256":"5473496a5c7dcd2af21d8cdb285477e5c84f23c3c6e4b61513b49eee78655902"},"_wandb":{"runtime":75},"final_val_acc":0.98828125,"_step":602,"_timestamp":1.7465852472744756e+09}