{"_timestamp":1.7465579095811148e+09,"train_loss":0.9319130182266235,"train_spikes_per_t":51.6796875,"train_total_spikes":13230,"val_total_spikes":13132,"2D Loss Contour":{"format":"png","width":1570,"height":1176,"_type":"image-file","sha256":"f4f38a386262c8d5703ecc97bfc84de6e64b366329f6b8f2feda5d5317008fb8","size":122709,"path":"media/images/2D Loss Contour_602_f4f38a386262c8d5703e.png"},"final_val_acc":0.52734375,"_runtime":115.670357044,"3D Loss Surface":{"format":"png","width":1522,"height":1266,"_type":"image-file","sha256":"c83f0689515bda80cde7b39de733a5d0ae8a14ad0e7d0a8ad71491c899e8a7d9","size":443658,"path":"media/images/3D Loss Surface_601_c83f0689515bda80cde7.png"},"val_acc":0.52734375,"_wandb":{"runtime":115},"train_acc":0.5859375,"final_train_acc":0.5859375,"val_loss":1.0796178579330444,"_step":602,"val_spikes_per_t":51.296875,"final_test_acc":0.53125}