{"2D Loss Contour":{"height":1176,"_type":"image-file","sha256":"8e3f6118c55abc7b6e61bc16bfd26c963debb7b0225bb7d52d8ad48190152c95","size":131362,"path":"media/images/2D Loss Contour_602_8e3f6118c55abc7b6e61.png","format":"png","width":1596},"train_loss":1.9418121576309204,"final_test_acc":0.55078125,"train_spikes_per_t":41.9375,"val_total_spikes":10727,"val_loss":2.904881715774536,"_step":602,"val_acc":0.54296875,"val_spikes_per_t":41.90234375,"train_acc":0.63671875,"train_total_spikes":10736,"_timestamp":1.7466174313093042e+09,"_runtime":171.97213824,"_wandb":{"runtime":171},"final_train_acc":0.63671875,"final_val_acc":0.54296875,"3D Loss Surface":{"path":"media/images/3D Loss Surface_601_00d829bd69fed7c12750.png","format":"png","width":1522,"height":1266,"_type":"image-file","sha256":"00d829bd69fed7c1275046abf36aa3cf5c14fe6701c2a44609c1361a8e708be5","size":407413}}