{"train_spikes_per_t":61.9296875,"_wandb":{"runtime":103},"val_spikes_per_t":62.39453125,"train_total_spikes":15854,"train_loss":0.0002874658675864339,"final_test_acc":0.99609375,"_step":602,"val_loss":0.036457039415836334,"train_acc":1,"3D Loss Surface":{"_type":"image-file","sha256":"86c9ddde358ecb3a9c5531efc5bfcaff0c026632181f9bd74da7f6991b939226","size":436594,"path":"media/images/3D Loss Surface_601_86c9ddde358ecb3a9c55.png","format":"png","width":1575,"height":1266},"_runtime":103.05875567,"final_val_acc":0.98828125,"val_total_spikes":15973,"2D Loss Contour":{"sha256":"dcbba17f540b6505c405c57421d10af07cd5a3591b607518738e5078e19b6b08","size":119850,"path":"media/images/2D Loss Contour_602_dcbba17f540b6505c405.png","format":"png","width":1649,"height":1176,"_type":"image-file"},"val_acc":0.98828125,"_timestamp":1.746668411883529e+09,"final_train_acc":1}