{"_step":602,"train_acc":1,"_runtime":171.665804247,"3D Loss Surface":{"height":1266,"_type":"image-file","sha256":"25539bee6517df62ddde4d94f295538b19cf24e6126198b268064aae5af6b62f","size":432885,"path":"media/images/3D Loss Surface_601_25539bee6517df62ddde.png","format":"png","width":1522},"train_spikes_per_t":15.29296875,"_wandb":{"runtime":171},"val_acc":0.95703125,"final_test_acc":0.9765625,"_timestamp":1.7466215784618914e+09,"train_total_spikes":3915,"train_loss":0.014697984792292118,"val_loss":0.10177513211965561,"val_spikes_per_t":15.1328125,"2D Loss Contour":{"_type":"image-file","sha256":"486855e67767aef9194a94c3a19d6a969aa8c18937b55847506a56fde8d52d24","size":108482,"path":"media/images/2D Loss Contour_602_486855e67767aef9194a.png","format":"png","width":1596,"height":1176},"val_total_spikes":3874,"final_train_acc":1,"final_val_acc":0.95703125}