{"train_spikes_per_t":54.984375,"3D Loss Surface":{"width":1522,"height":1266,"_type":"image-file","sha256":"8867effe6d9a3d353d4e8ba5bd393e89e78785db6f2c8d0df20ac372f99842ab","size":369726,"path":"media/images/3D Loss Surface_601_8867effe6d9a3d353d4e.png","format":"png"},"_timestamp":1.7466622733718846e+09,"val_spikes_per_t":54.90625,"_runtime":101.026779802,"train_loss":0.002169425133615732,"val_loss":0.9994063973426819,"final_val_acc":0.80078125,"train_acc":1,"val_acc":0.80078125,"2D Loss Contour":{"sha256":"5acf5ff6630a899efb63ac9a1646db86a2a7ff124f9cf3647dba577e23e8f4f6","size":121875,"path":"media/images/2D Loss Contour_602_5acf5ff6630a899efb63.png","format":"png","width":1596,"height":1176,"_type":"image-file"},"_step":602,"_wandb":{"runtime":101},"train_total_spikes":14076,"final_test_acc":0.8203125,"val_total_spikes":14056,"final_train_acc":1}