{"final_val_acc":0.984375,"final_train_acc":1,"_step":602,"val_total_spikes":18861,"2D Loss Contour":{"path":"media/images/2D Loss Contour_602_789ae9aced6561dcc751.png","format":"png","width":1623,"height":1176,"_type":"image-file","sha256":"789ae9aced6561dcc7518b77cf9aabf4d281bb60914cce0cce81e532a1990741","size":126341},"final_test_acc":0.96875,"train_spikes_per_t":74.37890625,"train_loss":0.0016789953224360943,"val_spikes_per_t":73.67578125,"train_acc":1,"val_acc":0.984375,"_wandb":{"runtime":75},"_runtime":75.250345941,"3D Loss Surface":{"height":1266,"_type":"image-file","sha256":"be62fa0739bfd4c756498d4d72376768f9b7a2c640d3a53b4120911a7a3ca08f","size":428013,"path":"media/images/3D Loss Surface_601_be62fa0739bfd4c75649.png","format":"png","width":1575},"val_loss":0.05004122108221054,"train_total_spikes":19041,"_timestamp":1.7465870766098936e+09}