{"val_loss":0.01440448872745037,"final_train_acc":1,"val_spikes_per_t":70.5390625,"2D Loss Contour":{"width":1623,"height":1176,"_type":"image-file","sha256":"45140cd9f1cd495bc7d5a14ac8f0902c9949b1ecd0a8a9f24e2d1006e98f835d","size":116027,"path":"media/images/2D Loss Contour_602_45140cd9f1cd495bc7d5.png","format":"png"},"_step":602,"_timestamp":1.746585704816791e+09,"3D Loss Surface":{"size":446675,"path":"media/images/3D Loss Surface_601_0e1b95033d2c7ee2a0bf.png","format":"png","width":1548,"height":1266,"_type":"image-file","sha256":"0e1b95033d2c7ee2a0bf285cb1f243a43c9797a62963eeb23ec2ce7ac4ed7741"},"val_acc":0.99609375,"_runtime":75.434012719,"_wandb":{"runtime":75},"train_total_spikes":18209,"val_total_spikes":18058,"train_spikes_per_t":71.12890625,"train_acc":1,"train_loss":0.0006710305460728705,"final_val_acc":0.99609375,"final_test_acc":0.98046875}