{"val_loss":0.4421738386154175,"final_test_acc":0.8125,"2D Loss Contour":{"_type":"image-file","sha256":"bec8cc1e11b9b6f48a0cd3c7e97ac6ea7cf22a089165e5e7f1b0f074ae485163","size":111340,"path":"media/images/2D Loss Contour_602_bec8cc1e11b9b6f48a0c.png","format":"png","width":1622,"height":1176},"_wandb":{"runtime":176},"train_loss":0.0171369556337595,"val_spikes_per_t":21.19140625,"train_spikes_per_t":20.90625,"final_val_acc":0.81640625,"train_acc":1,"_step":602,"val_total_spikes":5425,"_runtime":176.023389901,"val_acc":0.81640625,"final_train_acc":1,"train_total_spikes":5352,"_timestamp":1.746629923089188e+09,"3D Loss Surface":{"format":"png","width":1548,"height":1266,"_type":"image-file","sha256":"851fc14fbce913c451862b5364012ac89f7a459b03d5f930e472d18580cab1d8","size":397199,"path":"media/images/3D Loss Surface_601_851fc14fbce913c45186.png"}}