{"train_spikes_per_t":56.921875,"final_train_acc":0.94921875,"_wandb":{"runtime":102},"val_total_spikes":14506,"3D Loss Surface":{"_type":"image-file","sha256":"1a9842ffbdbf51e588092885f235596cb2ed1ffb456a292b0536d4858085df28","size":452451,"path":"media/images/3D Loss Surface_601_1a9842ffbdbf51e58809.png","format":"png","width":1548,"height":1266},"train_loss":0.14779141545295715,"train_acc":0.94921875,"_step":602,"val_spikes_per_t":56.6640625,"2D Loss Contour":{"height":1176,"_type":"image-file","sha256":"251c20f13fd7deacffdc08590d3ee65ba185866866e345dd0dbc207148560020","size":144988,"path":"media/images/2D Loss Contour_602_251c20f13fd7deacffdc.png","format":"png","width":1596},"val_loss":0.4293011426925659,"_timestamp":1.7466581711095974e+09,"_runtime":102.753982119,"train_total_spikes":14572,"val_acc":0.83984375,"final_test_acc":0.81640625,"final_val_acc":0.83984375}