{"final_val_acc":0.9765625,"train_spikes_per_t":167.12109375,"val_spikes_per_t":165.390625,"_step":602,"train_acc":0.98828125,"2D Loss Contour":{"sha256":"be9fa18dff95818c29ca18201b1b6650d0e5dd8f347d61f81a2a923a6ef182be","size":122574,"path":"media/images/2D Loss Contour_602_be9fa18dff95818c29ca.png","format":"png","width":1596,"height":1176,"_type":"image-file"},"final_test_acc":0.95703125,"final_train_acc":0.98828125,"train_total_spikes":42783,"train_loss":0.03552275523543358,"val_total_spikes":42340,"3D Loss Surface":{"path":"media/images/3D Loss Surface_601_70bed80a58cecc686882.png","format":"png","width":1522,"height":1266,"_type":"image-file","sha256":"70bed80a58cecc68688246f43dea2b94675b493427f9805599ee7505fea8d073","size":381559},"_wandb":{"runtime":114},"_runtime":114.631906408,"val_loss":0.1144484356045723,"_timestamp":1.7465763674116879e+09,"val_acc":0.9765625}