{"train_acc":1,"val_acc":0.9921875,"_runtime":76.648129264,"train_total_spikes":20411,"final_test_acc":0.9921875,"_wandb":{"runtime":76},"val_loss":0.03185068815946579,"final_val_acc":0.9921875,"_timestamp":1.7465959978687246e+09,"2D Loss Contour":{"height":1176,"_type":"image-file","sha256":"63e1cae0b623eacb6ac3f541aedc2fc5ee0d9086e8f760cfbd8866aced19c05b","size":142001,"path":"media/images/2D Loss Contour_602_63e1cae0b623eacb6ac3.png","format":"png","width":1622},"final_train_acc":1,"3D Loss Surface":{"path":"media/images/3D Loss Surface_601_482bca600170267bfc95.png","format":"png","width":1548,"height":1266,"_type":"image-file","sha256":"482bca600170267bfc957f6d2792137b6f57e93966a8833439370101be2f6d05","size":426839},"train_spikes_per_t":79.73046875,"_step":602,"val_spikes_per_t":78.3203125,"train_loss":0.00045962646254338324,"val_total_spikes":20050}