{"train_total_spikes":0,"_timestamp":1.7466561854661317e+09,"train_acc":1,"val_total_spikes":0,"2D Loss Contour":{"sha256":"3e82eb90e17a43d625bb64d46868428e05be608d56e7bba327638bf53bffe385","size":139789,"path":"media/images/2D Loss Contour_602_3e82eb90e17a43d625bb.png","format":"png","width":1622,"height":1176,"_type":"image-file"},"_wandb":{"runtime":56},"3D Loss Surface":{"height":1266,"_type":"image-file","sha256":"b6626be40f9699ba4185b666ee476d72c5a7d83ec0428c237ad150f43458236c","size":295958,"path":"media/images/3D Loss Surface_601_b6626be40f9699ba4185.png","format":"png","width":1522},"final_val_acc":0.7421875,"val_spikes_per_t":NaN,"val_loss":0.891669511795044,"train_loss":0.004680721554905176,"_runtime":56.815427294,"train_spikes_per_t":NaN,"_step":602,"final_test_acc":0.71484375,"val_acc":0.7421875,"final_train_acc":1}