{"train_spikes_per_t":NaN,"_step":602,"_timestamp":1.7466006502831523e+09,"final_val_acc":0.74609375,"2D Loss Contour":{"height":1176,"_type":"image-file","sha256":"c4d4475f4c4064c00923631a4174fad40a25c21b7efc20a882d91efc7387d119","size":132231,"path":"media/images/2D Loss Contour_602_c4d4475f4c4064c00923.png","format":"png","width":1596},"train_total_spikes":0,"3D Loss Surface":{"sha256":"8eeaea3fe1037cdd94e390f22678f0dcdca4e67b4f312af6002d26989c9ad43f","size":490938,"path":"media/images/3D Loss Surface_601_8eeaea3fe1037cdd94e3.png","format":"png","width":1522,"height":1266,"_type":"image-file"},"_wandb":{"runtime":57},"val_spikes_per_t":NaN,"val_acc":0.74609375,"_runtime":57.107258382,"train_loss":0.08757419884204865,"val_loss":0.6442562341690063,"train_acc":0.984375,"val_total_spikes":0,"final_train_acc":0.984375,"final_test_acc":0.7421875}