{"val_total_spikes":6856,"val_acc":0.83203125,"train_total_spikes":6926,"train_acc":1,"train_spikes_per_t":27.0546875,"_runtime":174.185996567,"final_test_acc":0.859375,"_wandb":{"runtime":174},"_timestamp":1.7466467507255628e+09,"final_train_acc":1,"val_loss":0.42481085658073425,"val_spikes_per_t":26.78125,"3D Loss Surface":{"format":"png","width":1549,"height":1266,"_type":"image-file","sha256":"c007f860e0f2ae0667701e443e706e34b70444d0a42ba9d4f3ee2e291b13e4ff","size":441186,"path":"media/images/3D Loss Surface_601_c007f860e0f2ae066770.png"},"train_loss":0.0088425287976861,"2D Loss Contour":{"format":"png","width":1623,"height":1176,"_type":"image-file","sha256":"cea8c9ac142c2eac8d6317807bffc742198396ffa0f1979952bd30df1f0b9f51","size":138175,"path":"media/images/2D Loss Contour_602_cea8c9ac142c2eac8d63.png"},"final_val_acc":0.83203125,"_step":602}