{"_step":602,"_wandb":{"runtime":113},"final_train_acc":1,"train_loss":0.006135679315775633,"train_total_spikes":20960,"val_loss":0.05134841799736023,"train_spikes_per_t":81.875,"final_val_acc":0.984375,"_runtime":113.072358504,"val_spikes_per_t":81.1171875,"val_total_spikes":20766,"_timestamp":1.7465634657266023e+09,"final_test_acc":0.9609375,"3D Loss Surface":{"path":"media/images/3D Loss Surface_601_47425c0343bf62c801e6.png","format":"png","width":1522,"height":1266,"_type":"image-file","sha256":"47425c0343bf62c801e676137cc6674d6c4e58a1cacbfec27be9ec2973f5e8fc","size":430330},"2D Loss Contour":{"width":1596,"height":1176,"_type":"image-file","sha256":"16faa8c4790f9b5169396db7d22c80e33eda24e3a74dda905a712f738e5a8b4f","size":121570,"path":"media/images/2D Loss Contour_602_16faa8c4790f9b516939.png","format":"png"},"train_acc":1,"val_acc":0.984375}