{"train_total_spikes":14702,"train_spikes_per_t":57.4296875,"val_loss":0.009722809307277203,"val_acc":0.99609375,"final_val_acc":0.99609375,"_wandb":{"runtime":102},"final_train_acc":1,"final_test_acc":0.98046875,"_runtime":102.965978859,"_step":602,"val_total_spikes":14733,"3D Loss Surface":{"path":"media/images/3D Loss Surface_601_dbef49512c8b85a7937f.png","format":"png","width":1575,"height":1266,"_type":"image-file","sha256":"dbef49512c8b85a7937fe781a1608207cb31eca8280dca8bec10758bc10dbe06","size":480644},"2D Loss Contour":{"path":"media/images/2D Loss Contour_602_c125b359cace1be17541.png","format":"png","width":1649,"height":1176,"_type":"image-file","sha256":"c125b359cace1be17541c4950af9f1bc77c2c57694c1a2da1f66af964bb26edc","size":145079},"train_loss":0.0002211735409218818,"_timestamp":1.7466594116805294e+09,"val_spikes_per_t":57.55078125,"train_acc":1}