{"_runtime":161.060114932,"train_spikes_per_t":21.06640625,"_timestamp":1.7466792353449285e+09,"val_spikes_per_t":21.5078125,"final_val_acc":0.80859375,"final_train_acc":0.9921875,"final_test_acc":0.74609375,"val_total_spikes":5506,"train_total_spikes":5393,"_step":602,"val_acc":0.80859375,"val_loss":0.5385642647743225,"_wandb":{"runtime":161},"3D Loss Surface":{"format":"png","width":1522,"height":1266,"_type":"image-file","sha256":"d8285698da41c4fddeda11fb76c647e917331e234808315a5fe0a977950400d4","size":400264,"path":"media/images/3D Loss Surface_601_d8285698da41c4fddeda.png"},"train_loss":0.06293980032205582,"2D Loss Contour":{"_type":"image-file","sha256":"4e027f5926156353f349e1e730ad2cc9e19c3725dcaf3992aeb4320ebfa3fee2","size":124356,"path":"media/images/2D Loss Contour_602_4e027f5926156353f349.png","format":"png","width":1596,"height":1176},"train_acc":0.9921875}