{"val_acc":0.76171875,"_runtime":170.859347489,"_timestamp":1.746615191758262e+09,"val_loss":0.580417275428772,"final_train_acc":0.9765625,"train_loss":0.12164214998483658,"val_spikes_per_t":35.1640625,"final_test_acc":0.75,"val_total_spikes":9002,"final_val_acc":0.76171875,"2D Loss Contour":{"sha256":"ccc1ec247be60e7c925c713fa5201f5b45a1735259b6732cb06cd1b693b41121","size":128914,"path":"media/images/2D Loss Contour_602_ccc1ec247be60e7c925c.png","format":"png","width":1596,"height":1176,"_type":"image-file"},"train_acc":0.9765625,"train_spikes_per_t":35.05859375,"train_total_spikes":8975,"_wandb":{"runtime":170},"3D Loss Surface":{"format":"png","width":1522,"height":1266,"_type":"image-file","sha256":"c43d09e0512c4f45106d8c94792098f7e2dd1ed9cdacaf23d83355801bf2ac17","size":430298,"path":"media/images/3D Loss Surface_601_c43d09e0512c4f45106d.png"},"_step":602}