{"_runtime":43.312655069,"_timestamp":1.7466702505433679e+09,"train_acc":0.48828125,"val_spikes_per_t":NaN,"val_acc":0.48828125,"3D Loss Surface":{"_type":"image-file","sha256":"18af97f6c32fa18c7e38764daab0aa093a0e5b47ea39b2fa251cec8d217941d2","size":353081,"path":"media/images/3D Loss Surface_601_18af97f6c32fa18c7e38.png","format":"png","width":1495,"height":1266},"_wandb":{"runtime":43},"train_total_spikes":0,"_step":602,"train_spikes_per_t":NaN,"train_loss":6.466891288757324,"final_val_acc":0.48828125,"final_test_acc":0.53515625,"final_train_acc":0.48828125,"val_total_spikes":0,"val_loss":6.227901458740234,"2D Loss Contour":{"format":"png","width":1570,"height":1176,"_type":"image-file","sha256":"2fc9ebdbeb04490861b90a5a99d8a91564c12681e0b191ba7d1b21fe632966e2","size":113329,"path":"media/images/2D Loss Contour_602_2fc9ebdbeb04490861b9.png"}}