{"val_acc":0.87890625,"_wandb":{"runtime":57},"train_loss":0.0063940249383449554,"_step":602,"train_acc":1,"val_spikes_per_t":NaN,"_runtime":57.262806736,"final_val_acc":0.87890625,"_timestamp":1.74659757966759e+09,"train_total_spikes":0,"val_total_spikes":0,"val_loss":0.2780595123767853,"final_train_acc":1,"2D Loss Contour":{"_type":"image-file","sha256":"27b211d601e5e83564f2fb2a3ef9dcd79e30bc5067778dc220f9961a7808da16","size":118872,"path":"media/images/2D Loss Contour_602_27b211d601e5e83564f2.png","format":"png","width":1649,"height":1176},"train_spikes_per_t":NaN,"3D Loss Surface":{"size":505372,"path":"media/images/3D Loss Surface_601_705ec1d9d095000b27cc.png","format":"png","width":1575,"height":1266,"_type":"image-file","sha256":"705ec1d9d095000b27ccdeb0dbfeac805bcec466410197f72fbcd9234c930203"},"final_test_acc":0.8671875}