{"train_total_spikes":8346,"final_test_acc":0.98046875,"train_acc":0.99609375,"val_acc":0.98828125,"train_loss":0.022505497559905052,"final_val_acc":0.98828125,"_timestamp":1.7466373771388638e+09,"_runtime":171.853156638,"3D Loss Surface":{"format":"png","width":1548,"height":1266,"_type":"image-file","sha256":"1626187db608ebb30bf3be340f5f935cf3e3480b57af46a7be3f77fca76e27c3","size":440800,"path":"media/images/3D Loss Surface_601_1626187db608ebb30bf3.png"},"2D Loss Contour":{"format":"png","width":1622,"height":1176,"_type":"image-file","sha256":"ccb1add822cca34bc9e3dc2f5dd0f848177b69eba35926864b874a55ca99875a","size":113357,"path":"media/images/2D Loss Contour_602_ccb1add822cca34bc9e3.png"},"_wandb":{"runtime":171},"val_loss":0.043760351836681366,"val_total_spikes":8192,"val_spikes_per_t":32,"final_train_acc":0.99609375,"_step":602,"train_spikes_per_t":32.6015625}