{"_timestamp":1.7466609494263484e+09,"val_spikes_per_t":50.07421875,"val_total_spikes":12819,"train_loss":0.9927656650543213,"_runtime":100.831885047,"_step":602,"train_spikes_per_t":50.3359375,"train_total_spikes":12886,"val_loss":1.311788558959961,"final_test_acc":0.56640625,"val_acc":0.57421875,"train_acc":0.6328125,"final_train_acc":0.6328125,"2D Loss Contour":{"height":1176,"_type":"image-file","sha256":"8e504a16e27c06859fa9bac77c3ba446b5aefd9a9dd92ebb255d1c325f2dd627","size":122328,"path":"media/images/2D Loss Contour_602_8e504a16e27c06859fa9.png","format":"png","width":1596},"3D Loss Surface":{"path":"media/images/3D Loss Surface_601_28558bcc496d50d7ca83.png","format":"png","width":1522,"height":1266,"_type":"image-file","sha256":"28558bcc496d50d7ca83674d79bba2588eed744ee9461624d6ef84307cfd1058","size":402614},"final_val_acc":0.57421875,"_wandb":{"runtime":100}}