{"val_loss":0.965684711933136,"3D Loss Surface":{"sha256":"487bf4c265b43f93ae4fc4259fce004e69cfa03406ebb282759fbc5ad0a4aba8","size":407483,"path":"media/images/3D Loss Surface_601_487bf4c265b43f93ae4f.png","format":"png","width":1522,"height":1266,"_type":"image-file"},"2D Loss Contour":{"_type":"image-file","sha256":"e2d81c8334af7c5b1b62e71ca01c87dffeff4c339673c1a5c0ac71841faf56d6","size":145357,"path":"media/images/2D Loss Contour_602_e2d81c8334af7c5b1b62.png","format":"png","width":1622,"height":1176},"train_loss":0.6206879019737244,"val_spikes_per_t":98.984375,"train_acc":0.7734375,"final_val_acc":0.64453125,"_step":602,"final_test_acc":0.671875,"val_acc":0.64453125,"_timestamp":1.7464801854242206e+09,"train_total_spikes":25488,"train_spikes_per_t":99.5625,"_wandb":{"runtime":85},"_runtime":85.922815857,"val_total_spikes":25340,"final_train_acc":0.7734375}