{"val_loss":2.5881428718566895,"_timestamp":1.7465982174372797e+09,"train_spikes_per_t":NaN,"_wandb":{"runtime":57},"train_total_spikes":0,"train_loss":0.9810521006584167,"3D Loss Surface":{"_type":"image-file","sha256":"0ed59c71269012e696136518ebd0496365c0d6653ed42dff006f3d2884af33a8","size":286227,"path":"media/images/3D Loss Surface_601_0ed59c71269012e69613.png","format":"png","width":1521,"height":1266},"val_total_spikes":0,"2D Loss Contour":{"sha256":"35daf251f4329e63e61b6dde3fd7d2dbb7cc7414256cef98a6cb0df7ff0bcdb6","size":111680,"path":"media/images/2D Loss Contour_602_35daf251f4329e63e61b.png","format":"png","width":1596,"height":1176,"_type":"image-file"},"final_train_acc":0.765625,"final_val_acc":0.55859375,"val_acc":0.55859375,"_runtime":57.187895025,"final_test_acc":0.51953125,"_step":602,"val_spikes_per_t":NaN,"train_acc":0.765625}