{"val_spikes_per_t":0.99609375,"train_acc":0.7734375,"val_loss":1.0133695602416992,"train_total_spikes":302,"final_test_acc":0.61328125,"final_train_acc":0.7734375,"2D Loss Contour":{"sha256":"b83a60bf3914104efc7969fc4b014dca89b211040608fe111e55f199f80a987d","size":142064,"path":"media/images/2D Loss Contour_602_b83a60bf3914104efc79.png","format":"png","width":1649,"height":1176,"_type":"image-file"},"train_spikes_per_t":1.1796875,"_step":602,"val_total_spikes":255,"_runtime":161.248007026,"_timestamp":1.7466771338318298e+09,"_wandb":{"runtime":161},"train_loss":0.454115629196167,"final_val_acc":0.51953125,"3D Loss Surface":{"_type":"image-file","sha256":"6c0ce99023bcc990972c134c34d5825dcb74798f99891c3aa324cebbb91e3ac8","size":338940,"path":"media/images/3D Loss Surface_601_6c0ce99023bcc990972c.png","format":"png","width":1548,"height":1266},"val_acc":0.51953125}