{"train_total_spikes":0,"_step":602,"val_total_spikes":0,"final_val_acc":0.8671875,"val_spikes_per_t":NaN,"final_train_acc":1,"_timestamp":1.7465972896915195e+09,"val_loss":0.3240279257297516,"2D Loss Contour":{"path":"media/images/2D Loss Contour_602_c4031e3dd3e3d1f6dcf9.png","format":"png","width":1623,"height":1176,"_type":"image-file","sha256":"c4031e3dd3e3d1f6dcf9bb34297290706bfe5312cfa8801d2d6006563225bd38","size":136426},"train_spikes_per_t":NaN,"final_test_acc":0.85546875,"val_acc":0.8671875,"3D Loss Surface":{"_type":"image-file","sha256":"001d4401f9d122d13bda8a1705dd68e65ef66d224564978e643dcfe024ce8df1","size":491404,"path":"media/images/3D Loss Surface_601_001d4401f9d122d13bda.png","format":"png","width":1522,"height":1266},"train_acc":1,"_runtime":57.40906543,"_wandb":{"runtime":57},"train_loss":0.007146074902266264}