{"train_acc":0.87109375,"3D Loss Surface":{"format":"png","width":1548,"height":1266,"_type":"image-file","sha256":"c569394683112ceaa405c6e3c850309fec755dc711af1acd8816a8c664871134","size":399181,"path":"media/images/3D Loss Surface_601_c569394683112ceaa405.png"},"val_loss":0.41436678171157837,"_runtime":160.847106906,"final_test_acc":0.8125,"_step":602,"final_val_acc":0.7890625,"_wandb":{"runtime":160},"final_train_acc":0.87109375,"val_acc":0.7890625,"val_total_spikes":7087,"val_spikes_per_t":27.68359375,"train_loss":0.2955165505409241,"2D Loss Contour":{"size":120355,"path":"media/images/2D Loss Contour_602_eb3fcd9673bd28d436cd.png","format":"png","width":1622,"height":1176,"_type":"image-file","sha256":"eb3fcd9673bd28d436cdc4b1bea1d15c64e1593f242981e47e01ade507ef8088"},"_timestamp":1.7466956349904695e+09,"train_total_spikes":7013,"train_spikes_per_t":27.39453125}