{"train_acc":0.9375,"val_acc":0.80078125,"_wandb":{"runtime":33},"train_loss":0.15302468836307526,"final_test_acc":0.79296875,"train_spikes_per_t":NaN,"val_total_spikes":0,"final_val_acc":0.80078125,"val_spikes_per_t":NaN,"final_train_acc":0.9375,"_runtime":33.293094103,"val_loss":0.9192289113998413,"3D Loss Surface":{"width":1575,"height":1266,"_type":"image-file","sha256":"1d482d22546780fad54c60cbdfd126cae14571c367d5647481315f182a5d7578","size":550218,"path":"media/images/3D Loss Surface_601_1d482d22546780fad54c.png","format":"png"},"train_total_spikes":0,"2D Loss Contour":{"_type":"image-file","sha256":"d89daa96d4594216f39d11cb2dffbbfef69eaf9a2e92b2b41fe18ac7899a8562","size":131534,"path":"media/images/2D Loss Contour_602_d89daa96d4594216f39d.png","format":"png","width":1622,"height":1176},"_step":602,"_timestamp":1.746671498823242e+09}