{"train_total_spikes":3569,"train_acc":0.97265625,"val_spikes_per_t":13.9609375,"final_test_acc":0.921875,"_runtime":160.94233651,"final_val_acc":0.92578125,"2D Loss Contour":{"sha256":"a80cd12389ddec6e7a0dbf91ae82e0da104671c3b628f810c8031518d2374f19","size":123456,"path":"media/images/2D Loss Contour_602_a80cd12389ddec6e7a0d.png","format":"png","width":1596,"height":1176,"_type":"image-file"},"_timestamp":1.746701798670864e+09,"train_loss":0.08048728853464127,"3D Loss Surface":{"sha256":"595b538ecd389088e54fb7e5f49d82e7cac8c8eb6773f6474c3bd16f8cc07044","size":385381,"path":"media/images/3D Loss Surface_601_595b538ecd389088e54f.png","format":"png","width":1522,"height":1266,"_type":"image-file"},"_wandb":{"runtime":160},"val_total_spikes":3574,"final_train_acc":0.97265625,"train_spikes_per_t":13.94140625,"val_acc":0.92578125,"val_loss":0.21449264883995056,"_step":602}