{"train_loss":1.5274741649627686,"val_acc":0.640625,"final_test_acc":0.55859375,"train_spikes_per_t":42.94921875,"val_total_spikes":11066,"_step":602,"val_loss":1.7677249908447266,"train_total_spikes":10995,"final_val_acc":0.640625,"3D Loss Surface":{"sha256":"09b38fad7bc2394ceac86483b20ebc36d158c481610620d46ca50e33a78ba090","size":368021,"path":"media/images/3D Loss Surface_601_09b38fad7bc2394ceac8.png","format":"png","width":1495,"height":1266,"_type":"image-file"},"val_spikes_per_t":43.2265625,"_timestamp":1.74668263707331e+09,"train_acc":0.66015625,"_runtime":161.902903154,"_wandb":{"runtime":161},"2D Loss Contour":{"width":1596,"height":1176,"_type":"image-file","sha256":"5d194f27a47e5e9abe7319614f53de74c2bbf230d66920cdfddae342a0896f57","size":139196,"path":"media/images/2D Loss Contour_602_5d194f27a47e5e9abe73.png","format":"png"},"final_train_acc":0.66015625}