{"val_spikes_per_t":35.7109375,"val_total_spikes":9142,"train_loss":0.026600824669003487,"final_val_acc":0.90625,"train_total_spikes":9193,"train_spikes_per_t":35.91015625,"final_test_acc":0.93359375,"_step":602,"train_acc":0.99609375,"2D Loss Contour":{"height":1176,"_type":"image-file","sha256":"167ef0f7ad2f3ce0f4a65e5e9c6ac14b061d865c7be7a448a28db138144d41c7","size":134695,"path":"media/images/2D Loss Contour_602_167ef0f7ad2f3ce0f4a6.png","format":"png","width":1623},"_runtime":172.689187974,"val_loss":0.2522164583206177,"final_train_acc":0.99609375,"_timestamp":1.7466484883331327e+09,"_wandb":{"runtime":172},"3D Loss Surface":{"_type":"image-file","sha256":"1e13fc26623d4e837a588c10ca6fbbab5f03dd418d50a1333d68ed6772e61d63","size":381543,"path":"media/images/3D Loss Surface_601_1e13fc26623d4e837a58.png","format":"png","width":1548,"height":1266},"val_acc":0.90625}