{"train_spikes_per_t":63.60546875,"train_total_spikes":16283,"val_loss":0.0346396379172802,"train_loss":0.0003496822901070118,"val_spikes_per_t":63.53125,"final_test_acc":0.98828125,"_runtime":102.836590427,"val_total_spikes":16264,"3D Loss Surface":{"format":"png","width":1601,"height":1266,"_type":"image-file","sha256":"5b2a311aad2959727983d23b1c6493dcce90529790ec1c743cda4a45b3d2c614","size":516195,"path":"media/images/3D Loss Surface_601_5b2a311aad2959727983.png"},"_wandb":{"runtime":102},"final_train_acc":1,"val_acc":0.98828125,"train_acc":1,"_step":602,"final_val_acc":0.98828125,"2D Loss Contour":{"format":"png","width":1649,"height":1176,"_type":"image-file","sha256":"61334d35c896dc6d50ace70f6dab085242a2f7eb62d5fdd1b728cd232b103d7b","size":145280,"path":"media/images/2D Loss Contour_602_61334d35c896dc6d50ac.png"},"_timestamp":1.746667790749843e+09}