{"_wandb":{"runtime":91},"val_spikes_per_t":62.58984375,"_runtime":91.861825718,"train_acc":1,"final_val_acc":0.71484375,"3D Loss Surface":{"_type":"image-file","sha256":"b06fce7d965ceb154ba0da397a3a5478db26f5c13469ebbdff6213eed672b025","size":443907,"path":"media/images/3D Loss Surface_601_b06fce7d965ceb154ba0.png","format":"png","width":1522,"height":1266},"_step":602,"train_loss":0.009926588274538517,"train_spikes_per_t":62.93359375,"train_total_spikes":16111,"val_total_spikes":16023,"final_test_acc":0.765625,"2D Loss Contour":{"sha256":"42e5cca474d0aec62ec48cc7eec1399007741f534af8cd25b0d98f4e7f36e00f","size":131248,"path":"media/images/2D Loss Contour_602_42e5cca474d0aec62ec4.png","format":"png","width":1570,"height":1176,"_type":"image-file"},"_timestamp":1.7466728808365626e+09,"final_train_acc":1,"val_loss":1.4721462726593018,"val_acc":0.71484375}