{"train_spikes_per_t":NaN,"2D Loss Contour":{"_type":"image-file","sha256":"410f02704237bd3a9a703175171df46bd80603b2eb7828809f1ea32c076b80a7","size":137945,"path":"media/images/2D Loss Contour_602_410f02704237bd3a9a70.png","format":"png","width":1649,"height":1176},"train_loss":0.0034889113157987595,"val_spikes_per_t":NaN,"_runtime":57.575233199,"_step":602,"val_total_spikes":0,"final_test_acc":0.9453125,"val_acc":0.8828125,"_timestamp":1.7466012864965334e+09,"_wandb":{"runtime":57},"3D Loss Surface":{"size":441840,"path":"media/images/3D Loss Surface_601_9ecb53edf296a8d8face.png","format":"png","width":1575,"height":1266,"_type":"image-file","sha256":"9ecb53edf296a8d8face9472666c3a0e702336418a0c5733bc494e9691f57d25"},"final_train_acc":1,"final_val_acc":0.8828125,"train_acc":1,"val_loss":0.3211495578289032,"train_total_spikes":0}