{"3D Loss Surface":{"format":"png","width":1522,"height":1266,"_type":"image-file","sha256":"06da5b9e14cd74865f96d803c51b8122f660efcddd73b3d43b60ac445b866899","size":424344,"path":"media/images/3D Loss Surface_601_06da5b9e14cd74865f96.png"},"train_loss":0.14401069283485413,"val_spikes_per_t":55.88671875,"final_val_acc":0.8359375,"final_test_acc":0.8125,"val_loss":0.40408530831336975,"_step":602,"_wandb":{"runtime":102},"train_acc":0.96484375,"final_train_acc":0.96484375,"2D Loss Contour":{"sha256":"c6328dfe65b17d442e82c3d3424eed994a6f29ba3ff4ca1933bc09b70ba3f49a","size":126021,"path":"media/images/2D Loss Contour_602_c6328dfe65b17d442e82.png","format":"png","width":1596,"height":1176,"_type":"image-file"},"_timestamp":1.746660031240075e+09,"_runtime":102.320990879,"train_spikes_per_t":56.03125,"val_acc":0.8359375,"val_total_spikes":14307,"train_total_spikes":14344}