{"_timestamp":1.7465883719954696e+09,"final_test_acc":0.9921875,"val_loss":0.009268142282962799,"2D Loss Contour":{"format":"png","width":1649,"height":1176,"_type":"image-file","sha256":"c3c90c6462b3f2fbac66d90817ec74309b0f6f40145b278776bcd4f03a59787f","size":143072,"path":"media/images/2D Loss Contour_602_c3c90c6462b3f2fbac66.png"},"val_spikes_per_t":72.92578125,"final_val_acc":0.99609375,"train_total_spikes":19040,"3D Loss Surface":{"format":"png","width":1575,"height":1266,"_type":"image-file","sha256":"d78887a306ecd795b520a6474fb8fad92d4fe8cf2d06fdf0d8cd04987fd65bbb","size":361473,"path":"media/images/3D Loss Surface_601_d78887a306ecd795b520.png"},"val_acc":0.99609375,"_runtime":75.430153906,"_wandb":{"runtime":75},"val_total_spikes":18669,"train_spikes_per_t":74.375,"final_train_acc":1,"_step":602,"train_loss":0.00030219327891245484,"train_acc":1}