{"final_test_acc":0.55078125,"train_acc":0.484375,"final_val_acc":0.48828125,"val_spikes_per_t":NaN,"final_train_acc":0.484375,"train_total_spikes":0,"_wandb":{"runtime":42},"train_loss":4.704232215881348,"val_total_spikes":0,"val_acc":0.48828125,"_runtime":42.971847935,"3D Loss Surface":{"_type":"image-file","sha256":"a81c82bc7350a19e0c2e3a80bfff2ed8960a65bd5bd2acc7e367a31320e63751","size":298490,"path":"media/images/3D Loss Surface_601_a81c82bc7350a19e0c2e.png","format":"png","width":1495,"height":1266},"2D Loss Contour":{"sha256":"fe8a160cf1f11795aa913e9715bf31aeb47732b5bef13d6de2a9d84246f5c833","size":115604,"path":"media/images/2D Loss Contour_602_fe8a160cf1f11795aa91.png","format":"png","width":1569,"height":1176,"_type":"image-file"},"val_loss":4.591750144958496,"train_spikes_per_t":NaN,"_step":602,"_timestamp":1.7466703820520203e+09}