{"train_acc":1,"val_total_spikes":4335,"train_spikes_per_t":17.07421875,"val_spikes_per_t":16.93359375,"_wandb":{"runtime":161},"final_train_acc":1,"2D Loss Contour":{"sha256":"8e2fe3bce92310a253e3fe23925e43c55be24cd17bca400bee8ee21c11935bd5","size":108878,"path":"media/images/2D Loss Contour_602_8e2fe3bce92310a253e3.png","format":"png","width":1596,"height":1176,"_type":"image-file"},"val_acc":0.91015625,"train_total_spikes":4371,"train_loss":0.004493524320423603,"_timestamp":1.74668815400367e+09,"final_test_acc":0.90625,"final_val_acc":0.91015625,"3D Loss Surface":{"height":1266,"_type":"image-file","sha256":"a2aba4761caba7ff39c7d5e3ec31bbd23c59bcb8d8c56ec4e60951d8226e53fc","size":425075,"path":"media/images/3D Loss Surface_601_a2aba4761caba7ff39c7.png","format":"png","width":1522},"_runtime":161.525283138,"_step":602,"val_loss":0.29330554604530334}