{"_step":602,"val_spikes_per_t":NaN,"val_loss":7.774231433868408,"val_total_spikes":0,"_runtime":57.430026828,"_wandb":{"runtime":57},"train_acc":0.47265625,"train_total_spikes":0,"train_spikes_per_t":NaN,"final_val_acc":0.484375,"train_loss":7.388789653778076,"_timestamp":1.7465964180357404e+09,"3D Loss Surface":{"path":"media/images/3D Loss Surface_601_c419824ee89a65ce6adf.png","format":"png","width":1522,"height":1266,"_type":"image-file","sha256":"c419824ee89a65ce6adf53175c04e9596627969730247ddfb99ee38b5de08828","size":327817},"2D Loss Contour":{"height":1176,"_type":"image-file","sha256":"3d0c8fc1413199efa4009a06caf4a38cbc7f472f3368310206d4a98a0d02e303","size":112937,"path":"media/images/2D Loss Contour_602_3d0c8fc1413199efa400.png","format":"png","width":1596},"final_train_acc":0.47265625,"val_acc":0.484375,"final_test_acc":0.4765625}