{"final_val_acc":0.99609375,"train_total_spikes":0,"_wandb":{"runtime":31},"final_test_acc":0.96484375,"train_acc":1,"val_spikes_per_t":NaN,"2D Loss Contour":{"path":"media/images/2D Loss Contour_602_9830a88ca6f397c3a27e.png","format":"png","width":1649,"height":1176,"_type":"image-file","sha256":"9830a88ca6f397c3a27e6cfd8c8e93f7fe6207b9c117cc17828768e0556a8173","size":146630},"_timestamp":1.7466130487414389e+09,"val_acc":0.99609375,"val_total_spikes":0,"3D Loss Surface":{"_type":"image-file","sha256":"60ad681c9a315c142a129c6e089ca5f9e7d71d75901bd728dd45a2870b944bcf","size":487745,"path":"media/images/3D Loss Surface_601_60ad681c9a315c142a12.png","format":"png","width":1575,"height":1266},"val_loss":0.03304078057408333,"train_loss":0.0009300359524786472,"_step":602,"_runtime":31.892675298,"final_train_acc":1,"train_spikes_per_t":NaN}