{"val_total_spikes":20871,"3D Loss Surface":{"path":"media/images/3D Loss Surface_601_9599cf71077581a7ff9c.png","format":"png","width":1522,"height":1266,"_type":"image-file","sha256":"9599cf71077581a7ff9c0a7f31786272038dc39a8fe7b8515b032e12c40a8c50","size":308170},"_step":602,"_wandb":{"runtime":48},"train_spikes_per_t":80.30078125,"_timestamp":1.7466690282309701e+09,"train_loss":19.901973724365234,"final_train_acc":0.51171875,"_runtime":48.232019462,"train_acc":0.51171875,"2D Loss Contour":{"size":132596,"path":"media/images/2D Loss Contour_602_6b956e6b4ccbcdde44bb.png","format":"png","width":1596,"height":1176,"_type":"image-file","sha256":"6b956e6b4ccbcdde44bb91b0ebe9bcfba61fd8379a7052944284b54b84918bb1"},"val_spikes_per_t":81.52734375,"final_test_acc":0.48046875,"train_total_spikes":20557,"val_acc":0.5078125,"val_loss":19.45616340637207,"final_val_acc":0.5078125}