{"_timestamp":1.7466398068691192e+09,"val_spikes_per_t":55.67578125,"final_test_acc":0.8515625,"final_train_acc":1,"train_acc":1,"val_acc":0.77734375,"final_val_acc":0.77734375,"train_loss":0.0051834010519087315,"train_spikes_per_t":56.078125,"val_total_spikes":14253,"2D Loss Contour":{"width":1622,"height":1176,"_type":"image-file","sha256":"3febcb23678954a68f27c25cb2929b7a5b5815df5cd94bc7bb3ec0d67bd18a24","size":148686,"path":"media/images/2D Loss Contour_602_3febcb23678954a68f27.png","format":"png"},"_step":602,"3D Loss Surface":{"size":400559,"path":"media/images/3D Loss Surface_601_8aa770b0ce09645d1fc7.png","format":"png","width":1522,"height":1266,"_type":"image-file","sha256":"8aa770b0ce09645d1fc7914c716911bf82527e92cdd81e0c8eab67ed6122e91d"},"train_total_spikes":14356,"val_loss":0.6931589245796204,"_wandb":{"runtime":173},"_runtime":173.430353849}