{"_timestamp":1.7466584113261817e+09,"_runtime":168.293685534,"_step":602,"final_train_acc":0.53125,"val_total_spikes":9804,"val_acc":0.5625,"final_val_acc":0.5625,"train_spikes_per_t":38.04296875,"val_spikes_per_t":38.296875,"train_total_spikes":9739,"_wandb":{"runtime":168},"3D Loss Surface":{"width":1522,"height":1266,"_type":"image-file","sha256":"ca84d15a4af646b5e022c9dfb2ef4cfef9d340dd65b8e2f872d8c85eb8172a43","size":356164,"path":"media/images/3D Loss Surface_601_ca84d15a4af646b5e022.png","format":"png"},"train_loss":4.520582675933838,"train_acc":0.53125,"final_test_acc":0.5,"2D Loss Contour":{"height":1176,"_type":"image-file","sha256":"b49ea6c00fac4d295587e2d387f4b84b6b15b532a350a84f7f5a37a3b0fbfac1","size":121036,"path":"media/images/2D Loss Contour_602_b49ea6c00fac4d295587.png","format":"png","width":1569},"val_loss":4.226186275482178}