{"val_loss":0.6842213869094849,"_wandb":{"runtime":56},"val_acc":0.76953125,"val_spikes_per_t":NaN,"2D Loss Contour":{"height":1176,"_type":"image-file","sha256":"9431d967f4cac92ae95ed9c9df85d394c9b8635058c8aa64f68d483e131d860f","size":131318,"path":"media/images/2D Loss Contour_602_9431d967f4cac92ae95e.png","format":"png","width":1596},"train_loss":0.031873855739831924,"val_total_spikes":0,"train_total_spikes":0,"3D Loss Surface":{"_type":"image-file","sha256":"2c0d332ce290012d284dfbc045510a4cf25f9a874f2ec61364194bb3685c8ff4","size":394906,"path":"media/images/3D Loss Surface_601_2c0d332ce290012d284d.png","format":"png","width":1522,"height":1266},"_runtime":56.739006347,"train_acc":1,"_timestamp":1.7466038338206794e+09,"final_train_acc":1,"final_test_acc":0.8125,"_step":602,"final_val_acc":0.76953125,"train_spikes_per_t":NaN}