{"val_total_spikes":17814,"val_acc":0.9921875,"val_spikes_per_t":69.5859375,"_timestamp":1.7465638083929317e+09,"_step":602,"train_spikes_per_t":69.71484375,"final_train_acc":1,"_wandb":{"runtime":113},"final_test_acc":0.98828125,"train_total_spikes":17847,"_runtime":113.778169008,"val_loss":0.04415076598525047,"3D Loss Surface":{"_type":"image-file","sha256":"3a157654a09a7fa3afb6ab4463b7596b1d778ee0dbc120db7797dff4c5236bbf","size":447497,"path":"media/images/3D Loss Surface_601_3a157654a09a7fa3afb6.png","format":"png","width":1548,"height":1266},"2D Loss Contour":{"format":"png","width":1622,"height":1176,"_type":"image-file","sha256":"0378a6037de4107bbca52e1fe222e8839ba8cbde38a197c7f33a48304d1e02ae","size":121995,"path":"media/images/2D Loss Contour_602_0378a6037de4107bbca5.png"},"train_acc":1,"train_loss":0.010900838300585747,"final_val_acc":0.9921875}