{"_timestamp":1.7466054558519807e+09,"_wandb":{"runtime":57},"val_acc":0.6328125,"val_total_spikes":0,"train_spikes_per_t":NaN,"3D Loss Surface":{"sha256":"ab660f4a9f596ef03c917cbf0154a05adf5285a577bfd3abf74e141a7a7d9663","size":393749,"path":"media/images/3D Loss Surface_601_ab660f4a9f596ef03c91.png","format":"png","width":1548,"height":1266,"_type":"image-file"},"train_acc":0.69140625,"_step":602,"final_val_acc":0.6328125,"final_test_acc":0.59375,"train_total_spikes":0,"final_train_acc":0.69140625,"val_loss":0.6863625049591064,"2D Loss Contour":{"width":1622,"height":1176,"_type":"image-file","sha256":"14c275e33a26503b5ef977070dcadbb50dd50187dc693d9fae2422c56b339775","size":149844,"path":"media/images/2D Loss Contour_602_14c275e33a26503b5ef9.png","format":"png"},"train_loss":0.5563269853591919,"_runtime":57.290777807,"val_spikes_per_t":NaN}