{"val_acc":0.546875,"train_spikes_per_t":41.6875,"train_loss":1.9121609926223755,"3D Loss Surface":{"format":"png","width":1548,"height":1266,"_type":"image-file","sha256":"83de3f3d80fb382a375000a13ca145c570051ce4d62f3fef418a599bcf9d4425","size":455927,"path":"media/images/3D Loss Surface_601_83de3f3d80fb382a3750.png"},"val_total_spikes":10656,"final_test_acc":0.5390625,"train_acc":0.6484375,"final_train_acc":0.6484375,"val_loss":2.8793582916259766,"_wandb":{"runtime":170},"_step":602,"_timestamp":1.7466143325290651e+09,"2D Loss Contour":{"_type":"image-file","sha256":"30bb45d7c34975acbce4daa5856b07ba370b221e3160bd1996e0cb815c9018d4","size":134256,"path":"media/images/2D Loss Contour_602_30bb45d7c34975acbce4.png","format":"png","width":1596,"height":1176},"_runtime":170.619881032,"train_total_spikes":10672,"val_spikes_per_t":41.625,"final_val_acc":0.546875}