{"2D Loss Contour":{"_type":"image-file","sha256":"04104ba996fbfcf97d5db2fa9aeb1906c8a1513e4ed935ce1db1c35f51112f37","size":131567,"path":"media/images/2D Loss Contour_602_04104ba996fbfcf97d5d.png","format":"png","width":1649,"height":1176},"_wandb":{"runtime":103},"train_spikes_per_t":51.07421875,"_step":602,"final_test_acc":0.98046875,"val_total_spikes":13202,"train_total_spikes":13075,"val_acc":0.99609375,"train_acc":1,"val_spikes_per_t":51.5703125,"_timestamp":1.7466667535425541e+09,"3D Loss Surface":{"size":529523,"path":"media/images/3D Loss Surface_601_3c8ac46639081b4fe718.png","format":"png","width":1575,"height":1266,"_type":"image-file","sha256":"3c8ac46639081b4fe71828a0a10561a130183d2e0a856dbbc91b9629d34f01e3"},"train_loss":0.000244596361881122,"val_loss":0.016233187168836594,"_runtime":103.08471456,"final_train_acc":1,"final_val_acc":0.99609375}