{"train_acc":0.98046875,"train_total_spikes":16552,"train_loss":0.06911701709032059,"_step":602,"3D Loss Surface":{"height":1266,"_type":"image-file","sha256":"321257e13b4ed57239187dd8407f852b499639c61464cb5713a954be247976da","size":431364,"path":"media/images/3D Loss Surface_601_321257e13b4ed5723918.png","format":"png","width":1522},"train_spikes_per_t":64.65625,"final_test_acc":0.8359375,"val_loss":0.47435206174850464,"val_total_spikes":16514,"val_acc":0.8203125,"_runtime":111.833496364,"final_val_acc":0.8203125,"_wandb":{"runtime":111},"val_spikes_per_t":64.5078125,"final_train_acc":0.98046875,"2D Loss Contour":{"height":1176,"_type":"image-file","sha256":"be89a517eba05ea6f4274a818bb7af5a11b42d2467ecdfc7e2daf14d85761425","size":120412,"path":"media/images/2D Loss Contour_602_be89a517eba05ea6f427.png","format":"png","width":1596},"_timestamp":1.7466531713525443e+09}