{"2D Loss Contour":{"size":109432,"path":"media/images/2D Loss Contour_602_3a7c10203715f0919871.png","format":"png","width":1622,"height":1176,"_type":"image-file","sha256":"3a7c10203715f091987178ae6891d53838c6b09769f7fd7ca97ca207f83d17d5"},"final_val_acc":0.5625,"val_spikes_per_t":NaN,"train_loss":0.22129951417446136,"train_total_spikes":0,"final_test_acc":0.5234375,"final_train_acc":0.9375,"_step":602,"_wandb":{"runtime":57},"_runtime":57.193944616,"3D Loss Surface":{"width":1548,"height":1266,"_type":"image-file","sha256":"ee26edcab9310c87e2e492d4d2e4d57de821a8b379fea67e2712a0fe7f6f2356","size":422656,"path":"media/images/3D Loss Surface_601_ee26edcab9310c87e2e4.png","format":"png"},"val_total_spikes":0,"train_acc":0.9375,"val_acc":0.5625,"train_spikes_per_t":NaN,"_timestamp":1.7465991453120565e+09,"val_loss":1.0555000305175781}