{"final_train_acc":0.99609375,"final_test_acc":0.9765625,"3D Loss Surface":{"height":1266,"_type":"image-file","sha256":"631fbb30ce5aa77123cf9026172a341829706caa3c2867a7920f1de84e69995b","size":458723,"path":"media/images/3D Loss Surface_601_631fbb30ce5aa77123cf.png","format":"png","width":1522},"_runtime":113.289156555,"_step":602,"2D Loss Contour":{"sha256":"993932f817156e3446c169b5bd04cbb77355e91cd0b5328212bca71c66e627f4","size":113592,"path":"media/images/2D Loss Contour_602_993932f817156e3446c1.png","format":"png","width":1622,"height":1176,"_type":"image-file"},"val_total_spikes":41838,"final_val_acc":0.98828125,"_wandb":{"runtime":113},"train_spikes_per_t":164.4765625,"val_spikes_per_t":163.4296875,"val_acc":0.98828125,"val_loss":0.05495356395840645,"train_acc":0.99609375,"train_loss":0.029530558735132217,"_timestamp":1.7465633520266628e+09,"train_total_spikes":42106}