{"train_loss":0.000374392926460132,"_step":602,"train_acc":1,"train_total_spikes":15324,"val_spikes_per_t":59.9140625,"val_acc":0.98046875,"final_train_acc":1,"_wandb":{"runtime":102},"3D Loss Surface":{"_type":"image-file","sha256":"1289246ab6b5db77736886e154ff83fe894df5e5c030429c42c22927ed5e91a2","size":505037,"path":"media/images/3D Loss Surface_601_1289246ab6b5db777368.png","format":"png","width":1548,"height":1266},"final_val_acc":0.98046875,"2D Loss Contour":{"sha256":"f6533d9141ca94a2ca640316ba3d4abe89215e5d1e8039a8439ad9008880638b","size":134764,"path":"media/images/2D Loss Contour_602_f6533d9141ca94a2ca64.png","format":"png","width":1649,"height":1176,"_type":"image-file"},"train_spikes_per_t":59.859375,"_timestamp":1.7466561038577385e+09,"_runtime":102.881188309,"val_loss":0.05757519230246544,"val_total_spikes":15338,"final_test_acc":0.96875}