{"2D Loss Contour":{"sha256":"886d8ca1b3aa51e89acc106bee9a56fc97d760da22c5bfbf0757a64042f58f78","size":128619,"path":"media/images/2D Loss Contour_602_886d8ca1b3aa51e89acc.png","format":"png","width":1596,"height":1176,"_type":"image-file"},"_runtime":91.644766709,"_step":602,"val_loss":1.9096031188964844,"train_spikes_per_t":67.9765625,"val_total_spikes":17411,"val_acc":0.6328125,"train_loss":1.069305181503296,"val_spikes_per_t":68.01171875,"train_total_spikes":17402,"_timestamp":1.7466724178198135e+09,"_wandb":{"runtime":91},"final_test_acc":0.56640625,"final_train_acc":0.7265625,"train_acc":0.7265625,"3D Loss Surface":{"height":1266,"_type":"image-file","sha256":"8a108a8446540920cfe4596341732ca32ec3ec806be40d4dc3306620d9562e7c","size":455006,"path":"media/images/3D Loss Surface_601_8a108a8446540920cfe4.png","format":"png","width":1495},"final_val_acc":0.6328125}