{"final_test_acc":0.9609375,"train_spikes_per_t":NaN,"final_train_acc":1,"val_acc":1,"_runtime":31.86048402,"3D Loss Surface":{"_type":"image-file","sha256":"53a7511f035f98d980ef619285b690e5112fe628cd64d6e8d1edae3138853677","size":499661,"path":"media/images/3D Loss Surface_601_53a7511f035f98d980ef.png","format":"png","width":1575,"height":1266},"final_val_acc":1,"val_total_spikes":0,"2D Loss Contour":{"height":1176,"_type":"image-file","sha256":"1365448f7605222830131c1a4fc52ee5b0d3ddbaf8db468d57ccd4802e0ab9c6","size":133644,"path":"media/images/2D Loss Contour_602_1365448f760522283013.png","format":"png","width":1649},"val_loss":0.029417237266898155,"_timestamp":1.7466116383291247e+09,"val_spikes_per_t":NaN,"train_loss":0.0009081654716283083,"_step":602,"_wandb":{"runtime":31},"train_total_spikes":0,"train_acc":1}