{"val_loss":0.04788327217102051,"final_test_acc":0.96484375,"train_loss":0.001113632577471435,"train_spikes_per_t":NaN,"final_val_acc":0.98046875,"_wandb":{"runtime":32},"train_total_spikes":0,"_step":602,"final_train_acc":1,"_timestamp":1.7466130162524457e+09,"val_acc":0.98046875,"_runtime":32.016117479,"3D Loss Surface":{"width":1575,"height":1266,"_type":"image-file","sha256":"96d37417f6652523b87a4877076166e0c73e7dad0f77db4e4a2b864f1d99b6f4","size":529872,"path":"media/images/3D Loss Surface_601_96d37417f6652523b87a.png","format":"png"},"val_total_spikes":0,"train_acc":1,"val_spikes_per_t":NaN,"2D Loss Contour":{"path":"media/images/2D Loss Contour_602_21c8cbb0954c63cba367.png","format":"png","width":1649,"height":1176,"_type":"image-file","sha256":"21c8cbb0954c63cba367b2dba6dd8570bf84dc00134d0c04bb4cc67c92651b2c","size":142046}}