{"val_spikes_per_t":117.91015625,"final_val_acc":1,"train_total_spikes":30558,"final_train_acc":1,"2D Loss Contour":{"sha256":"856cd255d2b7f58f6fd5b8f25838527226e91c4ce191757cd8a50b62b8acf294","size":121944,"path":"media/images/2D Loss Contour_602_856cd255d2b7f58f6fd5.png","format":"png","width":1596,"height":1176,"_type":"image-file"},"train_loss":0.011246087029576302,"train_acc":1,"val_loss":0.01908157765865326,"val_total_spikes":30185,"final_test_acc":0.984375,"train_spikes_per_t":119.3671875,"_runtime":113.420506594,"_timestamp":1.7465672387182257e+09,"_step":602,"val_acc":1,"_wandb":{"runtime":113},"3D Loss Surface":{"size":354766,"path":"media/images/3D Loss Surface_601_e1491814b46c14227fda.png","format":"png","width":1548,"height":1266,"_type":"image-file","sha256":"e1491814b46c14227fda125bbde3854a694701f38849c2d65498c3940abbc3a4"}}