{"2D Loss Contour":{"_type":"image-file","sha256":"5db2b5e40977c77c86627b463c15b78b37fc42137eabf52503843a20ef2a3b64","size":132704,"path":"media/images/2D Loss Contour_602_5db2b5e40977c77c8662.png","format":"png","width":1596,"height":1176},"final_test_acc":0.78515625,"3D Loss Surface":{"_type":"image-file","sha256":"735191e67e0177cabe07d4ba4bac3803380324eafcfea8bb3101ef995a45cc44","size":384507,"path":"media/images/3D Loss Surface_601_735191e67e0177cabe07.png","format":"png","width":1522,"height":1266},"_timestamp":1.746651938051405e+09,"val_spikes_per_t":56.09765625,"_runtime":102.391269866,"train_total_spikes":14386,"final_val_acc":0.828125,"_wandb":{"runtime":102},"_step":602,"final_train_acc":0.93359375,"train_loss":0.18209774792194366,"val_total_spikes":14361,"train_acc":0.93359375,"train_spikes_per_t":56.1953125,"val_loss":0.44467660784721375,"val_acc":0.828125}