{"final_test_acc":0.85546875,"_wandb":{"runtime":57},"val_total_spikes":0,"2D Loss Contour":{"width":1596,"height":1176,"_type":"image-file","sha256":"2b6981cad25b26bfbac457bb011c67007928ef119e560a9780923dac8b89f8f4","size":122034,"path":"media/images/2D Loss Contour_602_2b6981cad25b26bfbac4.png","format":"png"},"_timestamp":1.7466067870420258e+09,"_runtime":57.211172255,"train_acc":1,"final_val_acc":0.80859375,"train_total_spikes":0,"final_train_acc":1,"val_loss":0.42694351077079773,"train_spikes_per_t":NaN,"val_spikes_per_t":NaN,"val_acc":0.80859375,"3D Loss Surface":{"_type":"image-file","sha256":"056a7375397735dbcaf7cb92e270e17579cdeb4ea9baf188a7d87b7da960486c","size":483200,"path":"media/images/3D Loss Surface_601_056a7375397735dbcaf7.png","format":"png","width":1548,"height":1266},"train_loss":0.009552842937409878,"_step":602}