{"_timestamp":1.7465654094677978e+09,"train_loss":0.0009742600959725678,"val_loss":0.038564566522836685,"train_spikes_per_t":70.81640625,"final_test_acc":0.99609375,"train_total_spikes":18129,"3D Loss Surface":{"format":"png","width":1548,"height":1266,"_type":"image-file","sha256":"db39358755412ad942042bfb17269864de7d36b518d4b3932fc6fd46833b4c4d","size":458750,"path":"media/images/3D Loss Surface_601_db39358755412ad94204.png"},"val_spikes_per_t":71.234375,"_step":602,"val_acc":0.98828125,"_runtime":114.192523854,"val_total_spikes":18236,"final_val_acc":0.98828125,"2D Loss Contour":{"format":"png","width":1649,"height":1176,"_type":"image-file","sha256":"4811856668dea97a594a628f305f37a344423ad6170ccfa37897bcbfe4306149","size":122376,"path":"media/images/2D Loss Contour_602_4811856668dea97a594a.png"},"train_acc":1,"_wandb":{"runtime":114},"final_train_acc":1}