{"val_total_spikes":20905,"_step":602,"_wandb":{"runtime":75},"_timestamp":1.7465952350891287e+09,"val_loss":0.020070837810635567,"final_test_acc":0.98046875,"2D Loss Contour":{"path":"media/images/2D Loss Contour_602_22fb0f77f59f7dbdac2e.png","format":"png","width":1649,"height":1176,"_type":"image-file","sha256":"22fb0f77f59f7dbdac2e0140acdd0e5ffce9913a9d0e0dbef02edf421db97d2b","size":151522},"3D Loss Surface":{"path":"media/images/3D Loss Surface_601_8cecb62100a0f3d1d373.png","format":"png","width":1575,"height":1266,"_type":"image-file","sha256":"8cecb62100a0f3d1d3736ed13107661a8cc9900301dda1473ea378f9c3a2b43d","size":421161},"final_val_acc":0.9921875,"val_acc":0.9921875,"train_total_spikes":20945,"train_spikes_per_t":81.81640625,"_runtime":75.530367255,"train_loss":0.0010383944027125835,"train_acc":1,"val_spikes_per_t":81.66015625,"final_train_acc":1}