{"2D Loss Contour":{"size":134539,"path":"media/images/2D Loss Contour_602_c2e26ddd5b375338427d.png","format":"png","width":1649,"height":1176,"_type":"image-file","sha256":"c2e26ddd5b375338427df9ab0c89e95908edfe35a35710d11c578cd2c6e7fb65"},"_wandb":{"runtime":75},"train_loss":0.0008615052793174982,"train_spikes_per_t":83.65625,"val_loss":0.017486397176980972,"train_total_spikes":21416,"val_acc":0.98828125,"val_total_spikes":21366,"_step":602,"final_train_acc":1,"final_val_acc":0.98828125,"3D Loss Surface":{"height":1266,"_type":"image-file","sha256":"063d6ebf3ba4014527f16ac6c9d300bbe0d42948e057955f937a44a7c4ab8772","size":373812,"path":"media/images/3D Loss Surface_601_063d6ebf3ba4014527f1.png","format":"png","width":1575},"train_acc":1,"_timestamp":1.7465877626750345e+09,"final_test_acc":0.9921875,"val_spikes_per_t":83.4609375,"_runtime":75.646626258}