{"3D Loss Surface":{"format":"png","width":1601,"height":1266,"_type":"image-file","sha256":"64f7d6e89272b631f34c6bf967ad96493f61c7f38e0edddd06e150796b0b75f7","size":511105,"path":"media/images/3D Loss Surface_601_64f7d6e89272b631f34c.png"},"val_total_spikes":0,"_runtime":31.931463311,"2D Loss Contour":{"width":1649,"height":1176,"_type":"image-file","sha256":"d39ca519a39aeece1c7aa3e57915176d7176d951b92c33744914fcd371fd9701","size":135858,"path":"media/images/2D Loss Contour_602_d39ca519a39aeece1c7a.png","format":"png"},"train_spikes_per_t":NaN,"val_spikes_per_t":NaN,"train_loss":0.000841863511595875,"_timestamp":1.7466089788103697e+09,"final_train_acc":1,"train_total_spikes":0,"val_loss":0.04847428575158119,"final_val_acc":0.9765625,"_step":602,"final_test_acc":0.96484375,"_wandb":{"runtime":31},"val_acc":0.9765625,"train_acc":1}