{"val_spikes_per_t":105.54296875,"_wandb":{"runtime":113},"_step":602,"final_val_acc":0.9921875,"_runtime":113.81234705,"train_total_spikes":26982,"val_acc":0.9921875,"_timestamp":1.74657182159901e+09,"val_total_spikes":27019,"3D Loss Surface":{"height":1266,"_type":"image-file","sha256":"919a826471748b77fdcb07a383ded43b5a52ef18698769cd615d370e58358c48","size":414979,"path":"media/images/3D Loss Surface_601_919a826471748b77fdcb.png","format":"png","width":1522},"final_train_acc":1,"final_test_acc":0.98046875,"2D Loss Contour":{"size":124597,"path":"media/images/2D Loss Contour_602_c679f10ae4aa7ab8cc6c.png","format":"png","width":1596,"height":1176,"_type":"image-file","sha256":"c679f10ae4aa7ab8cc6ca923d01292a6006fc9d282c88412f9cf64af2c1a2969"},"train_acc":1,"val_loss":0.029042024165391922,"train_loss":0.009653267450630665,"train_spikes_per_t":105.3984375}