{"_wandb":{"runtime":57},"train_total_spikes":0,"train_loss":0.006177462637424469,"2D Loss Contour":{"format":"png","width":1649,"height":1176,"_type":"image-file","sha256":"3d314d00ea075861db568f49e2506b7b882b97a26d5157aeceedeac9cd424278","size":132630,"path":"media/images/2D Loss Contour_602_3d314d00ea075861db56.png"},"val_total_spikes":0,"final_val_acc":0.81640625,"_timestamp":1.746598681613585e+09,"val_acc":0.81640625,"3D Loss Surface":{"_type":"image-file","sha256":"bd53cc5d7b9e7f769ed237a39997932150f39edb8dbfeca6f08456b99c64a55e","size":523343,"path":"media/images/3D Loss Surface_601_bd53cc5d7b9e7f769ed2.png","format":"png","width":1548,"height":1266},"train_acc":1,"final_test_acc":0.84765625,"_step":602,"final_train_acc":1,"_runtime":57.228646407,"val_loss":0.62430340051651,"val_spikes_per_t":NaN,"train_spikes_per_t":NaN}