{"train_total_spikes":23430,"val_total_spikes":23341,"final_val_acc":0.90625,"_runtime":75.857966297,"final_test_acc":0.9296875,"_timestamp":1.746595311587698e+09,"val_acc":0.90625,"_wandb":{"runtime":75},"train_spikes_per_t":91.5234375,"2D Loss Contour":{"_type":"image-file","sha256":"966bff58489ce7bdfb620071831e75a6c8f78b78f21828fd6fd15fe6bc9d0c00","size":124133,"path":"media/images/2D Loss Contour_602_966bff58489ce7bdfb62.png","format":"png","width":1622,"height":1176},"val_loss":0.22713366150856018,"_step":602,"val_spikes_per_t":91.17578125,"train_loss":0.022846639156341553,"final_train_acc":1,"train_acc":1,"3D Loss Surface":{"width":1522,"height":1266,"_type":"image-file","sha256":"760a416ebfaef7473527e4fd00613107d32460c5b93b87badf82a6eb38d4062e","size":372778,"path":"media/images/3D Loss Surface_601_760a416ebfaef7473527.png","format":"png"}}