{"_timestamp":1.7465782127090864e+09,"_wandb":{"runtime":114},"final_test_acc":0.98046875,"val_loss":0.026172393932938576,"_runtime":114.757932939,"val_acc":0.99609375,"final_train_acc":1,"val_spikes_per_t":83.3515625,"train_acc":1,"train_loss":0.005821347702294588,"3D Loss Surface":{"size":439690,"path":"media/images/3D Loss Surface_601_d9d4adccda043e07bb0c.png","format":"png","width":1575,"height":1266,"_type":"image-file","sha256":"d9d4adccda043e07bb0cea665ac31d86f3991c2c5372452967e4e810383fd961"},"2D Loss Contour":{"height":1176,"_type":"image-file","sha256":"0f7c5f04090e8aaa85b3bb3cb7baeba2a97b8c16ce5269ea8e3cba3a9b0c9bf6","size":118838,"path":"media/images/2D Loss Contour_602_0f7c5f04090e8aaa85b3.png","format":"png","width":1622},"train_total_spikes":21579,"_step":602,"train_spikes_per_t":84.29296875,"val_total_spikes":21338,"final_val_acc":0.99609375}