{"val_total_spikes":18088,"val_loss":0.022644037380814552,"3D Loss Surface":{"size":349605,"path":"media/images/3D Loss Surface_601_81902bd5a92a918fa83b.png","format":"png","width":1548,"height":1266,"_type":"image-file","sha256":"81902bd5a92a918fa83b36a05f0264ce7b3f9ad6f200e185e758778521abbdef"},"_wandb":{"runtime":75},"train_loss":0.0015582882333546877,"final_val_acc":0.9921875,"final_train_acc":1,"val_acc":0.9921875,"2D Loss Contour":{"path":"media/images/2D Loss Contour_602_42b50450d4ebc139392d.png","format":"png","width":1623,"height":1176,"_type":"image-file","sha256":"42b50450d4ebc139392df4fff7eb4a9837599e66538cdca3d380b76ef34f5f6c","size":131095},"train_total_spikes":18296,"_step":602,"_timestamp":1.7465825810705378e+09,"train_spikes_per_t":71.46875,"val_spikes_per_t":70.65625,"final_test_acc":0.984375,"_runtime":75.641225093,"train_acc":1}