{"final_test_acc":0.98046875,"2D Loss Contour":{"width":1622,"height":1176,"_type":"image-file","sha256":"a073ac8e0f479ed5050b59ad12a252342b8676218874ce2dd29d50150be11b8d","size":113391,"path":"media/images/2D Loss Contour_602_a073ac8e0f479ed5050b.png","format":"png"},"_wandb":{"runtime":113},"val_total_spikes":25512,"val_spikes_per_t":99.65625,"_runtime":113.450003469,"train_loss":0.004811119753867388,"val_loss":0.03326479345560074,"final_train_acc":1,"_step":602,"val_acc":0.98828125,"train_total_spikes":25689,"3D Loss Surface":{"path":"media/images/3D Loss Surface_601_16b1b708c3b71fd50f1d.png","format":"png","width":1548,"height":1266,"_type":"image-file","sha256":"16b1b708c3b71fd50f1d75f81402752fb72c5ce522a62c8ecfeffc7eb553c521","size":453571},"train_acc":1,"_timestamp":1.7465615304728315e+09,"train_spikes_per_t":100.34765625,"final_val_acc":0.98828125}