{"final_val_acc":0.9921875,"_wandb":{"runtime":75},"val_total_spikes":18122,"_timestamp":1.746594700880686e+09,"_runtime":75.445783347,"train_total_spikes":18188,"final_test_acc":0.9765625,"val_acc":0.9921875,"train_acc":1,"2D Loss Contour":{"_type":"image-file","sha256":"47ffe5f07eba34669eb651a42b3898ca4a91843f9b901f2357debc683513886f","size":138786,"path":"media/images/2D Loss Contour_602_47ffe5f07eba34669eb6.png","format":"png","width":1623,"height":1176},"val_loss":0.03239050880074501,"_step":602,"val_spikes_per_t":70.7890625,"train_loss":0.0010437031742185354,"train_spikes_per_t":71.046875,"final_train_acc":1,"3D Loss Surface":{"_type":"image-file","sha256":"f253aac18525039770267df905227abc0f902a47c4a0ce9174a26336e804c3ea","size":442385,"path":"media/images/3D Loss Surface_601_f253aac1852503977026.png","format":"png","width":1548,"height":1266}}