{"val_acc":0.9921875,"train_spikes_per_t":51.82421875,"2D Loss Contour":{"format":"png","width":1649,"height":1176,"_type":"image-file","sha256":"c49f8ead5b8bbdea7e169153e6dca15025997dd58dc07fbfaa8ff163f6f7b9f6","size":135305,"path":"media/images/2D Loss Contour_602_c49f8ead5b8bbdea7e16.png"},"_step":602,"_timestamp":1.746666960257609e+09,"val_spikes_per_t":51.578125,"final_test_acc":0.96484375,"3D Loss Surface":{"size":507319,"path":"media/images/3D Loss Surface_601_4a2a8e152ffd52371129.png","format":"png","width":1601,"height":1266,"_type":"image-file","sha256":"4a2a8e152ffd523711292dd8aaa02d508ca80abcd1c590e3dac7b0a4f1070a67"},"final_train_acc":1,"train_acc":1,"val_loss":0.023239772766828537,"_runtime":103.182761273,"val_total_spikes":13204,"train_loss":0.00016068447439465672,"final_val_acc":0.9921875,"_wandb":{"runtime":103},"train_total_spikes":13267}