{"final_train_acc":0.87890625,"3D Loss Surface":{"path":"media/images/3D Loss Surface_601_3323671190559e4de238.png","format":"png","width":1548,"height":1266,"_type":"image-file","sha256":"3323671190559e4de238335dba29f850d8dd96aaeb9b99c0c4b3e636372c62a1","size":388416},"train_spikes_per_t":NaN,"final_test_acc":0.7578125,"train_total_spikes":0,"final_val_acc":0.74609375,"_timestamp":1.7466091761482067e+09,"val_acc":0.74609375,"val_loss":0.702609121799469,"_wandb":{"runtime":32},"2D Loss Contour":{"path":"media/images/2D Loss Contour_602_a5754d1c51ae6c50bb2a.png","format":"png","width":1622,"height":1176,"_type":"image-file","sha256":"a5754d1c51ae6c50bb2a1c49a3230143ee2ee2d8fc6adf838c6d50b2cfef7917","size":133423},"val_total_spikes":0,"_runtime":32.388512124,"_step":602,"train_acc":0.87890625,"val_spikes_per_t":NaN,"train_loss":0.31593573093414307}