{"_step":602,"_timestamp":1.7466074224809158e+09,"val_loss":0.6218616366386414,"train_spikes_per_t":NaN,"train_total_spikes":0,"train_loss":0.010277400724589825,"train_acc":1,"3D Loss Surface":{"path":"media/images/3D Loss Surface_601_aa9d4ce833ae0971dfe8.png","format":"png","width":1575,"height":1266,"_type":"image-file","sha256":"aa9d4ce833ae0971dfe8f9a62f7a3836da0a0594a9bd616a0bd8a2a1816a7cd2","size":299177},"_wandb":{"runtime":57},"val_acc":0.8046875,"final_train_acc":1,"val_spikes_per_t":NaN,"final_val_acc":0.8046875,"val_total_spikes":0,"final_test_acc":0.8203125,"2D Loss Contour":{"format":"png","width":1623,"height":1176,"_type":"image-file","sha256":"f06d1d865d7519a04022307fbf15dc7d460fcc10e2b39c1dad5e00f783e7c0e3","size":132586,"path":"media/images/2D Loss Contour_602_f06d1d865d7519a04022.png"},"_runtime":57.505009397}