{"_step":602,"final_train_acc":0.62890625,"val_loss":3.154212713241577,"val_total_spikes":17770,"train_spikes_per_t":69.26171875,"final_val_acc":0.53125,"train_acc":0.62890625,"_timestamp":1.7466721409155445e+09,"train_total_spikes":17731,"val_spikes_per_t":69.4140625,"final_test_acc":0.52734375,"_runtime":91.382346873,"train_loss":2.249419689178467,"2D Loss Contour":{"sha256":"04e2fd436c46b849d7e2c866ee5949898ae135aeea3f9e33bcfa08dae8a3b2bf","size":141756,"path":"media/images/2D Loss Contour_602_04e2fd436c46b849d7e2.png","format":"png","width":1570,"height":1176,"_type":"image-file"},"val_acc":0.53125,"3D Loss Surface":{"format":"png","width":1495,"height":1266,"_type":"image-file","sha256":"1da4ab52c99e03b2d2c6697b58c6436afcaf00033e36838c158e21e20868fec9","size":430578,"path":"media/images/3D Loss Surface_601_1da4ab52c99e03b2d2c6.png"},"_wandb":{"runtime":91}}