{"_wandb":{"runtime":32},"val_spikes_per_t":NaN,"3D Loss Surface":{"format":"png","width":1575,"height":1266,"_type":"image-file","sha256":"181e40f7d64456c878c44e04582cdfdc0bebb80c1d3d63add37a6fc6ac1cc5c8","size":497704,"path":"media/images/3D Loss Surface_601_181e40f7d64456c878c4.png"},"val_total_spikes":0,"train_spikes_per_t":NaN,"final_val_acc":0.99609375,"val_loss":0.03631468117237091,"2D Loss Contour":{"size":154908,"path":"media/images/2D Loss Contour_602_5b7a45e731f208795886.png","format":"png","width":1649,"height":1176,"_type":"image-file","sha256":"5b7a45e731f20879588605e26bb708c800166186c892283a1a4cd19088938792"},"_step":602,"final_test_acc":0.9609375,"val_acc":0.99609375,"train_total_spikes":0,"final_train_acc":1,"_runtime":32.08574535,"train_loss":0.0009949954692274332,"_timestamp":1.7466137351098185e+09,"train_acc":1}