{"val_loss":0.05216612666845322,"_timestamp":1.7466099648136115e+09,"train_acc":1,"train_total_spikes":0,"2D Loss Contour":{"width":1649,"height":1176,"_type":"image-file","sha256":"55a3401c77bf6da1ef240877c5382210a3b9eb53629254ffbf5accfa7dc45066","size":135081,"path":"media/images/2D Loss Contour_602_55a3401c77bf6da1ef24.png","format":"png"},"train_spikes_per_t":NaN,"_step":602,"_runtime":32.307037956,"val_total_spikes":0,"3D Loss Surface":{"height":1266,"_type":"image-file","sha256":"29e7e746ad1c33daa89e00a6c4c491d84a8b77e6013b4e08fc214fba08d7ac03","size":530800,"path":"media/images/3D Loss Surface_601_29e7e746ad1c33daa89e.png","format":"png","width":1575},"train_loss":0.0011441775131970644,"val_acc":0.98046875,"val_spikes_per_t":NaN,"final_test_acc":0.96484375,"final_train_acc":1,"_wandb":{"runtime":32},"final_val_acc":0.98046875}