{"final_test_acc":0.96484375,"_wandb":{"runtime":32},"train_loss":0.0006603334913961589,"val_acc":0.96484375,"train_acc":1,"_step":602,"train_total_spikes":0,"val_loss":0.08868995308876038,"_runtime":32.121212351,"2D Loss Contour":{"_type":"image-file","sha256":"d6a851f454f64331ea14320fbc67e318067118684a7ec2fddbfebcbd14a50d37","size":145668,"path":"media/images/2D Loss Contour_602_d6a851f454f64331ea14.png","format":"png","width":1649,"height":1176},"_timestamp":1.7466088145812604e+09,"val_total_spikes":0,"final_val_acc":0.96484375,"final_train_acc":1,"train_spikes_per_t":NaN,"3D Loss Surface":{"height":1266,"_type":"image-file","sha256":"0e2c52bff49dd36c2bbac2f2976bfc3bd534ea4f6f766c53a6ac9b2e0172167c","size":527824,"path":"media/images/3D Loss Surface_601_0e2c52bff49dd36c2bba.png","format":"png","width":1575},"val_spikes_per_t":NaN}