{"_step":602,"val_total_spikes":0,"train_loss":0.0009244155371561646,"2D Loss Contour":{"height":1176,"_type":"image-file","sha256":"a98bb89997609d6ff57b04ba1dbd4870118bbfaf2545dbccc8afb32896f8bb62","size":144056,"path":"media/images/2D Loss Contour_602_a98bb89997609d6ff57b.png","format":"png","width":1649},"final_test_acc":0.9609375,"train_total_spikes":0,"val_acc":1,"train_spikes_per_t":NaN,"final_train_acc":1,"train_acc":1,"_timestamp":1.7466113106836066e+09,"_runtime":32.195613059,"final_val_acc":1,"val_loss":0.029458550736308098,"_wandb":{"runtime":32},"val_spikes_per_t":NaN,"3D Loss Surface":{"sha256":"3184d8ae4859f52b9c33ad694eb50e04f449d1084c53cf701b160c002288344b","size":500752,"path":"media/images/3D Loss Surface_601_3184d8ae4859f52b9c33.png","format":"png","width":1575,"height":1266,"_type":"image-file"}}