{"2D Loss Contour":{"sha256":"8e9923e26f53fc9b084a8307cfe1371bf88823f4f4da8341eaf052eaafff8ce2","size":118357,"path":"media/images/2D Loss Contour_602_8e9923e26f53fc9b084a.png","format":"png","width":1622,"height":1176,"_type":"image-file"},"_timestamp":1.7465850946314802e+09,"val_total_spikes":18638,"train_spikes_per_t":72.51953125,"final_train_acc":1,"train_total_spikes":18565,"val_acc":0.96484375,"3D Loss Surface":{"path":"media/images/3D Loss Surface_601_c5fafd24ad1ceb1f39c5.png","format":"png","width":1548,"height":1266,"_type":"image-file","sha256":"c5fafd24ad1ceb1f39c535dba0b8f1b8a736cd93c11895568905242ab2479c4b","size":463416},"train_acc":1,"val_spikes_per_t":72.8046875,"val_loss":0.11172005534172058,"final_val_acc":0.96484375,"_wandb":{"runtime":75},"train_loss":0.0020959454122930765,"_runtime":75.802135211,"_step":602,"final_test_acc":0.96484375}