{
  "model_name": "SNN",
  "recurrent_setting": true,
  "optimizer": "SGD",
  "l1_upper": 1,
  "v1_upper": 6,
  "l2_upper": 1,
  "v2_upper": 3,
  "learning_rate": 0.12482293880659195,
  "momentum": 0.03559232827434394,
  "best_val_acc": 0.9296875
}