{"final_test_acc":0.91015625,"_wandb":{"runtime":173},"final_val_acc":0.91015625,"_step":602,"train_loss":0.01122763380408287,"val_loss":0.24635730683803558,"val_total_spikes":7610,"train_acc":1,"_runtime":173.454264577,"final_train_acc":1,"train_total_spikes":7732,"val_acc":0.91015625,"3D Loss Surface":{"path":"media/images/3D Loss Surface_601_94d01383d814d33374ab.png","format":"png","width":1548,"height":1266,"_type":"image-file","sha256":"94d01383d814d33374ab900cbf8437267129075295ead2584e57e8f904fa9477","size":524938},"train_spikes_per_t":30.203125,"val_spikes_per_t":29.7265625,"2D Loss Contour":{"sha256":"d6dc3775d8eedebc1095227bca83d2a9a45836fee64319ec746355ae95e06449","size":124127,"path":"media/images/2D Loss Contour_602_d6dc3775d8eedebc1095.png","format":"png","width":1623,"height":1176,"_type":"image-file"},"_timestamp":1.746625919162108e+09}