{
  "model_name": "SNN",
  "recurrent_setting": true,
  "optimizer": "SGD",
  "l1_upper": 1,
  "v1_upper": 2,
  "l2_upper": 1,
  "v2_upper": 1,
  "learning_rate": 0.043178541878156056,
  "momentum": 0.37599776668203044,
  "best_val_acc": 0.99609375
}