{"final_train_acc":1,"train_acc":1,"2D Loss Contour":{"format":"png","width":1622,"height":1176,"_type":"image-file","sha256":"113fab705d50e1226024334364e94819de2d27ec841f3fe50cebd2c97e1d4a28","size":129231,"path":"media/images/2D Loss Contour_602_113fab705d50e1226024.png"},"train_total_spikes":11753,"3D Loss Surface":{"format":"png","width":1575,"height":1266,"_type":"image-file","sha256":"6ff11bf5ee3f899262ba8214088533086317d32ce782fdcee8a3b2f87198417c","size":503032,"path":"media/images/3D Loss Surface_601_6ff11bf5ee3f899262ba.png"},"_wandb":{"runtime":102},"val_total_spikes":11670,"val_acc":0.98046875,"val_spikes_per_t":45.5859375,"final_val_acc":0.98046875,"_step":602,"train_spikes_per_t":45.91015625,"_runtime":102.671241607,"val_loss":0.054370857775211334,"final_test_acc":0.9609375,"train_loss":0.0001049110505846329,"_timestamp":1.7466512165341017e+09}