{"_timestamp":1.7466640488001366e+09,"train_loss":0.18053792417049408,"val_total_spikes":12466,"_wandb":{"runtime":157},"final_train_acc":0.93359375,"val_spikes_per_t":48.6953125,"val_acc":0.71484375,"3D Loss Surface":{"size":441214,"path":"media/images/3D Loss Surface_601_21e4b895eec041e3af64.png","format":"png","width":1522,"height":1266,"_type":"image-file","sha256":"21e4b895eec041e3af641fef0b111deea7c9f1f85a87b7b8fa5b682b78186ab2"},"val_loss":0.7070069909095764,"_step":602,"train_total_spikes":12308,"final_val_acc":0.71484375,"_runtime":157.108958975,"final_test_acc":0.703125,"2D Loss Contour":{"path":"media/images/2D Loss Contour_602_45beab89ff86ca453ed0.png","format":"png","width":1596,"height":1176,"_type":"image-file","sha256":"45beab89ff86ca453ed011b91fa22134f9e7e82d7a071f53a3acb614bc10d0d0","size":140199},"train_spikes_per_t":48.078125,"train_acc":0.93359375}