{"val_loss":0.05836806446313858,"_step":602,"_timestamp":1.746623658491227e+09,"2D Loss Contour":{"size":157827,"path":"media/images/2D Loss Contour_602_31f7c617e4fe5cb93cf6.png","format":"png","width":1649,"height":1176,"_type":"image-file","sha256":"31f7c617e4fe5cb93cf6c091f94f1e79fc8ae7213103af93e70b18a78af391c9"},"3D Loss Surface":{"format":"png","width":1575,"height":1266,"_type":"image-file","sha256":"f8228e94375ad542a72652e30f59e0654ba64cbb43162754db5b53c738977711","size":359596,"path":"media/images/3D Loss Surface_601_f8228e94375ad542a726.png"},"val_total_spikes":6895,"train_total_spikes":6952,"train_loss":0.01312064379453659,"train_acc":1,"final_val_acc":0.98046875,"final_test_acc":0.9921875,"val_spikes_per_t":26.93359375,"train_spikes_per_t":27.15625,"final_train_acc":1,"_wandb":{"runtime":172},"_runtime":172.39129978,"val_acc":0.98046875}