{"val_total_spikes":18026,"val_spikes_per_t":70.4140625,"_runtime":75.520707483,"train_loss":0.001203065039590001,"val_loss":0.03789219260215759,"final_val_acc":0.984375,"val_acc":0.984375,"_step":602,"2D Loss Contour":{"path":"media/images/2D Loss Contour_602_1677e18fab898da78e03.png","format":"png","width":1622,"height":1176,"_type":"image-file","sha256":"1677e18fab898da78e035cfd1c50def3d605976fc3c4070ca3874cb1a480e28d","size":139832},"_timestamp":1.7465819715635865e+09,"_wandb":{"runtime":75},"train_total_spikes":18017,"final_test_acc":0.98046875,"train_acc":1,"3D Loss Surface":{"_type":"image-file","sha256":"81c1ed1c538e07fa26f3acab37128ce58c2316389ebfb9d2284e1ec710341590","size":365665,"path":"media/images/3D Loss Surface_601_81c1ed1c538e07fa26f3.png","format":"png","width":1548,"height":1266},"train_spikes_per_t":70.37890625,"final_train_acc":1}