{"2D Loss Contour":{"size":134541,"path":"media/images/2D Loss Contour_602_e7309a433c72af3a7fb6.png","format":"png","width":1649,"height":1176,"_type":"image-file","sha256":"e7309a433c72af3a7fb6b37ae51def0239b82766507c8b9c37e97324e8079e02"},"_runtime":32.230919384,"val_acc":0.9921875,"train_acc":1,"final_val_acc":0.9921875,"_timestamp":1.7466111465060003e+09,"val_loss":0.03650803864002228,"val_spikes_per_t":NaN,"train_spikes_per_t":NaN,"_wandb":{"runtime":32},"final_test_acc":0.95703125,"final_train_acc":1,"_step":602,"3D Loss Surface":{"height":1266,"_type":"image-file","sha256":"7d7a513b6094da9c59b9d1bb61400b54497eefe31674cfed797e0e7da993fa95","size":513733,"path":"media/images/3D Loss Surface_601_7d7a513b6094da9c59b9.png","format":"png","width":1601},"val_total_spikes":0,"train_loss":0.0008532310021109879,"train_total_spikes":0}