{"train_spikes_per_t":NaN,"val_spikes_per_t":NaN,"final_val_acc":0.9765625,"3D Loss Surface":{"_type":"image-file","sha256":"c6b05e52a0b2b5e98eaf3f7f9755bfcca3b525b1b2107bf12f008f9d90cfc0e3","size":438921,"path":"media/images/3D Loss Surface_601_c6b05e52a0b2b5e98eaf.png","format":"png","width":1575,"height":1266},"_step":602,"train_acc":1,"val_loss":0.05553680658340454,"_timestamp":1.7466087158540843e+09,"_runtime":32.106196335,"train_total_spikes":0,"val_acc":0.9765625,"final_train_acc":1,"final_test_acc":0.97265625,"2D Loss Contour":{"height":1176,"_type":"image-file","sha256":"476bd6a27ba52db3ff9ca46b32137db1c4b1e0467c31183b1ba20fc55cc2f766","size":133123,"path":"media/images/2D Loss Contour_602_476bd6a27ba52db3ff9c.png","format":"png","width":1649},"_wandb":{"runtime":32},"train_loss":0.0011510730255395174,"val_total_spikes":0}