{"_timestamp":1.746585475920083e+09,"train_loss":0.002141306409612298,"train_acc":1,"_wandb":{"runtime":75},"3D Loss Surface":{"format":"png","width":1548,"height":1266,"_type":"image-file","sha256":"92a639a023502d902c92e0136293733fb2675db79a4406544092eb02810c7f78","size":314823,"path":"media/images/3D Loss Surface_601_92a639a023502d902c92.png"},"val_loss":0.05830395221710205,"final_val_acc":0.984375,"val_spikes_per_t":79.26171875,"train_total_spikes":20512,"val_acc":0.984375,"train_spikes_per_t":80.125,"final_train_acc":1,"2D Loss Contour":{"_type":"image-file","sha256":"276022a98d4ef5540a5225e747a20ccc537767f103b95a29f82831d73410d881","size":149208,"path":"media/images/2D Loss Contour_602_276022a98d4ef5540a52.png","format":"png","width":1649,"height":1176},"val_total_spikes":20291,"final_test_acc":0.984375,"_runtime":75.434853469,"_step":602}