{"val_acc":0.9453125,"val_spikes_per_t":32.14453125,"train_acc":0.99609375,"train_loss":0.04338015243411064,"final_train_acc":0.99609375,"val_loss":0.14830046892166138,"_wandb":{"runtime":172},"2D Loss Contour":{"sha256":"2ad33b5e4c4ee55b3ab1f6af75fb34c27ac69c1585ef929c2f4627a4e2de27c4","size":110502,"path":"media/images/2D Loss Contour_602_2ad33b5e4c4ee55b3ab1.png","format":"png","width":1596,"height":1176,"_type":"image-file"},"final_val_acc":0.9453125,"3D Loss Surface":{"_type":"image-file","sha256":"0e84c364227716ecc7989522f14ccf49865e424cad2fd0c84a12106e7aef5557","size":488325,"path":"media/images/3D Loss Surface_601_0e84c364227716ecc798.png","format":"png","width":1522,"height":1266},"train_spikes_per_t":32.25,"final_test_acc":0.9453125,"val_total_spikes":8229,"_runtime":172.329395633,"train_total_spikes":8256,"_timestamp":1.746620369011032e+09,"_step":602}