{"train_total_spikes":15007,"_wandb":{"runtime":102},"val_acc":0.99609375,"train_loss":0.00020391680300235748,"final_train_acc":1,"3D Loss Surface":{"path":"media/images/3D Loss Surface_601_e2fb4bf065d4fbcd640b.png","format":"png","width":1601,"height":1266,"_type":"image-file","sha256":"e2fb4bf065d4fbcd640b6e0adf9065337420adbdbc04444af030eedbc120664a","size":436063},"final_val_acc":0.99609375,"val_spikes_per_t":59.10546875,"val_total_spikes":15131,"final_test_acc":0.98828125,"val_loss":0.015560535714030266,"train_spikes_per_t":58.62109375,"_runtime":102.927580431,"_step":602,"_timestamp":1.7466555870317712e+09,"2D Loss Contour":{"height":1176,"_type":"image-file","sha256":"afe8110a545d759d3c4edd2b531014da58d1c8f8834f14fb959d7559fe745d46","size":150798,"path":"media/images/2D Loss Contour_602_afe8110a545d759d3c4e.png","format":"png","width":1649},"train_acc":1}