{"train_acc":1,"_step":602,"train_spikes_per_t":65.97265625,"3D Loss Surface":{"width":1575,"height":1266,"_type":"image-file","sha256":"7776f9abf8dcd24b9d65b96be252bd5ff371f10795ebb1571291a4e6b0019e97","size":318263,"path":"media/images/3D Loss Surface_601_7776f9abf8dcd24b9d65.png","format":"png"},"_timestamp":1.7465940153676596e+09,"val_acc":0.9921875,"final_val_acc":0.9921875,"val_total_spikes":16688,"train_total_spikes":16889,"final_test_acc":0.96484375,"_runtime":75.438820869,"_wandb":{"runtime":75},"final_train_acc":1,"train_loss":0.0005261335172690451,"val_loss":0.05085225775837898,"2D Loss Contour":{"width":1649,"height":1176,"_type":"image-file","sha256":"211202e57b45f40dc1b926970aaf7e3a434fc54a95f51eaca616c102da85a8d0","size":137220,"path":"media/images/2D Loss Contour_602_211202e57b45f40dc1b9.png","format":"png"},"val_spikes_per_t":65.1875}