{"_wandb":{"runtime":32},"train_spikes_per_t":NaN,"final_val_acc":0.88671875,"3D Loss Surface":{"width":1575,"height":1266,"_type":"image-file","sha256":"08b55dce75f890f8a6fafec55c7ccac179465bfc593b639b798f42c8a4d77889","size":340394,"path":"media/images/3D Loss Surface_601_08b55dce75f890f8a6fa.png","format":"png"},"train_total_spikes":0,"_step":602,"_timestamp":1.746607761442944e+09,"train_loss":0.3177182674407959,"train_acc":0.984375,"val_loss":0.5354882478713989,"val_spikes_per_t":NaN,"val_total_spikes":0,"2D Loss Contour":{"size":126245,"path":"media/images/2D Loss Contour_602_585c14ef0d295a357853.png","format":"png","width":1623,"height":1176,"_type":"image-file","sha256":"585c14ef0d295a357853c4725a150811f2b0e64fb402ededd0ae017196c4f1a4"},"_runtime":32.388182167,"final_train_acc":0.984375,"val_acc":0.88671875,"final_test_acc":0.85546875}