{"train_loss":0.12189527601003647,"3D Loss Surface":{"_type":"image-file","sha256":"35b6df8dddad2eb79a0a1b7f91ef7ac3964fa26394eae4624aef912cb3f6dc15","size":419336,"path":"media/images/3D Loss Surface_601_35b6df8dddad2eb79a0a.png","format":"png","width":1548,"height":1266},"val_acc":0.734375,"_timestamp":1.7466777804865909e+09,"final_train_acc":0.96484375,"_runtime":160.872413376,"val_total_spikes":2803,"final_val_acc":0.734375,"train_acc":0.96484375,"val_spikes_per_t":10.94921875,"_wandb":{"runtime":160},"2D Loss Contour":{"path":"media/images/2D Loss Contour_602_1512345b214efef2de57.png","format":"png","width":1622,"height":1176,"_type":"image-file","sha256":"1512345b214efef2de574cf10e81da5df097f936d7e3c4992e59f7036fa25b2b","size":144019},"_step":602,"val_loss":0.8144919872283936,"train_total_spikes":2832,"train_spikes_per_t":11.0625,"final_test_acc":0.7890625}