{"2D Loss Contour":{"_type":"image-file","sha256":"406700aa1b1b3166d009f7fd165d791c7e49487cef4467110305f7597b4524d5","size":142683,"path":"media/images/2D Loss Contour_602_406700aa1b1b3166d009.png","format":"png","width":1622,"height":1176},"val_loss":0.020787551999092102,"_runtime":102.954872111,"_timestamp":1.7466666498450322e+09,"_step":602,"final_test_acc":0.9921875,"train_acc":1,"final_train_acc":1,"_wandb":{"runtime":102},"val_spikes_per_t":61.75390625,"val_total_spikes":15809,"train_spikes_per_t":62.29296875,"val_acc":0.9921875,"final_val_acc":0.9921875,"train_total_spikes":15947,"3D Loss Surface":{"height":1266,"_type":"image-file","sha256":"3a8b962e516490a56919ad316a020bdc617d5b5d5826d28aa680008ee8a80837","size":483419,"path":"media/images/3D Loss Surface_601_3a8b962e516490a56919.png","format":"png","width":1575},"train_loss":0.00018716632621362805}