{"val_spikes_per_t":69.81640625,"val_loss":0.024972183629870415,"train_spikes_per_t":70.1875,"_wandb":{"runtime":75},"2D Loss Contour":{"width":1622,"height":1176,"_type":"image-file","sha256":"5df2a5e93a78c7337869a4efa7c16bed7255e1789c67f7bb11ba145118463bed","size":148406,"path":"media/images/2D Loss Contour_602_5df2a5e93a78c7337869.png","format":"png"},"val_acc":0.98828125,"_runtime":75.14391921,"final_train_acc":1,"_timestamp":1.7465831891485662e+09,"val_total_spikes":17873,"train_total_spikes":17968,"_step":602,"final_test_acc":0.9765625,"final_val_acc":0.98828125,"train_loss":0.00020194242824800313,"train_acc":1,"3D Loss Surface":{"sha256":"d911c38379268d23752cb2fac6eab1f77de862ae56947dbd0d91c650fdb337c2","size":350374,"path":"media/images/3D Loss Surface_601_d911c38379268d23752c.png","format":"png","width":1548,"height":1266,"_type":"image-file"}}