{"final_test_acc":0.98046875,"train_loss":0.0002454339119140059,"train_total_spikes":15074,"3D Loss Surface":{"path":"media/images/3D Loss Surface_601_3bb610bae2a0adbf9be4.png","format":"png","width":1575,"height":1266,"_type":"image-file","sha256":"3bb610bae2a0adbf9be49788ed01372b1af028356055ec47788b1a1964827b47","size":479659},"train_spikes_per_t":58.8828125,"final_val_acc":0.984375,"_runtime":102.82856776,"val_acc":0.984375,"train_acc":1,"final_train_acc":1,"val_spikes_per_t":58.9921875,"_step":602,"val_total_spikes":15102,"2D Loss Contour":{"sha256":"aecd39749abdaa594d3e44fc1f85540c7c00858bcb7363eccc8d7781176ac6f0","size":129393,"path":"media/images/2D Loss Contour_602_aecd39749abdaa594d3e.png","format":"png","width":1622,"height":1176,"_type":"image-file"},"_timestamp":1.7466693466555815e+09,"_wandb":{"runtime":102},"val_loss":0.04262460768222809}