{"2D Loss Contour":{"height":1176,"_type":"image-file","sha256":"f06ebe2375c41390f3de4bac1691b0933a77d93831ecec48406a7c215042c4ac","size":115496,"path":"media/images/2D Loss Contour_602_f06ebe2375c41390f3de.png","format":"png","width":1649},"train_spikes_per_t":NaN,"final_train_acc":1,"train_total_spikes":0,"val_loss":0.05322815105319023,"final_test_acc":0.97265625,"_runtime":32.319744593,"_timestamp":1.746608451896303e+09,"_wandb":{"runtime":32},"val_spikes_per_t":NaN,"train_acc":1,"train_loss":0.0013092863373458385,"val_total_spikes":0,"val_acc":0.98046875,"3D Loss Surface":{"height":1266,"_type":"image-file","sha256":"aa0a1bf963b60ac7ed0919bba7cb912db2dccc5fe524c01d2c32bf40cd23121e","size":500414,"path":"media/images/3D Loss Surface_601_aa0a1bf963b60ac7ed09.png","format":"png","width":1601},"_step":602,"final_val_acc":0.98046875}