{"val_spikes_per_t":NaN,"_wandb":{"runtime":31},"final_train_acc":1,"val_total_spikes":0,"_timestamp":1.7466102276136675e+09,"train_total_spikes":0,"_step":602,"final_test_acc":0.9609375,"train_acc":1,"2D Loss Contour":{"format":"png","width":1622,"height":1176,"_type":"image-file","sha256":"9fa02b77045e32972e3db7801f5ee1781b32118879b237e723b8398cdca2d72c","size":133663,"path":"media/images/2D Loss Contour_602_9fa02b77045e32972e3d.png"},"_runtime":31.987035204,"val_loss":0.03881438076496124,"train_spikes_per_t":NaN,"final_val_acc":0.984375,"3D Loss Surface":{"format":"png","width":1575,"height":1266,"_type":"image-file","sha256":"8dddd0289ea469d5825951f74669f8118863abe986ec09a357d1344777ccdf58","size":500095,"path":"media/images/3D Loss Surface_601_8dddd0289ea469d58259.png"},"val_acc":0.984375,"train_loss":0.000620891572907567}