{"_step":602,"_wandb":{"runtime":168},"train_total_spikes":9435,"val_total_spikes":9491,"_runtime":168.468822761,"val_acc":0.8046875,"2D Loss Contour":{"sha256":"e87c9b7015463339d6c22ef45a7a511375e3a046680138c576cb5b007cb03c37","size":153424,"path":"media/images/2D Loss Contour_602_e87c9b7015463339d6c2.png","format":"png","width":1622,"height":1176,"_type":"image-file"},"train_acc":0.9921875,"val_loss":0.5137900114059448,"train_spikes_per_t":36.85546875,"train_loss":0.05348912253975868,"3D Loss Surface":{"width":1575,"height":1266,"_type":"image-file","sha256":"e663d673ad9f831e93272b79fde718cbfe4eef82e9099553a235f5813d30300b","size":476404,"path":"media/images/3D Loss Surface_601_e663d673ad9f831e9327.png","format":"png"},"_timestamp":1.7466595937318978e+09,"final_val_acc":0.8046875,"final_train_acc":0.9921875,"final_test_acc":0.79296875,"val_spikes_per_t":37.07421875}