{"_timestamp":1.7466549668616166e+09,"train_acc":1,"val_acc":0.98828125,"val_loss":0.03596629947423935,"train_spikes_per_t":51.625,"_wandb":{"runtime":103},"_runtime":103.101785325,"train_loss":0.0002124997990904376,"final_train_acc":1,"train_total_spikes":13216,"2D Loss Contour":{"sha256":"78c09722ababda0df89cd8c4ca621efb3a23e9e390a92d3482b4c3f62d1d1d05","size":124297,"path":"media/images/2D Loss Contour_602_78c09722ababda0df89c.png","format":"png","width":1649,"height":1176,"_type":"image-file"},"_step":602,"val_total_spikes":13346,"val_spikes_per_t":52.1328125,"final_val_acc":0.98828125,"final_test_acc":0.984375,"3D Loss Surface":{"width":1548,"height":1266,"_type":"image-file","sha256":"6d96db69bab61efeaa006fdca9a8943b244593e8130b243b65fb620b5dea518f","size":399066,"path":"media/images/3D Loss Surface_601_6d96db69bab61efeaa00.png","format":"png"}}