{"val_loss":0.2310408353805542,"val_spikes_per_t":16.1953125,"_runtime":161.656345692,"_step":602,"val_acc":0.89453125,"3D Loss Surface":{"width":1548,"height":1266,"_type":"image-file","sha256":"315cc889abae823f386e7d0619189cfa623d5944d24bec57b27d1a60bb74a0b7","size":507818,"path":"media/images/3D Loss Surface_601_315cc889abae823f386e.png","format":"png"},"train_total_spikes":3985,"train_spikes_per_t":15.56640625,"train_loss":0.01631070114672184,"2D Loss Contour":{"path":"media/images/2D Loss Contour_602_f9a78ae2545486c14bef.png","format":"png","width":1622,"height":1176,"_type":"image-file","sha256":"f9a78ae2545486c14bef8f3afa3946723a6efc3e57dd673bc09aef4e7362cd60","size":120814},"val_total_spikes":4146,"final_test_acc":0.90625,"train_acc":0.99609375,"_timestamp":1.7466800459444675e+09,"final_train_acc":0.99609375,"_wandb":{"runtime":161},"final_val_acc":0.89453125}