{"val_acc":1,"train_loss":0.0008874557679519057,"3D Loss Surface":{"height":1266,"_type":"image-file","sha256":"f50bec7a273a7cd245aa97b14ecb8feaaaa5e90c1e138e49cdcdcb8d9f09b68f","size":508496,"path":"media/images/3D Loss Surface_601_f50bec7a273a7cd245aa.png","format":"png","width":1575},"train_total_spikes":0,"train_spikes_per_t":NaN,"final_test_acc":0.9609375,"train_acc":1,"val_spikes_per_t":NaN,"_step":602,"final_train_acc":1,"_timestamp":1.746613668722428e+09,"_wandb":{"runtime":31},"val_total_spikes":0,"_runtime":31.57075522,"final_val_acc":1,"2D Loss Contour":{"format":"png","width":1649,"height":1176,"_type":"image-file","sha256":"d0a6421956152a63561202c76133fe941e72516fcb5ad33d9cb3eb711eb5bd2d","size":139636,"path":"media/images/2D Loss Contour_602_d0a6421956152a635612.png"},"val_loss":0.028573183342814445}