{"final_test_acc":0.9609375,"train_spikes_per_t":NaN,"_runtime":32.240156041,"2D Loss Contour":{"width":1649,"height":1176,"_type":"image-file","sha256":"2446ff3d11dfe980e30bbc7a56d238b71fdad2142dbad0dccbce9b754476b6ad","size":147573,"path":"media/images/2D Loss Contour_602_2446ff3d11dfe980e30b.png","format":"png"},"val_spikes_per_t":NaN,"_timestamp":1.7466121637948418e+09,"train_total_spikes":0,"3D Loss Surface":{"size":518726,"path":"media/images/3D Loss Surface_601_18e633a2d486481d589c.png","format":"png","width":1574,"height":1266,"_type":"image-file","sha256":"18e633a2d486481d589cd951beeb4ce96cf45d35f968e8e6306dcb68f7ac5944"},"final_train_acc":1,"train_loss":0.001174764707684517,"_wandb":{"runtime":32},"val_loss":0.05249117687344551,"_step":602,"val_acc":0.98046875,"final_val_acc":0.98046875,"val_total_spikes":0,"train_acc":1}