{"val_total_spikes":27845,"_timestamp":1.7465618714715831e+09,"2D Loss Contour":{"sha256":"eaecc3c0ae4dab9fbe771942810e6476cd90ad1d2cc292f84f8941d9f98ee976","size":128718,"path":"media/images/2D Loss Contour_602_eaecc3c0ae4dab9fbe77.png","format":"png","width":1596,"height":1176,"_type":"image-file"},"_step":602,"3D Loss Surface":{"width":1522,"height":1266,"_type":"image-file","sha256":"19d8414d8ee96acafa126baa897773c4c6cc2805b16348109c72ef5f17e8357f","size":410159,"path":"media/images/3D Loss Surface_601_19d8414d8ee96acafa12.png","format":"png"},"train_total_spikes":27682,"val_loss":0.09100016206502914,"train_loss":0.03773515671491623,"_wandb":{"runtime":113},"val_acc":0.95703125,"final_test_acc":0.953125,"train_spikes_per_t":108.1328125,"val_spikes_per_t":108.76953125,"train_acc":0.9921875,"final_val_acc":0.95703125,"final_train_acc":0.9921875,"_runtime":113.275568311}