{"_timestamp":1.7466640603808806e+09,"train_loss":0.0002793522144202143,"val_acc":0.9921875,"_wandb":{"runtime":102},"final_test_acc":0.98046875,"3D Loss Surface":{"width":1575,"height":1266,"_type":"image-file","sha256":"f7b2a6978029bdee37f53c44f16fc8dd0252e301d594764fe02f76b7bbac1bba","size":456587,"path":"media/images/3D Loss Surface_601_f7b2a6978029bdee37f5.png","format":"png"},"2D Loss Contour":{"height":1176,"_type":"image-file","sha256":"ddd0e1f258a71070200cb0666890cd62b9fa522ef7fb7a9f414082f7946cb46d","size":151299,"path":"media/images/2D Loss Contour_602_ddd0e1f258a71070200c.png","format":"png","width":1649},"final_val_acc":0.9921875,"val_spikes_per_t":55.765625,"train_spikes_per_t":55.29296875,"val_total_spikes":14276,"final_train_acc":1,"_step":602,"train_total_spikes":14155,"_runtime":102.361266836,"val_loss":0.01702927052974701,"train_acc":1}