{"train_spikes_per_t":54.12890625,"final_test_acc":0.99609375,"_timestamp":1.746652144061966e+09,"_step":602,"3D Loss Surface":{"height":1266,"_type":"image-file","sha256":"82bad97ca5258a4c2dc9521ba476bac0e4f73684fde807c16a4e0e6e541418b1","size":516519,"path":"media/images/3D Loss Surface_601_82bad97ca5258a4c2dc9.png","format":"png","width":1575},"val_acc":0.98046875,"_runtime":102.356885241,"_wandb":{"runtime":102},"2D Loss Contour":{"path":"media/images/2D Loss Contour_602_af1839b00452887cb8fa.png","format":"png","width":1649,"height":1176,"_type":"image-file","sha256":"af1839b00452887cb8fa2c9a2560b9d3434cf8cfa583df92547ffc74404aad6d","size":134431},"val_total_spikes":13789,"train_loss":0.0028968779370188713,"final_train_acc":0.99609375,"val_spikes_per_t":53.86328125,"train_total_spikes":13857,"train_acc":0.99609375,"final_val_acc":0.98046875,"val_loss":0.04103289917111397}