{"_timestamp":1.7466106868260179e+09,"val_total_spikes":0,"final_train_acc":1,"_wandb":{"runtime":32},"train_total_spikes":0,"_runtime":32.069134455,"val_loss":0.04813501238822937,"final_test_acc":0.96484375,"train_loss":0.001114788232371211,"_step":602,"3D Loss Surface":{"size":523676,"path":"media/images/3D Loss Surface_601_8e6dc5ec60bccd50e0d0.png","format":"png","width":1575,"height":1266,"_type":"image-file","sha256":"8e6dc5ec60bccd50e0d0981f2ff13bf30a0b76b104ba81fe81b7077817974da6"},"train_spikes_per_t":NaN,"train_acc":1,"val_spikes_per_t":NaN,"final_val_acc":0.98046875,"val_acc":0.98046875,"2D Loss Contour":{"height":1176,"_type":"image-file","sha256":"5673693d58b49c48973d79a2b64a1f5138ae2be8c9c5937004207e541b55483f","size":135872,"path":"media/images/2D Loss Contour_602_5673693d58b49c48973d.png","format":"png","width":1649}}