{"final_val_acc":0.5078125,"train_loss":7.484675407409668,"_wandb":{"runtime":47},"2D Loss Contour":{"width":1543,"height":1176,"_type":"image-file","sha256":"7b4f46d27abc4f5e71c2f03e6e104881b4837b8e25c33f78da5ce1c158c97fb7","size":115516,"path":"media/images/2D Loss Contour_602_7b4f46d27abc4f5e71c2.png","format":"png"},"val_spikes_per_t":66.55859375,"3D Loss Surface":{"format":"png","width":1495,"height":1266,"_type":"image-file","sha256":"0af57f4e63f4cf39e7ec080256851e7afe935dbfb7ce904b2b406dad91bddb34","size":306623,"path":"media/images/3D Loss Surface_601_0af57f4e63f4cf39e7ec.png"},"_runtime":47.8259787,"train_spikes_per_t":65.4375,"train_acc":0.51171875,"final_train_acc":0.51171875,"_step":602,"final_test_acc":0.48046875,"val_loss":7.690505504608154,"_timestamp":1.74666941278014e+09,"val_acc":0.5078125,"val_total_spikes":17039,"train_total_spikes":16752}