{"val_total_spikes":0,"2D Loss Contour":{"_type":"image-file","sha256":"4f35593db6f6eb868a2a3fad4e7244a1921ee3f8964b3027987898b1cd297b8c","size":146119,"path":"media/images/2D Loss Contour_602_4f35593db6f6eb868a2a.png","format":"png","width":1623,"height":1176},"3D Loss Surface":{"path":"media/images/3D Loss Surface_601_b7aff699142722eb5766.png","format":"png","width":1548,"height":1266,"_type":"image-file","sha256":"b7aff699142722eb576652abebd18e0d7ce4f0223a037c08c6d31fc01189578f","size":409986},"val_loss":0.7771223783493042,"train_loss":0.005102628376334906,"train_spikes_per_t":NaN,"final_test_acc":0.7734375,"final_train_acc":1,"final_val_acc":0.75,"_timestamp":1.7466560709525664e+09,"val_spikes_per_t":NaN,"_step":602,"_wandb":{"runtime":56},"_runtime":56.988228941,"train_acc":1,"train_total_spikes":0,"val_acc":0.75}