{"_runtime":32.075706238,"train_total_spikes":0,"train_spikes_per_t":NaN,"train_acc":1,"3D Loss Surface":{"width":1575,"height":1266,"_type":"image-file","sha256":"8b34ca769d09153b8cd83c76962fc65ebeab807b13d07122958a49d5d3851edc","size":456494,"path":"media/images/3D Loss Surface_601_8b34ca769d09153b8cd8.png","format":"png"},"val_loss":0.034004341810941696,"val_acc":0.99609375,"final_val_acc":0.99609375,"final_train_acc":1,"_timestamp":1.7466091105029647e+09,"train_loss":0.0009547571535222232,"val_total_spikes":0,"val_spikes_per_t":NaN,"final_test_acc":0.96875,"_step":602,"2D Loss Contour":{"sha256":"e70cc9b2bc5139e39b02728d4c13675f29799ae0de1d79a7a8e57ce7a23f21c2","size":159943,"path":"media/images/2D Loss Contour_602_e70cc9b2bc5139e39b02.png","format":"png","width":1649,"height":1176,"_type":"image-file"},"_wandb":{"runtime":32}}