{"train_total_spikes":1255,"3D Loss Surface":{"_type":"image-file","sha256":"2e09fc527cb23ad2cd6a003262698dd7be2795a43b97d02786700a4c94ff3e8e","size":489698,"path":"media/images/3D Loss Surface_601_2e09fc527cb23ad2cd6a.png","format":"png","width":1522,"height":1266},"final_train_acc":0.86328125,"_wandb":{"runtime":47},"_step":602,"val_spikes_per_t":4.86328125,"final_test_acc":0.71484375,"val_loss":0.6749410033226013,"train_acc":0.86328125,"final_val_acc":0.765625,"2D Loss Contour":{"sha256":"aaab70ace52f4c2480ed0a42f0ad8d7bd57189a254dfcfbe815f3588fd6de82a","size":113327,"path":"media/images/2D Loss Contour_602_aaab70ace52f4c2480ed.png","format":"png","width":1596,"height":1176,"_type":"image-file"},"train_spikes_per_t":4.90234375,"_timestamp":1.7466693158827686e+09,"_runtime":47.32692627,"val_acc":0.765625,"val_total_spikes":1245,"train_loss":0.21618328988552094}