{"final_train_acc":1,"val_loss":0.022417452186346054,"final_val_acc":0.98828125,"train_spikes_per_t":66.23828125,"train_acc":1,"final_test_acc":0.984375,"val_total_spikes":16867,"2D Loss Contour":{"height":1176,"_type":"image-file","sha256":"eb5c29641781149f6118fb88d6b22107da2fbc1ba38ce39d20a3113cd1084e17","size":113183,"path":"media/images/2D Loss Contour_602_eb5c29641781149f6118.png","format":"png","width":1622},"val_acc":0.98828125,"_runtime":75.686085784,"train_total_spikes":16957,"3D Loss Surface":{"size":373840,"path":"media/images/3D Loss Surface_601_22a036042629f7a95d25.png","format":"png","width":1548,"height":1266,"_type":"image-file","sha256":"22a036042629f7a95d259d57cc12ac3348f1dafae202a4b94b07f9f7283eaebd"},"_wandb":{"runtime":75},"train_loss":0.0008933692006394267,"_timestamp":1.746581667607855e+09,"val_spikes_per_t":65.88671875,"_step":602}