{"final_val_acc":0.95703125,"_step":602,"_wandb":{"runtime":172},"final_train_acc":1,"_runtime":172.580933376,"val_loss":0.11978409439325333,"3D Loss Surface":{"format":"png","width":1548,"height":1266,"_type":"image-file","sha256":"77978225802251abd2808a4d8ec0a932016f613e2b9283634d087e1c651663b6","size":437995,"path":"media/images/3D Loss Surface_601_77978225802251abd280.png"},"final_test_acc":0.94140625,"val_spikes_per_t":25.984375,"val_acc":0.95703125,"_timestamp":1.7466429296190321e+09,"train_spikes_per_t":26.34765625,"2D Loss Contour":{"path":"media/images/2D Loss Contour_602_e78d452493f952ac9117.png","format":"png","width":1649,"height":1176,"_type":"image-file","sha256":"e78d452493f952ac9117379ee5e69a6dc3b17a6339e581106d61a792c9387eee","size":138157},"train_acc":1,"train_loss":0.005256298929452896,"train_total_spikes":6745,"val_total_spikes":6652}