{"_wandb":{"runtime":115},"train_acc":1,"_timestamp":1.7465798249255362e+09,"2D Loss Contour":{"sha256":"6829ebf18fdcb7f561ed7520e0635ff107946c763bcb45446a574458df4732cd","size":116908,"path":"media/images/2D Loss Contour_602_6829ebf18fdcb7f561ed.png","format":"png","width":1623,"height":1176,"_type":"image-file"},"val_acc":1,"train_total_spikes":29815,"final_val_acc":1,"val_loss":0.004145046696066856,"val_spikes_per_t":115.24609375,"3D Loss Surface":{"size":449323,"path":"media/images/3D Loss Surface_601_7527c4f6931d118ec44a.png","format":"png","width":1548,"height":1266,"_type":"image-file","sha256":"7527c4f6931d118ec44a707342c4b2f5d457b1bdf57753e2c73ce40e44b64799"},"final_train_acc":1,"val_total_spikes":29503,"_step":602,"_runtime":115.569321633,"train_spikes_per_t":116.46484375,"train_loss":0.0029167071916162968,"final_test_acc":0.9921875}