{"train_spikes_per_t":NaN,"val_total_spikes":0,"_step":602,"_timestamp":1.7466567057593133e+09,"_runtime":31.545313724,"val_acc":0.44140625,"val_loss":2.0130503177642822,"train_acc":0.55859375,"train_total_spikes":0,"final_val_acc":0.44140625,"3D Loss Surface":{"width":1548,"height":1266,"_type":"image-file","sha256":"9e23776f36f51381e8f8b102cf51562e55326a6e09e134eeb93cd8f07007a272","size":411460,"path":"media/images/3D Loss Surface_601_9e23776f36f51381e8f8.png","format":"png"},"val_spikes_per_t":NaN,"train_loss":1.65915846824646,"_wandb":{"runtime":31},"final_train_acc":0.55859375,"final_test_acc":0.5,"2D Loss Contour":{"path":"media/images/2D Loss Contour_602_e5fedd2616c9dd405d56.png","format":"png","width":1596,"height":1176,"_type":"image-file","sha256":"e5fedd2616c9dd405d5691c7b3a3f8e9a7cbe317d268797aad089276dc316772","size":127071}}