{"val_acc":0.6171875,"val_spikes_per_t":NaN,"_timestamp":1.7466019221366692e+09,"_runtime":56.631796241,"train_acc":0.66796875,"_step":602,"3D Loss Surface":{"_type":"image-file","sha256":"2582b35623820e7d4411489015df4f311e19b8077179ceb8e41f9fabaac3320c","size":503699,"path":"media/images/3D Loss Surface_601_2582b35623820e7d4411.png","format":"png","width":1548,"height":1266},"train_spikes_per_t":NaN,"2D Loss Contour":{"size":121484,"path":"media/images/2D Loss Contour_602_34c37d3f216b3a4716bd.png","format":"png","width":1622,"height":1176,"_type":"image-file","sha256":"34c37d3f216b3a4716bd1eb8f9e70b0f227c2ec5f5633862fdb43e5b9026063d"},"train_total_spikes":0,"val_loss":0.7053545713424683,"final_train_acc":0.66796875,"train_loss":0.572614312171936,"final_test_acc":0.59765625,"final_val_acc":0.6171875,"_wandb":{"runtime":56},"val_total_spikes":0}