{"final_train_acc":1,"2D Loss Contour":{"path":"media/images/2D Loss Contour_602_41a70d5b55cb88cbfef1.png","format":"png","width":1622,"height":1176,"_type":"image-file","sha256":"41a70d5b55cb88cbfef1348284657969800f30d8d54006ea437f209757f5038c","size":122043},"val_loss":0.02864053100347519,"train_spikes_per_t":88.74609375,"_step":602,"val_spikes_per_t":89.1484375,"val_acc":1,"3D Loss Surface":{"_type":"image-file","sha256":"2258d8dd2cb2e074d9e8ae1976cb174138dba9f7fec03f4ded80a7607ac09765","size":493502,"path":"media/images/3D Loss Surface_601_2258d8dd2cb2e074d9e8.png","format":"png","width":1575,"height":1266},"_wandb":{"runtime":113},"val_total_spikes":22822,"train_loss":0.007952899672091007,"final_val_acc":1,"_runtime":113.291265366,"train_acc":1,"train_total_spikes":22719,"final_test_acc":0.96875,"_timestamp":1.746564151301713e+09}