{"val_acc":0.9375,"train_acc":1,"_step":602,"final_test_acc":0.92578125,"_wandb":{"runtime":161},"final_val_acc":0.9375,"final_train_acc":1,"2D Loss Contour":{"format":"png","width":1622,"height":1176,"_type":"image-file","sha256":"fab850bd76481f84576ececb9e716b657b56cb58978ccb7f3392dc101dfe9822","size":113022,"path":"media/images/2D Loss Contour_602_fab850bd76481f84576e.png"},"train_spikes_per_t":16.4609375,"val_total_spikes":4188,"val_loss":0.21429546177387238,"_runtime":161.633298711,"train_loss":0.008784506469964981,"3D Loss Surface":{"format":"png","width":1575,"height":1266,"_type":"image-file","sha256":"ba23f07c4a537a3f4babec25f6d89d8406d650a4b7852bb3df083b03622e411a","size":466834,"path":"media/images/3D Loss Surface_601_ba23f07c4a537a3f4bab.png"},"_timestamp":1.7466847424432397e+09,"train_total_spikes":4214,"val_spikes_per_t":16.359375}