{"final_val_acc":0.75390625,"_step":602,"_runtime":57.401196869,"train_spikes_per_t":NaN,"val_acc":0.75390625,"_timestamp":1.7466066710678823e+09,"val_total_spikes":0,"final_train_acc":1,"_wandb":{"runtime":57},"train_loss":0.0105219641700387,"2D Loss Contour":{"_type":"image-file","sha256":"7aa16ed01d95f1524aed16ad2479ff2e124408247de165e9ffce92a680459c66","size":132070,"path":"media/images/2D Loss Contour_602_7aa16ed01d95f1524aed.png","format":"png","width":1596,"height":1176},"val_spikes_per_t":NaN,"train_total_spikes":0,"val_loss":0.6376351714134216,"train_acc":1,"final_test_acc":0.76171875,"3D Loss Surface":{"format":"png","width":1548,"height":1266,"_type":"image-file","sha256":"9e5768ca95ed20fbb266eaa26311aff97ed1a6587f5199e58b3ee4b9bfe8b29e","size":482533,"path":"media/images/3D Loss Surface_601_9e5768ca95ed20fbb266.png"}}