{"final_val_acc":0.9921875,"train_acc":1,"val_spikes_per_t":98.0703125,"_timestamp":1.7465682681618054e+09,"train_spikes_per_t":97.73828125,"_step":602,"_wandb":{"runtime":113},"val_total_spikes":25106,"final_test_acc":0.98828125,"train_loss":0.0037224774714559317,"_runtime":113.909552612,"train_total_spikes":25021,"val_acc":0.9921875,"final_train_acc":1,"2D Loss Contour":{"_type":"image-file","sha256":"77e0014bd38f38a275a547bf8f5e9b8cde5ecd40b2b41cc5c1c87e18887f64dc","size":113087,"path":"media/images/2D Loss Contour_602_77e0014bd38f38a275a5.png","format":"png","width":1623,"height":1176},"3D Loss Surface":{"_type":"image-file","sha256":"dfaf9315124dcf137204e655387d417472de85ce1e62ce2735cb5c88bd65d1ac","size":414052,"path":"media/images/3D Loss Surface_601_dfaf9315124dcf137204.png","format":"png","width":1548,"height":1266},"val_loss":0.03185016289353371}