{"val_acc":0.9453125,"final_val_acc":0.9453125,"train_loss":0.017885887995362282,"val_loss":0.1487283706665039,"3D Loss Surface":{"height":1266,"_type":"image-file","sha256":"8a2299416a00c5c213dedc1102a487520e9a0d24bbffff98b7fa410ff7df98f6","size":416755,"path":"media/images/3D Loss Surface_601_8a2299416a00c5c213de.png","format":"png","width":1548},"train_spikes_per_t":6.41796875,"final_train_acc":0.99609375,"train_total_spikes":1643,"val_total_spikes":1735,"2D Loss Contour":{"width":1622,"height":1176,"_type":"image-file","sha256":"330371cb223e41fce3b4d80250a3368b4898ec50d3e5b2f904fcdf5f06f81df8","size":107367,"path":"media/images/2D Loss Contour_602_330371cb223e41fce3b4.png","format":"png"},"_step":602,"_timestamp":1.7466967701527658e+09,"_wandb":{"runtime":161},"val_spikes_per_t":6.77734375,"train_acc":0.99609375,"_runtime":161.517651171,"final_test_acc":0.92578125}