{"val_spikes_per_t":NaN,"final_test_acc":0.96484375,"_wandb":{"runtime":32},"3D Loss Surface":{"height":1266,"_type":"image-file","sha256":"ba9a19fdf0e6706c60bf0c963b32061869aaacfa16c1643cbcfd53d0dc70e3a6","size":514043,"path":"media/images/3D Loss Surface_601_ba9a19fdf0e6706c60bf.png","format":"png","width":1575},"val_total_spikes":0,"val_loss":0.03514663875102997,"train_loss":0.0009717855718918145,"train_total_spikes":0,"val_acc":0.99609375,"final_val_acc":0.99609375,"final_train_acc":1,"_runtime":32.66810209,"2D Loss Contour":{"path":"media/images/2D Loss Contour_602_975920af428ee5251b71.png","format":"png","width":1649,"height":1176,"_type":"image-file","sha256":"975920af428ee5251b71c161ee34ea6e425a4cb555f0e8e6f785338c98290386","size":147034},"_timestamp":1.7466122951529186e+09,"train_spikes_per_t":NaN,"_step":602,"train_acc":1}