{"2D Loss Contour":{"height":1176,"_type":"image-file","sha256":"69ba716044019c5b0844e309ee8da1a782e42b793ab8c7dde7443dad8582e82d","size":147739,"path":"media/images/2D Loss Contour_602_69ba716044019c5b0844.png","format":"png","width":1596},"val_total_spikes":0,"val_loss":0.7159613370895386,"val_spikes_per_t":NaN,"_timestamp":1.7465985076082892e+09,"final_val_acc":0.546875,"3D Loss Surface":{"height":1266,"_type":"image-file","sha256":"d0c0aff4abcb96d5bcf56fccf19db8f7c7be45430349d8c85bb8041a01df04a5","size":395871,"path":"media/images/3D Loss Surface_601_d0c0aff4abcb96d5bcf5.png","format":"png","width":1522},"train_loss":0.5683416128158569,"_runtime":57.493833909,"train_acc":0.71484375,"train_spikes_per_t":NaN,"train_total_spikes":0,"final_train_acc":0.71484375,"final_test_acc":0.54296875,"val_acc":0.546875,"_wandb":{"runtime":57},"_step":602}