{"final_val_acc":0.9765625,"train_spikes_per_t":69.00390625,"val_spikes_per_t":68.828125,"final_train_acc":1,"2D Loss Contour":{"path":"media/images/2D Loss Contour_602_14714939220431d899b8.png","format":"png","width":1622,"height":1176,"_type":"image-file","sha256":"14714939220431d899b885f7feb601096f9c7ae271126ede0c48a9af5ee5ceae","size":123303},"_step":602,"_wandb":{"runtime":102},"train_total_spikes":17665,"final_test_acc":0.98046875,"_timestamp":1.746664164805511e+09,"_runtime":102.908748548,"val_total_spikes":17620,"3D Loss Surface":{"width":1548,"height":1266,"_type":"image-file","sha256":"a46dcc62d8968074b85e98a3f7bf88049bc6c7decf882c237a8cdbd36eee7d9e","size":452009,"path":"media/images/3D Loss Surface_601_a46dcc62d8968074b85e.png","format":"png"},"val_acc":0.9765625,"train_acc":1,"train_loss":0.0003044330806005746,"val_loss":0.0678967610001564}