{"final_val_acc":0.9765625,"final_train_acc":1,"train_loss":0.00025530325365252793,"val_loss":0.07862246781587601,"val_spikes_per_t":47.83203125,"3D Loss Surface":{"size":410778,"path":"media/images/3D Loss Surface_601_0df42fc4e7fc17af7b83.png","format":"png","width":1601,"height":1266,"_type":"image-file","sha256":"0df42fc4e7fc17af7b83d2ccd78fdcc6d37aab31624a2a91e501330ac679ae22"},"train_spikes_per_t":47.71484375,"train_total_spikes":12215,"_runtime":102.477931918,"train_acc":1,"final_test_acc":0.97265625,"val_total_spikes":12245,"val_acc":0.9765625,"_step":602,"2D Loss Contour":{"format":"png","width":1649,"height":1176,"_type":"image-file","sha256":"86912e45549b02b13eec3b8f11762a150b5573fc9aaa89c62cdba4b5d37f02c0","size":148718,"path":"media/images/2D Loss Contour_602_86912e45549b02b13eec.png"},"_wandb":{"runtime":102},"_timestamp":1.7466624073303058e+09}