{"_step":602,"train_acc":1,"val_spikes_per_t":33.51171875,"_wandb":{"runtime":172},"final_test_acc":0.87890625,"train_total_spikes":8711,"val_loss":0.35731151700019836,"3D Loss Surface":{"format":"png","width":1548,"height":1266,"_type":"image-file","sha256":"a020022452ef7947cac3f05e58022c2d70c22434a320a1bf15a3467320f36399","size":499941,"path":"media/images/3D Loss Surface_601_a020022452ef7947cac3.png"},"_runtime":172.641471666,"_timestamp":1.7466370315160873e+09,"val_total_spikes":8579,"train_loss":0.01220619771629572,"val_acc":0.85546875,"final_val_acc":0.85546875,"final_train_acc":1,"2D Loss Contour":{"height":1176,"_type":"image-file","sha256":"67e6132c92954ffa4cb63b31cf78b83f8e2a4613bf2bb6fab9d304035d6465d3","size":140882,"path":"media/images/2D Loss Contour_602_67e6132c92954ffa4cb6.png","format":"png","width":1623},"train_spikes_per_t":34.02734375}