{"val_total_spikes":0,"_step":602,"train_acc":1,"final_train_acc":1,"train_total_spikes":0,"final_val_acc":1,"_timestamp":1.7466103583989677e+09,"3D Loss Surface":{"format":"png","width":1575,"height":1266,"_type":"image-file","sha256":"6939b8c230c5fb410f79cd6d9b4527ed5afd220d76538aba8763240bb5b8ff9e","size":506482,"path":"media/images/3D Loss Surface_601_6939b8c230c5fb410f79.png"},"val_acc":1,"val_loss":0.02881111204624176,"val_spikes_per_t":NaN,"train_loss":0.000890529016032815,"final_test_acc":0.9609375,"_runtime":31.85169992,"_wandb":{"runtime":31},"2D Loss Contour":{"sha256":"889ed8deaf47940f27140c6da26d41149605ba04ce9e38e8604f6504999f195d","size":146613,"path":"media/images/2D Loss Contour_602_889ed8deaf47940f2714.png","format":"png","width":1649,"height":1176,"_type":"image-file"},"train_spikes_per_t":NaN}