{"train_loss":0.7979004979133606,"val_loss":0.8966205716133118,"final_val_acc":0.56640625,"final_test_acc":0.5078125,"final_train_acc":0.53125,"val_spikes_per_t":89.3515625,"_wandb":{"runtime":86},"train_total_spikes":22583,"_runtime":86.651514717,"_timestamp":1.7466754279225767e+09,"val_total_spikes":22874,"_step":602,"val_acc":0.56640625,"train_spikes_per_t":88.21484375,"train_acc":0.53125,"3D Loss Surface":{"path":"media/images/3D Loss Surface_601_37eb0b158f4dbfbb1d3f.png","format":"png","width":1522,"height":1266,"_type":"image-file","sha256":"37eb0b158f4dbfbb1d3f6c94584441d1d7be658fbb068e2999794cf0640d9473","size":445906},"2D Loss Contour":{"sha256":"9ff521ab2eefd6fa5ab66e16a7eb5dbe01565d9f6af8b725efa56d35cb67b553","size":129881,"path":"media/images/2D Loss Contour_602_9ff521ab2eefd6fa5ab6.png","format":"png","width":1570,"height":1176,"_type":"image-file"}}