{"val_loss":0.4168545603752136,"_runtime":120.844380209,"2D Loss Contour":{"width":1569,"height":1176,"_type":"image-file","sha256":"53d9d862bd0ea24ca6050661919c8e73bb90c8cad2ed7afaccc69998a3d2e0c0","size":111008,"path":"media/images/2D Loss Contour_602_53d9d862bd0ea24ca605.png","format":"png"},"_step":602,"final_test_acc":0.81640625,"_timestamp":1.7464806184588923e+09,"val_spikes_per_t":56.02734375,"train_acc":0.97265625,"val_acc":0.828125,"final_val_acc":0.828125,"3D Loss Surface":{"_type":"image-file","sha256":"509d788cb6f45cf6246977cea04db30cd73eff829a9d2d776b2514c57fe61631","size":493421,"path":"media/images/3D Loss Surface_601_509d788cb6f45cf62469.png","format":"png","width":1522,"height":1266},"train_loss":0.14230284094810486,"_wandb":{"runtime":120},"train_spikes_per_t":56.20703125,"val_total_spikes":14343,"train_total_spikes":14389,"final_train_acc":0.97265625}