{"val_total_spikes":18955,"_step":602,"final_val_acc":0.84375,"train_spikes_per_t":76.16796875,"val_loss":0.45296844840049744,"_wandb":{"runtime":172},"val_spikes_per_t":74.04296875,"final_test_acc":0.84375,"train_total_spikes":19499,"train_loss":0.03999841958284378,"train_acc":1,"2D Loss Contour":{"height":1176,"_type":"image-file","sha256":"fb1181b10a4607a013ff1c92bee6d2e70f420172ce371dcd4810c8fcfeff8894","size":111635,"path":"media/images/2D Loss Contour_602_fb1181b10a4607a013ff.png","format":"png","width":1596},"_timestamp":1.7466320033751612e+09,"_runtime":172.265848156,"3D Loss Surface":{"sha256":"7c17f765c3e58eacba59682b7790f0f7a8ff7b1a1bc77e568ef943baabe8e821","size":419787,"path":"media/images/3D Loss Surface_601_7c17f765c3e58eacba59.png","format":"png","width":1522,"height":1266,"_type":"image-file"},"final_train_acc":1,"val_acc":0.84375}