{"final_train_acc":0.69140625,"val_spikes_per_t":NaN,"train_acc":0.69140625,"final_test_acc":0.54296875,"_timestamp":1.746605108885952e+09,"val_acc":0.56640625,"val_loss":0.782031238079071,"2D Loss Contour":{"_type":"image-file","sha256":"be61ff9bf1f9db518c5f0f65ae4268c2bec338931e6e1f74e1e24086d315c5b4","size":139465,"path":"media/images/2D Loss Contour_602_be61ff9bf1f9db518c5f.png","format":"png","width":1596,"height":1176},"3D Loss Surface":{"path":"media/images/3D Loss Surface_601_6e0c4836b6add60f88c9.png","format":"png","width":1522,"height":1266,"_type":"image-file","sha256":"6e0c4836b6add60f88c9a62428c2d281bc60e27fc215f353c3d0f9024a308fad","size":431784},"final_val_acc":0.56640625,"_runtime":58.384695395,"train_spikes_per_t":NaN,"train_total_spikes":0,"train_loss":0.566910445690155,"_wandb":{"runtime":58},"val_total_spikes":0,"_step":602}