{"_runtime":32.195765883,"_timestamp":1.7466081556440842e+09,"final_test_acc":0.97265625,"train_total_spikes":0,"_wandb":{"runtime":32},"_step":602,"val_loss":0.05413022264838219,"train_acc":1,"final_val_acc":0.9765625,"val_spikes_per_t":NaN,"train_loss":0.0013084657257422805,"val_total_spikes":0,"val_acc":0.9765625,"2D Loss Contour":{"height":1176,"_type":"image-file","sha256":"52328c20b7ff2bce768f045e385c27a2da4fd7a072ada5ac11df5bd938254f64","size":127021,"path":"media/images/2D Loss Contour_602_52328c20b7ff2bce768f.png","format":"png","width":1649},"final_train_acc":1,"3D Loss Surface":{"size":430228,"path":"media/images/3D Loss Surface_601_e223dc0298ef3de9f52d.png","format":"png","width":1575,"height":1266,"_type":"image-file","sha256":"e223dc0298ef3de9f52d6cb1e064003f394f9520dbe3eabefefe0fb925076fe2"},"train_spikes_per_t":NaN}