{"val_spikes_per_t":NaN,"train_spikes_per_t":NaN,"_step":602,"final_val_acc":0.875,"val_acc":0.875,"_runtime":57.016135685,"train_acc":1,"train_total_spikes":0,"val_total_spikes":0,"final_train_acc":1,"train_loss":0.004247927572578192,"final_test_acc":0.85546875,"_wandb":{"runtime":57},"_timestamp":1.7466007659666374e+09,"3D Loss Surface":{"_type":"image-file","sha256":"788dc3b5406e9b855c8b622ebfa9a26bbdd9ebdfa958fd9fd4b4b194f1d81aaa","size":430083,"path":"media/images/3D Loss Surface_601_788dc3b5406e9b855c8b.png","format":"png","width":1548,"height":1266},"2D Loss Contour":{"format":"png","width":1649,"height":1176,"_type":"image-file","sha256":"437aca1d98d756bb541fde4c01b8a7f281bdb06afc78a24680853970d295bf6e","size":146736,"path":"media/images/2D Loss Contour_602_437aca1d98d756bb541f.png"},"val_loss":0.3856769800186157}