{"train_spikes_per_t":58.15625,"train_acc":1,"final_val_acc":0.9765625,"_timestamp":1.7466612710805004e+09,"val_acc":0.9765625,"_wandb":{"runtime":102},"val_spikes_per_t":58.2421875,"train_total_spikes":14888,"3D Loss Surface":{"size":465745,"path":"media/images/3D Loss Surface_601_d0469b1f4c8606b1e193.png","format":"png","width":1575,"height":1266,"_type":"image-file","sha256":"d0469b1f4c8606b1e193d588f516eaeca75a10c42944475a0f9cd42b43aa5135"},"final_test_acc":0.9765625,"train_loss":0.0002709166146814823,"val_loss":0.046279631555080414,"final_train_acc":1,"_runtime":102.779134366,"_step":602,"2D Loss Contour":{"height":1176,"_type":"image-file","sha256":"0cb69417e54834baf03e6ed97e50d387d28892ffbfc609408d7d62a89b4c5700","size":127591,"path":"media/images/2D Loss Contour_602_0cb69417e54834baf03e.png","format":"png","width":1622},"val_total_spikes":14910}