{"2D Loss Contour":{"width":1596,"height":1176,"_type":"image-file","sha256":"bec0d5e532ff632c4b16136a7dcc75fde5b6cda541ab022b2f6249256c825b14","size":149481,"path":"media/images/2D Loss Contour_602_bec0d5e532ff632c4b16.png","format":"png"},"val_total_spikes":0,"_wandb":{"runtime":57},"_timestamp":1.746602966791487e+09,"train_spikes_per_t":NaN,"val_spikes_per_t":NaN,"final_test_acc":0.875,"_runtime":57.449744242,"val_loss":0.33640193939208984,"train_acc":1,"train_loss":0.01085754856467247,"val_acc":0.875,"final_train_acc":1,"3D Loss Surface":{"size":463365,"path":"media/images/3D Loss Surface_601_202dc4eb82387e4a4d66.png","format":"png","width":1522,"height":1266,"_type":"image-file","sha256":"202dc4eb82387e4a4d666cb901ba28569b770f8eff059323cac93a40b6da0258"},"_step":602,"train_total_spikes":0,"final_val_acc":0.875}