{"train_total_spikes":15206,"_runtime":102.71204131,"val_loss":0.006930900737643242,"final_val_acc":1,"train_loss":0.00024691782891750336,"_timestamp":1.7466553804903977e+09,"final_test_acc":0.98046875,"2D Loss Contour":{"_type":"image-file","sha256":"ea8afb7989b994140d37a9e6d6538103591660e04acbda3d4a9c372629e85fa4","size":127846,"path":"media/images/2D Loss Contour_602_ea8afb7989b994140d37.png","format":"png","width":1623,"height":1176},"train_spikes_per_t":59.3984375,"3D Loss Surface":{"format":"png","width":1548,"height":1266,"_type":"image-file","sha256":"51ae7d25774862b59751859de0b8fc6600d10d38c317d4a9d75ac41512c9dd64","size":413236,"path":"media/images/3D Loss Surface_601_51ae7d25774862b59751.png"},"_step":602,"val_acc":1,"val_spikes_per_t":59.92578125,"train_acc":1,"final_train_acc":1,"_wandb":{"runtime":102},"val_total_spikes":15341}