{"val_spikes_per_t":14.046875,"val_loss":0.14324460923671722,"val_acc":0.94921875,"final_test_acc":0.8984375,"_step":602,"final_train_acc":1,"train_total_spikes":3340,"_runtime":161.231749817,"_timestamp":1.7466866910464852e+09,"3D Loss Surface":{"format":"png","width":1548,"height":1266,"_type":"image-file","sha256":"8a65145647175104ca134c4b81d6c61624bcf0f56e21eb45b2a9063b43cfcd71","size":429308,"path":"media/images/3D Loss Surface_601_8a65145647175104ca13.png"},"train_spikes_per_t":13.046875,"2D Loss Contour":{"height":1176,"_type":"image-file","sha256":"1371be7359c6e86191c8160b02cfcd6628f1106461ba3b024203e0dc71b78534","size":161741,"path":"media/images/2D Loss Contour_602_1371be7359c6e86191c8.png","format":"png","width":1649},"train_loss":0.0130481431260705,"train_acc":1,"val_total_spikes":3596,"final_val_acc":0.94921875,"_wandb":{"runtime":161}}