{"final_test_acc":0.69140625,"_runtime":56.914500726,"val_acc":0.69921875,"_step":602,"final_train_acc":1,"final_val_acc":0.69921875,"_wandb":{"runtime":56},"val_total_spikes":0,"train_total_spikes":0,"train_acc":1,"val_loss":0.9920719265937805,"train_spikes_per_t":NaN,"_timestamp":1.7465998395580413e+09,"val_spikes_per_t":NaN,"3D Loss Surface":{"height":1266,"_type":"image-file","sha256":"7d8d20686dd59f5e31813f6f163a306bd45ca2d279d33d0df6de280e8a71c105","size":302419,"path":"media/images/3D Loss Surface_601_7d8d20686dd59f5e3181.png","format":"png","width":1522},"train_loss":0.00693464744836092,"2D Loss Contour":{"size":98213,"path":"media/images/2D Loss Contour_602_caae8a039ded45874be0.png","format":"png","width":1596,"height":1176,"_type":"image-file","sha256":"caae8a039ded45874be0f8edfe4c8fd146d20834f3038ca84904cdc8c40c74c1"}}