{"_step":602,"final_test_acc":0.48046875,"val_spikes_per_t":152.8359375,"final_train_acc":0.51953125,"_runtime":113.879753543,"_timestamp":1.7465665532201824e+09,"train_loss":0.5550152659416199,"final_val_acc":0.5,"train_total_spikes":39342,"2D Loss Contour":{"format":"png","width":1675,"height":1176,"_type":"image-file","sha256":"919bb5671f84a1c06489ae587ceee3fad4a09bf59538522d1b336a27f2c0c7d1","size":163036,"path":"media/images/2D Loss Contour_602_919bb5671f84a1c06489.png"},"_wandb":{"runtime":113},"3D Loss Surface":{"width":1575,"height":1266,"_type":"image-file","sha256":"cd63368c6a18ff53f9181497cedea196257c0b888ee3b92e3b2f5ef914a1278f","size":309480,"path":"media/images/3D Loss Surface_601_cd63368c6a18ff53f918.png","format":"png"},"val_total_spikes":39126,"val_acc":0.5,"train_acc":0.51953125,"train_spikes_per_t":153.6796875,"val_loss":0.6173037886619568}