{"train_acc":1,"2D Loss Contour":{"width":1622,"height":1176,"_type":"image-file","sha256":"92d3d6a8cfc17a11bc72f2b0cabb2dd8997e53714fdb04ee4b1873631d34e258","size":135105,"path":"media/images/2D Loss Contour_602_92d3d6a8cfc17a11bc72.png","format":"png"},"3D Loss Surface":{"height":1266,"_type":"image-file","sha256":"dfc5a0228fb2a1bd743a60924af01db8f62c4dd79668a719cc5039855eea63a8","size":480308,"path":"media/images/3D Loss Surface_601_dfc5a0228fb2a1bd743a.png","format":"png","width":1575},"final_val_acc":0.94140625,"train_total_spikes":5389,"val_spikes_per_t":21.140625,"_timestamp":1.7466927162893915e+09,"train_loss":0.004142938647419214,"final_train_acc":1,"train_spikes_per_t":21.05078125,"_wandb":{"runtime":161},"_runtime":161.833116127,"val_acc":0.94140625,"val_total_spikes":5412,"val_loss":0.1946302354335785,"_step":602,"final_test_acc":0.97265625}