{"train_loss":0.04640163853764534,"2D Loss Contour":{"format":"png","width":1622,"height":1176,"_type":"image-file","sha256":"4d9be7c029539bf2a329de153c40e980002871e7480daedeee0fdd70d2182a89","size":127047,"path":"media/images/2D Loss Contour_602_4d9be7c029539bf2a329.png"},"final_train_acc":0.99609375,"val_spikes_per_t":33.140625,"val_loss":0.14849859476089478,"3D Loss Surface":{"size":433975,"path":"media/images/3D Loss Surface_601_5a96aa052f7921fd8cc7.png","format":"png","width":1548,"height":1266,"_type":"image-file","sha256":"5a96aa052f7921fd8cc724e0284f0d8b0d29177230f2b207e342bd4595080811"},"val_total_spikes":8484,"val_acc":0.94921875,"_step":602,"_wandb":{"runtime":172},"final_val_acc":0.94921875,"train_acc":0.99609375,"_timestamp":1.7466410202254746e+09,"final_test_acc":0.95703125,"_runtime":172.631895212,"train_spikes_per_t":33.7578125,"train_total_spikes":8642}