{"_wandb":{"runtime":160},"train_acc":1,"_step":602,"_timestamp":1.746672453938103e+09,"train_loss":0.006654952187091112,"final_val_acc":0.8984375,"val_spikes_per_t":14.75,"_runtime":160.195252392,"train_spikes_per_t":15.16796875,"2D Loss Contour":{"sha256":"04a710b29bd7cde1ccb1f3bed27451febcb579a1f007767ab4a86b59d6234383","size":121034,"path":"media/images/2D Loss Contour_602_04a710b29bd7cde1ccb1.png","format":"png","width":1622,"height":1176,"_type":"image-file"},"final_test_acc":0.88671875,"val_loss":0.2574697434902191,"final_train_acc":1,"val_total_spikes":3776,"train_total_spikes":3883,"3D Loss Surface":{"format":"png","width":1522,"height":1266,"_type":"image-file","sha256":"1d733135c373e0392e521cc08eb19ee0d20708db71afb938bdf47859bede0302","size":408595,"path":"media/images/3D Loss Surface_601_1d733135c373e0392e52.png"},"val_acc":0.8984375}