{"train_loss":0.007401549257338047,"train_total_spikes":9745,"final_test_acc":0.9296875,"2D Loss Contour":{"path":"media/images/2D Loss Contour_602_5d433237c148946350af.png","format":"png","width":1623,"height":1176,"_type":"image-file","sha256":"5d433237c148946350afbd3069268042b482729842fc454d432d93e694fef512","size":113371},"3D Loss Surface":{"path":"media/images/3D Loss Surface_601_d9c7f85409ba2b48bded.png","format":"png","width":1522,"height":1266,"_type":"image-file","sha256":"d9c7f85409ba2b48bdedaa5ec3d2e0607cf3f3dfb9fb62fbf62547a947b4b4b2","size":432904},"train_spikes_per_t":38.06640625,"_runtime":172.318185221,"val_loss":0.28447264432907104,"_timestamp":1.7466210607687955e+09,"train_acc":1,"val_spikes_per_t":37.953125,"final_val_acc":0.890625,"final_train_acc":1,"_step":602,"val_acc":0.890625,"_wandb":{"runtime":172},"val_total_spikes":9716}