{"val_spikes_per_t":40.2578125,"train_loss":0.00029594855732284486,"final_train_acc":1,"train_acc":1,"2D Loss Contour":{"_type":"image-file","sha256":"baeff99f181694ce9a675dae9c74a99ea40f37b900fa2168b638f61a708c5c37","size":114495,"path":"media/images/2D Loss Contour_602_baeff99f181694ce9a67.png","format":"png","width":1622,"height":1176},"_timestamp":1.7466547600196414e+09,"_step":602,"_runtime":102.904249412,"val_acc":0.9921875,"3D Loss Surface":{"format":"png","width":1548,"height":1266,"_type":"image-file","sha256":"f454d1e96cff41d455e6f31c879079507aaecf3858c13f5130b4197cb79f7c88","size":405206,"path":"media/images/3D Loss Surface_601_f454d1e96cff41d455e6.png"},"_wandb":{"runtime":102},"train_spikes_per_t":40.72265625,"val_total_spikes":10306,"final_val_acc":0.9921875,"final_test_acc":0.984375,"val_loss":0.019548507407307625,"train_total_spikes":10425}