{"final_val_acc":0.96875,"3D Loss Surface":{"width":1548,"height":1266,"_type":"image-file","sha256":"86c2e896afcca5bba983627f8d86b39423dab2cc3094535d5a52230c5ea68b74","size":396820,"path":"media/images/3D Loss Surface_601_86c2e896afcca5bba983.png","format":"png"},"train_loss":0.0062061031349003315,"final_test_acc":0.98046875,"2D Loss Contour":{"height":1176,"_type":"image-file","sha256":"a56949f4095c6c4cde08a39c77ccc966abfdee0c9bcd1aae0b0fd5b3637811df","size":115609,"path":"media/images/2D Loss Contour_602_a56949f4095c6c4cde08.png","format":"png","width":1596},"train_acc":1,"final_train_acc":1,"train_spikes_per_t":22.7578125,"_wandb":{"runtime":172},"val_spikes_per_t":22.0390625,"_timestamp":1.7466477929593475e+09,"_step":602,"val_acc":0.96875,"val_total_spikes":5642,"val_loss":0.06159118562936783,"train_total_spikes":5826,"_runtime":172.328637029}