{"3D Loss Surface":{"sha256":"63bce477e44605e4bc59d4d05a222b6fbac3c3c469c93afadb46c2e418371920","size":475856,"path":"media/images/3D Loss Surface_601_63bce477e44605e4bc59.png","format":"png","width":1548,"height":1266,"_type":"image-file"},"_runtime":113.430127534,"train_spikes_per_t":98.9296875,"final_val_acc":0.95703125,"_step":602,"final_test_acc":0.9453125,"train_loss":0.06538216024637222,"_wandb":{"runtime":113},"train_acc":0.9921875,"val_acc":0.95703125,"final_train_acc":0.9921875,"_timestamp":1.746571592375008e+09,"train_total_spikes":25326,"val_spikes_per_t":98.66796875,"val_total_spikes":25259,"2D Loss Contour":{"format":"png","width":1623,"height":1176,"_type":"image-file","sha256":"a80a6cdfbca275057029d69dcb09bbc67b248faf2a8a0bbece1f8c19910f273f","size":141328,"path":"media/images/2D Loss Contour_602_a80a6cdfbca275057029.png"},"val_loss":0.10912477225065231}