{"2D Loss Contour":{"width":1622,"height":1176,"_type":"image-file","sha256":"ae1afbd795632a94916827b99ed45244754b1f35adb5594250416e24f1e29988","size":134118,"path":"media/images/2D Loss Contour_602_ae1afbd795632a949168.png","format":"png"},"3D Loss Surface":{"format":"png","width":1575,"height":1266,"_type":"image-file","sha256":"25dedb4eb78f08d6a7be1c8f311e9d9497f8f158ef41ec89eca5835f6f20c400","size":293741,"path":"media/images/3D Loss Surface_601_25dedb4eb78f08d6a7be.png"},"val_loss":0.0022965979296714067,"val_acc":1,"train_loss":0.00015782866103108972,"val_spikes_per_t":92.58984375,"_runtime":75.440996752,"final_train_acc":1,"train_spikes_per_t":94.0078125,"_wandb":{"runtime":75},"final_val_acc":1,"train_total_spikes":24066,"final_test_acc":0.9921875,"_timestamp":1.7465899739204023e+09,"train_acc":1,"val_total_spikes":23703,"_step":602}