{"final_test_acc":0.96484375,"final_train_acc":1,"val_total_spikes":22095,"2D Loss Contour":{"width":1596,"height":1176,"_type":"image-file","sha256":"043105109deab72571966e3c7db3200a5a9f200e4c3c0d765995a9b288ea7930","size":115160,"path":"media/images/2D Loss Contour_602_043105109deab7257196.png","format":"png"},"_runtime":75.051483471,"_timestamp":1.7465818954530873e+09,"val_loss":0.0931287556886673,"val_spikes_per_t":86.30859375,"3D Loss Surface":{"_type":"image-file","sha256":"e1c9e0d536ef78fcf763e3ddeae5120334d20ab23de906bb45f22dc9f6528236","size":433744,"path":"media/images/3D Loss Surface_601_e1c9e0d536ef78fcf763.png","format":"png","width":1548,"height":1266},"train_loss":0.0020123599097132683,"train_acc":1,"train_spikes_per_t":86.0546875,"_step":602,"val_acc":0.95703125,"train_total_spikes":22030,"_wandb":{"runtime":75},"final_val_acc":0.95703125}