{"_timestamp":1.746569300340704e+09,"_runtime":114.166411479,"val_loss":0.031563084572553635,"train_spikes_per_t":116.95703125,"val_total_spikes":29711,"train_acc":1,"val_spikes_per_t":116.05859375,"val_acc":0.9921875,"train_total_spikes":29941,"train_loss":0.009619309566915035,"final_val_acc":0.9921875,"3D Loss Surface":{"_type":"image-file","sha256":"73a83eaccc23c99fcecb2bab36624874f787d6bbbf46f7f2ecb72877450efa6f","size":421084,"path":"media/images/3D Loss Surface_601_73a83eaccc23c99fcecb.png","format":"png","width":1548,"height":1266},"final_test_acc":0.984375,"2D Loss Contour":{"height":1176,"_type":"image-file","sha256":"1060ec52e44b9c84a69d531be234f0375499c04fdc3b9bb66797d768c5bad151","size":125719,"path":"media/images/2D Loss Contour_602_1060ec52e44b9c84a69d.png","format":"png","width":1596},"_wandb":{"runtime":114},"_step":602,"final_train_acc":1}