{"_runtime":32.421268319,"val_total_spikes":0,"_timestamp":1.7466083860115008e+09,"val_loss":0.047022558748722076,"final_test_acc":0.97265625,"_wandb":{"runtime":32},"_step":602,"val_spikes_per_t":NaN,"train_spikes_per_t":NaN,"final_val_acc":0.98046875,"train_acc":1,"train_loss":0.000622407766059041,"val_acc":0.98046875,"final_train_acc":1,"train_total_spikes":0,"3D Loss Surface":{"width":1575,"height":1266,"_type":"image-file","sha256":"4a8f66768917958c27d7fa67f0cbbdc354b101e7ac2759f3e08d354f0f4d3b8d","size":567481,"path":"media/images/3D Loss Surface_601_4a8f66768917958c27d7.png","format":"png"},"2D Loss Contour":{"_type":"image-file","sha256":"638295a69187696b79591acf1572e2708842f55f41232547894b6e53145e8d26","size":109411,"path":"media/images/2D Loss Contour_602_638295a69187696b7959.png","format":"png","width":1623,"height":1176}}