{"val_loss":6.307419300079346,"final_test_acc":0.4765625,"train_spikes_per_t":47.34765625,"val_total_spikes":12146,"_runtime":63.996208307,"train_total_spikes":12121,"val_spikes_per_t":47.4453125,"_wandb":{"runtime":63},"final_val_acc":0.51953125,"final_train_acc":0.5078125,"2D Loss Contour":{"sha256":"a7fffafa94d06d50b1bdde53018fe1ba12d3113d9cb573270ad7ab2eb05c2156","size":133765,"path":"media/images/2D Loss Contour_602_a7fffafa94d06d50b1bd.png","format":"png","width":1570,"height":1176,"_type":"image-file"},"train_loss":6.3639936447143555,"val_acc":0.51953125,"_step":602,"_timestamp":1.7466739878005054e+09,"3D Loss Surface":{"path":"media/images/3D Loss Surface_601_f6315ed743e519774cd1.png","format":"png","width":1495,"height":1266,"_type":"image-file","sha256":"f6315ed743e519774cd1548769fe6a0aface5d62258a61053a3d4ac6638f643a","size":328429},"train_acc":0.5078125}