{"3D Loss Surface":{"_type":"image-file","sha256":"cd6905b76add24a97627cabed27542d7ce43f69392d031debcf318e7437e1c2c","size":527027,"path":"media/images/3D Loss Surface_601_cd6905b76add24a97627.png","format":"png","width":1601,"height":1266},"2D Loss Contour":{"height":1176,"_type":"image-file","sha256":"01870a5066a2fef90e009108719ae5442dc58cc0f03f48d3e09ef01c42039595","size":127889,"path":"media/images/2D Loss Contour_602_01870a5066a2fef90e00.png","format":"png","width":1675},"val_acc":0.99609375,"_runtime":75.601494159,"train_total_spikes":15665,"final_train_acc":1,"train_spikes_per_t":61.19140625,"train_loss":0.0004035996680613607,"_timestamp":1.7465884481198533e+09,"_step":602,"final_test_acc":1,"final_val_acc":0.99609375,"train_acc":1,"val_spikes_per_t":60.24609375,"val_loss":0.011356411501765251,"_wandb":{"runtime":75},"val_total_spikes":15423}