{"_timestamp":1.7465889059166188e+09,"_step":602,"_wandb":{"runtime":76},"final_test_acc":0.9921875,"train_loss":0.0005474987556226552,"val_spikes_per_t":76.828125,"val_acc":0.9921875,"train_acc":1,"final_train_acc":1,"2D Loss Contour":{"width":1649,"height":1176,"_type":"image-file","sha256":"2700b5500ce6003f2754a5f5f436d16de157bda94adf87feb2af00018a65d18a","size":159415,"path":"media/images/2D Loss Contour_602_2700b5500ce6003f2754.png","format":"png"},"final_val_acc":0.9921875,"_runtime":76.279504639,"val_total_spikes":19668,"val_loss":0.019110161811113358,"train_total_spikes":19853,"3D Loss Surface":{"sha256":"4eb4a6e32f05d1b1f7fe67dc3631a9a6d327d65fcc05434a8b12dcd4aedb8b81","size":306078,"path":"media/images/3D Loss Surface_601_4eb4a6e32f05d1b1f7fe.png","format":"png","width":1575,"height":1266,"_type":"image-file"},"train_spikes_per_t":77.55078125}