{"_timestamp":1.7466439721775198e+09,"3D Loss Surface":{"height":1266,"_type":"image-file","sha256":"3ad1c7917ecf087b119a965487f903a80eb51d86f7b8ffb6c11cf68fe6227240","size":463390,"path":"media/images/3D Loss Surface_601_3ad1c7917ecf087b119a.png","format":"png","width":1548},"final_test_acc":0.8125,"_runtime":173.531620504,"train_acc":1,"val_acc":0.875,"val_loss":0.34675145149230957,"2D Loss Contour":{"format":"png","width":1622,"height":1176,"_type":"image-file","sha256":"e9321b0c94b7a61c98a1b8f9c039b3fb58732ab2af278952c5e4287c0e322a66","size":131419,"path":"media/images/2D Loss Contour_602_e9321b0c94b7a61c98a1.png"},"_step":602,"train_total_spikes":7613,"train_spikes_per_t":29.73828125,"final_train_acc":1,"train_loss":0.009168017655611038,"val_spikes_per_t":29.0859375,"final_val_acc":0.875,"val_total_spikes":7446,"_wandb":{"runtime":173}}