{"_wandb":{"runtime":87},"train_loss":0.5157480835914612,"final_val_acc":0.6171875,"3D Loss Surface":{"sha256":"df47f5cba17032e48b1399544afb875f536b8ce60caeaa8aee6cba860e6bcd8f","size":421153,"path":"media/images/3D Loss Surface_601_df47f5cba17032e48b13.png","format":"png","width":1495,"height":1266,"_type":"image-file"},"train_spikes_per_t":80.515625,"final_train_acc":0.7578125,"train_acc":0.7578125,"_timestamp":1.7466747279269683e+09,"_step":602,"val_loss":0.6708458065986633,"val_acc":0.6171875,"train_total_spikes":20612,"val_spikes_per_t":81.390625,"val_total_spikes":20836,"final_test_acc":0.6015625,"2D Loss Contour":{"size":120756,"path":"media/images/2D Loss Contour_602_ccc9247692b409386366.png","format":"png","width":1596,"height":1176,"_type":"image-file","sha256":"ccc9247692b409386366a222b5bb90d4150ad9bb70ddb50a565fb928953e6569"},"_runtime":87.19074544}