{"val_loss":0.42937034368515015,"final_val_acc":0.86328125,"train_spikes_per_t":95.12109375,"final_train_acc":0.99609375,"val_total_spikes":24539,"final_test_acc":0.84765625,"_runtime":74.578059043,"val_spikes_per_t":95.85546875,"_step":602,"val_acc":0.86328125,"train_total_spikes":24351,"train_loss":0.010414531454443932,"2D Loss Contour":{"_type":"image-file","sha256":"ab92febb1255da30411791e45a4ffe97c76294f1ad0c72315d303d40694752c5","size":132684,"path":"media/images/2D Loss Contour_602_ab92febb1255da304117.png","format":"png","width":1622,"height":1176},"train_acc":0.99609375,"3D Loss Surface":{"sha256":"3f6371d612e9be30a51a40e65242057f746441e106cc6e300ef2e98ac7490231","size":427679,"path":"media/images/3D Loss Surface_601_3f6371d612e9be30a51a.png","format":"png","width":1548,"height":1266,"_type":"image-file"},"_wandb":{"runtime":74},"_timestamp":1.7466550400610182e+09}