{"val_total_spikes":19084,"2D Loss Contour":{"_type":"image-file","sha256":"008e8d8a972d3ac2b0bba6be92ebd48ca7ce0020279f579599b4aba39a7adabf","size":111756,"path":"media/images/2D Loss Contour_602_008e8d8a972d3ac2b0bb.png","format":"png","width":1622,"height":1176},"train_spikes_per_t":75.59765625,"_step":602,"final_train_acc":1,"train_acc":1,"3D Loss Surface":{"path":"media/images/3D Loss Surface_601_fc8961f3ed7b2bd934ff.png","format":"png","width":1548,"height":1266,"_type":"image-file","sha256":"fc8961f3ed7b2bd934ff91f994be93f53460ab5fbe1fe75601d0f50b8bc141dc","size":408632},"val_acc":0.98046875,"final_test_acc":0.9921875,"_wandb":{"runtime":75},"val_loss":0.031099550426006317,"train_total_spikes":19353,"final_val_acc":0.98046875,"_runtime":75.547211368,"train_loss":0.0007713097147643566,"_timestamp":1.7465908149796233e+09,"val_spikes_per_t":74.546875}