{"val_acc":0.98828125,"final_train_acc":1,"train_acc":1,"train_loss":0.000263814115896821,"3D Loss Surface":{"size":433732,"path":"media/images/3D Loss Surface_601_abcf64cb20a0edb32244.png","format":"png","width":1575,"height":1266,"_type":"image-file","sha256":"abcf64cb20a0edb32244e6f39590675aa8e225ae23c44a52383c9e1b69f28a87"},"train_total_spikes":15694,"final_val_acc":0.98828125,"_wandb":{"runtime":103},"val_loss":0.025836823508143425,"val_spikes_per_t":61.54296875,"2D Loss Contour":{"width":1623,"height":1176,"_type":"image-file","sha256":"e8289938749c92e21e82df12b2319f320282eb2ba5fd3497c348a75ed97fea45","size":129463,"path":"media/images/2D Loss Contour_602_e8289938749c92e21e82.png","format":"png"},"train_spikes_per_t":61.3046875,"val_total_spikes":15755,"_step":602,"_timestamp":1.7466679979051673e+09,"_runtime":103.81069616,"final_test_acc":0.98828125}