{"train_loss":0.7086113095283508,"final_train_acc":0.61328125,"train_total_spikes":0,"_timestamp":1.7466053395759513e+09,"val_spikes_per_t":NaN,"_runtime":56.753512367,"_step":602,"final_test_acc":0.59765625,"final_val_acc":0.515625,"val_acc":0.515625,"val_total_spikes":0,"2D Loss Contour":{"size":120975,"path":"media/images/2D Loss Contour_602_4ab2c0297915016ec088.png","format":"png","width":1622,"height":1176,"_type":"image-file","sha256":"4ab2c0297915016ec088b155800d43f050b7280d857cce5ed6e5dab1950b01f7"},"_wandb":{"runtime":56},"val_loss":0.761862576007843,"train_acc":0.61328125,"train_spikes_per_t":NaN,"3D Loss Surface":{"size":447637,"path":"media/images/3D Loss Surface_601_e3005127f90631f68642.png","format":"png","width":1522,"height":1266,"_type":"image-file","sha256":"e3005127f90631f68642e723ab781a4b785219c6cb80a7e03b84bb6c40a82e51"}}