{"train_total_spikes":5664,"train_acc":0.87890625,"_runtime":47.676676584,"_timestamp":1.7466695092888765e+09,"val_spikes_per_t":22.9140625,"final_train_acc":0.87890625,"val_acc":0.7109375,"train_loss":0.2982068657875061,"val_total_spikes":5866,"train_spikes_per_t":22.125,"2D Loss Contour":{"size":129423,"path":"media/images/2D Loss Contour_602_7772a063f7baa474d1f5.png","format":"png","width":1622,"height":1176,"_type":"image-file","sha256":"7772a063f7baa474d1f5dfb2bd1d661d55cb91e195111abb0bf486421f5ee88f"},"_wandb":{"runtime":47},"final_val_acc":0.7109375,"_step":602,"final_test_acc":0.7421875,"val_loss":0.734165370464325,"3D Loss Surface":{"width":1548,"height":1266,"_type":"image-file","sha256":"86fb50fb42f67160725c48360d47ae4de322f72554bc22d2603fa1cfeabcd3ba","size":419177,"path":"media/images/3D Loss Surface_601_86fb50fb42f67160725c.png","format":"png"}}