{"train_acc":1,"final_train_acc":1,"train_loss":0.002927039982751012,"_step":602,"train_total_spikes":5568,"val_loss":0.1058628037571907,"val_spikes_per_t":21.81640625,"train_spikes_per_t":21.75,"final_test_acc":0.9453125,"_wandb":{"runtime":160},"2D Loss Contour":{"height":1176,"_type":"image-file","sha256":"ef6f0b379993af025167a8201a172742035785ba084c4b77294ee0aae1714767","size":136964,"path":"media/images/2D Loss Contour_602_ef6f0b379993af025167.png","format":"png","width":1649},"_timestamp":1.746680693672112e+09,"3D Loss Surface":{"_type":"image-file","sha256":"fdcc3b7683774a15f6aed3ad6f7b7aa430495fd6e34cef079afcfdc8b2339216","size":364772,"path":"media/images/3D Loss Surface_601_fdcc3b7683774a15f6ae.png","format":"png","width":1575,"height":1266},"final_val_acc":0.96875,"val_total_spikes":5585,"_runtime":160.566565325,"val_acc":0.96875}