{"val_loss":0.3375226855278015,"3D Loss Surface":{"width":1522,"height":1266,"_type":"image-file","sha256":"743697add274567af949f5d16c8dab3294090749f3038aba233b1420dc471d83","size":434982,"path":"media/images/3D Loss Surface_601_743697add274567af949.png","format":"png"},"val_total_spikes":8431,"train_acc":1,"_step":602,"final_val_acc":0.890625,"_runtime":172.241935205,"train_total_spikes":8850,"final_test_acc":0.890625,"_timestamp":1.7466441450595152e+09,"train_spikes_per_t":34.5703125,"final_train_acc":1,"_wandb":{"runtime":172},"val_spikes_per_t":32.93359375,"train_loss":0.00993639137595892,"val_acc":0.890625,"2D Loss Contour":{"size":101485,"path":"media/images/2D Loss Contour_602_ad260573f310e67c8998.png","format":"png","width":1596,"height":1176,"_type":"image-file","sha256":"ad260573f310e67c8998e8c5e47906629ba72551393db4eea32c7080e4990af6"}}