{"3D Loss Surface":{"height":1266,"_type":"image-file","sha256":"e92db0ce473446fffbfb5b3434e882e0f09abf3a57be5cd59369ff21e0abc783","size":484922,"path":"media/images/3D Loss Surface_601_e92db0ce473446fffbfb.png","format":"png","width":1548},"val_acc":0.9921875,"train_acc":1,"val_spikes_per_t":99.69921875,"train_spikes_per_t":100.80078125,"val_total_spikes":25523,"_step":602,"train_loss":0.004052097909152508,"train_total_spikes":25805,"_runtime":113.061391537,"final_train_acc":1,"_wandb":{"runtime":113},"final_val_acc":0.9921875,"2D Loss Contour":{"format":"png","width":1622,"height":1176,"_type":"image-file","sha256":"0d8cb3ee36b79877206f507f5687c2cea28c6c540bbb472edec907d1ab05d314","size":138144,"path":"media/images/2D Loss Contour_602_0d8cb3ee36b79877206f.png"},"_timestamp":1.7465620987975507e+09,"final_test_acc":0.9921875,"val_loss":0.01866556704044342}