{"final_test_acc":0.98046875,"2D Loss Contour":{"format":"png","width":1649,"height":1176,"_type":"image-file","sha256":"d6849f3c3de92c62f0e26aa517a43e5d7f840c948c758dcf6e3c44648e623a14","size":128942,"path":"media/images/2D Loss Contour_602_d6849f3c3de92c62f0e2.png"},"val_acc":0.97265625,"val_spikes_per_t":41.328125,"val_loss":0.05749434977769852,"train_total_spikes":10595,"_runtime":103.96935959,"_wandb":{"runtime":103},"_step":602,"train_spikes_per_t":41.38671875,"train_loss":0.00022322010772768408,"train_acc":1,"val_total_spikes":10580,"final_val_acc":0.97265625,"3D Loss Surface":{"path":"media/images/3D Loss Surface_601_cca642806193566e854a.png","format":"png","width":1601,"height":1266,"_type":"image-file","sha256":"cca642806193566e854a956b568ebeb6c1d7f4a9f34b92db59935728d610ba1b","size":543881},"final_train_acc":1,"_timestamp":1.7466692432071114e+09}