{"val_acc":0.99609375,"val_total_spikes":23847,"train_spikes_per_t":93.984375,"final_test_acc":0.984375,"final_val_acc":0.99609375,"2D Loss Contour":{"path":"media/images/2D Loss Contour_602_16967d8a90532698608c.png","format":"png","width":1622,"height":1176,"_type":"image-file","sha256":"16967d8a90532698608caf3787194a75179ecb6f20b82da646b82b8178e7a8de","size":137190},"3D Loss Surface":{"width":1548,"height":1266,"_type":"image-file","sha256":"975545249586d29c4fe2e2c1751235f164ac46664e17b9bdd0c1ee5ce47fd39b","size":317164,"path":"media/images/3D Loss Surface_601_975545249586d29c4fe2.png","format":"png"},"train_total_spikes":24060,"_step":602,"train_loss":0.0003779471153393388,"_runtime":75.467840831,"final_train_acc":1,"val_loss":0.027624843642115593,"train_acc":1,"_wandb":{"runtime":75},"val_spikes_per_t":93.15234375,"_timestamp":1.746589134262881e+09}