{"train_total_spikes":22491,"_wandb":{"runtime":75},"train_loss":0.000610394577961415,"_step":602,"_timestamp":1.7465910428575711e+09,"train_acc":1,"train_spikes_per_t":87.85546875,"_runtime":75.704424009,"val_total_spikes":22267,"val_spikes_per_t":86.98046875,"final_train_acc":1,"val_loss":0.042194873094558716,"val_acc":0.98046875,"final_val_acc":0.98046875,"3D Loss Surface":{"sha256":"663370455291f0efcbeb8d74da6b44094968217c36ed942a90f3610b91875210","size":355660,"path":"media/images/3D Loss Surface_601_663370455291f0efcbeb.png","format":"png","width":1548,"height":1266,"_type":"image-file"},"2D Loss Contour":{"size":158018,"path":"media/images/2D Loss Contour_602_15f0f5a5f362e502b906.png","format":"png","width":1649,"height":1176,"_type":"image-file","sha256":"15f0f5a5f362e502b906fabd420346b8e2f0bd434931384fee50896f02542eb9"},"final_test_acc":0.98828125}