{"2D Loss Contour":{"sha256":"08307a22a32d85d120f442f55eb612876d0afc425c5cc9b7de13c4ac067075d2","size":122901,"path":"media/images/2D Loss Contour_602_08307a22a32d85d120f4.png","format":"png","width":1570,"height":1176,"_type":"image-file"},"_wandb":{"runtime":42},"val_total_spikes":0,"3D Loss Surface":{"sha256":"57fcdc2d5eda3763a14871cc685b0d40beab6111cee928c2bb34653fb64a4eba","size":321570,"path":"media/images/3D Loss Surface_601_57fcdc2d5eda3763a148.png","format":"png","width":1495,"height":1266,"_type":"image-file"},"final_test_acc":0.5390625,"val_loss":3.9528510570526123,"final_val_acc":0.48046875,"val_spikes_per_t":NaN,"_runtime":42.950008026,"train_spikes_per_t":NaN,"val_acc":0.48046875,"_step":602,"train_total_spikes":0,"final_train_acc":0.5078125,"_timestamp":1.7466703380505724e+09,"train_acc":0.5078125,"train_loss":3.917370319366455}