{"2D Loss Contour":{"sha256":"39e3e478dcf3c5ecae492398bffcb37608237c15126d7e579f4ffc040dbc9834","size":104368,"path":"media/images/2D Loss Contour_602_39e3e478dcf3c5ecae49.png","format":"png","width":1517,"height":1176,"_type":"image-file"},"final_test_acc":0.48828125,"_runtime":33.461185563,"_step":602,"final_val_acc":0.5234375,"train_total_spikes":0,"train_spikes_per_t":NaN,"val_spikes_per_t":NaN,"train_acc":0.55078125,"val_loss":0.7849669456481934,"val_total_spikes":0,"val_acc":0.5234375,"_wandb":{"runtime":33},"final_train_acc":0.55078125,"3D Loss Surface":{"size":480203,"path":"media/images/3D Loss Surface_601_f0a1c045d68c83c37773.png","format":"png","width":1429,"height":1266,"_type":"image-file","sha256":"f0a1c045d68c83c377735d792cb49ea826d4a76616c0176c54d6b6a4a28e7279"},"train_loss":0.668187141418457,"_timestamp":1.7466714648089232e+09}