{"2D Loss Contour":{"format":"png","width":1596,"height":1176,"_type":"image-file","sha256":"d86655392710b5872d9689db84f0c63986c5cc13df45b6ed8b7885b9296d4fee","size":124735,"path":"media/images/2D Loss Contour_602_d86655392710b5872d96.png"},"train_loss":0.008102859370410442,"_timestamp":1.746674573918365e+09,"train_total_spikes":7330,"_step":602,"val_spikes_per_t":28.88671875,"val_loss":0.48155689239501953,"train_acc":1,"final_train_acc":1,"3D Loss Surface":{"path":"media/images/3D Loss Surface_601_bd6174213a60c4b1a507.png","format":"png","width":1522,"height":1266,"_type":"image-file","sha256":"bd6174213a60c4b1a5079443073a5ce54de9f1c2604ecca965ca38af3316411f","size":403026},"val_total_spikes":7395,"val_acc":0.859375,"_runtime":64.231946806,"_wandb":{"runtime":64},"final_test_acc":0.8125,"train_spikes_per_t":28.6328125,"final_val_acc":0.859375}