{"val_spikes_per_t":15.77734375,"_runtime":162.613315764,"train_loss":0.011084817349910736,"val_loss":0.23624742031097412,"val_total_spikes":4039,"train_acc":1,"final_val_acc":0.8984375,"2D Loss Contour":{"height":1176,"_type":"image-file","sha256":"78e5e7d4c337551330eeeee1f79fa24d2bfb9309a1ffd8293b031536cd82838d","size":141183,"path":"media/images/2D Loss Contour_602_78e5e7d4c337551330ee.png","format":"png","width":1622},"final_test_acc":0.89453125,"val_acc":0.8984375,"_step":602,"train_spikes_per_t":15.59375,"_timestamp":1.7466975823198712e+09,"_wandb":{"runtime":162},"3D Loss Surface":{"height":1266,"_type":"image-file","sha256":"583a0fdb3d9b6e4536bf81db5725824ad5e62b22c816a8d42532980e71b388b3","size":403619,"path":"media/images/3D Loss Surface_601_583a0fdb3d9b6e4536bf.png","format":"png","width":1548},"train_total_spikes":3992,"final_train_acc":1}