{"train_acc":0.99609375,"val_loss":0.36014869809150696,"_wandb":{"runtime":162},"final_train_acc":0.99609375,"_timestamp":1.7466897816573741e+09,"train_loss":0.022085903212428093,"train_spikes_per_t":7.53125,"val_spikes_per_t":7.45703125,"3D Loss Surface":{"path":"media/images/3D Loss Surface_601_649e14ad8d0b7830310f.png","format":"png","width":1522,"height":1266,"_type":"image-file","sha256":"649e14ad8d0b7830310ff91b485b20a2b50c1de89d8c9860771ebd04324d0e1b","size":456655},"final_val_acc":0.875,"2D Loss Contour":{"sha256":"d66ec757381a246d7ba5e65756b3c4d1d3fe9d1a53e69cbcc6a9a85bdb4fa236","size":109838,"path":"media/images/2D Loss Contour_602_d66ec757381a246d7ba5.png","format":"png","width":1596,"height":1176,"_type":"image-file"},"train_total_spikes":1928,"_step":602,"val_acc":0.875,"final_test_acc":0.8671875,"_runtime":162.422476354,"val_total_spikes":1909}