{"train_loss":0.012951713986694813,"final_val_acc":0.796875,"train_spikes_per_t":NaN,"final_train_acc":1,"2D Loss Contour":{"sha256":"8a05b70f60a5e26f2fac21cfd9570c2a9b65315a6783801614a7709d72df82ed","size":122218,"path":"media/images/2D Loss Contour_602_8a05b70f60a5e26f2fac.png","format":"png","width":1623,"height":1176,"_type":"image-file"},"_timestamp":1.7466022127125578e+09,"3D Loss Surface":{"size":486718,"path":"media/images/3D Loss Surface_601_8d588c8b210a435b0949.png","format":"png","width":1548,"height":1266,"_type":"image-file","sha256":"8d588c8b210a435b0949f64303d2aa5a19081ffcb2d53a709a70b5032c4d021f"},"val_spikes_per_t":NaN,"_wandb":{"runtime":57},"val_acc":0.796875,"train_acc":1,"_step":602,"val_total_spikes":0,"_runtime":57.820477261,"train_total_spikes":0,"final_test_acc":0.7890625,"val_loss":0.5682029724121094}