{"val_spikes_per_t":NaN,"3D Loss Surface":{"sha256":"8db75d618c00e7686ee2c3170a077b428bc843b19ba2e257df68d954cb81d4f5","size":433962,"path":"media/images/3D Loss Surface_601_8db75d618c00e7686ee2.png","format":"png","width":1548,"height":1266,"_type":"image-file"},"final_train_acc":1,"val_loss":0.4742305874824524,"train_loss":0.0039850338362157345,"train_spikes_per_t":NaN,"_step":602,"final_val_acc":0.83203125,"final_test_acc":0.8671875,"_timestamp":1.7465965920388856e+09,"train_acc":1,"train_total_spikes":0,"2D Loss Contour":{"height":1176,"_type":"image-file","sha256":"93a70df2bb999f484422a587cabb82a9c2931d62628ee996d46e3bd15464b9dd","size":146922,"path":"media/images/2D Loss Contour_602_93a70df2bb999f484422.png","format":"png","width":1623},"val_acc":0.83203125,"val_total_spikes":0,"_runtime":57.236940184,"_wandb":{"runtime":57}}