{"val_loss":0.9853655099868774,"train_spikes_per_t":51.98046875,"final_val_acc":0.5625,"val_spikes_per_t":51.3671875,"train_acc":0.6328125,"train_total_spikes":13307,"_runtime":83.828095934,"_wandb":{"runtime":83},"train_loss":0.796577513217926,"val_acc":0.5625,"val_total_spikes":13150,"_step":600,"final_test_acc":0.59375,"final_train_acc":0.6328125,"_timestamp":1.7464688181253824e+09}