{"val_spikes_per_t":NaN,"train_acc":1,"final_val_acc":0.78125,"val_loss":0.5910110473632812,"final_train_acc":1,"val_acc":0.78125,"2D Loss Contour":{"width":1622,"height":1176,"_type":"image-file","sha256":"c2e43f34e206a046f74dbbb6aef61a9965d38dcbb366c007b376ae4992c51cd9","size":122565,"path":"media/images/2D Loss Contour_602_c2e43f34e206a046f74d.png","format":"png"},"_timestamp":1.7465971734153745e+09,"train_total_spikes":0,"val_total_spikes":0,"_runtime":57.714752959,"final_test_acc":0.78125,"train_spikes_per_t":NaN,"train_loss":0.006939885672181845,"_wandb":{"runtime":57},"_step":602,"3D Loss Surface":{"sha256":"3d0362c48c1e9593f3cee0608254a57bf92d63fb206c1de9fa3b54a3e149a54a","size":532647,"path":"media/images/3D Loss Surface_601_3d0362c48c1e9593f3ce.png","format":"png","width":1575,"height":1266,"_type":"image-file"}}