{"final_train_acc":0.9609375,"val_loss":0.519659161567688,"3D Loss Surface":{"width":1548,"height":1266,"_type":"image-file","sha256":"797fe4c0a3e73c07536120b386ad9e42e8e83347ebb8b33d3994904d32141f9f","size":361334,"path":"media/images/3D Loss Surface_601_797fe4c0a3e73c075361.png","format":"png"},"val_acc":0.8046875,"_runtime":110.4223639,"2D Loss Contour":{"_type":"image-file","sha256":"90a6511c3cf6f8235bef53b8e1c7922e16d6a2a0fe1d71414af9b9d08872dd13","size":133701,"path":"media/images/2D Loss Contour_602_90a6511c3cf6f8235bef.png","format":"png","width":1596,"height":1176},"_step":602,"train_loss":0.10528445988893509,"train_acc":0.9609375,"train_spikes_per_t":77.61328125,"val_spikes_per_t":78.96484375,"final_val_acc":0.8046875,"final_test_acc":0.82421875,"train_total_spikes":19869,"_timestamp":1.7466519415334914e+09,"_wandb":{"runtime":110},"val_total_spikes":20215}