{"2D Loss Contour":{"sha256":"ad38ad18bcbc64df9cf00c7e57ffc5ee41254239d6d2e9c70adaebfc4998a141","size":120616,"path":"media/images/2D Loss Contour_602_ad38ad18bcbc64df9cf0.png","format":"png","width":1596,"height":1176,"_type":"image-file"},"val_spikes_per_t":52.81640625,"val_acc":0.9296875,"final_val_acc":0.9296875,"3D Loss Surface":{"path":"media/images/3D Loss Surface_601_6ce892559b36fb4f9732.png","format":"png","width":1548,"height":1266,"_type":"image-file","sha256":"6ce892559b36fb4f973266f60121a83a6948261354fd82eb4dda47d859fe5fcf","size":489290},"train_acc":0.99609375,"_timestamp":1.7466684066863499e+09,"train_loss":0.023053757846355438,"val_loss":0.22722138464450836,"final_train_acc":0.99609375,"val_total_spikes":13521,"train_spikes_per_t":52.70703125,"_wandb":{"runtime":62},"final_test_acc":0.94140625,"train_total_spikes":13493,"_runtime":62.495790079,"_step":602}