{"2D Loss Contour":{"format":"png","width":1649,"height":1176,"_type":"image-file","sha256":"8311c93dbc33b2f04ddf33236672b6619bb4e084a7f82ef1996939821a4ffcb9","size":127763,"path":"media/images/2D Loss Contour_602_8311c93dbc33b2f04ddf.png"},"train_acc":1,"val_total_spikes":11023,"final_train_acc":1,"val_acc":0.9765625,"3D Loss Surface":{"size":448540,"path":"media/images/3D Loss Surface_601_4888c6ad88a262df3996.png","format":"png","width":1575,"height":1266,"_type":"image-file","sha256":"4888c6ad88a262df3996e1e1677c3fbafd3b376108d2ce7943ea00d9c3004286"},"train_total_spikes":10857,"final_test_acc":0.96875,"_timestamp":1.7466647865641975e+09,"val_loss":0.07083498686552048,"train_loss":0.0001940404181368649,"_wandb":{"runtime":103},"final_val_acc":0.9765625,"_runtime":103.163610527,"val_spikes_per_t":43.05859375,"_step":602,"train_spikes_per_t":42.41015625}