{"train_loss":20.774272918701172,"train_acc":0.51171875,"final_test_acc":0.48046875,"final_val_acc":0.5078125,"3D Loss Surface":{"format":"png","width":1522,"height":1266,"_type":"image-file","sha256":"1f8865ce50a742624d7a3b30a9f90d3f05a5b3fc90927967fe5af57ec710ec51","size":298436,"path":"media/images/3D Loss Surface_601_1f8865ce50a742624d7a.png"},"_runtime":47.598577905,"val_acc":0.5078125,"train_total_spikes":20876,"val_loss":20.57940101623535,"_timestamp":1.7466693643354335e+09,"val_spikes_per_t":82.94921875,"train_spikes_per_t":81.546875,"2D Loss Contour":{"width":1596,"height":1176,"_type":"image-file","sha256":"2cc5b465d726a778c99702e292e75f6c7891197dea0b41f08821982b7ddafad2","size":137372,"path":"media/images/2D Loss Contour_602_2cc5b465d726a778c997.png","format":"png"},"_wandb":{"runtime":47},"val_total_spikes":21235,"final_train_acc":0.51171875,"_step":602}