{"_runtime":86.765890669,"train_acc":0.5,"val_total_spikes":14366,"val_loss":9.079482078552246,"train_loss":8.527571678161621,"final_test_acc":0.48828125,"train_spikes_per_t":55.34375,"val_acc":0.515625,"val_spikes_per_t":56.1171875,"2D Loss Contour":{"sha256":"96ff47d706138c78adabd330a30d153dfdef965c8a2d81ca252a33bb2ee04e3e","size":157393,"path":"media/images/2D Loss Contour_602_96ff47d706138c78adab.png","format":"png","width":1570,"height":1176,"_type":"image-file"},"3D Loss Surface":{"format":"png","width":1495,"height":1266,"_type":"image-file","sha256":"585d54e8327249449b815ae1d3a30dc19a2858f39bea5525dd03bf0c611bc2c2","size":401509,"path":"media/images/3D Loss Surface_601_585d54e8327249449b81.png"},"final_val_acc":0.515625,"final_train_acc":0.5,"_wandb":{"runtime":86},"train_total_spikes":14168,"_step":602,"_timestamp":1.7466752515594625e+09}