{"val_acc":0.5625,"final_train_acc":0.47265625,"3D Loss Surface":{"sha256":"e47c80d8ddf9d9cdde8533bfe85fe5914e5a22619310fe58a6e7b7400abb784e","size":475050,"path":"media/images/3D Loss Surface_601_e47c80d8ddf9d9cdde85.png","format":"png","width":1522,"height":1266,"_type":"image-file"},"val_loss":1.9287333488464355,"train_loss":1.9992486238479614,"_runtime":76.991398623,"val_total_spikes":25723,"_step":602,"val_spikes_per_t":100.48046875,"_timestamp":1.7465810579506264e+09,"final_test_acc":0.51171875,"final_val_acc":0.5625,"train_acc":0.47265625,"2D Loss Contour":{"format":"png","width":1569,"height":1176,"_type":"image-file","sha256":"6fa979cfcae24b4f6e7d92bea6a2287bb1bc56c32ac7de993b403e8ddb12bf60","size":124234,"path":"media/images/2D Loss Contour_602_6fa979cfcae24b4f6e7d.png"},"train_spikes_per_t":100.8671875,"_wandb":{"runtime":76},"train_total_spikes":25822}