{"train_acc":1,"3D Loss Surface":{"_type":"image-file","sha256":"adaa657a3e2714debdd3eaed7f98b65f4e54a0266e161456c341bbfed1ec91d8","size":447212,"path":"media/images/3D Loss Surface_601_adaa657a3e2714debdd3.png","format":"png","width":1548,"height":1266},"_runtime":31.695911053,"_timestamp":1.7466564474344091e+09,"final_test_acc":0.7421875,"val_spikes_per_t":NaN,"val_total_spikes":0,"_wandb":{"runtime":31},"val_loss":0.7463998198509216,"train_total_spikes":0,"train_loss":0.002866776194423437,"val_acc":0.8125,"train_spikes_per_t":NaN,"final_train_acc":1,"final_val_acc":0.8125,"2D Loss Contour":{"height":1176,"_type":"image-file","sha256":"d08bf0821eec699755370099e491e306206c5cfad80743732b465f34b799187c","size":144392,"path":"media/images/2D Loss Contour_602_d08bf0821eec69975537.png","format":"png","width":1622},"_step":602}