{"val_acc":0.921875,"train_spikes_per_t":20.890625,"final_val_acc":0.921875,"_wandb":{"runtime":161},"final_train_acc":1,"final_test_acc":0.9296875,"train_acc":1,"train_total_spikes":5348,"_timestamp":1.7466957973463283e+09,"val_total_spikes":5329,"val_spikes_per_t":20.81640625,"_step":602,"_runtime":161.636361849,"train_loss":0.009529574774205685,"2D Loss Contour":{"sha256":"2b87ad2e641cb63fbc47bdb1640e627bb5281df3e4836f7c882908b8eaa97da9","size":112477,"path":"media/images/2D Loss Contour_602_2b87ad2e641cb63fbc47.png","format":"png","width":1622,"height":1176,"_type":"image-file"},"val_loss":0.18748031556606293,"3D Loss Surface":{"height":1266,"_type":"image-file","sha256":"91da20fbdd7b987c4202eb57bb8900f05d100b4f388bf13b215f137cdae050a8","size":392926,"path":"media/images/3D Loss Surface_601_91da20fbdd7b987c4202.png","format":"png","width":1548}}