{"_step":602,"_wandb":{"runtime":32},"val_loss":0.05212709680199623,"final_test_acc":0.96484375,"val_acc":0.98046875,"val_spikes_per_t":NaN,"_runtime":32.374212341,"2D Loss Contour":{"height":1176,"_type":"image-file","sha256":"0da52e5d614f1378a8c6de3c5ee1dfd3ae1836f448b0136a2e5c7b31d630096d","size":132476,"path":"media/images/2D Loss Contour_602_0da52e5d614f1378a8c6.png","format":"png","width":1649},"_timestamp":1.7466098332141016e+09,"final_val_acc":0.98046875,"train_loss":0.0011910003377124667,"val_total_spikes":0,"final_train_acc":1,"train_acc":1,"3D Loss Surface":{"path":"media/images/3D Loss Surface_601_241c2edaed33a7e58c9f.png","format":"png","width":1574,"height":1266,"_type":"image-file","sha256":"241c2edaed33a7e58c9fab2f6922088e0235af037858c0b09b90f4b1fe9eac3c","size":524679},"train_total_spikes":0,"train_spikes_per_t":NaN}