{"val_total_spikes":22274,"final_test_acc":0.99609375,"_wandb":{"runtime":75},"train_loss":0.00063131662318483,"2D Loss Contour":{"width":1649,"height":1176,"_type":"image-file","sha256":"4ab1073c67f8dd3fb8fcf4857df033aee33c8b7d080630551bf7e3a62a3f4690","size":140528,"path":"media/images/2D Loss Contour_602_4ab1073c67f8dd3fb8fc.png","format":"png"},"train_total_spikes":22399,"final_train_acc":1,"_timestamp":1.7465864675574918e+09,"val_acc":0.99609375,"val_spikes_per_t":87.0078125,"3D Loss Surface":{"sha256":"611187850c5f987d95202492183c570f36731be2abc79cdef2d3bad3fcfff501","size":351306,"path":"media/images/3D Loss Surface_601_611187850c5f987d9520.png","format":"png","width":1548,"height":1266,"_type":"image-file"},"train_spikes_per_t":87.49609375,"final_val_acc":0.99609375,"_step":602,"_runtime":75.676041697,"val_loss":0.013087721541523933,"train_acc":1}