{"val_total_spikes":29868,"val_loss":0.8163632750511169,"val_acc":0.51953125,"3D Loss Surface":{"size":497055,"path":"media/images/3D Loss Surface_601_d438fa6cffeb12113c82.png","format":"png","width":1575,"height":1266,"_type":"image-file","sha256":"d438fa6cffeb12113c8299d13d74fe40132dd65bb1f62f178b71001abeefe142"},"2D Loss Contour":{"height":1176,"_type":"image-file","sha256":"f28a3491cb47142818d5ccf65b8745ae8ab198dc6e0de032d1c5411647d56056","size":139137,"path":"media/images/2D Loss Contour_602_f28a3491cb47142818d5.png","format":"png","width":1649},"_wandb":{"runtime":101},"val_spikes_per_t":116.671875,"final_test_acc":0.4921875,"train_spikes_per_t":116.234375,"_runtime":101.301424,"final_train_acc":0.61328125,"train_loss":0.544292688369751,"train_total_spikes":29756,"_timestamp":1.7466612546343865e+09,"final_val_acc":0.51953125,"train_acc":0.61328125,"_step":602}