{"3D Loss Surface":{"format":"png","width":1548,"height":1266,"_type":"image-file","sha256":"13538dd1647e3e5d55e6ecd12f6d1339949a9bf617f7ac21ee1c52645b35c3af","size":433946,"path":"media/images/3D Loss Surface_601_13538dd1647e3e5d55e6.png"},"_wandb":{"runtime":102},"train_spikes_per_t":59.4921875,"train_loss":0.0002561537257861346,"val_total_spikes":15127,"train_acc":1,"val_acc":0.96875,"val_spikes_per_t":59.08984375,"_timestamp":1.7466648898114827e+09,"2D Loss Contour":{"width":1649,"height":1176,"_type":"image-file","sha256":"e3745940aba5b972aca5d27741b89dc12a3879901655184218ae83fd8cccc93f","size":124030,"path":"media/images/2D Loss Contour_602_e3745940aba5b972aca5.png","format":"png"},"final_test_acc":0.984375,"train_total_spikes":15230,"final_train_acc":1,"_runtime":102.620505209,"_step":602,"val_loss":0.04704925790429115,"final_val_acc":0.96875}