{"final_val_acc":0.95703125,"val_total_spikes":16574,"_timestamp":1.7466663388399756e+09,"train_total_spikes":16585,"train_spikes_per_t":64.78515625,"_runtime":102.69724669,"final_train_acc":1,"2D Loss Contour":{"size":134245,"path":"media/images/2D Loss Contour_602_4dc1bc5c4e81d8df7905.png","format":"png","width":1623,"height":1176,"_type":"image-file","sha256":"4dc1bc5c4e81d8df7905b03d2f3703842042127c45eda629c0b04eaaeeb47e26"},"val_acc":0.95703125,"_step":602,"train_loss":0.0006368801114149392,"3D Loss Surface":{"height":1266,"_type":"image-file","sha256":"f8fd06d2c41fe058e8e09f689a0643c3d4015798b0f1a591e382b458f8c93855","size":368581,"path":"media/images/3D Loss Surface_601_f8fd06d2c41fe058e8e0.png","format":"png","width":1548},"final_test_acc":0.953125,"_wandb":{"runtime":102},"val_loss":0.11519661545753479,"train_acc":1,"val_spikes_per_t":64.7421875}