{"train_loss":0.6234378218650818,"final_train_acc":0.7265625,"val_spikes_per_t":56.46484375,"train_spikes_per_t":56.73828125,"train_total_spikes":14525,"_runtime":104.273836696,"final_test_acc":0.59765625,"train_acc":0.7265625,"2D Loss Contour":{"height":1176,"_type":"image-file","sha256":"e3663e8c13eeb1b707d204581c4630d07c9a2ce6542999346ea7c31bd2741199","size":134344,"path":"media/images/2D Loss Contour_602_e3663e8c13eeb1b707d2.png","format":"png","width":1622},"_step":602,"final_val_acc":0.671875,"val_loss":0.8329999446868896,"val_acc":0.671875,"val_total_spikes":14455,"3D Loss Surface":{"size":432882,"path":"media/images/3D Loss Surface_601_d79f44b7ff73f86352a1.png","format":"png","width":1522,"height":1266,"_type":"image-file","sha256":"d79f44b7ff73f86352a12ddcf07359517d9426a0b3b9e3962fd619da283ec136"},"_wandb":{"runtime":104},"_timestamp":1.7466489429640083e+09}