{"final_test_acc":0.9609375,"train_total_spikes":0,"train_spikes_per_t":NaN,"val_acc":0.9765625,"final_train_acc":1,"train_acc":1,"train_loss":0.0005305490340106189,"2D Loss Contour":{"size":127376,"path":"media/images/2D Loss Contour_602_c2d615f012eea545a80e.png","format":"png","width":1622,"height":1176,"_type":"image-file","sha256":"c2d615f012eea545a80eb96a99e46c410e158033213f76bf5d3dc211f2f9eae9"},"val_total_spikes":0,"_timestamp":1.7466081228250499e+09,"_step":602,"3D Loss Surface":{"width":1548,"height":1266,"_type":"image-file","sha256":"cce6994fc51a4c469293d4f9981a4c123accb035d14d4361d05684853dfecc80","size":496609,"path":"media/images/3D Loss Surface_601_cce6994fc51a4c469293.png","format":"png"},"_wandb":{"runtime":32},"_runtime":32.184649834,"final_val_acc":0.9765625,"val_loss":0.06390832364559174,"val_spikes_per_t":NaN}