{"train_total_spikes":0,"val_total_spikes":0,"final_train_acc":1,"3D Loss Surface":{"path":"media/images/3D Loss Surface_601_4e16d0b09f03bc024353.png","format":"png","width":1575,"height":1266,"_type":"image-file","sha256":"4e16d0b09f03bc0243532e7b19d00731e5698735bfb545c1671e325c21cecc26","size":540084},"val_acc":1,"val_spikes_per_t":NaN,"train_loss":0.000973748043179512,"_runtime":32.241278579,"train_acc":1,"final_test_acc":0.96484375,"_timestamp":1.7466138987458222e+09,"_step":602,"final_val_acc":1,"_wandb":{"runtime":32},"val_loss":0.029817836359143257,"train_spikes_per_t":NaN,"2D Loss Contour":{"path":"media/images/2D Loss Contour_602_d1c24759daa2e0c86b94.png","format":"png","width":1649,"height":1176,"_type":"image-file","sha256":"d1c24759daa2e0c86b94c8d0bf0e1cfd6eba526cbab889ae079ba4ff04995253","size":137216}}