{"final_train_acc":1,"train_total_spikes":8603,"final_test_acc":0.6875,"val_acc":0.7265625,"val_spikes_per_t":33.4140625,"final_val_acc":0.7265625,"_step":602,"train_spikes_per_t":33.60546875,"_wandb":{"runtime":156},"_runtime":156.877092701,"train_loss":0.016893284395337105,"val_loss":0.9321473836898804,"_timestamp":1.7466648367551668e+09,"2D Loss Contour":{"width":1596,"height":1176,"_type":"image-file","sha256":"15ea9dfd6ec499d720004eee7d4582d3568874f396496f1c30ca401ed3b14431","size":128259,"path":"media/images/2D Loss Contour_602_15ea9dfd6ec499d72000.png","format":"png"},"train_acc":1,"3D Loss Surface":{"height":1266,"_type":"image-file","sha256":"42e6a2c75e4dccb65a34dcf34d31ec14fc148bcf7187a3a1ed0971510a31488a","size":359094,"path":"media/images/3D Loss Surface_601_42e6a2c75e4dccb65a34.png","format":"png","width":1548},"val_total_spikes":8554}