{"val_loss":0.7225118279457092,"val_total_spikes":0,"_step":602,"2D Loss Contour":{"_type":"image-file","sha256":"5f0c2f645643ac6b42560293913e2fcf7446f3104faf0b06477058ef2680a43e","size":108127,"path":"media/images/2D Loss Contour_602_5f0c2f645643ac6b4256.png","format":"png","width":1622,"height":1176},"final_val_acc":0.62109375,"3D Loss Surface":{"width":1548,"height":1266,"_type":"image-file","sha256":"005dc2e8d8f1025f9aaf672724fd0e916cc197b2c95c4ffd61e34c1fc0e5da70","size":386368,"path":"media/images/3D Loss Surface_601_005dc2e8d8f1025f9aaf.png","format":"png"},"val_acc":0.62109375,"final_test_acc":0.640625,"final_train_acc":0.86328125,"train_spikes_per_t":NaN,"train_total_spikes":0,"train_loss":0.34723058342933655,"_timestamp":1.7465967661234686e+09,"_wandb":{"runtime":57},"val_spikes_per_t":NaN,"_runtime":57.30837189,"train_acc":0.86328125}