{"val_total_spikes":26297,"final_test_acc":0.97265625,"_runtime":114.094712946,"final_train_acc":1,"train_total_spikes":26504,"_wandb":{"runtime":114},"_step":602,"_timestamp":1.7465640374103587e+09,"2D Loss Contour":{"sha256":"cd5aea19de985c31b9ee528943ca3c6f2704b9e205bb9739b4ff71e8efc3ed58","size":131781,"path":"media/images/2D Loss Contour_602_cd5aea19de985c31b9ee.png","format":"png","width":1596,"height":1176,"_type":"image-file"},"train_spikes_per_t":103.53125,"3D Loss Surface":{"sha256":"91a944d800ba24444b14e80c50ebd77e19938a8f7546c926bcb3f7a104ebf95e","size":371434,"path":"media/images/3D Loss Surface_601_91a944d800ba24444b14.png","format":"png","width":1548,"height":1266,"_type":"image-file"},"val_loss":0.06950359791517258,"val_spikes_per_t":102.72265625,"train_loss":0.01640753261744976,"val_acc":0.96484375,"final_val_acc":0.96484375,"train_acc":1}