{"3D Loss Surface":{"_type":"image-file","sha256":"b8d52f3de1a728e685493668be2d92f1ab0b6a68beb59e8a08410c288a3c7d0d","size":349382,"path":"media/images/3D Loss Surface_601_b8d52f3de1a728e68549.png","format":"png","width":1575,"height":1266},"final_train_acc":1,"_runtime":57.263394852,"_timestamp":1.7466015760328588e+09,"2D Loss Contour":{"_type":"image-file","sha256":"7571a0343853bdde102826e1b10951050215552dd7c95bd674f905c93fd1ea75","size":130856,"path":"media/images/2D Loss Contour_602_7571a0343853bdde1028.png","format":"png","width":1622,"height":1176},"val_total_spikes":0,"train_total_spikes":0,"_wandb":{"runtime":57},"train_loss":0.004955516196787357,"final_val_acc":0.765625,"val_spikes_per_t":NaN,"val_loss":0.6237179040908813,"train_spikes_per_t":NaN,"train_acc":1,"final_test_acc":0.7890625,"val_acc":0.765625,"_step":602}