{"final_test_acc":0.97265625,"val_acc":0.98046875,"_step":602,"final_train_acc":1,"_runtime":172.364047724,"3D Loss Surface":{"width":1522,"height":1266,"_type":"image-file","sha256":"58c5c821f30426a929dba53d53b9b61e6d3fbc64cc1e2460087dbe42dd8a6b94","size":452481,"path":"media/images/3D Loss Surface_601_58c5c821f30426a929db.png","format":"png"},"val_total_spikes":8442,"_timestamp":1.7466378978418381e+09,"2D Loss Contour":{"size":125633,"path":"media/images/2D Loss Contour_602_bea1931acdbbe118d788.png","format":"png","width":1596,"height":1176,"_type":"image-file","sha256":"bea1931acdbbe118d788d23eebf495cc66e4890306b84e87bebed88fde1c9c1f"},"val_loss":0.060117773711681366,"train_spikes_per_t":32.7890625,"train_total_spikes":8394,"train_acc":1,"train_loss":0.012473784387111664,"val_spikes_per_t":32.9765625,"_wandb":{"runtime":172},"final_val_acc":0.98046875}