{"_timestamp":1.7466650966282847e+09,"_wandb":{"runtime":103},"train_total_spikes":12050,"3D Loss Surface":{"format":"png","width":1575,"height":1266,"_type":"image-file","sha256":"284229228b34e13407b0c4ecada1dd3a80322f90287a05962ab0af5311ac304a","size":459625,"path":"media/images/3D Loss Surface_601_284229228b34e13407b0.png"},"final_test_acc":0.99609375,"final_train_acc":1,"val_loss":0.03872226923704147,"2D Loss Contour":{"path":"media/images/2D Loss Contour_602_be913c8ad58b01405797.png","format":"png","width":1649,"height":1176,"_type":"image-file","sha256":"be913c8ad58b01405797c6ddeab05cd649cc8133d34637e3af3b8b4d57564a8f","size":141806},"_step":602,"val_total_spikes":12206,"final_val_acc":0.98828125,"train_spikes_per_t":47.0703125,"val_acc":0.98828125,"val_spikes_per_t":47.6796875,"_runtime":103.492904118,"train_loss":0.00025436480063945055,"train_acc":1}