{"train_total_spikes":0,"val_total_spikes":0,"val_loss":0.5757388472557068,"_wandb":{"runtime":57},"val_spikes_per_t":NaN,"_timestamp":1.746603660171809e+09,"final_test_acc":0.82421875,"final_val_acc":0.77734375,"_runtime":57.18535048,"train_spikes_per_t":NaN,"3D Loss Surface":{"path":"media/images/3D Loss Surface_601_83c06568a3dba997f9fc.png","format":"png","width":1548,"height":1266,"_type":"image-file","sha256":"83c06568a3dba997f9fcaef0dedec80adfbca69dee9041515790e8bfa3048b1c","size":490186},"2D Loss Contour":{"path":"media/images/2D Loss Contour_602_9f8a4fdb8bbc52303663.png","format":"png","width":1622,"height":1176,"_type":"image-file","sha256":"9f8a4fdb8bbc523036635c20bfa9b03fa0910f4e97e9b92ee6e0a5174583d257","size":142331},"train_loss":0.011964769102633,"_step":602,"train_acc":1,"val_acc":0.77734375,"final_train_acc":1}