{"val_total_spikes":0,"val_loss":0.043219178915023804,"val_acc":0.984375,"train_acc":1,"final_val_acc":0.984375,"_runtime":32.073584417,"final_test_acc":0.96875,"_timestamp":1.74661281980735e+09,"_wandb":{"runtime":32},"3D Loss Surface":{"height":1266,"_type":"image-file","sha256":"5ba06d9dc6dbc19efe12e54d1d87d4f55db5b8d988c0d3fd34aecd48f9d81997","size":517161,"path":"media/images/3D Loss Surface_601_5ba06d9dc6dbc19efe12.png","format":"png","width":1575},"val_spikes_per_t":NaN,"2D Loss Contour":{"_type":"image-file","sha256":"4e003bdfa24838116215b194d7017748f6467b7387ee87b9e21240377bbd87ce","size":144371,"path":"media/images/2D Loss Contour_602_4e003bdfa24838116215.png","format":"png","width":1649,"height":1176},"train_loss":0.0008542104042135179,"_step":602,"train_spikes_per_t":NaN,"final_train_acc":1,"train_total_spikes":0}