{"final_val_acc":0.84765625,"_timestamp":1.7466706835979712e+09,"train_spikes_per_t":22.5625,"_runtime":159.792392531,"val_total_spikes":5755,"final_test_acc":0.82421875,"final_train_acc":0.99609375,"train_loss":0.04864118620753288,"val_acc":0.84765625,"_wandb":{"runtime":159},"train_total_spikes":5776,"2D Loss Contour":{"format":"png","width":1596,"height":1176,"_type":"image-file","sha256":"b1d269a30914ae9de40c2767cea493452bd56846add74e10ff87e97be006daab","size":120099,"path":"media/images/2D Loss Contour_602_b1d269a30914ae9de40c.png"},"train_acc":0.99609375,"_step":602,"3D Loss Surface":{"size":400780,"path":"media/images/3D Loss Surface_601_a8f36b618b580f0797df.png","format":"png","width":1522,"height":1266,"_type":"image-file","sha256":"a8f36b618b580f0797df7f384f5fd82cd88862f862ffb845074d310b2b4c8b7c"},"val_loss":0.4356161653995514,"val_spikes_per_t":22.48046875}