{"2D Loss Contour":{"sha256":"8b43b4170de07601803c58f03caefe96e844db385a46ae9de52eb3a347ce2bd0","size":128186,"path":"media/images/2D Loss Contour_602_8b43b4170de07601803c.png","format":"png","width":1623,"height":1176,"_type":"image-file"},"train_loss":0.3617329001426697,"final_test_acc":0.97265625,"_wandb":{"runtime":75},"train_total_spikes":17173,"final_val_acc":0.96484375,"train_spikes_per_t":67.08203125,"_timestamp":1.7465935571851993e+09,"train_acc":1,"val_spikes_per_t":66.33984375,"val_acc":0.96484375,"val_total_spikes":16983,"_runtime":75.111223557,"_step":602,"val_loss":0.383574515581131,"final_train_acc":1,"3D Loss Surface":{"size":477241,"path":"media/images/3D Loss Surface_601_0d10127fa0f703f852e6.png","format":"png","width":1549,"height":1266,"_type":"image-file","sha256":"0d10127fa0f703f852e675857f4b4a68001f9c0f8f124bd574042e03ba3a1b79"}}