{"val_spikes_per_t":NaN,"_runtime":31.659822338,"2D Loss Contour":{"height":1176,"_type":"image-file","sha256":"bdc100749ed2073cec993508579e441660dc29107d900979daf737cf46ca9765","size":134214,"path":"media/images/2D Loss Contour_602_bdc100749ed2073cec99.png","format":"png","width":1649},"val_loss":0.055447861552238464,"val_total_spikes":0,"_step":602,"train_loss":0.0011557633988559246,"final_train_acc":1,"_timestamp":1.7466134399880986e+09,"train_total_spikes":0,"final_test_acc":0.97265625,"final_val_acc":0.9765625,"val_acc":0.9765625,"train_acc":1,"3D Loss Surface":{"format":"png","width":1575,"height":1266,"_type":"image-file","sha256":"d55c2dbedc580e8b68c56c358ede4e06a4ae597ec0640098c162bb0fc229a487","size":424824,"path":"media/images/3D Loss Surface_601_d55c2dbedc580e8b68c5.png"},"_wandb":{"runtime":31},"train_spikes_per_t":NaN}