{"2D Loss Contour":{"width":1569,"height":1176,"_type":"image-file","sha256":"04d16fa33b2d126105c15354ec28b6faf4191323d4e62c49387ef80ff1cd2626","size":125734,"path":"media/images/2D Loss Contour_602_04d16fa33b2d126105c1.png","format":"png"},"_wandb":{"runtime":160},"train_total_spikes":12957,"train_loss":3.399080991744995,"3D Loss Surface":{"height":1266,"_type":"image-file","sha256":"07d20c2b7c41a93295ec04546d2578f79bc269a76f4e5941f7fb77c6033f074e","size":457431,"path":"media/images/3D Loss Surface_601_07d20c2b7c41a93295ec.png","format":"png","width":1522},"final_val_acc":0.5234375,"_runtime":160.118450741,"val_loss":3.287043571472168,"val_spikes_per_t":50.62890625,"_timestamp":1.7466721324640815e+09,"val_total_spikes":12961,"final_train_acc":0.53515625,"train_spikes_per_t":50.61328125,"train_acc":0.53515625,"val_acc":0.5234375,"_step":602,"final_test_acc":0.51953125}