{"_wandb":{"runtime":113},"val_acc":0.44140625,"3D Loss Surface":{"sha256":"3953781a1ac073bf1a524c6e503bfc1072edd3f05333993218607947341d735f","size":409891,"path":"media/images/3D Loss Surface_601_3953781a1ac073bf1a52.png","format":"png","width":1522,"height":1266,"_type":"image-file"},"val_spikes_per_t":112.45703125,"final_val_acc":0.44140625,"2D Loss Contour":{"_type":"image-file","sha256":"0d795799e94050191ced7554e5ac328ea937e8b85e9287c7206145fb0e6c1c5e","size":140763,"path":"media/images/2D Loss Contour_602_0d795799e94050191ced.png","format":"png","width":1570,"height":1176},"train_total_spikes":28664,"train_spikes_per_t":111.96875,"val_total_spikes":28789,"_step":602,"train_loss":1.2697854042053223,"final_train_acc":0.546875,"final_test_acc":0.46875,"train_acc":0.546875,"_timestamp":1.746563580005696e+09,"val_loss":1.5980679988861084,"_runtime":113.591320388}