{"final_test_acc":0.8125,"2D Loss Contour":{"path":"media/images/2D Loss Contour_602_ffd01133554206b2d8a9.png","format":"png","width":1596,"height":1176,"_type":"image-file","sha256":"ffd01133554206b2d8a9b69397a715d3d997bedec2c29120c1e42a1bb639a4f8","size":114986},"_runtime":57.369341365,"_wandb":{"runtime":57},"3D Loss Surface":{"sha256":"917a5bcf87f44cce389ba90a64e420d17e77573c294c9c26dcf01732405c2a33","size":352815,"path":"media/images/3D Loss Surface_601_917a5bcf87f44cce389b.png","format":"png","width":1522,"height":1266,"_type":"image-file"},"_step":602,"val_acc":0.75,"train_loss":0.004800827242434025,"train_acc":1,"train_spikes_per_t":NaN,"final_val_acc":0.75,"train_total_spikes":0,"_timestamp":1.7465997240176053e+09,"val_total_spikes":0,"val_loss":0.8028295636177063,"final_train_acc":1,"val_spikes_per_t":NaN}