{"val_loss":0.5297991037368774,"final_val_acc":0.8359375,"2D Loss Contour":{"size":117635,"path":"media/images/2D Loss Contour_602_fcf708e0f3d805e6928d.png","format":"png","width":1622,"height":1176,"_type":"image-file","sha256":"fcf708e0f3d805e6928df4327a1b57deb61db760d8632e0979741e9f4fe5a7f2"},"train_loss":0.028063137084245682,"_runtime":74.969055232,"train_acc":0.98828125,"3D Loss Surface":{"size":453007,"path":"media/images/3D Loss Surface_601_79337397940c57d6fa8f.png","format":"png","width":1548,"height":1266,"_type":"image-file","sha256":"79337397940c57d6fa8fd50f91c3628ca764bd9d2563d089e50a1647856b3f01"},"final_train_acc":0.98828125,"val_acc":0.8359375,"final_test_acc":0.8515625,"train_total_spikes":25420,"train_spikes_per_t":99.296875,"_timestamp":1.7466548141495314e+09,"_step":602,"val_total_spikes":25720,"val_spikes_per_t":100.46875,"_wandb":{"runtime":74}}