{"val_acc":0.6640625,"final_test_acc":0.69921875,"final_train_acc":0.828125,"train_total_spikes":31345,"_timestamp":1.7466186410930564e+09,"train_loss":0.40665945410728455,"train_acc":0.828125,"val_spikes_per_t":121.4765625,"2D Loss Contour":{"sha256":"a978b2010a08e5f926823e5eba623df45baa68d02ec79df4682f677b0860a945","size":137047,"path":"media/images/2D Loss Contour_602_a978b2010a08e5f92682.png","format":"png","width":1649,"height":1176,"_type":"image-file"},"_wandb":{"runtime":172},"_runtime":172.236224925,"val_total_spikes":31098,"_step":602,"val_loss":0.6640475988388062,"final_val_acc":0.6640625,"3D Loss Surface":{"_type":"image-file","sha256":"05d57b22789ee5910be3c0714cadbc8ac6909a5697a26cab259c1b921be446d1","size":521272,"path":"media/images/3D Loss Surface_601_05d57b22789ee5910be3.png","format":"png","width":1548,"height":1266},"train_spikes_per_t":122.44140625}