{"train_spikes_per_t":NaN,"val_total_spikes":0,"final_val_acc":0.76171875,"final_train_acc":1,"final_test_acc":0.79296875,"train_acc":1,"train_total_spikes":0,"train_loss":0.041248444467782974,"_step":602,"val_acc":0.76171875,"_timestamp":1.7465985652976289e+09,"_wandb":{"runtime":57},"val_spikes_per_t":NaN,"2D Loss Contour":{"size":122322,"path":"media/images/2D Loss Contour_602_e6ff27458ebe58ad5bdc.png","format":"png","width":1596,"height":1176,"_type":"image-file","sha256":"e6ff27458ebe58ad5bdc55e9010e516cecbfbc795cac73b846c2402a6177203c"},"val_loss":0.621290922164917,"_runtime":57.073673991,"3D Loss Surface":{"size":540307,"path":"media/images/3D Loss Surface_601_833b0ae1d5feea9e3330.png","format":"png","width":1548,"height":1266,"_type":"image-file","sha256":"833b0ae1d5feea9e3330aa581ad37f80b8542c8a060d044c72a8aecf79d96a5c"}}