{"2D Loss Contour":{"sha256":"9b626c6596e383f2e9da8f7ef62688380f4bb35b697c282d6277c8773880869e","size":129379,"path":"media/images/2D Loss Contour_602_9b626c6596e383f2e9da.png","format":"png","width":1649,"height":1176,"_type":"image-file"},"train_acc":1,"train_spikes_per_t":NaN,"final_train_acc":1,"final_test_acc":0.97265625,"train_loss":0.0013360935263335705,"_step":602,"_wandb":{"runtime":32},"_timestamp":1.7466099316113229e+09,"val_loss":0.05559200048446655,"val_total_spikes":0,"_runtime":32.182367294,"3D Loss Surface":{"height":1266,"_type":"image-file","sha256":"17c38cc25afb0ce9eb6142be360f35fc0f3c81b04608a1bb08e7d5b6699297ed","size":441256,"path":"media/images/3D Loss Surface_601_17c38cc25afb0ce9eb61.png","format":"png","width":1575},"final_val_acc":0.9765625,"val_spikes_per_t":NaN,"train_total_spikes":0,"val_acc":0.9765625}