{"_wandb":{"runtime":75},"_runtime":75.850736574,"val_total_spikes":18017,"_step":602,"val_acc":0.9921875,"train_acc":1,"train_spikes_per_t":71.30859375,"3D Loss Surface":{"sha256":"c18692f09b584854f65c2201e1f65d7f2977868f039de05615882854f7e4843f","size":475708,"path":"media/images/3D Loss Surface_601_c18692f09b584854f65c.png","format":"png","width":1548,"height":1266,"_type":"image-file"},"train_loss":0.0010579812806099653,"train_total_spikes":18255,"2D Loss Contour":{"_type":"image-file","sha256":"f7a1612e15f27d9787a05f772d3a795a0c7507e5538c00f09a8773c3383c2af6","size":117407,"path":"media/images/2D Loss Contour_602_f7a1612e15f27d9787a0.png","format":"png","width":1622,"height":1176},"_timestamp":1.7465918052695472e+09,"val_spikes_per_t":70.37890625,"val_loss":0.025837959721684456,"final_val_acc":0.9921875,"final_train_acc":1,"final_test_acc":0.98828125}