{"final_train_acc":1,"val_loss":0.648951530456543,"val_spikes_per_t":NaN,"val_acc":0.7734375,"train_spikes_per_t":NaN,"_runtime":56.663721185,"_step":602,"final_val_acc":0.7734375,"train_total_spikes":0,"2D Loss Contour":{"sha256":"c3e2fb021f3dcab40496440df76750a523b30d695c0125c048d425d747829463","size":121230,"path":"media/images/2D Loss Contour_602_c3e2fb021f3dcab40496.png","format":"png","width":1623,"height":1176,"_type":"image-file"},"final_test_acc":0.76171875,"train_acc":1,"3D Loss Surface":{"sha256":"acc364e12bc64d8439a2efea96fc33ef236dc164f18d9a70429257d648d2f77d","size":386548,"path":"media/images/3D Loss Surface_601_acc364e12bc64d8439a2.png","format":"png","width":1548,"height":1266,"_type":"image-file"},"val_total_spikes":0,"train_loss":0.006165212020277977,"_timestamp":1.746603312783654e+09,"_wandb":{"runtime":56}}