{"val_acc":0.91796875,"_timestamp":1.7466219253187807e+09,"_step":602,"val_spikes_per_t":30.2421875,"train_loss":0.03910713642835617,"train_spikes_per_t":30.83203125,"final_train_acc":0.99609375,"val_total_spikes":7742,"_runtime":172.760914277,"train_total_spikes":7893,"2D Loss Contour":{"sha256":"26a5a1eae99d26a271267321b3c787c71b180528e5481125d8ab48775df58af9","size":126777,"path":"media/images/2D Loss Contour_602_26a5a1eae99d26a27126.png","format":"png","width":1596,"height":1176,"_type":"image-file"},"val_loss":0.22155888378620148,"_wandb":{"runtime":172},"train_acc":0.99609375,"final_test_acc":0.89453125,"final_val_acc":0.91796875,"3D Loss Surface":{"size":445343,"path":"media/images/3D Loss Surface_601_91d080abaf102a917613.png","format":"png","width":1522,"height":1266,"_type":"image-file","sha256":"91d080abaf102a917613b3715c1b93f81794b10c81276ee1afd1e3eb910081c2"}}