{"_wandb":{"runtime":113},"2D Loss Contour":{"size":136496,"path":"media/images/2D Loss Contour_602_f6c9865bc8d498a757e4.png","format":"png","width":1622,"height":1176,"_type":"image-file","sha256":"f6c9865bc8d498a757e44061a711ee9ad35e2bacc7cba31378c1f16c9ad09f6c"},"_timestamp":1.7465646080468469e+09,"final_train_acc":1,"train_spikes_per_t":103.890625,"final_val_acc":0.96875,"train_acc":1,"3D Loss Surface":{"size":434147,"path":"media/images/3D Loss Surface_601_604e22f6ca99bd940ecd.png","format":"png","width":1522,"height":1266,"_type":"image-file","sha256":"604e22f6ca99bd940ecdc78369170d52c1d22458a180e268cb8776cec6df2c2b"},"val_total_spikes":26361,"train_loss":0.026663877069950104,"val_spikes_per_t":102.97265625,"val_loss":0.10408549755811691,"train_total_spikes":26596,"_step":602,"_runtime":113.202780366,"final_test_acc":0.984375,"val_acc":0.96875}