{"val_loss":0.030412249267101288,"3D Loss Surface":{"path":"media/images/3D Loss Surface_601_f1961702475996d20ece.png","format":"png","width":1548,"height":1266,"_type":"image-file","sha256":"f1961702475996d20ece29b9920233b8096b0cf85d546d5c6a1e625d537754ab","size":410471},"final_val_acc":0.9921875,"_wandb":{"runtime":114},"val_acc":0.9921875,"_step":602,"2D Loss Contour":{"path":"media/images/2D Loss Contour_602_a7b11f753ce56e80bf0e.png","format":"png","width":1623,"height":1176,"_type":"image-file","sha256":"a7b11f753ce56e80bf0ee3e0d03b0ac09d4035b8f575521f0c05bd5909825053","size":109552},"_runtime":114.690337593,"train_total_spikes":18868,"final_train_acc":1,"train_loss":0.002119423821568489,"val_spikes_per_t":73.0625,"_timestamp":1.74657211350492e+09,"final_test_acc":0.9765625,"train_acc":1,"train_spikes_per_t":73.703125,"val_total_spikes":18704}