{"final_test_acc":0.48046875,"_timestamp":1.7465746402523055e+09,"2D Loss Contour":{"width":1596,"height":1176,"_type":"image-file","sha256":"04587e340b7577129967795029b3cf865014686c757f7156ef30a0a9291ff869","size":123699,"path":"media/images/2D Loss Contour_602_04587e340b7577129967.png","format":"png"},"final_train_acc":0.51953125,"val_acc":0.5,"final_val_acc":0.5,"_runtime":114.155145745,"val_spikes_per_t":74.796875,"_wandb":{"runtime":114},"train_total_spikes":18885,"3D Loss Surface":{"height":1266,"_type":"image-file","sha256":"9b244df56c144736db6b0ae77780b706ef3cd616cf54e5d6788147247138990e","size":422996,"path":"media/images/3D Loss Surface_601_9b244df56c144736db6b.png","format":"png","width":1522},"train_acc":0.51953125,"val_loss":0.5289135575294495,"train_loss":0.4415234923362732,"val_total_spikes":19148,"_step":602,"train_spikes_per_t":73.76953125}