{"train_spikes_per_t":54.88671875,"_step":602,"train_loss":0.03414825350046158,"train_total_spikes":14051,"_runtime":157.177154522,"3D Loss Surface":{"size":423717,"path":"media/images/3D Loss Surface_601_15e0c45c1684316d2b1a.png","format":"png","width":1522,"height":1266,"_type":"image-file","sha256":"15e0c45c1684316d2b1a223db68a40e73f692a82eac4edc06a5a6990c8abcc71"},"final_test_acc":0.7734375,"val_loss":0.47244054079055786,"val_acc":0.81640625,"final_val_acc":0.81640625,"2D Loss Contour":{"format":"png","width":1596,"height":1176,"_type":"image-file","sha256":"5999c9c5d1b7cc1c49904d030b3ead7ac4db3354445526099a60760d71923175","size":134132,"path":"media/images/2D Loss Contour_602_5999c9c5d1b7cc1c4990.png"},"val_spikes_per_t":55.42578125,"_timestamp":1.746665152376661e+09,"_wandb":{"runtime":157},"val_total_spikes":14189,"final_train_acc":0.99609375,"train_acc":0.99609375}