{"final_train_acc":1,"val_total_spikes":0,"val_spikes_per_t":NaN,"train_total_spikes":0,"val_acc":0.78515625,"3D Loss Surface":{"sha256":"a59d7113fcc89a6d7b8dfda6cc657e3fe717911be83328efb5a8b89419f7ab84","size":511432,"path":"media/images/3D Loss Surface_601_a59d7113fcc89a6d7b8d.png","format":"png","width":1548,"height":1266,"_type":"image-file"},"_runtime":60.748038606,"train_spikes_per_t":NaN,"_wandb":{"runtime":60},"_step":602,"train_acc":1,"_timestamp":1.7465960607081885e+09,"train_loss":0.010328776203095913,"val_loss":0.6525120735168457,"final_test_acc":0.8125,"final_val_acc":0.78515625,"2D Loss Contour":{"path":"media/images/2D Loss Contour_602_4d018a424eabe01a43e6.png","format":"png","width":1623,"height":1176,"_type":"image-file","sha256":"4d018a424eabe01a43e65579a0fdc463a47600d9b2d179aa5ca5e0675b4cf663","size":131185}}