{"val_total_spikes":12993,"train_total_spikes":13039,"_runtime":100.979450271,"_step":602,"3D Loss Surface":{"size":398237,"path":"media/images/3D Loss Surface_601_d5d5e086bbb668b64061.png","format":"png","width":1548,"height":1266,"_type":"image-file","sha256":"d5d5e086bbb668b6406150011560e225b74d2452f3dc44a1cb2141f18ddf308b"},"train_loss":0.3659970164299011,"val_acc":0.62109375,"train_spikes_per_t":50.93359375,"2D Loss Contour":{"_type":"image-file","sha256":"308ea2c7f760e98d098a914fc5f3e08104ecc9a931aba5c1d6515c9eed5fc523","size":124781,"path":"media/images/2D Loss Contour_602_308ea2c7f760e98d098a.png","format":"png","width":1596,"height":1176},"val_loss":0.864768385887146,"val_spikes_per_t":50.75390625,"final_test_acc":0.640625,"final_train_acc":0.828125,"final_val_acc":0.62109375,"_timestamp":1.7466608479912424e+09,"_wandb":{"runtime":100},"train_acc":0.828125}