{"final_train_acc":0.63671875,"train_acc":0.63671875,"val_acc":0.59375,"val_loss":2.654024124145508,"_step":602,"val_total_spikes":9725,"train_spikes_per_t":37.67578125,"train_total_spikes":9645,"_timestamp":1.7466580737492695e+09,"final_val_acc":0.59375,"val_spikes_per_t":37.98828125,"train_loss":2.3999619483947754,"2D Loss Contour":{"size":122739,"path":"media/images/2D Loss Contour_602_7d0e06f80560c29fe85f.png","format":"png","width":1596,"height":1176,"_type":"image-file","sha256":"7d0e06f80560c29fe85f3fafbb484d34d1c9f8a145a10a606ba5b10f1b83ef6f"},"_runtime":168.285859153,"_wandb":{"runtime":168},"final_test_acc":0.51171875,"3D Loss Surface":{"path":"media/images/3D Loss Surface_601_04d5cc8403b8d87cf7e1.png","format":"png","width":1522,"height":1266,"_type":"image-file","sha256":"04d5cc8403b8d87cf7e1b52e50df3728d04d41754eddbbb87478715537f0c716","size":406514}}