{"final_train_acc":1,"_wandb":{"runtime":32},"train_acc":1,"val_acc":0.9453125,"final_val_acc":0.9453125,"val_total_spikes":0,"val_loss":0.1825011968612671,"final_test_acc":0.96875,"2D Loss Contour":{"size":151779,"path":"media/images/2D Loss Contour_602_8968adca8302cb35cba5.png","format":"png","width":1649,"height":1176,"_type":"image-file","sha256":"8968adca8302cb35cba5abd36e5a3bba244e7bd119cd88a4741a0976e93b3bb2"},"train_loss":0.0008962669526226819,"val_spikes_per_t":NaN,"_timestamp":1.7466081885738082e+09,"train_total_spikes":0,"_step":602,"train_spikes_per_t":NaN,"3D Loss Surface":{"height":1266,"_type":"image-file","sha256":"70355d553ea33a348228bf82f992b700ca333f9927e1edf81fc47d94f3c328f3","size":465167,"path":"media/images/3D Loss Surface_601_70355d553ea33a348228.png","format":"png","width":1575},"_runtime":32.318911897}