{"final_train_acc":0.69921875,"final_test_acc":0.5859375,"train_total_spikes":2693,"val_spikes_per_t":10.671875,"_wandb":{"runtime":86},"train_acc":0.69921875,"val_loss":0.6306320428848267,"val_total_spikes":2732,"_timestamp":1.7466751640517724e+09,"_step":602,"2D Loss Contour":{"sha256":"6ca91854e319e5b855d95998f590a3a3b776012a0224e81fc80fe0eae543a677","size":126091,"path":"media/images/2D Loss Contour_602_6ca91854e319e5b855d9.png","format":"png","width":1596,"height":1176,"_type":"image-file"},"train_spikes_per_t":10.51953125,"final_val_acc":0.65625,"_runtime":86.696665211,"val_acc":0.65625,"3D Loss Surface":{"format":"png","width":1522,"height":1266,"_type":"image-file","sha256":"89a55fc4091d1743e3860514ab5e46c817602f513473dd63d91d7b33aa3ce1b7","size":458508,"path":"media/images/3D Loss Surface_601_89a55fc4091d1743e386.png"},"train_loss":0.5818061828613281}