{"train_loss":0.009594294242560863,"train_total_spikes":36495,"_timestamp":1.746571363558755e+09,"_wandb":{"runtime":113},"final_test_acc":0.984375,"3D Loss Surface":{"format":"png","width":1548,"height":1266,"_type":"image-file","sha256":"a41783259a79dc72a9d6603d3659a580ce9ccb7e5eb01e94c3a9e5beb4def2d3","size":436574,"path":"media/images/3D Loss Surface_601_a41783259a79dc72a9d6.png"},"val_spikes_per_t":143.2578125,"_runtime":113.543096378,"val_acc":0.984375,"final_val_acc":0.984375,"2D Loss Contour":{"_type":"image-file","sha256":"621b59a984ffe2ff2ae93ea9b33ad4e93016dc08c5dd6d403db0c8a0f73c6ea0","size":112842,"path":"media/images/2D Loss Contour_602_621b59a984ffe2ff2ae9.png","format":"png","width":1596,"height":1176},"val_total_spikes":36674,"train_acc":1,"train_spikes_per_t":142.55859375,"_step":602,"final_train_acc":1,"val_loss":0.03497660532593727}