{"2D Loss Contour":{"format":"png","width":1596,"height":1176,"_type":"image-file","sha256":"08adbfdeaaccd4818168b1de7066b43a23af512d8303c45992e2500710b4a893","size":136907,"path":"media/images/2D Loss Contour_602_08adbfdeaaccd4818168.png"},"_timestamp":1.7465971151626325e+09,"val_total_spikes":0,"_wandb":{"runtime":57},"train_acc":0.671875,"val_acc":0.5390625,"3D Loss Surface":{"path":"media/images/3D Loss Surface_601_309504ad914b18bb5b4e.png","format":"png","width":1522,"height":1266,"_type":"image-file","sha256":"309504ad914b18bb5b4eaffb383f20477686731e88dafb2c22b4e010f3f20b11","size":439067},"train_loss":1.7068562507629395,"val_spikes_per_t":NaN,"train_total_spikes":0,"train_spikes_per_t":NaN,"val_loss":3.024113893508911,"final_val_acc":0.5390625,"final_test_acc":0.4765625,"final_train_acc":0.671875,"_step":602,"_runtime":57.202570244}