{"_timestamp":1.7466747120604494e+09,"val_total_spikes":6138,"val_acc":0.90234375,"2D Loss Contour":{"_type":"image-file","sha256":"4fc7e4051a80f2cc7603e9bd942b805384f5596c976207d03e29e8b703a9acc9","size":120535,"path":"media/images/2D Loss Contour_602_4fc7e4051a80f2cc7603.png","format":"png","width":1596,"height":1176},"final_test_acc":0.8828125,"3D Loss Surface":{"sha256":"fd8c8ddb709cf081fdcfdbb035ef882fc12bfa71d39e7e25cc90f81c1f1a0ce2","size":422414,"path":"media/images/3D Loss Surface_601_fd8c8ddb709cf081fdcf.png","format":"png","width":1548,"height":1266,"_type":"image-file"},"train_spikes_per_t":23.59765625,"train_acc":1,"_step":602,"final_train_acc":1,"val_loss":0.24620303511619568,"_wandb":{"runtime":160},"final_val_acc":0.90234375,"_runtime":160.798799311,"train_loss":0.009750043042004108,"train_total_spikes":6041,"val_spikes_per_t":23.9765625}