{"final_val_acc":0.66796875,"val_acc":0.66796875,"_runtime":57.598817612,"final_test_acc":0.734375,"train_loss":0.030415859073400497,"train_total_spikes":0,"val_total_spikes":0,"3D Loss Surface":{"height":1266,"_type":"image-file","sha256":"245acfe0f18caec5d4b2fb6b05cbbe36d9c5122237f86c372863637064882850","size":318634,"path":"media/images/3D Loss Surface_601_245acfe0f18caec5d4b2.png","format":"png","width":1548},"train_acc":1,"val_spikes_per_t":NaN,"final_train_acc":1,"2D Loss Contour":{"path":"media/images/2D Loss Contour_602_977a99a57d92835f4903.png","format":"png","width":1623,"height":1176,"_type":"image-file","sha256":"977a99a57d92835f49039ed30df15348470add5d57ca71a0c7ac3e1bf241c20b","size":144310},"_timestamp":1.7465970573953404e+09,"train_spikes_per_t":NaN,"_wandb":{"runtime":57},"_step":602,"val_loss":0.9683780074119568}