{"final_test_acc":0.5390625,"train_total_spikes":0,"_timestamp":1.7466708192162142e+09,"train_acc":0.58984375,"3D Loss Surface":{"width":1548,"height":1266,"_type":"image-file","sha256":"bbaf285775f0be9e2c4f97ec0518dfd01446ffcdf52b8547650cb1ff65bbc2ad","size":370657,"path":"media/images/3D Loss Surface_601_bbaf285775f0be9e2c4f.png","format":"png"},"train_loss":3.716326951980591,"val_loss":4.687765598297119,"val_total_spikes":0,"_step":602,"_runtime":42.972425722,"val_spikes_per_t":NaN,"val_acc":0.5390625,"final_train_acc":0.58984375,"train_spikes_per_t":NaN,"final_val_acc":0.5390625,"2D Loss Contour":{"format":"png","width":1596,"height":1176,"_type":"image-file","sha256":"964bb942714c20266591e53eb00f32cbe62ce8d928d8e09bebf7c9ba084d7e5e","size":128611,"path":"media/images/2D Loss Contour_602_964bb942714c20266591.png"},"_wandb":{"runtime":42}}