{"2D Loss Contour":{"sha256":"0557f7af814e923ca9e4e3f6d83bdef4d5e0e05a21a54ab3bef9ed5401628879","size":111351,"path":"media/images/2D Loss Contour_602_0557f7af814e923ca9e4.png","format":"png","width":1623,"height":1176,"_type":"image-file"},"_step":602,"train_total_spikes":9833,"train_acc":1,"_wandb":{"runtime":173},"val_spikes_per_t":38.2734375,"_runtime":173.193011329,"final_val_acc":0.90234375,"val_total_spikes":9798,"final_train_acc":1,"3D Loss Surface":{"format":"png","width":1548,"height":1266,"_type":"image-file","sha256":"fb477d9c52305d95358782ce0c954aeb990569f6e3e0bb62fe816695813c9623","size":451529,"path":"media/images/3D Loss Surface_601_fb477d9c52305d953587.png"},"val_loss":0.2939208447933197,"train_loss":0.02224549651145935,"final_test_acc":0.890625,"val_acc":0.90234375,"train_spikes_per_t":38.41015625,"_timestamp":1.7466321771934228e+09}