{"_wandb":{"runtime":113},"val_spikes_per_t":130.625,"train_total_spikes":34283,"train_acc":1,"_runtime":113.35557962,"train_spikes_per_t":133.91796875,"val_acc":0.9921875,"val_loss":0.021203627809882164,"final_train_acc":1,"final_val_acc":0.9921875,"val_total_spikes":33440,"3D Loss Surface":{"_type":"image-file","sha256":"c4dcde748f645f97b5f3ddebe36b6b66868e1eefab11a3974b493b92d9037f9d","size":431485,"path":"media/images/3D Loss Surface_601_c4dcde748f645f97b5f3.png","format":"png","width":1548,"height":1266},"train_loss":0.005030286032706499,"_timestamp":1.7465639226281636e+09,"_step":602,"2D Loss Contour":{"size":110589,"path":"media/images/2D Loss Contour_602_41fa9c0bb2d89aa5d5f5.png","format":"png","width":1622,"height":1176,"_type":"image-file","sha256":"41fa9c0bb2d89aa5d5f51ce5a15488e74bb28e5bf4c49cbe19ad87b23f9118bd"},"final_test_acc":1}