{"train_loss":0.19388513267040253,"val_acc":0.7890625,"final_test_acc":0.81640625,"_runtime":172.271215279,"final_val_acc":0.7890625,"_timestamp":1.746640326648268e+09,"val_spikes_per_t":72.92578125,"final_train_acc":0.921875,"_step":602,"val_total_spikes":18669,"_wandb":{"runtime":172},"2D Loss Contour":{"_type":"image-file","sha256":"5ea72809eb1584528feb14f0b30dae95c3ec7b2f32674c9953ac1787077da422","size":116758,"path":"media/images/2D Loss Contour_602_5ea72809eb1584528feb.png","format":"png","width":1622,"height":1176},"train_total_spikes":18756,"val_loss":0.5205612778663635,"3D Loss Surface":{"sha256":"a1b9186a7aa1cbb2e2c96646dfcfbc642afc1bfa684f546d9dde5910c020868d","size":477883,"path":"media/images/3D Loss Surface_601_a1b9186a7aa1cbb2e2c9.png","format":"png","width":1548,"height":1266,"_type":"image-file"},"train_spikes_per_t":73.265625,"train_acc":0.921875}