{"train_loss":0.2602190673351288,"final_train_acc":0.91796875,"final_test_acc":0.7578125,"_runtime":172.364941687,"train_total_spikes":10977,"train_spikes_per_t":42.87890625,"_timestamp":1.746648661415551e+09,"val_loss":0.47535595297813416,"3D Loss Surface":{"path":"media/images/3D Loss Surface_601_1721844a52513fb1ba1c.png","format":"png","width":1548,"height":1266,"_type":"image-file","sha256":"1721844a52513fb1ba1cb366a22577e970f07c4272fdf6c936e0043cd5f035b1","size":438050},"final_val_acc":0.8046875,"_step":602,"val_total_spikes":11014,"val_spikes_per_t":43.0234375,"2D Loss Contour":{"path":"media/images/2D Loss Contour_602_0469f8ffb9f0c5cfd8a9.png","format":"png","width":1622,"height":1176,"_type":"image-file","sha256":"0469f8ffb9f0c5cfd8a9fe239c1052e98fbf510d3fc6851ed08b01d02fe6e231","size":126260},"train_acc":0.91796875,"val_acc":0.8046875,"_wandb":{"runtime":172}}