{"val_total_spikes":0,"_step":602,"train_spikes_per_t":NaN,"train_loss":0.002785773016512394,"val_loss":0.07008494436740875,"3D Loss Surface":{"path":"media/images/3D Loss Surface_601_37881c42920e3aa47ef0.png","format":"png","width":1575,"height":1266,"_type":"image-file","sha256":"37881c42920e3aa47ef0ee2a893920405a0c8a38c24ba68bcacabcd645982329","size":519572},"train_total_spikes":0,"final_train_acc":1,"final_val_acc":0.96484375,"_runtime":32.146487731,"val_acc":0.96484375,"train_acc":1,"_wandb":{"runtime":32},"final_test_acc":0.95703125,"2D Loss Contour":{"path":"media/images/2D Loss Contour_602_e2c5812626fdcdffece4.png","format":"png","width":1675,"height":1176,"_type":"image-file","sha256":"e2c5812626fdcdffece411f8eddda9824af5ff83cd4ee0f6cc327b982a67a6c8","size":155822},"_timestamp":1.7466089462484744e+09,"val_spikes_per_t":NaN}