{"3D Loss Surface":{"size":560941,"path":"media/images/3D Loss Surface_601_e884c598558547c8b861.png","format":"png","width":1575,"height":1266,"_type":"image-file","sha256":"e884c598558547c8b86182b389282e630238214a20c240d54e6193e2436f9c91"},"train_loss":0.00021324357658158988,"final_val_acc":0.984375,"_step":602,"2D Loss Contour":{"_type":"image-file","sha256":"656f05452cd6da18653d5abd83b6b50a1842e7c2a51046ee7ec945ebf8bb36e1","size":120804,"path":"media/images/2D Loss Contour_602_656f05452cd6da18653d.png","format":"png","width":1623,"height":1176},"train_spikes_per_t":55.3359375,"train_acc":1,"val_spikes_per_t":55.87109375,"train_total_spikes":14166,"final_train_acc":1,"_runtime":102.03499013,"val_loss":0.027887046337127686,"final_test_acc":0.98046875,"val_acc":0.984375,"val_total_spikes":14303,"_wandb":{"runtime":102},"_timestamp":1.746667893485135e+09}