{"final_val_acc":0.7578125,"2D Loss Contour":{"format":"png","width":1596,"height":1176,"_type":"image-file","sha256":"a894f12e8a204385439e1ee9b10c3c475212bef0e7c2749c4179d86c2b6d2c28","size":110567,"path":"media/images/2D Loss Contour_602_a894f12e8a204385439e.png"},"_runtime":110.417591018,"3D Loss Surface":{"size":384448,"path":"media/images/3D Loss Surface_601_54a0653bcdb325af30ee.png","format":"png","width":1522,"height":1266,"_type":"image-file","sha256":"54a0653bcdb325af30eed61b8cf5e0b792e4e6c84e7e52cef93af2dd5f70dd4b"},"final_test_acc":0.73828125,"train_spikes_per_t":169.87109375,"train_loss":0.44877034425735474,"train_total_spikes":43487,"val_acc":0.7578125,"_timestamp":1.7466528343769765e+09,"val_loss":0.6021302342414856,"_wandb":{"runtime":110},"final_train_acc":0.8203125,"_step":602,"val_total_spikes":44361,"val_spikes_per_t":173.28515625,"train_acc":0.8203125}