{"2D Loss Contour":{"path":"media/images/2D Loss Contour_602_eac68220b89a9533a681.png","format":"png","width":1569,"height":1176,"_type":"image-file","sha256":"eac68220b89a9533a681390d5d31acf6839cf104e7716776f9d45275d44ee924","size":133256},"train_total_spikes":0,"val_total_spikes":0,"final_val_acc":0.56640625,"_step":602,"final_train_acc":0.77734375,"_wandb":{"runtime":66},"train_acc":0.77734375,"val_spikes_per_t":NaN,"val_acc":0.56640625,"final_test_acc":0.52734375,"train_loss":0.8476089835166931,"3D Loss Surface":{"height":1266,"_type":"image-file","sha256":"1ca50a75e7442fa186691cb1ada4bbbc778316be308d68315bf671ab3b0e7637","size":421522,"path":"media/images/3D Loss Surface_601_1ca50a75e7442fa18669.png","format":"png","width":1522},"train_spikes_per_t":NaN,"_timestamp":1.746480253814076e+09,"_runtime":66.338872334,"val_loss":2.4905943870544434}