{"train_acc":1,"_runtime":161.462001522,"val_spikes_per_t":24.31640625,"train_total_spikes":6341,"val_total_spikes":6225,"2D Loss Contour":{"format":"png","width":1622,"height":1176,"_type":"image-file","sha256":"c9f8042da01ffc8d1af8938d45f88f22594a16e701171d26d2cacd5a21740d95","size":135669,"path":"media/images/2D Loss Contour_602_c9f8042da01ffc8d1af8.png"},"train_loss":0.00121502042748034,"_wandb":{"runtime":161},"final_val_acc":0.96484375,"final_test_acc":0.96484375,"_step":602,"val_acc":0.96484375,"_timestamp":1.7466818262870238e+09,"train_spikes_per_t":24.76953125,"final_train_acc":1,"val_loss":0.08182594180107117,"3D Loss Surface":{"sha256":"c63f321d5158ded05e5ab7aba5b0b7ee92d4a8b19dc0888125fcb45127270f9f","size":400161,"path":"media/images/3D Loss Surface_601_c63f321d5158ded05e5a.png","format":"png","width":1548,"height":1266,"_type":"image-file"}}