{"val_loss":0.573066234588623,"train_total_spikes":0,"val_total_spikes":0,"_runtime":57.291308782,"final_train_acc":1,"train_loss":0.012250464409589767,"_step":602,"final_val_acc":0.8046875,"_timestamp":1.7465978693358877e+09,"final_test_acc":0.82421875,"val_spikes_per_t":NaN,"val_acc":0.8046875,"3D Loss Surface":{"_type":"image-file","sha256":"c345149fef2f49436c02474cc0b2ff3b8db9083290e549c33fec51497abc64f8","size":309821,"path":"media/images/3D Loss Surface_601_c345149fef2f49436c02.png","format":"png","width":1548,"height":1266},"train_spikes_per_t":NaN,"2D Loss Contour":{"size":143753,"path":"media/images/2D Loss Contour_602_0ebc8bad0495b1f9d188.png","format":"png","width":1649,"height":1176,"_type":"image-file","sha256":"0ebc8bad0495b1f9d1887d33e1744ae0abbc67f43fd7bb9703d8dcd8e27dec93"},"train_acc":1,"_wandb":{"runtime":57}}