{"val_total_spikes":0,"_wandb":{"runtime":32},"_timestamp":1.746612622810266e+09,"final_test_acc":0.9609375,"2D Loss Contour":{"_type":"image-file","sha256":"37ae48058823378c6785d3d332118cbc4b734fa71f4cdf505d0d0e9c6141daa9","size":153099,"path":"media/images/2D Loss Contour_602_37ae48058823378c6785.png","format":"png","width":1649,"height":1176},"val_loss":0.03598036617040634,"_step":602,"val_acc":0.99609375,"final_train_acc":1,"final_val_acc":0.99609375,"train_acc":1,"train_total_spikes":0,"3D Loss Surface":{"size":503064,"path":"media/images/3D Loss Surface_601_197c5da40ffc29fde2da.png","format":"png","width":1575,"height":1266,"_type":"image-file","sha256":"197c5da40ffc29fde2da51cf2b590f1187d43cd3d04dcc854b8a7b1c3448dcaf"},"train_spikes_per_t":NaN,"_runtime":32.650571518,"train_loss":0.0009986134245991707,"val_spikes_per_t":NaN}