{"2D Loss Contour":{"path":"media/images/2D Loss Contour_602_406d54416d6c6da66fe4.png","format":"png","width":1543,"height":1176,"_type":"image-file","sha256":"406d54416d6c6da66fe48286a83fb12b51759d4b8acff6126f49730a1b902cbe","size":130605},"val_loss":4.634038925170898,"val_spikes_per_t":56.140625,"_timestamp":1.7464838663980124e+09,"val_acc":0.5546875,"_step":602,"final_val_acc":0.5546875,"final_test_acc":0.5078125,"val_total_spikes":14372,"_wandb":{"runtime":162},"train_total_spikes":14318,"final_train_acc":0.5546875,"_runtime":162.411646395,"train_loss":5.034400939941406,"train_acc":0.5546875,"train_spikes_per_t":55.9296875,"3D Loss Surface":{"size":445737,"path":"media/images/3D Loss Surface_601_46015ad4cf6f38f822d7.png","format":"png","width":1495,"height":1266,"_type":"image-file","sha256":"46015ad4cf6f38f822d7778be825fbfd97f9e0adb621a194966822468164ced2"}}