{"_step":602,"final_test_acc":0.90234375,"_wandb":{"runtime":172},"3D Loss Surface":{"height":1266,"_type":"image-file","sha256":"45c6ff13d5e6ff3c0b87c3a887e84658c082483a405ee2960ddf4043bab97887","size":428955,"path":"media/images/3D Loss Surface_601_45c6ff13d5e6ff3c0b87.png","format":"png","width":1522},"_runtime":172.895071943,"val_total_spikes":7983,"_timestamp":1.7466446661899812e+09,"train_spikes_per_t":31.35546875,"train_acc":1,"val_spikes_per_t":31.18359375,"val_acc":0.92578125,"train_total_spikes":8027,"final_val_acc":0.92578125,"2D Loss Contour":{"size":122159,"path":"media/images/2D Loss Contour_602_46c8aa99c2e3d75cfb30.png","format":"png","width":1596,"height":1176,"_type":"image-file","sha256":"46c8aa99c2e3d75cfb30cf6de693d08ed5f49eeae8960ec9e45b035e7394bb85"},"final_train_acc":1,"train_loss":0.005432065576314926,"val_loss":0.19614753127098083}