{"val_loss":0.06410877406597137,"_timestamp":1.7466076954084518e+09,"train_spikes_per_t":NaN,"val_total_spikes":0,"val_acc":0.97265625,"train_acc":1,"val_spikes_per_t":NaN,"final_train_acc":1,"_runtime":32.151108179,"final_val_acc":0.97265625,"_wandb":{"runtime":32},"train_total_spikes":0,"final_test_acc":0.96875,"2D Loss Contour":{"path":"media/images/2D Loss Contour_602_c78b2ced06b8ecbfc886.png","format":"png","width":1649,"height":1176,"_type":"image-file","sha256":"c78b2ced06b8ecbfc88681c5f9c10c5d0dfa05c053f26cf0175b323f833dc0fa","size":155972},"_step":602,"train_loss":0.002412497065961361,"3D Loss Surface":{"format":"png","width":1575,"height":1266,"_type":"image-file","sha256":"a460343f57aef15aea1dfb79cf69fc7b124384ab16e7ff6335acfd6193b92c36","size":527022,"path":"media/images/3D Loss Surface_601_a460343f57aef15aea1d.png"}}