{"train_loss":0.16204407811164856,"final_test_acc":0.7890625,"_step":602,"train_acc":0.94921875,"final_train_acc":0.94921875,"2D Loss Contour":{"height":1176,"_type":"image-file","sha256":"8c01b3440ba51793055fc56280089fb87e6983fa455d23bf89b6db04da3e5cf7","size":140234,"path":"media/images/2D Loss Contour_602_8c01b3440ba51793055f.png","format":"png","width":1569},"train_spikes_per_t":167.59375,"val_spikes_per_t":168.9765625,"val_acc":0.79296875,"final_val_acc":0.79296875,"val_total_spikes":43258,"val_loss":0.6214287877082825,"_wandb":{"runtime":61},"3D Loss Surface":{"format":"png","width":1522,"height":1266,"_type":"image-file","sha256":"03aefbb1010d5588e0759e8e91bf8c232bd9cc752d5dfc7033e007e2f9cba5ba","size":475822,"path":"media/images/3D Loss Surface_601_03aefbb1010d5588e075.png"},"_timestamp":1.746667838352037e+09,"train_total_spikes":42904,"_runtime":61.710718335}