{"train_spikes_per_t":67.62890625,"final_val_acc":1,"val_spikes_per_t":67.8359375,"final_test_acc":0.9921875,"_runtime":102.258108725,"train_acc":1,"val_total_spikes":17366,"final_train_acc":1,"train_total_spikes":17313,"_wandb":{"runtime":102},"3D Loss Surface":{"path":"media/images/3D Loss Surface_601_a60957ff9a3f3f68839e.png","format":"png","width":1575,"height":1266,"_type":"image-file","sha256":"a60957ff9a3f3f68839e202abe78e6ff882dbc28cd5d0a9d1ad830fb559b3fef","size":462129},"train_loss":0.00021171863772906363,"2D Loss Contour":{"sha256":"f102fd610101db065aadf26cfddf549130211e00da4debc233f3d9472022ebf0","size":126009,"path":"media/images/2D Loss Contour_602_f102fd610101db065aad.png","format":"png","width":1649,"height":1176,"_type":"image-file"},"val_acc":1,"val_loss":0.013724196702241898,"_step":602,"_timestamp":1.7466610638746183e+09}