{"3D Loss Surface":{"sha256":"b2805628533ee24f6c166561e734720e301aaa6bb8fba5dd5ad3f48b2fd9f762","size":353449,"path":"media/images/3D Loss Surface_601_b2805628533ee24f6c16.png","format":"png","width":1548,"height":1266,"_type":"image-file"},"final_val_acc":0.75,"train_spikes_per_t":NaN,"train_total_spikes":0,"val_acc":0.75,"train_loss":0.0501471608877182,"final_train_acc":0.9921875,"val_spikes_per_t":NaN,"_timestamp":1.7465974057905457e+09,"_step":602,"train_acc":0.9921875,"val_loss":0.8255639672279358,"_runtime":57.692798511,"final_test_acc":0.7265625,"_wandb":{"runtime":57},"val_total_spikes":0,"2D Loss Contour":{"sha256":"13efb1ecf194b87c50210a1cf5d70b5394b7ec3e5bb233d08525b3bf68a87d64","size":140866,"path":"media/images/2D Loss Contour_602_13efb1ecf194b87c5021.png","format":"png","width":1622,"height":1176,"_type":"image-file"}}