{"train_spikes_per_t":47.09765625,"final_train_acc":1,"final_val_acc":1,"final_test_acc":0.98828125,"_timestamp":1.7466664419970844e+09,"2D Loss Contour":{"format":"png","width":1649,"height":1176,"_type":"image-file","sha256":"b950a9586988d8debca0eaf82733c54940a356181853a7644b0ac5512478b915","size":136150,"path":"media/images/2D Loss Contour_602_b950a9586988d8debca0.png"},"_step":602,"val_loss":0.008971970528364182,"val_acc":1,"train_total_spikes":12057,"train_acc":1,"_wandb":{"runtime":102},"_runtime":102.421471513,"3D Loss Surface":{"size":556126,"path":"media/images/3D Loss Surface_601_43604016516201d690ad.png","format":"png","width":1601,"height":1266,"_type":"image-file","sha256":"43604016516201d690ad04c9e954009101faa6dc3e52c322a2004649cfaeab85"},"train_loss":0.00027265012613497674,"val_total_spikes":12188,"val_spikes_per_t":47.609375}