{"train_total_spikes":0,"_runtime":57.288856545,"final_train_acc":0.5859375,"2D Loss Contour":{"_type":"image-file","sha256":"a163e8e208fa6f5d46b3e6fba89dc25916b4bcbf327eee1a3622c8ba21b74719","size":118134,"path":"media/images/2D Loss Contour_602_a163e8e208fa6f5d46b3.png","format":"png","width":1569,"height":1176},"final_test_acc":0.51171875,"_wandb":{"runtime":57},"val_spikes_per_t":NaN,"3D Loss Surface":{"format":"png","width":1522,"height":1266,"_type":"image-file","sha256":"2e679a412154604a5a8d8ec7d63bbe304e69ce99672f7bf8526a6f3e35677179","size":470747,"path":"media/images/3D Loss Surface_601_2e679a412154604a5a8d.png"},"final_val_acc":0.5,"train_loss":0.6968506574630737,"val_loss":0.7572067975997925,"_timestamp":1.7466031398116024e+09,"_step":602,"train_acc":0.5859375,"val_total_spikes":0,"train_spikes_per_t":NaN,"val_acc":0.5}