{"val_loss":0.1518024206161499,"_step":602,"val_total_spikes":9161,"_wandb":{"runtime":161},"final_test_acc":0.9140625,"train_acc":1,"val_spikes_per_t":35.78515625,"val_acc":0.94140625,"_timestamp":1.746683285176514e+09,"train_spikes_per_t":35.36328125,"train_total_spikes":9053,"final_val_acc":0.94140625,"3D Loss Surface":{"size":378302,"path":"media/images/3D Loss Surface_601_510174a3ac45077d2363.png","format":"png","width":1548,"height":1266,"_type":"image-file","sha256":"510174a3ac45077d23639b4f6ac043eb3f1ea4f3d2fdfc02cb7adb14a29da977"},"final_train_acc":1,"2D Loss Contour":{"format":"png","width":1596,"height":1176,"_type":"image-file","sha256":"485103093082766d9cccc2eb51e77391d70689aabfd919c303d1ea4d8c82ed23","size":120934,"path":"media/images/2D Loss Contour_602_485103093082766d9ccc.png"},"_runtime":161.629894105,"train_loss":0.009786476381123066}