{"train_spikes_per_t":89.421875,"final_train_acc":1,"_timestamp":1.7465776365142086e+09,"train_acc":1,"_wandb":{"runtime":115},"_step":602,"val_acc":0.98046875,"final_val_acc":0.98046875,"val_loss":0.053323473781347275,"train_loss":0.007083778735250235,"final_test_acc":0.96484375,"2D Loss Contour":{"_type":"image-file","sha256":"fcb007dee9dc5e4c18e7ab784a045793cc0c74d8f318a27a36fbad7d1ed0ce16","size":126439,"path":"media/images/2D Loss Contour_602_fcb007dee9dc5e4c18e7.png","format":"png","width":1622,"height":1176},"val_total_spikes":22749,"_runtime":115.319537612,"train_total_spikes":22892,"3D Loss Surface":{"_type":"image-file","sha256":"0ec1ebff18b72b90ff13da4d914eb10f372e8da01b361e5f7d7bf003b9cc6066","size":452220,"path":"media/images/3D Loss Surface_601_0ec1ebff18b72b90ff13.png","format":"png","width":1548,"height":1266},"val_spikes_per_t":88.86328125}