{"val_loss":0.5452022552490234,"_timestamp":1.74666994177807e+09,"val_spikes_per_t":11.16015625,"final_val_acc":0.8359375,"val_total_spikes":2857,"train_total_spikes":2614,"_runtime":47.681686947,"final_train_acc":0.95703125,"val_acc":0.8359375,"final_test_acc":0.828125,"2D Loss Contour":{"sha256":"63415bb88559cd465ccc638a7e69455701571cde011866e4749fca2776dc4ffc","size":112685,"path":"media/images/2D Loss Contour_602_63415bb88559cd465ccc.png","format":"png","width":1622,"height":1176,"_type":"image-file"},"3D Loss Surface":{"format":"png","width":1548,"height":1266,"_type":"image-file","sha256":"55234bb1ee96663ed082c2ad3efcb0bdeeecf91c6edeb3fec0efd40f1a4d2aba","size":380940,"path":"media/images/3D Loss Surface_601_55234bb1ee96663ed082.png"},"train_acc":0.95703125,"_wandb":{"runtime":47},"train_loss":0.1275997757911682,"_step":602,"train_spikes_per_t":10.2109375}