{"val_acc":0.66015625,"final_val_acc":0.66015625,"_step":602,"_wandb":{"runtime":87},"final_test_acc":0.62109375,"train_acc":0.73828125,"val_spikes_per_t":110.53515625,"val_loss":0.6611987352371216,"3D Loss Surface":{"format":"png","width":1548,"height":1266,"_type":"image-file","sha256":"9389287cccb4301be324e93f9422e62789b95ad5b8250abef94fde9de8cbae35","size":463384,"path":"media/images/3D Loss Surface_601_9389287cccb4301be324.png"},"train_total_spikes":28626,"_runtime":87.145618004,"train_loss":0.5535590052604675,"final_train_acc":0.73828125,"train_spikes_per_t":111.8203125,"val_total_spikes":28297,"2D Loss Contour":{"height":1176,"_type":"image-file","sha256":"872b40cd6f54f43ac16d1527c6636c7bcbe871bc2b752d39ad0918d4f3529556","size":153460,"path":"media/images/2D Loss Contour_602_872b40cd6f54f43ac16d.png","format":"png","width":1596},"_timestamp":1.7466762191640632e+09}