{"train_total_spikes":5125,"final_train_acc":1,"val_acc":0.94140625,"final_test_acc":0.9296875,"train_acc":1,"3D Loss Surface":{"size":444137,"path":"media/images/3D Loss Surface_601_db425e0635a4f01dec06.png","format":"png","width":1522,"height":1266,"_type":"image-file","sha256":"db425e0635a4f01dec064fad00b503a936236587c577ab2d1bf21b0d0a848552"},"2D Loss Contour":{"width":1596,"height":1176,"_type":"image-file","sha256":"e572947aa3be457b453cc22159878eccdfa9f3ccc5a8aa8cc671f5b8b35d3aa2","size":113641,"path":"media/images/2D Loss Contour_602_e572947aa3be457b453c.png","format":"png"},"_runtime":162.409425236,"_timestamp":1.7466875054275417e+09,"_wandb":{"runtime":162},"_step":602,"final_val_acc":0.94140625,"train_loss":0.008389032445847988,"val_total_spikes":5278,"train_spikes_per_t":20.01953125,"val_loss":0.1459709256887436,"val_spikes_per_t":20.6171875}