{"_step":602,"train_acc":1,"_timestamp":1.7466687240577252e+09,"3D Loss Surface":{"sha256":"8eb92ee194f10c49513e916aaf0aab39878363a13ea9afbe557021fd46a7da69","size":531195,"path":"media/images/3D Loss Surface_601_8eb92ee194f10c49513e.png","format":"png","width":1575,"height":1266,"_type":"image-file"},"val_loss":0.01250749733299017,"train_spikes_per_t":47.80859375,"2D Loss Contour":{"size":126967,"path":"media/images/2D Loss Contour_602_344367e5d41a277da7ea.png","format":"png","width":1649,"height":1176,"_type":"image-file","sha256":"344367e5d41a277da7eafd5fb9f9b222df494062aa381e95b317dd812c6a3f75"},"train_total_spikes":12239,"final_train_acc":1,"val_acc":0.9921875,"final_test_acc":0.99609375,"_wandb":{"runtime":104},"val_spikes_per_t":48.1484375,"_runtime":104.104408048,"train_loss":0.00019103943486697972,"final_val_acc":0.9921875,"val_total_spikes":12326}